x0,y0,z0,x1,y1,z1,x2,y2,z2,x3,y3,z3,x4,y4,z4,x5,y5,z5,x6,y6,z6,x7,y7,z7,x8,y8,z8,x9,y9,z9,x10,y10,z10,x11,y11,z11,x12,y12,z12,x13,y13,z13,x14,y14,z14,x15,y15,z15,x16,y16,z16,x17,y17,z17,x18,y18,z18,x19,y19,z19,x20,y20,z20,label
0.5581207275390625,0.7934978008270264,-5.206448250305584e-08,0.4790176451206207,0.7555437088012695,-0.06164484843611717,0.42231300473213196,0.6941481232643127,-0.0924445390701294,0.374518483877182,0.6172752976417542,-0.10725950449705124,0.35718345642089844,0.5477115511894226,-0.11507321149110794,0.5353764295578003,0.5654649138450623,-0.09518564492464066,0.45777764916419983,0.49116548895835876,-0.11129292845726013,0.40585362911224365,0.5065354704856873,-0.11281933635473251,0.38037678599357605,0.546461284160614,-0.11059845238924026,0.568916916847229,0.5424227118492126,-0.061953552067279816,0.5293583273887634,0.41454368829727173,-0.09261733293533325,0.5068225264549255,0.3331959843635559,-0.10505443811416626,0.49648571014404297,0.2704162299633026,-0.11212046444416046,0.5879130363464355,0.5433360934257507,-0.026924414560198784,0.5791772603988647,0.4316902160644531,-0.04921218752861023,0.5752851963043213,0.36251160502433777,-0.05945688113570213,0.5711126923561096,0.3089829981327057,-0.06332125514745712,0.5916341543197632,0.5583085417747498,0.00614783214405179,0.5988867282867432,0.47808676958084106,-0.003267526626586914,0.6027607917785645,0.43370938301086426,-0.004477113950997591,0.6019600033760071,0.39504125714302063,-0.0037484902422875166,Left Fan Lateral
0.5543431639671326,0.8190531730651855,-1.816455608150136e-07,0.4793519675731659,0.7789515852928162,-0.05777765437960625,0.42066049575805664,0.7134964466094971,-0.08626601845026016,0.3741379380226135,0.6385813355445862,-0.10085336863994598,0.3615291714668274,0.5719031095504761,-0.10888803750276566,0.5364573001861572,0.5943608283996582,-0.084142304956913,0.4628862738609314,0.5181934237480164,-0.10001159459352493,0.41088977456092834,0.5312787890434265,-0.10362845659255981,0.38390663266181946,0.5673313140869141,-0.10338713973760605,0.5678231716156006,0.5693405270576477,-0.05458686873316765,0.532498300075531,0.44350212812423706,-0.08076756447553635,0.5081627368927002,0.3655463457107544,-0.09306579828262329,0.49471744894981384,0.30378663539886475,-0.10093726217746735,0.5856397151947021,0.5676848888397217,-0.02444385178387165,0.5776237845420837,0.4570229649543762,-0.04327067732810974,0.5730673670768738,0.38659006357192993,-0.05619269236922264,0.5681155323982239,0.3294585347175598,-0.06331123411655426,0.5903012156486511,0.5815768241882324,0.0035079894587397575,0.5991364121437073,0.5032980442047119,-0.004973551258444786,0.600713849067688,0.45674967765808105,-0.008756488561630249,0.5976277589797974,0.4169301390647888,-0.010641404427587986,Left Fan Lateral
0.5552550554275513,0.8174539804458618,-1.7608259383905533e-07,0.4791404604911804,0.7779046297073364,-0.057264696806669235,0.42119666934013367,0.7139540910720825,-0.0862727090716362,0.37567806243896484,0.6399462223052979,-0.1014183834195137,0.36200952529907227,0.5734961628913879,-0.10986930131912231,0.5365710854530334,0.5927460193634033,-0.08583281189203262,0.4637211859226227,0.5177931785583496,-0.1027747243642807,0.4115312099456787,0.5317966341972351,-0.10685083270072937,0.3840188980102539,0.5675197243690491,-0.1067865639925003,0.5683859586715698,0.5678378939628601,-0.05673426017165184,0.5323507785797119,0.4430909752845764,-0.08566054701805115,0.5081695318222046,0.36440902948379517,-0.09894295036792755,0.4948241114616394,0.30095091462135315,-0.10700040310621262,0.5864230394363403,0.5661961436271667,-0.026661798357963562,0.5776674747467041,0.45578330755233765,-0.04741344973444939,0.5736105442047119,0.3857051730155945,-0.059374984353780746,0.5691906809806824,0.32886385917663574,-0.06516750901937485,0.5910979509353638,0.5797728300094604,0.0013313618255779147,0.599172830581665,0.4994962811470032,-0.007329464424401522,0.6008026599884033,0.4531288743019104,-0.009712686762213707,0.5978743433952332,0.4130555987358093,-0.01031732838600874,Left Fan Lateral
0.555402398109436,0.8251272439956665,-1.756237537620109e-07,0.481220006942749,0.7819348573684692,-0.058275848627090454,0.42444950342178345,0.7151507139205933,-0.08569233864545822,0.3780924081802368,0.6401764750480652,-0.09838107228279114,0.36348050832748413,0.5746621489524841,-0.10375722497701645,0.5386543869972229,0.5915334820747375,-0.08333266526460648,0.4665968418121338,0.5174369812011719,-0.09837812185287476,0.41274118423461914,0.5313275456428528,-0.10122157633304596,0.38481318950653076,0.5669461488723755,-0.10020671039819717,0.569290816783905,0.5671526193618774,-0.05164771154522896,0.5339788794517517,0.4419628977775574,-0.07899471372365952,0.509345293045044,0.3620811402797699,-0.09086162596940994,0.4964565336704254,0.29735302925109863,-0.0976758599281311,0.5869894027709961,0.5669543147087097,-0.019169678911566734,0.5792441368103027,0.45641040802001953,-0.038764599710702896,0.5752477645874023,0.38585618138313293,-0.050270624458789825,0.5706609487533569,0.32921838760375977,-0.05519000440835953,0.5915472507476807,0.581938624382019,0.01113972719758749,0.6009475588798523,0.5007220506668091,0.0030360380187630653,0.6020736694335938,0.4535275399684906,0.0003822559956461191,0.5982007384300232,0.4128444194793701,-3.356618253747001e-05,Left Fan Lateral
0.5578625202178955,0.8238797783851624,-1.8435842719100037e-07,0.4820830225944519,0.780803918838501,-0.05812103673815727,0.4241359233856201,0.7132967114448547,-0.08526585251092911,0.37825852632522583,0.6392056345939636,-0.09752053022384644,0.36553433537483215,0.5745362043380737,-0.10235749185085297,0.5408620238304138,0.5911209583282471,-0.08450926840305328,0.467389851808548,0.5164524912834167,-0.09918226301670074,0.4142627716064453,0.5312280654907227,-0.10147923976182938,0.38649600744247437,0.5667639970779419,-0.10034871101379395,0.5714837908744812,0.5677281618118286,-0.05307619273662567,0.5351910591125488,0.4411739110946655,-0.08091900497674942,0.5099453926086426,0.3614877462387085,-0.0938509851694107,0.49622538685798645,0.2969782054424286,-0.1017380878329277,0.58866286277771,0.5673381686210632,-0.020578371360898018,0.5810295343399048,0.4559794068336487,-0.0402640774846077,0.5767228007316589,0.3855207562446594,-0.05258714407682419,0.5721932649612427,0.3289164900779724,-0.05854438245296478,0.5930981636047363,0.5818302631378174,0.009890057146549225,0.6018476486206055,0.5005186796188354,0.0019528715638443828,0.6032408475875854,0.45347321033477783,-0.0011236381251364946,0.6000962853431702,0.41248515248298645,-0.0022257408127188683,Left Fan Lateral
0.5540988445281982,0.819765031337738,-1.9376231819023815e-07,0.4794468581676483,0.7766087055206299,-0.05230581387877464,0.42261171340942383,0.710379421710968,-0.07830013334751129,0.3782973885536194,0.6371525526046753,-0.09130355715751648,0.36486655473709106,0.5728635787963867,-0.09773857146501541,0.5357442498207092,0.5897630453109741,-0.07738571614027023,0.467590868473053,0.5154610276222229,-0.0911531001329422,0.4155752956867218,0.5285397171974182,-0.09374735504388809,0.38791123032569885,0.5626280903816223,-0.09301187843084335,0.5676134824752808,0.5653905868530273,-0.049720797687768936,0.5329397320747375,0.44202834367752075,-0.07588692754507065,0.5090904831886292,0.3621963858604431,-0.08803369849920273,0.49633896350860596,0.2978057265281677,-0.09552265703678131,0.5859150290489197,0.5645842552185059,-0.02093389257788658,0.5791369676589966,0.45390909910202026,-0.03916511684656143,0.5752962231636047,0.38339704275131226,-0.05016510188579559,0.5712558627128601,0.3268321752548218,-0.05545707792043686,0.5912454128265381,0.5791600942611694,0.006069420371204615,0.6006888151168823,0.4982250928878784,-0.0003740950196515769,0.6026378870010376,0.45132899284362793,-0.002007042523473501,0.6000762581825256,0.41109851002693176,-0.0022677078377455473,Left Fan Lateral
0.5540988445281982,0.819765031337738,-1.9376231819023815e-07,0.4794468581676483,0.7766087055206299,-0.05230581387877464,0.42261171340942383,0.710379421710968,-0.07830013334751129,0.3782973885536194,0.6371525526046753,-0.09130355715751648,0.36486655473709106,0.5728635787963867,-0.09773857146501541,0.5357442498207092,0.5897630453109741,-0.07738571614027023,0.467590868473053,0.5154610276222229,-0.0911531001329422,0.4155752956867218,0.5285397171974182,-0.09374735504388809,0.38791123032569885,0.5626280903816223,-0.09301187843084335,0.5676134824752808,0.5653905868530273,-0.049720797687768936,0.5329397320747375,0.44202834367752075,-0.07588692754507065,0.5090904831886292,0.3621963858604431,-0.08803369849920273,0.49633896350860596,0.2978057265281677,-0.09552265703678131,0.5859150290489197,0.5645842552185059,-0.02093389257788658,0.5791369676589966,0.45390909910202026,-0.03916511684656143,0.5752962231636047,0.38339704275131226,-0.05016510188579559,0.5712558627128601,0.3268321752548218,-0.05545707792043686,0.5912454128265381,0.5791600942611694,0.006069420371204615,0.6006888151168823,0.4982250928878784,-0.0003740950196515769,0.6026378870010376,0.45132899284362793,-0.002007042523473501,0.6000762581825256,0.41109851002693176,-0.0022677078377455473,Left Fan Lateral
0.5566530823707581,0.8201374411582947,-1.8453573602528195e-07,0.48152297735214233,0.7781501412391663,-0.05481346324086189,0.42454293370246887,0.7126042246818542,-0.08274836093187332,0.3784416913986206,0.6392768621444702,-0.09799099713563919,0.3633323609828949,0.5738719701766968,-0.10685579478740692,0.5362032055854797,0.5877509713172913,-0.07842466980218887,0.4666574001312256,0.512600302696228,-0.09585481137037277,0.4145985245704651,0.528328537940979,-0.10152190178632736,0.38709473609924316,0.5641055703163147,-0.1021779254078865,0.567291259765625,0.5625563859939575,-0.050464726984500885,0.5325972437858582,0.4392580986022949,-0.0763038843870163,0.5082606077194214,0.36036622524261475,-0.08756779134273529,0.49460214376449585,0.2960197925567627,-0.09422897547483444,0.5855745673179626,0.5633299946784973,-0.022253170609474182,0.5787755250930786,0.4531679153442383,-0.04019487276673317,0.5746346712112427,0.38324594497680664,-0.049751561135053635,0.5706039667129517,0.32610148191452026,-0.053856536746025085,0.5904894471168518,0.5797927975654602,0.0036222992930561304,0.600071370601654,0.49928775429725647,-0.0021992549300193787,0.6017006039619446,0.45203015208244324,-0.0024927419144660234,0.6001895666122437,0.41127145290374756,-0.0016035871813073754,Left Fan Lateral
0.5554108619689941,0.8213299512863159,-2.57092636957168e-07,0.4813009202480316,0.7775719165802002,-0.052287161350250244,0.4247792959213257,0.7114112973213196,-0.07742753624916077,0.3780844211578369,0.6390840411186218,-0.08976821601390839,0.36523109674453735,0.5751475095748901,-0.09615276008844376,0.5391371250152588,0.5882595181465149,-0.07533735781908035,0.4697331190109253,0.5155856609344482,-0.09247908741235733,0.4153389632701874,0.5291789174079895,-0.0996667668223381,0.3857855498790741,0.5636337399482727,-0.10191421955823898,0.5683082938194275,0.5636694431304932,-0.04791335016489029,0.5334928035736084,0.43728774785995483,-0.07317992299795151,0.5085957646369934,0.3605164885520935,-0.08622599393129349,0.49452605843544006,0.2990886867046356,-0.09484288841485977,0.5852214097976685,0.5639201402664185,-0.02008560299873352,0.5783858299255371,0.45162147283554077,-0.03823557496070862,0.5735353827476501,0.3808380961418152,-0.05182158574461937,0.5688040852546692,0.32280266284942627,-0.05945226922631264,0.5895139575004578,0.579883337020874,0.005893514025956392,0.5992437601089478,0.5011737942695618,-0.0016797302523627877,0.60049968957901,0.45444124937057495,-0.005629383027553558,0.5979498028755188,0.4138181805610657,-0.0078969681635499,Left Fan Lateral
0.5554108619689941,0.8213299512863159,-2.57092636957168e-07,0.4813009202480316,0.7775719165802002,-0.052287161350250244,0.4247792959213257,0.7114112973213196,-0.07742753624916077,0.3780844211578369,0.6390840411186218,-0.08976821601390839,0.36523109674453735,0.5751475095748901,-0.09615276008844376,0.5391371250152588,0.5882595181465149,-0.07533735781908035,0.4697331190109253,0.5155856609344482,-0.09247908741235733,0.4153389632701874,0.5291789174079895,-0.0996667668223381,0.3857855498790741,0.5636337399482727,-0.10191421955823898,0.5683082938194275,0.5636694431304932,-0.04791335016489029,0.5334928035736084,0.43728774785995483,-0.07317992299795151,0.5085957646369934,0.3605164885520935,-0.08622599393129349,0.49452605843544006,0.2990886867046356,-0.09484288841485977,0.5852214097976685,0.5639201402664185,-0.02008560299873352,0.5783858299255371,0.45162147283554077,-0.03823557496070862,0.5735353827476501,0.3808380961418152,-0.05182158574461937,0.5688040852546692,0.32280266284942627,-0.05945226922631264,0.5895139575004578,0.579883337020874,0.005893514025956392,0.5992437601089478,0.5011737942695618,-0.0016797302523627877,0.60049968957901,0.45444124937057495,-0.005629383027553558,0.5979498028755188,0.4138181805610657,-0.0078969681635499,Left Fan Lateral
0.55475252866745,0.8275835514068604,-1.903466113617469e-07,0.4794907569885254,0.7806388139724731,-0.052663546055555344,0.422946035861969,0.7137115001678467,-0.0786195620894432,0.378554105758667,0.6391092538833618,-0.09108354896306992,0.3633025288581848,0.573274552822113,-0.09660230576992035,0.5364559888839722,0.5920592546463013,-0.07800651341676712,0.4667102098464966,0.515637993812561,-0.09216492623090744,0.4137957692146301,0.5296589136123657,-0.09463533014059067,0.3863370418548584,0.5652684569358826,-0.09366952627897263,0.5691164135932922,0.5684931874275208,-0.049520377069711685,0.5337218046188354,0.44198086857795715,-0.07735707610845566,0.5088174343109131,0.36099642515182495,-0.09046068787574768,0.4956238269805908,0.29631802439689636,-0.09835387021303177,0.5869519710540771,0.568661630153656,-0.019667793065309525,0.5794972777366638,0.4563661813735962,-0.03937031701207161,0.5750319957733154,0.3843403458595276,-0.05100233480334282,0.5707200765609741,0.32747048139572144,-0.05626503750681877,0.5911241769790649,0.5839855074882507,0.0085655702278018,0.5999956727027893,0.5019100308418274,0.0009501691092737019,0.601741373538971,0.4542461037635803,-0.0013005308574065566,0.5993329882621765,0.4124027490615845,-0.0017116713570430875,Left Fan Lateral
0.554918646812439,0.8233839273452759,-1.72051798585926e-07,0.4781978726387024,0.7771430015563965,-0.0504731759428978,0.4202278256416321,0.7099962830543518,-0.07555486261844635,0.3759967088699341,0.6360337734222412,-0.08775854855775833,0.36282020807266235,0.5719111561775208,-0.0928083062171936,0.5335078835487366,0.5916075706481934,-0.07556866854429245,0.46541011333465576,0.5144911408424377,-0.08828079700469971,0.41327324509620667,0.5292055010795593,-0.08903417736291885,0.3857037127017975,0.5651071667671204,-0.08691351115703583,0.5658890604972839,0.5675025582313538,-0.04832605645060539,0.5326378345489502,0.4419644773006439,-0.07555018365383148,0.5085868835449219,0.36043769121170044,-0.08795110881328583,0.4961819350719452,0.2941901385784149,-0.09525240957736969,0.584358274936676,0.5669251680374146,-0.019542498514056206,0.578106164932251,0.4557032585144043,-0.03777364268898964,0.5740662813186646,0.3844374418258667,-0.047774847596883774,0.5693689584732056,0.32830142974853516,-0.05200933665037155,0.5900456309318542,0.5808897614479065,0.007611210457980633,0.5994706749916077,0.49855318665504456,0.0018847809405997396,0.6015774607658386,0.45169639587402344,0.0013564700493589044,0.5989468693733215,0.411988228559494,0.0020922773983329535,Left Fan Lateral
0.5552042722702026,0.8179235458374023,-1.2534641768979782e-07,0.47896671295166016,0.7747715711593628,-0.05634462088346481,0.42182421684265137,0.7106976509094238,-0.08395987749099731,0.3760482668876648,0.6361117362976074,-0.09733033925294876,0.3597203493118286,0.5704774856567383,-0.10359353572130203,0.536141574382782,0.5894006490707397,-0.08329123258590698,0.4627912938594818,0.5157504677772522,-0.09807900339365005,0.40948808193206787,0.5305115580558777,-0.10006611049175262,0.3822264075279236,0.566333532333374,-0.09837479889392853,0.5663385391235352,0.5652096271514893,-0.05295780301094055,0.5309696793556213,0.4388270080089569,-0.08075366169214249,0.5070867538452148,0.35751938819885254,-0.0924072340130806,0.49478572607040405,0.2922711670398712,-0.09897458553314209,0.5839017033576965,0.5663514137268066,-0.021341606974601746,0.5773243308067322,0.45723891258239746,-0.04003464803099632,0.5736293792724609,0.38715705275535583,-0.049457572400569916,0.5683420896530151,0.3306860029697418,-0.05321928858757019,0.5881823301315308,0.5812576413154602,0.008180526085197926,0.5977675914764404,0.5026238560676575,0.0016471926355734468,0.6008279323577881,0.45621421933174133,0.0009109151433221996,0.5987987518310547,0.41481220722198486,0.0016849742969498038,Left Fan Lateral
0.5538238286972046,0.818488359451294,-1.514919603096132e-07,0.4762689173221588,0.7741475701332092,-0.05336825177073479,0.4194989800453186,0.7093085646629333,-0.07951877266168594,0.3749042749404907,0.6346856951713562,-0.091975636780262,0.3610313832759857,0.5694124698638916,-0.09730686992406845,0.5342819094657898,0.5861659049987793,-0.07870197296142578,0.46237021684646606,0.5140032172203064,-0.09285357594490051,0.41004371643066406,0.5297918319702148,-0.09503285586833954,0.38284748792648315,0.5661795735359192,-0.09340961277484894,0.5649416446685791,0.5634985566139221,-0.049069445580244064,0.5307338237762451,0.438735693693161,-0.07571736723184586,0.5071858763694763,0.358193039894104,-0.08738348633050919,0.49470922350883484,0.2925455868244171,-0.09399038553237915,0.5829296112060547,0.5655154585838318,-0.018096478655934334,0.5765073895454407,0.4560542106628418,-0.035574980080127716,0.5733547210693359,0.38627350330352783,-0.04483858868479729,0.5686202049255371,0.3299088478088379,-0.04849119484424591,0.5876777768135071,0.5810484290122986,0.011010957881808281,0.5968935489654541,0.5011119842529297,0.005695355124771595,0.5999406576156616,0.45450466871261597,0.005291718989610672,0.5982146263122559,0.41361260414123535,0.006326837465167046,Left Fan Lateral
0.5538238286972046,0.818488359451294,-1.514919603096132e-07,0.4762689173221588,0.7741475701332092,-0.05336825177073479,0.4194989800453186,0.7093085646629333,-0.07951877266168594,0.3749042749404907,0.6346856951713562,-0.091975636780262,0.3610313832759857,0.5694124698638916,-0.09730686992406845,0.5342819094657898,0.5861659049987793,-0.07870197296142578,0.46237021684646606,0.5140032172203064,-0.09285357594490051,0.41004371643066406,0.5297918319702148,-0.09503285586833954,0.38284748792648315,0.5661795735359192,-0.09340961277484894,0.5649416446685791,0.5634985566139221,-0.049069445580244064,0.5307338237762451,0.438735693693161,-0.07571736723184586,0.5071858763694763,0.358193039894104,-0.08738348633050919,0.49470922350883484,0.2925455868244171,-0.09399038553237915,0.5829296112060547,0.5655154585838318,-0.018096478655934334,0.5765073895454407,0.4560542106628418,-0.035574980080127716,0.5733547210693359,0.38627350330352783,-0.04483858868479729,0.5686202049255371,0.3299088478088379,-0.04849119484424591,0.5876777768135071,0.5810484290122986,0.011010957881808281,0.5968935489654541,0.5011119842529297,0.005695355124771595,0.5999406576156616,0.45450466871261597,0.005291718989610672,0.5982146263122559,0.41361260414123535,0.006326837465167046,Left Fan Lateral
0.5545991659164429,0.8159526586532593,-1.4050463903458876e-07,0.47836828231811523,0.773971676826477,-0.058097176253795624,0.4216281771659851,0.7094888687133789,-0.08716101199388504,0.3756285309791565,0.634922444820404,-0.10192178934812546,0.3603386878967285,0.5687905550003052,-0.10981136560440063,0.5348079204559326,0.5880872011184692,-0.08625558018684387,0.46324026584625244,0.5110799074172974,-0.10188642889261246,0.41146618127822876,0.5253264904022217,-0.10418286174535751,0.3838478922843933,0.5622971057891846,-0.10256420820951462,0.5661593079566956,0.5641108155250549,-0.05516209825873375,0.5317655801773071,0.4386681318283081,-0.08187855780124664,0.5078200101852417,0.3587285876274109,-0.0927949845790863,0.49448779225349426,0.29464054107666016,-0.09918566048145294,0.5841130614280701,0.5650647282600403,-0.023087097331881523,0.5768438577651978,0.4549904763698578,-0.04101116582751274,0.5725637078285217,0.38421353697776794,-0.050877202302217484,0.5674276947975159,0.32744407653808594,-0.05547957867383957,0.5883402228355408,0.5807363390922546,0.006729852873831987,0.5973865985870361,0.5012639164924622,0.00030349273583851755,0.5988033413887024,0.4533687233924866,-0.0011008515721186996,0.5957635045051575,0.4119381904602051,-0.001108756521716714,Left Fan Lateral
0.5561640858650208,0.809463620185852,-1.262482101083151e-07,0.47830402851104736,0.7671565413475037,-0.054079920053482056,0.42142823338508606,0.7042121887207031,-0.08087268471717834,0.3747275471687317,0.6303519010543823,-0.09339737892150879,0.36034059524536133,0.5659326910972595,-0.09877380728721619,0.535031259059906,0.581089973449707,-0.08361145108938217,0.45976054668426514,0.5105632543563843,-0.09762927889823914,0.4080919921398163,0.5259127616882324,-0.09862183034420013,0.38173621892929077,0.5621955394744873,-0.09602297842502594,0.5667194724082947,0.5586628913879395,-0.05336686596274376,0.5301820039749146,0.4330101013183594,-0.08047948032617569,0.5068192481994629,0.3530334234237671,-0.09075216948986053,0.4947126805782318,0.2886626124382019,-0.09611886739730835,0.5855686068534851,0.5603178143501282,-0.02133900485932827,0.5781177282333374,0.4508979320526123,-0.039455514401197433,0.5742806792259216,0.3825109601020813,-0.04715830460190773,0.5691218972206116,0.328097939491272,-0.04942413792014122,0.5904399156570435,0.5758032202720642,0.00892025139182806,0.5987365245819092,0.4959404468536377,0.003411577083170414,0.6014485955238342,0.4513853192329407,0.004386354237794876,0.5991241335868835,0.41272926330566406,0.00663806451484561,Left Fan Lateral
0.5552136301994324,0.8183147311210632,-1.901913435631286e-07,0.4813506305217743,0.7745731472969055,-0.05207464098930359,0.4247024953365326,0.7080208659172058,-0.07795898616313934,0.37854933738708496,0.6336060166358948,-0.0910603255033493,0.3620348870754242,0.5678225755691528,-0.09704317897558212,0.5361098051071167,0.580976128578186,-0.07437656819820404,0.4645833671092987,0.5071574449539185,-0.08983513712882996,0.41201287508010864,0.5232083201408386,-0.09409544616937637,0.38528865575790405,0.558268666267395,-0.09402424842119217,0.567493736743927,0.5568351745605469,-0.04652861878275871,0.5302895903587341,0.43033409118652344,-0.07333716750144958,0.5056594610214233,0.34965983033180237,-0.08503489196300507,0.49292728304862976,0.2839118540287018,-0.0918370932340622,0.5863249897956848,0.5572101473808289,-0.017911596223711967,0.577633261680603,0.44546034932136536,-0.03576717525720596,0.5728741884231567,0.37631478905677795,-0.04439585283398628,0.5680127739906311,0.32083895802497864,-0.04744085296988487,0.5928815603256226,0.5732168555259705,0.008600703440606594,0.6010936498641968,0.4894860088825226,0.0037747127935290337,0.6019417643547058,0.442715585231781,0.004559957422316074,0.5978515148162842,0.4034974277019501,0.0064864554442465305,Left Fan Lateral
0.5548559427261353,0.8122780919075012,-1.7484912007148523e-07,0.4790233075618744,0.7684130072593689,-0.05277330428361893,0.42285671830177307,0.7035319805145264,-0.07915318757295609,0.37869781255722046,0.6304785013198853,-0.09207674115896225,0.36563754081726074,0.566169261932373,-0.09772603213787079,0.5363932251930237,0.5811220407485962,-0.07916972041130066,0.4653971195220947,0.5082536935806274,-0.09338940680027008,0.4133554995059967,0.5229879021644592,-0.09503903985023499,0.3859659433364868,0.5583849549293518,-0.09316090494394302,0.5682343244552612,0.5580152273178101,-0.05045422166585922,0.5320740342140198,0.432373046875,-0.07810395956039429,0.5080351829528809,0.3511526584625244,-0.08977996557950974,0.4951993227005005,0.2850586473941803,-0.09636877477169037,0.5874234437942505,0.5583750605583191,-0.020321644842624664,0.5796970725059509,0.44682469964027405,-0.03871828690171242,0.575259268283844,0.37693506479263306,-0.047381624579429626,0.5700386762619019,0.3210693597793579,-0.0504668764770031,0.5937504768371582,0.5733005404472351,0.007964570075273514,0.6023569703102112,0.4904393255710602,0.002304576337337494,0.6042236089706421,0.4440348744392395,0.002447660779580474,0.6012179255485535,0.40428099036216736,0.003951671067625284,Left Fan Lateral
0.5570585131645203,0.8121134042739868,-1.9506376247591106e-07,0.482807993888855,0.7694557905197144,-0.05509250983595848,0.42627280950546265,0.703832745552063,-0.08255275338888168,0.3790849447250366,0.6281572580337524,-0.09684520959854126,0.3654572069644928,0.5625706911087036,-0.10445871204137802,0.5387623310089111,0.5803309082984924,-0.0783366784453392,0.4665500223636627,0.5061992406845093,-0.09655650705099106,0.41398435831069946,0.519996166229248,-0.10263190418481827,0.3861532211303711,0.554951548576355,-0.10329169780015945,0.5696990489959717,0.554214358329773,-0.04930654168128967,0.5343828797340393,0.43006426095962524,-0.07519861310720444,0.5103048086166382,0.3507671654224396,-0.0857568234205246,0.49666932225227356,0.28592169284820557,-0.09170562028884888,0.5879559516906738,0.5541787147521973,-0.02016761712729931,0.5798223614692688,0.44265660643577576,-0.03830185905098915,0.5755142569541931,0.3724743723869324,-0.04763117432594299,0.5709714293479919,0.3151351809501648,-0.051284369081258774,0.5926316976547241,0.5698119401931763,0.006652119569480419,0.6020852327346802,0.48974645137786865,1.5508392607443966e-05,0.6034740209579468,0.4426743984222412,-0.0009500070009380579,0.6010651588439941,0.4024564027786255,-0.00016049551777541637,Left Fan Lateral
0.5570585131645203,0.8121134042739868,-1.9506376247591106e-07,0.482807993888855,0.7694557905197144,-0.05509250983595848,0.42627280950546265,0.703832745552063,-0.08255275338888168,0.3790849447250366,0.6281572580337524,-0.09684520959854126,0.3654572069644928,0.5625706911087036,-0.10445871204137802,0.5387623310089111,0.5803309082984924,-0.0783366784453392,0.4665500223636627,0.5061992406845093,-0.09655650705099106,0.41398435831069946,0.519996166229248,-0.10263190418481827,0.3861532211303711,0.554951548576355,-0.10329169780015945,0.5696990489959717,0.554214358329773,-0.04930654168128967,0.5343828797340393,0.43006426095962524,-0.07519861310720444,0.5103048086166382,0.3507671654224396,-0.0857568234205246,0.49666932225227356,0.28592169284820557,-0.09170562028884888,0.5879559516906738,0.5541787147521973,-0.02016761712729931,0.5798223614692688,0.44265660643577576,-0.03830185905098915,0.5755142569541931,0.3724743723869324,-0.04763117432594299,0.5709714293479919,0.3151351809501648,-0.051284369081258774,0.5926316976547241,0.5698119401931763,0.006652119569480419,0.6020852327346802,0.48974645137786865,1.5508392607443966e-05,0.6034740209579468,0.4426743984222412,-0.0009500070009380579,0.6010651588439941,0.4024564027786255,-0.00016049551777541637,Left Fan Lateral
0.5567930340766907,0.8096011877059937,-1.7578112476712704e-07,0.48039308190345764,0.7646690607070923,-0.05454130843281746,0.4221157431602478,0.6988692283630371,-0.08132313191890717,0.37681183218955994,0.6252089738845825,-0.09437325596809387,0.3641015291213989,0.5596689581871033,-0.10058385878801346,0.5384476780891418,0.5783518552780151,-0.08071349561214447,0.46278080344200134,0.5045982003211975,-0.09462971985340118,0.41144895553588867,0.5196071863174438,-0.09683766961097717,0.3850809633731842,0.5564383864402771,-0.095619335770607,0.5705136060714722,0.5544889569282532,-0.051552023738622665,0.5341638326644897,0.4283313751220703,-0.07712852954864502,0.5102055668830872,0.3492709696292877,-0.08887835592031479,0.49679622054100037,0.28695252537727356,-0.09617706388235092,0.5888558626174927,0.5546462535858154,-0.021264556795358658,0.5800831913948059,0.44326749444007874,-0.03893846273422241,0.5759501457214355,0.3727748394012451,-0.05030869320034981,0.5710164308547974,0.3160930275917053,-0.05618183687329292,0.5941530466079712,0.5698580741882324,0.00716593861579895,0.602292537689209,0.4898059070110321,0.00012930277443956584,0.6038109064102173,0.4434295892715454,-0.002143462188541889,0.6003589630126953,0.40303051471710205,-0.002779061673209071,Left Fan Lateral
0.5544349551200867,0.8095104694366455,-1.700049523378766e-07,0.47940516471862793,0.7655529379844666,-0.05009980872273445,0.4223152995109558,0.7016156911849976,-0.07630309462547302,0.37703120708465576,0.6290469169616699,-0.08987100422382355,0.36296406388282776,0.5643566846847534,-0.09671374410390854,0.539103627204895,0.5826391577720642,-0.07740473747253418,0.4641844630241394,0.5092805624008179,-0.09210485219955444,0.412162184715271,0.5230918526649475,-0.09537090361118317,0.3855067491531372,0.556526243686676,-0.09468121081590652,0.5697644948959351,0.5583215951919556,-0.05058995634317398,0.5322878956794739,0.4299747943878174,-0.07672357559204102,0.507189929485321,0.3483726382255554,-0.08766383677721024,0.49336791038513184,0.282952219247818,-0.09376292675733566,0.5876760482788086,0.5582756400108337,-0.022204328328371048,0.5803407430648804,0.44422292709350586,-0.03883133456110954,0.576021671295166,0.3753391206264496,-0.045933764427900314,0.5704670548439026,0.31977754831314087,-0.04825810715556145,0.5922130346298218,0.572534441947937,0.004388248547911644,0.6013076305389404,0.49078109860420227,0.0006547802477143705,0.6039352416992188,0.44462838768959045,0.002726576291024685,0.6014477014541626,0.40464118123054504,0.005529961083084345,Left Fan Lateral
0.5561045408248901,0.8118297457695007,-1.7711408872855827e-07,0.4787400960922241,0.7669802904129028,-0.053260352462530136,0.42094966769218445,0.7022478580474854,-0.08021172136068344,0.37635862827301025,0.6277187466621399,-0.09384658932685852,0.364252507686615,0.5628450512886047,-0.10071822255849838,0.537825345993042,0.5821917057037354,-0.08071781694889069,0.4634007513523102,0.5068308115005493,-0.09610559046268463,0.41122132539749146,0.5212945342063904,-0.09898167103528976,0.3835518956184387,0.5573483109474182,-0.097809337079525,0.5693492293357849,0.5583218932151794,-0.05236375331878662,0.5337519645690918,0.4325205683708191,-0.07873870432376862,0.5096381306648254,0.3525412678718567,-0.09028199315071106,0.4959723949432373,0.28927427530288696,-0.09705590456724167,0.5869988799095154,0.5586391091346741,-0.022781210020184517,0.5788019299507141,0.44669973850250244,-0.04079439863562584,0.5747653841972351,0.3758520781993866,-0.05101121962070465,0.5697493553161621,0.3190639317035675,-0.05577277019619942,0.5905840396881104,0.5733617544174194,0.004979989025741816,0.5995397567749023,0.4948281943798065,-0.001823602942749858,0.6019066572189331,0.44734305143356323,-0.0033529915381222963,0.5998232364654541,0.4055057764053345,-0.003182313172146678,Left Fan Lateral
0.556186318397522,0.8107560873031616,-1.1146354239599532e-07,0.4790365993976593,0.7680103778839111,-0.056590765714645386,0.42134177684783936,0.7048482894897461,-0.084740050137043,0.37527337670326233,0.6299123167991638,-0.09843985736370087,0.36121317744255066,0.5631780624389648,-0.10504478961229324,0.5348528623580933,0.5801111459732056,-0.08529829978942871,0.45979732275009155,0.50710529088974,-0.09946496784687042,0.40806812047958374,0.5226908922195435,-0.10058914870023727,0.3813289403915405,0.5599674582481384,-0.098136305809021,0.5663740038871765,0.5578851103782654,-0.05413006618618965,0.5317501425743103,0.4325946271419525,-0.08164235204458237,0.5090649127960205,0.35172614455223083,-0.09343063086271286,0.4968740940093994,0.2876473367214203,-0.1000589057803154,0.5845858454704285,0.5602906346321106,-0.021374346688389778,0.5773065090179443,0.4509320855140686,-0.03985534608364105,0.5737208127975464,0.380306601524353,-0.049771539866924286,0.5681262612342834,0.32400476932525635,-0.05386977270245552,0.5891429781913757,0.5753998756408691,0.009493626654148102,0.5979682207107544,0.49672237038612366,0.0030562118627130985,0.6006988883018494,0.449761301279068,0.0019684997387230396,0.598259687423706,0.40841710567474365,0.0025303384754806757,Left Fan Lateral
0.556186318397522,0.8107560873031616,-1.1146354239599532e-07,0.4790365993976593,0.7680103778839111,-0.056590765714645386,0.42134177684783936,0.7048482894897461,-0.084740050137043,0.37527337670326233,0.6299123167991638,-0.09843985736370087,0.36121317744255066,0.5631780624389648,-0.10504478961229324,0.5348528623580933,0.5801111459732056,-0.08529829978942871,0.45979732275009155,0.50710529088974,-0.09946496784687042,0.40806812047958374,0.5226908922195435,-0.10058914870023727,0.3813289403915405,0.5599674582481384,-0.098136305809021,0.5663740038871765,0.5578851103782654,-0.05413006618618965,0.5317501425743103,0.4325946271419525,-0.08164235204458237,0.5090649127960205,0.35172614455223083,-0.09343063086271286,0.4968740940093994,0.2876473367214203,-0.1000589057803154,0.5845858454704285,0.5602906346321106,-0.021374346688389778,0.5773065090179443,0.4509320855140686,-0.03985534608364105,0.5737208127975464,0.380306601524353,-0.049771539866924286,0.5681262612342834,0.32400476932525635,-0.05386977270245552,0.5891429781913757,0.5753998756408691,0.009493626654148102,0.5979682207107544,0.49672237038612366,0.0030562118627130985,0.6006988883018494,0.449761301279068,0.0019684997387230396,0.598259687423706,0.40841710567474365,0.0025303384754806757,Left Fan Lateral
0.5550081133842468,0.8149592876434326,-1.0993763766009579e-07,0.47843533754348755,0.7718116641044617,-0.056697554886341095,0.421424925327301,0.7061258554458618,-0.08325846493244171,0.37428826093673706,0.6297584772109985,-0.09464815258979797,0.35966241359710693,0.5636190176010132,-0.09833011031150818,0.5344830751419067,0.5802547931671143,-0.0835670456290245,0.4578014612197876,0.5096522569656372,-0.09712746739387512,0.40570712089538574,0.5255936980247498,-0.09824803471565247,0.3796113431453705,0.5617659687995911,-0.09575777500867844,0.5648056864738464,0.558697521686554,-0.0508415549993515,0.5288573503494263,0.43201860785484314,-0.07765446603298187,0.5052209496498108,0.3506166338920593,-0.08877047896385193,0.4922085404396057,0.2854048013687134,-0.09472552686929703,0.5827528834342957,0.561661422252655,-0.016535308212041855,0.5759819746017456,0.4512123465538025,-0.033894576132297516,0.5725907683372498,0.38166534900665283,-0.04244260862469673,0.5671015977859497,0.32650458812713623,-0.04526389762759209,0.5874291658401489,0.5774657726287842,0.015819869935512543,0.5967923402786255,0.4973796010017395,0.010862905532121658,0.6000895500183105,0.45103347301483154,0.010877301916480064,0.5981852412223816,0.41026657819747925,0.012455465272068977,Left Fan Lateral
0.5550081133842468,0.8149592876434326,-1.0993763766009579e-07,0.47843533754348755,0.7718116641044617,-0.056697554886341095,0.421424925327301,0.7061258554458618,-0.08325846493244171,0.37428826093673706,0.6297584772109985,-0.09464815258979797,0.35966241359710693,0.5636190176010132,-0.09833011031150818,0.5344830751419067,0.5802547931671143,-0.0835670456290245,0.4578014612197876,0.5096522569656372,-0.09712746739387512,0.40570712089538574,0.5255936980247498,-0.09824803471565247,0.3796113431453705,0.5617659687995911,-0.09575777500867844,0.5648056864738464,0.558697521686554,-0.0508415549993515,0.5288573503494263,0.43201860785484314,-0.07765446603298187,0.5052209496498108,0.3506166338920593,-0.08877047896385193,0.4922085404396057,0.2854048013687134,-0.09472552686929703,0.5827528834342957,0.561661422252655,-0.016535308212041855,0.5759819746017456,0.4512123465538025,-0.033894576132297516,0.5725907683372498,0.38166534900665283,-0.04244260862469673,0.5671015977859497,0.32650458812713623,-0.04526389762759209,0.5874291658401489,0.5774657726287842,0.015819869935512543,0.5967923402786255,0.4973796010017395,0.010862905532121658,0.6000895500183105,0.45103347301483154,0.010877301916480064,0.5981852412223816,0.41026657819747925,0.012455465272068977,Left Fan Lateral
0.5549287796020508,0.8113661408424377,-1.1597283844366757e-07,0.47814226150512695,0.7692690491676331,-0.053457003086805344,0.4218209385871887,0.7055308818817139,-0.0790196880698204,0.37535786628723145,0.6304838061332703,-0.09043504297733307,0.35903996229171753,0.5648142695426941,-0.09470248222351074,0.5340875387191772,0.5798957347869873,-0.07883407920598984,0.46079838275909424,0.5101385116577148,-0.09311935305595398,0.40935811400413513,0.5249355435371399,-0.09574247896671295,0.3832510709762573,0.5604702830314636,-0.0942666232585907,0.5646558403968811,0.55735844373703,-0.04858063533902168,0.5293792486190796,0.43210387229919434,-0.07512472569942474,0.5062053203582764,0.35227328538894653,-0.08651076257228851,0.4940445125102997,0.28787198662757874,-0.09266580641269684,0.5828353762626648,0.5598844885826111,-0.016932114958763123,0.5762021541595459,0.45012325048446655,-0.03490005433559418,0.5723122954368591,0.3807471990585327,-0.044103819876909256,0.5669537782669067,0.3251701295375824,-0.04731013625860214,0.5877456665039062,0.5760213732719421,0.01298532448709011,0.5973486304283142,0.49709072709083557,0.007126296404749155,0.6004673838615417,0.4514445662498474,0.0066855414770543575,0.5986832976341248,0.4111841917037964,0.007980819791555405,Left Fan Lateral
0.5534409880638123,0.811107873916626,-1.3074800619961024e-07,0.47549542784690857,0.7673277854919434,-0.051890648901462555,0.41968587040901184,0.7035535573959351,-0.07701969146728516,0.37373489141464233,0.6304045915603638,-0.08810856193304062,0.35944682359695435,0.5661110877990723,-0.09230764955282211,0.5325380563735962,0.5793485045433044,-0.079634889960289,0.45976126194000244,0.5116453766822815,-0.09346324950456619,0.4083464443683624,0.525068461894989,-0.09514547139406204,0.38180339336395264,0.5600001811981201,-0.09295879304409027,0.5640320777893066,0.5595168471336365,-0.050286147743463516,0.5292629599571228,0.4328352212905884,-0.07699450850486755,0.505638062953949,0.3521781861782074,-0.08757946640253067,0.4930165410041809,0.2877967357635498,-0.09296748042106628,0.5832207202911377,0.5629882216453552,-0.019209183752536774,0.5768662691116333,0.4520343542098999,-0.037386659532785416,0.5729685425758362,0.3828931450843811,-0.04574435204267502,0.5679804682731628,0.32763710618019104,-0.048235855996608734,0.5887938737869263,0.5795563459396362,0.010345540009438992,0.5979377627372742,0.4981410801410675,0.004211843479424715,0.6011437773704529,0.4526628255844116,0.004497965332120657,0.5996930599212646,0.41288435459136963,0.006460041273385286,Left Fan Lateral
0.5549152493476868,0.8157122135162354,-1.425757290007823e-07,0.4773275852203369,0.7710392475128174,-0.05404097959399223,0.419910192489624,0.7057688236236572,-0.08156199008226395,0.3756818175315857,0.6306799650192261,-0.09550118446350098,0.3623387813568115,0.5657839775085449,-0.10239068418741226,0.5361736416816711,0.5845220685005188,-0.08163924515247345,0.4616472125053406,0.5107011198997498,-0.09662090241909027,0.4089008569717407,0.5254486203193665,-0.09891695529222488,0.38106054067611694,0.5619837641716003,-0.09715238958597183,0.5675889253616333,0.5621638894081116,-0.05219576507806778,0.5332424640655518,0.43733617663383484,-0.07928598672151566,0.5095270872116089,0.35657328367233276,-0.09088454395532608,0.49644407629966736,0.29213789105415344,-0.09730430692434311,0.5855495929718018,0.5639687180519104,-0.021254373714327812,0.5781826972961426,0.4543229937553406,-0.038871146738529205,0.5745617151260376,0.3834272623062134,-0.04775696247816086,0.5692802667617798,0.3268158733844757,-0.05121762305498123,0.5894472002983093,0.5793782472610474,0.007776175159960985,0.5983937382698059,0.5014484524726868,0.0024532980751246214,0.600913405418396,0.4538896679878235,0.0023665358312427998,0.5985172390937805,0.4115334153175354,0.003695884719491005,Left Fan Lateral
0.5540933609008789,0.813245415687561,-1.6012099024464987e-07,0.4788687825202942,0.7697754502296448,-0.05264841392636299,0.4222949743270874,0.7062824368476868,-0.07898169010877609,0.37769246101379395,0.6328853368759155,-0.09168318659067154,0.3626953959465027,0.5689355134963989,-0.0973505973815918,0.5369110703468323,0.5841221809387207,-0.0799359530210495,0.46336591243743896,0.5130202770233154,-0.09377580881118774,0.41125375032424927,0.5266834497451782,-0.09548115730285645,0.3844473659992218,0.5609763264656067,-0.09368754178285599,0.5673364400863647,0.5610963106155396,-0.05108252540230751,0.5308144688606262,0.43558818101882935,-0.07760459184646606,0.5065253973007202,0.3535737991333008,-0.0888763815164566,0.4936369061470032,0.28766658902168274,-0.09534560143947601,0.5857678651809692,0.5619455575942993,-0.020599326118826866,0.5782999396324158,0.4517093598842621,-0.03767528757452965,0.5743400454521179,0.3827507495880127,-0.04580334946513176,0.5690074563026428,0.3279177248477936,-0.04884299263358116,0.5911043286323547,0.576207160949707,0.007978902198374271,0.5999195575714111,0.4962400197982788,0.002793187741190195,0.602901816368103,0.45027467608451843,0.002992977388203144,0.6006338000297546,0.4103211462497711,0.004489004146307707,Left Fan Lateral
0.556337296962738,0.8169628381729126,-1.5494870808652195e-07,0.4818125367164612,0.7744655013084412,-0.052152298390865326,0.42525070905685425,0.7082514762878418,-0.07772447913885117,0.37866121530532837,0.6338689923286438,-0.08996384590864182,0.3639877438545227,0.5689775943756104,-0.09492005407810211,0.5378364324569702,0.5842441320419312,-0.07611732929944992,0.4652704894542694,0.5116337537765503,-0.09001250565052032,0.4127644896507263,0.5263418555259705,-0.09255120903253555,0.38696861267089844,0.5603117346763611,-0.09135843813419342,0.567616879940033,0.5596240758895874,-0.047332122921943665,0.5311071276664734,0.43300873041152954,-0.0729210376739502,0.5061161518096924,0.35164156556129456,-0.0829903855919838,0.4933111071586609,0.28550979495048523,-0.08828046917915344,0.5860984325408936,0.5594383478164673,-0.017369214445352554,0.5786727070808411,0.4484827518463135,-0.033538222312927246,0.5742369294166565,0.3794511556625366,-0.04053809121251106,0.5695561170578003,0.32321345806121826,-0.042535118758678436,0.5920868515968323,0.5743987560272217,0.01047741249203682,0.6011804938316345,0.49423155188560486,0.006805679760873318,0.6036478281021118,0.4490598738193512,0.008233900181949139,0.6014580130577087,0.4095679521560669,0.010704855434596539,Left Fan Lateral
0.5591228008270264,0.8163211345672607,-1.1500108598738734e-07,0.48447930812835693,0.7739248871803284,-0.05975878983736038,0.42704689502716064,0.708899736404419,-0.08882833272218704,0.37934353947639465,0.6330910921096802,-0.10282199829816818,0.36398112773895264,0.5663976073265076,-0.10935331881046295,0.5416157841682434,0.5862784385681152,-0.08852741867303848,0.4641125798225403,0.5124043822288513,-0.10458767414093018,0.4116171598434448,0.5275046229362488,-0.10725565254688263,0.3843405246734619,0.5636816620826721,-0.10569833964109421,0.5713807940483093,0.5631891489028931,-0.055720530450344086,0.5362393260002136,0.43697282671928406,-0.08369411528110504,0.5133523344993591,0.3561739921569824,-0.09568262845277786,0.5003923773765564,0.2914605438709259,-0.10247361660003662,0.5888772010803223,0.5645483732223511,-0.021678151562809944,0.581190288066864,0.4542996883392334,-0.039985593408346176,0.5783218741416931,0.38455575704574585,-0.04982583969831467,0.5730065703392029,0.328575074672699,-0.05390563979744911,0.5931384563446045,0.578788161277771,0.01005169190466404,0.6024011969566345,0.49959662556648254,0.0035647295881062746,0.604882538318634,0.45268136262893677,0.0022935434244573116,0.6019926071166992,0.4113745093345642,0.002840232802554965,Left Fan Lateral
0.5591228008270264,0.8163211345672607,-1.1500108598738734e-07,0.48447930812835693,0.7739248871803284,-0.05975878983736038,0.42704689502716064,0.708899736404419,-0.08882833272218704,0.37934353947639465,0.6330910921096802,-0.10282199829816818,0.36398112773895264,0.5663976073265076,-0.10935331881046295,0.5416157841682434,0.5862784385681152,-0.08852741867303848,0.4641125798225403,0.5124043822288513,-0.10458767414093018,0.4116171598434448,0.5275046229362488,-0.10725565254688263,0.3843405246734619,0.5636816620826721,-0.10569833964109421,0.5713807940483093,0.5631891489028931,-0.055720530450344086,0.5362393260002136,0.43697282671928406,-0.08369411528110504,0.5133523344993591,0.3561739921569824,-0.09568262845277786,0.5003923773765564,0.2914605438709259,-0.10247361660003662,0.5888772010803223,0.5645483732223511,-0.021678151562809944,0.581190288066864,0.4542996883392334,-0.039985593408346176,0.5783218741416931,0.38455575704574585,-0.04982583969831467,0.5730065703392029,0.328575074672699,-0.05390563979744911,0.5931384563446045,0.578788161277771,0.01005169190466404,0.6024011969566345,0.49959662556648254,0.0035647295881062746,0.604882538318634,0.45268136262893677,0.0022935434244573116,0.6019926071166992,0.4113745093345642,0.002840232802554965,Left Fan Lateral
0.5556430816650391,0.8169264793395996,-1.7395605311776308e-07,0.4804888367652893,0.7714459300041199,-0.05225473642349243,0.4240877032279968,0.7060822248458862,-0.0787733718752861,0.3784163296222687,0.6322735548019409,-0.09221247583627701,0.3663625717163086,0.5687653422355652,-0.0987243801355362,0.5397281646728516,0.5869328379631042,-0.07810784876346588,0.46657276153564453,0.5136517286300659,-0.09540466964244843,0.41446754336357117,0.5272213220596313,-0.10095267742872238,0.3866273760795593,0.5614708662033081,-0.10131987184286118,0.5704542994499207,0.5634614825248718,-0.049207981675863266,0.5357051491737366,0.4380638599395752,-0.07558821141719818,0.5124852061271667,0.3567841053009033,-0.0875355526804924,0.4984285235404968,0.2911830544471741,-0.09456778317689896,0.5887187123298645,0.5639144778251648,-0.019230501726269722,0.581275463104248,0.45315060019493103,-0.034802746027708054,0.5776777267456055,0.38401439785957336,-0.04259086400270462,0.5725842118263245,0.3276711106300354,-0.045791130512952805,0.5933368802070618,0.5783411264419556,0.00861301738768816,0.6032084822654724,0.4999992549419403,0.005295865703374147,0.605350911617279,0.4528900980949402,0.006167585030198097,0.6032626628875732,0.41122347116470337,0.007956020534038544,Left Fan Lateral
0.5523247718811035,0.8128246068954468,-1.7873071556095965e-07,0.4800068736076355,0.7699165344238281,-0.049169450998306274,0.4248386025428772,0.7042329907417297,-0.075447216629982,0.3792027235031128,0.6328733563423157,-0.08973115682601929,0.36502864956855774,0.5706475377082825,-0.09748237580060959,0.5368712544441223,0.5843921899795532,-0.07507692277431488,0.465244323015213,0.5115879774093628,-0.09213948249816895,0.4143121540546417,0.52626633644104,-0.09783483296632767,0.38892972469329834,0.5595703125,-0.09885155409574509,0.5671418905258179,0.5592271685600281,-0.04998131841421127,0.5302630066871643,0.433329701423645,-0.07678280770778656,0.5065320134162903,0.35365593433380127,-0.08821254968643188,0.4944627583026886,0.2883559763431549,-0.09474196285009384,0.5861904621124268,0.5577821731567383,-0.02385193109512329,0.5790663957595825,0.4464094638824463,-0.04143180325627327,0.5752182006835938,0.3771449625492096,-0.04929756745696068,0.57187420129776,0.3199683427810669,-0.05225464701652527,0.5927928686141968,0.5728042125701904,0.0003088717348873615,0.6014866232872009,0.49310529232025146,-0.004274786449968815,0.6040894389152527,0.44716906547546387,-0.002805922646075487,0.6033354997634888,0.4072650074958801,-0.0005318497424013913,Left Fan Lateral
0.5532576441764832,0.8125592470169067,-1.6472148445245693e-07,0.4798804521560669,0.7692129015922546,-0.048677679151296616,0.42445582151412964,0.7021771669387817,-0.07399504631757736,0.37752628326416016,0.630518913269043,-0.08805347234010696,0.3654251992702484,0.5697250366210938,-0.09572343528270721,0.5366866588592529,0.5839093327522278,-0.06873815506696701,0.464980810880661,0.5124971866607666,-0.08798068761825562,0.41348060965538025,0.5252353549003601,-0.09677544981241226,0.3877573013305664,0.5574527978897095,-0.09910011291503906,0.565670907497406,0.559403121471405,-0.04377419501543045,0.5305109620094299,0.433816134929657,-0.06914348155260086,0.5067495703697205,0.3532300293445587,-0.07950236648321152,0.49409568309783936,0.2863139510154724,-0.08464843779802322,0.5848672389984131,0.558796226978302,-0.018771203234791756,0.5778355598449707,0.44815555214881897,-0.034278616309165955,0.5741601586341858,0.3803737163543701,-0.03993884474039078,0.5705617070198059,0.3236040472984314,-0.040902942419052124,0.5917414426803589,0.5736360549926758,0.003798022633418441,0.6008954644203186,0.49475324153900146,0.0011766960378736258,0.6035415530204773,0.4491642415523529,0.004463999532163143,0.603053629398346,0.4098975658416748,0.008513139560818672,Left Fan Lateral
0.5569853782653809,0.8135703206062317,-1.5858657320677594e-07,0.4791342318058014,0.7686007618904114,-0.047470949590206146,0.422526478767395,0.7033430933952332,-0.07087907195091248,0.3759895861148834,0.630814790725708,-0.08093243092298508,0.3630715012550354,0.568009614944458,-0.08383363485336304,0.53480464220047,0.5804852247238159,-0.07586372643709183,0.460415244102478,0.5123515725135803,-0.09000422805547714,0.4092863202095032,0.5280096530914307,-0.09246163815259933,0.3836883008480072,0.5635416507720947,-0.09072209894657135,0.5656478404998779,0.5594706535339355,-0.04794146865606308,0.5292048454284668,0.4322320222854614,-0.07437147200107574,0.5047687292098999,0.3514096736907959,-0.08466727286577225,0.4913535714149475,0.28638511896133423,-0.08956171572208405,0.58526211977005,0.5617701411247253,-0.017813613638281822,0.5776010751724243,0.44947493076324463,-0.03366704285144806,0.573192298412323,0.38134080171585083,-0.03898143768310547,0.568627655506134,0.3262931704521179,-0.03940391167998314,0.5915797352790833,0.5776973366737366,0.010897227562963963,0.5995314121246338,0.4970458149909973,0.007894229143857956,0.6026706695556641,0.4525507390499115,0.011063901707530022,0.6018914580345154,0.4132803976535797,0.015226399526000023,Left Fan Lateral
0.5530087351799011,0.814855694770813,-1.8882020924593235e-07,0.47830942273139954,0.7694153785705566,-0.04791131615638733,0.423072874546051,0.7046471238136292,-0.07317893207073212,0.3778282701969147,0.6332522630691528,-0.08656802028417587,0.3623073399066925,0.570556104183197,-0.09340949356555939,0.5360291600227356,0.5825046300888062,-0.07219067960977554,0.46529486775398254,0.5108938217163086,-0.0883421078324318,0.4132327437400818,0.5263590216636658,-0.09384789317846298,0.38653239607810974,0.5606820583343506,-0.09449222683906555,0.5666742920875549,0.5584567189216614,-0.04638214036822319,0.5290364027023315,0.4340020716190338,-0.07155407965183258,0.5042005181312561,0.35380780696868896,-0.08234713971614838,0.4907017946243286,0.2882489860057831,-0.08860155194997787,0.5856130123138428,0.5590951442718506,-0.01939486525952816,0.5772639513015747,0.4491422176361084,-0.03448886424303055,0.5723294019699097,0.38125622272491455,-0.04023965075612068,0.5674588084220886,0.3260398507118225,-0.041907262057065964,0.5913410782814026,0.5748141407966614,0.005578415002673864,0.6001438498497009,0.4958195388317108,0.0033641767222434282,0.602931559085846,0.4504687488079071,0.006503470242023468,0.6020236611366272,0.4109136462211609,0.009944676421582699,Left Fan Lateral
0.5567448735237122,0.8121789693832397,-1.823430295644357e-07,0.47977539896965027,0.7689698934555054,-0.046821076422929764,0.42357364296913147,0.7036518454551697,-0.07135403156280518,0.37678781151771545,0.631842315196991,-0.08387244492769241,0.3652839660644531,0.5704834461212158,-0.08968695998191833,0.5373247861862183,0.5815430879592896,-0.07225938886404037,0.46473559737205505,0.5123605728149414,-0.0891682580113411,0.41220641136169434,0.5276853442192078,-0.09489981085062027,0.3859994411468506,0.5625766515731812,-0.09536644071340561,0.5674976706504822,0.5582143664360046,-0.04672512784600258,0.5294972062110901,0.43235480785369873,-0.07317439466714859,0.5046018958091736,0.3521398901939392,-0.08376460522413254,0.4918229877948761,0.28648969531059265,-0.08910336345434189,0.587340235710144,0.5592390298843384,-0.019802894443273544,0.5783485770225525,0.4482812285423279,-0.035844024270772934,0.5736506581306458,0.37944358587265015,-0.04124786704778671,0.5694767832756042,0.3223409950733185,-0.04200715199112892,0.5937000513076782,0.5757541656494141,0.005300742108374834,0.6010321974754333,0.495581716299057,0.0025719183031469584,0.6038922071456909,0.45060285925865173,0.006206754129379988,0.6036512851715088,0.41063162684440613,0.010449584573507309,Left Fan Lateral
0.5562667846679688,0.8184503316879272,-1.8357071951413673e-07,0.48273202776908875,0.7741968631744385,-0.05180097743868828,0.4256402552127838,0.7078651785850525,-0.07721869647502899,0.37916916608810425,0.6341533064842224,-0.0889703556895256,0.36487677693367004,0.5705219507217407,-0.09320653975009918,0.5386916399002075,0.5846585631370544,-0.07803010195493698,0.4651724696159363,0.5130853652954102,-0.09231669455766678,0.4128442704677582,0.5279254913330078,-0.09452565014362335,0.3862713575363159,0.5623140931129456,-0.09298421442508698,0.5689509510993958,0.5610722899436951,-0.04890187084674835,0.5311490893363953,0.43492361903190613,-0.07492929697036743,0.506469190120697,0.3535759747028351,-0.0852440819144249,0.49298521876335144,0.28785261511802673,-0.0909716784954071,0.5878106355667114,0.5622730255126953,-0.018319765105843544,0.5795261859893799,0.45115143060684204,-0.03479856625199318,0.5753327012062073,0.3815937042236328,-0.04207971692085266,0.5702253580093384,0.3255798816680908,-0.04445013776421547,0.594081699848175,0.5786442160606384,0.01033499650657177,0.6028921008110046,0.49837836623191833,0.005780707113444805,0.604907214641571,0.4514179527759552,0.006504849996417761,0.6021795272827148,0.40980514883995056,0.008514228276908398,Left Fan Lateral
0.5553694367408752,0.8165017366409302,-1.8463465778495447e-07,0.48101383447647095,0.7723337411880493,-0.0500495545566082,0.4249066114425659,0.7081055045127869,-0.07538167387247086,0.37863487005233765,0.6355169415473938,-0.08841878920793533,0.3642502427101135,0.5716478824615479,-0.09478241205215454,0.5357940793037415,0.5837888717651367,-0.0722997784614563,0.4646880030632019,0.5147827863693237,-0.08844708651304245,0.41303765773773193,0.5290740728378296,-0.09372924268245697,0.38637229800224304,0.5629655122756958,-0.09417425841093063,0.5654094815254211,0.5593038201332092,-0.045645568519830704,0.5289063453674316,0.43546706438064575,-0.07057738304138184,0.5045643448829651,0.35510528087615967,-0.08127623051404953,0.4912230372428894,0.2892279326915741,-0.08748146146535873,0.5845932364463806,0.5601189732551575,-0.018317099660634995,0.5773390531539917,0.44949764013290405,-0.034464068710803986,0.5727947950363159,0.3817408084869385,-0.041854895651340485,0.5672864317893982,0.3264089822769165,-0.044471949338912964,0.5914432406425476,0.5756976008415222,0.006901966407895088,0.6010890007019043,0.495868980884552,0.0024718164931982756,0.6034323573112488,0.4502403736114502,0.003405989147722721,0.6014789342880249,0.4103654623031616,0.005367801059037447,Left Fan Lateral
0.5561161637306213,0.813616931438446,-1.6391942381233093e-07,0.4797971248626709,0.7711392641067505,-0.04994097352027893,0.4242061674594879,0.7066110968589783,-0.07526310533285141,0.3771037459373474,0.6336303949356079,-0.08796906471252441,0.3659150004386902,0.5720101594924927,-0.09382680058479309,0.5363979339599609,0.5819157958030701,-0.07387598603963852,0.4646267294883728,0.5144187808036804,-0.0909891352057457,0.4128463864326477,0.5286083817481995,-0.09670823812484741,0.38745421171188354,0.5623067617416382,-0.09708449244499207,0.5658050179481506,0.5593265891075134,-0.0467049777507782,0.5289782881736755,0.434167742729187,-0.07241158187389374,0.5041685104370117,0.35432395339012146,-0.08169464021921158,0.49123814702033997,0.28843989968299866,-0.08591121435165405,0.5853632092475891,0.5613154768943787,-0.018682504072785378,0.5772596001625061,0.4504646360874176,-0.03513089194893837,0.5730531811714172,0.38205552101135254,-0.04037335142493248,0.5690986514091492,0.32520008087158203,-0.04063737764954567,0.5915253758430481,0.5782522559165955,0.007226401939988136,0.6003116965293884,0.49866437911987305,0.0035121762193739414,0.6032190918922424,0.45362231135368347,0.006483624689280987,0.6029227375984192,0.4136083424091339,0.010543693788349628,Left Fan Lateral
0.5543259382247925,0.818589448928833,-2.396213858446572e-07,0.48437586426734924,0.7659952640533447,-0.04672911390662193,0.42865508794784546,0.6985200047492981,-0.07163260132074356,0.37915194034576416,0.6293075084686279,-0.08657197654247284,0.3627140522003174,0.5671139359474182,-0.09657622128725052,0.5461438298225403,0.5842675566673279,-0.0629478469491005,0.47495949268341064,0.5210616588592529,-0.08691282570362091,0.4178980886936188,0.5335132479667664,-0.10646147280931473,0.38520291447639465,0.561409056186676,-0.11686359345912933,0.5699223279953003,0.5618553161621094,-0.0385124646127224,0.5367249846458435,0.44444307684898376,-0.06066353619098663,0.5107426643371582,0.36982402205467224,-0.07804527878761292,0.493003785610199,0.3072461783885956,-0.09144468605518341,0.5877498984336853,0.5654647946357727,-0.014490481466054916,0.5885747671127319,0.45682355761528015,-0.02516263723373413,0.5896694660186768,0.3892824053764343,-0.03658940643072128,0.5899313688278198,0.3338131904602051,-0.04499320313334465,0.5926703214645386,0.5836496949195862,0.006917409133166075,0.6080359816551208,0.5120671987533569,0.0077032963745296,0.6138336062431335,0.46575745940208435,0.00820478517562151,0.618815541267395,0.4244953989982605,0.007846912369132042,Left Fan Lateral
0.5500697493553162,0.8239564895629883,-2.671103231932648e-07,0.47993892431259155,0.7777410745620728,-0.051489025354385376,0.42553359270095825,0.712678074836731,-0.08057139813899994,0.37643906474113464,0.6430231928825378,-0.09817799925804138,0.356628954410553,0.5807450413703918,-0.11127480864524841,0.5392739772796631,0.5946833491325378,-0.0775112435221672,0.4681357741355896,0.5307028889656067,-0.09868092089891434,0.41116011142730713,0.5426602959632874,-0.11246402561664581,0.37852203845977783,0.5711394548416138,-0.11992146074771881,0.5658148527145386,0.571438729763031,-0.05200669914484024,0.5231097936630249,0.45386573672294617,-0.07517249882221222,0.4945593774318695,0.38098180294036865,-0.08991272002458572,0.4767858386039734,0.32138118147850037,-0.10205159336328506,0.5829669833183289,0.5737944841384888,-0.02611667476594448,0.5817498564720154,0.46723881363868713,-0.040895603597164154,0.5819934606552124,0.39888274669647217,-0.05315658450126648,0.5849334597587585,0.34306252002716064,-0.06247885152697563,0.5861473083496094,0.5923125743865967,-0.0024224587250500917,0.5997458100318909,0.5186902284622192,-0.006399889942258596,0.6058171987533569,0.4742469787597656,-0.007958016358315945,0.6129447817802429,0.4351723790168762,-0.010190687142312527,Left Fan Lateral
0.5492907762527466,0.823483943939209,-2.5355745947308606e-07,0.4792857766151428,0.7780493497848511,-0.05190594866871834,0.4241657257080078,0.7128241658210754,-0.08114269375801086,0.3741362690925598,0.6434330344200134,-0.09900865703821182,0.3547859787940979,0.5801134705543518,-0.1121969074010849,0.5376988649368286,0.5949694514274597,-0.0770052894949913,0.467642217874527,0.5307440757751465,-0.0990813821554184,0.41089320182800293,0.5424114465713501,-0.11395856738090515,0.378036230802536,0.5715861320495605,-0.12192809581756592,0.5630757808685303,0.5722551345825195,-0.05127851292490959,0.5229486227035522,0.45556962490081787,-0.07366301119327545,0.4955317974090576,0.3829941749572754,-0.08869510143995285,0.47864168882369995,0.3235112130641937,-0.10131710767745972,0.5807722806930542,0.5754092335700989,-0.025393357500433922,0.5803706645965576,0.46839138865470886,-0.03868841379880905,0.5808863639831543,0.40012282133102417,-0.05063585191965103,0.5843309164047241,0.3442646861076355,-0.06014537438750267,0.5852305293083191,0.5944837927818298,-0.0019578607752919197,0.5988097786903381,0.5199296474456787,-0.005002679768949747,0.6053223609924316,0.475261926651001,-0.00634964182972908,0.613701343536377,0.4358104467391968,-0.008638116531074047,Left Fan Lateral
0.5509213209152222,0.8256931304931641,-2.586677965155104e-07,0.47903478145599365,0.7784429788589478,-0.05123913288116455,0.42331647872924805,0.7117225527763367,-0.07922069728374481,0.37406277656555176,0.6424522399902344,-0.09572666883468628,0.3560948967933655,0.5800992846488953,-0.1073392853140831,0.5376719832420349,0.5945985317230225,-0.07543767988681793,0.4665778875350952,0.5326711535453796,-0.09785211086273193,0.4100181460380554,0.5444876551628113,-0.11282489448785782,0.37747153639793396,0.5736767053604126,-0.12025298923254013,0.5641028881072998,0.5736258625984192,-0.0488513708114624,0.5261697769165039,0.4572911858558655,-0.0704922005534172,0.4984775185585022,0.38405168056488037,-0.08475096523761749,0.480075865983963,0.32378533482551575,-0.09642830491065979,0.5833525657653809,0.577328622341156,-0.02214992232620716,0.5816082954406738,0.46977123618125916,-0.033917784690856934,0.5814729332923889,0.40089136362075806,-0.04464871063828468,0.5829787850379944,0.34389108419418335,-0.053055666387081146,0.5887675285339355,0.59608393907547,0.002013870980590582,0.6018764972686768,0.5228283405303955,0.000526494171936065,0.6073272824287415,0.4770496189594269,0.00010088041017297655,0.6130925416946411,0.436126708984375,-0.0012310403399169445,Left Fan Lateral
0.5509213209152222,0.8256931304931641,-2.586677965155104e-07,0.47903478145599365,0.7784429788589478,-0.05123913288116455,0.42331647872924805,0.7117225527763367,-0.07922069728374481,0.37406277656555176,0.6424522399902344,-0.09572666883468628,0.3560948967933655,0.5800992846488953,-0.1073392853140831,0.5376719832420349,0.5945985317230225,-0.07543767988681793,0.4665778875350952,0.5326711535453796,-0.09785211086273193,0.4100181460380554,0.5444876551628113,-0.11282489448785782,0.37747153639793396,0.5736767053604126,-0.12025298923254013,0.5641028881072998,0.5736258625984192,-0.0488513708114624,0.5261697769165039,0.4572911858558655,-0.0704922005534172,0.4984775185585022,0.38405168056488037,-0.08475096523761749,0.480075865983963,0.32378533482551575,-0.09642830491065979,0.5833525657653809,0.577328622341156,-0.02214992232620716,0.5816082954406738,0.46977123618125916,-0.033917784690856934,0.5814729332923889,0.40089136362075806,-0.04464871063828468,0.5829787850379944,0.34389108419418335,-0.053055666387081146,0.5887675285339355,0.59608393907547,0.002013870980590582,0.6018764972686768,0.5228283405303955,0.000526494171936065,0.6073272824287415,0.4770496189594269,0.00010088041017297655,0.6130925416946411,0.436126708984375,-0.0012310403399169445,Left Fan Lateral
0.5509669184684753,0.8313920497894287,-2.6085552917720634e-07,0.4791671931743622,0.7800388932228088,-0.0493156835436821,0.42388755083084106,0.7126598954200745,-0.07598154246807098,0.3751642107963562,0.6420412659645081,-0.09096050262451172,0.3573160767555237,0.5789470076560974,-0.10075069963932037,0.5408698320388794,0.5952726006507874,-0.0751519650220871,0.46686404943466187,0.5322191715240479,-0.09332826733589172,0.4101998209953308,0.5455865859985352,-0.10398772358894348,0.378065288066864,0.5758605003356934,-0.10912635177373886,0.568223237991333,0.5755040049552917,-0.04872291162610054,0.528327226638794,0.4586792588233948,-0.07072053104639053,0.5005621910095215,0.3851734399795532,-0.0857541486620903,0.4827708899974823,0.3251754641532898,-0.09816164523363113,0.5867668390274048,0.5797827243804932,-0.02125769481062889,0.5835822224617004,0.4722408056259155,-0.03385653719305992,0.583718478679657,0.4028320014476776,-0.04631984978914261,0.5845111608505249,0.3466222584247589,-0.055891845375299454,0.5906524062156677,0.5984609127044678,0.0042396429926157,0.6043187975883484,0.524509847164154,0.002213244093582034,0.6103188991546631,0.4783218502998352,0.0006251414306461811,0.6150744557380676,0.43712395429611206,-0.0016833095578476787,Left Fan Lateral
0.5546585917472839,0.8314454555511475,-2.3739538335121324e-07,0.4847075343132019,0.7845010161399841,-0.05033000558614731,0.4290514588356018,0.7177444696426392,-0.07683276385068893,0.3779102861881256,0.6451509594917297,-0.09182438999414444,0.3578319549560547,0.580517590045929,-0.10191406309604645,0.5404955744743347,0.5972387790679932,-0.07081378251314163,0.46793133020401,0.5330720543861389,-0.09156481176614761,0.4113943576812744,0.5446794033050537,-0.10628053545951843,0.37986457347869873,0.5737897753715515,-0.11398139595985413,0.5658804774284363,0.5751798152923584,-0.04429321363568306,0.5272830724716187,0.4568246304988861,-0.06595984846353531,0.4993954598903656,0.3826514482498169,-0.08105983585119247,0.4814639389514923,0.32196298241615295,-0.09322897344827652,0.5838284492492676,0.580197274684906,-0.01776861399412155,0.582512617111206,0.47217026352882385,-0.030257245525717735,0.5827378630638123,0.40332120656967163,-0.0428941510617733,0.5837638974189758,0.34741753339767456,-0.0522836335003376,0.5886567234992981,0.6012483835220337,0.006428462918847799,0.6034197211265564,0.5278068780899048,0.004441329278051853,0.6091564893722534,0.4802882671356201,0.0025499993935227394,0.6144012808799744,0.43766850233078003,0.00010782753088278696,Left Fan Lateral
0.5546585917472839,0.8314454555511475,-2.3739538335121324e-07,0.4847075343132019,0.7845010161399841,-0.05033000558614731,0.4290514588356018,0.7177444696426392,-0.07683276385068893,0.3779102861881256,0.6451509594917297,-0.09182438999414444,0.3578319549560547,0.580517590045929,-0.10191406309604645,0.5404955744743347,0.5972387790679932,-0.07081378251314163,0.46793133020401,0.5330720543861389,-0.09156481176614761,0.4113943576812744,0.5446794033050537,-0.10628053545951843,0.37986457347869873,0.5737897753715515,-0.11398139595985413,0.5658804774284363,0.5751798152923584,-0.04429321363568306,0.5272830724716187,0.4568246304988861,-0.06595984846353531,0.4993954598903656,0.3826514482498169,-0.08105983585119247,0.4814639389514923,0.32196298241615295,-0.09322897344827652,0.5838284492492676,0.580197274684906,-0.01776861399412155,0.582512617111206,0.47217026352882385,-0.030257245525717735,0.5827378630638123,0.40332120656967163,-0.0428941510617733,0.5837638974189758,0.34741753339767456,-0.0522836335003376,0.5886567234992981,0.6012483835220337,0.006428462918847799,0.6034197211265564,0.5278068780899048,0.004441329278051853,0.6091564893722534,0.4802882671356201,0.0025499993935227394,0.6144012808799744,0.43766850233078003,0.00010782753088278696,Left Fan Lateral
0.5548449158668518,0.8266793489456177,-2.215648606807008e-07,0.48316285014152527,0.7804267406463623,-0.0502072349190712,0.42739975452423096,0.716134250164032,-0.07693758606910706,0.37701719999313354,0.6450647115707397,-0.09176225960254669,0.35804393887519836,0.5810108184814453,-0.1014612689614296,0.5411583781242371,0.5963965654373169,-0.07453911751508713,0.46812161803245544,0.5316535830497742,-0.09370201826095581,0.4125991761684418,0.5443153977394104,-0.10554176568984985,0.3817330300807953,0.5748469233512878,-0.111190564930439,0.567893922328949,0.5757429003715515,-0.04705098643898964,0.5289172530174255,0.4583321511745453,-0.06911780685186386,0.5009804368019104,0.3850513696670532,-0.08394208550453186,0.4834628403186798,0.3253534734249115,-0.09569954127073288,0.5864194631576538,0.5803792476654053,-0.018736647441983223,0.5828670263290405,0.47278839349746704,-0.030844906345009804,0.5824233293533325,0.40382590889930725,-0.042637333273887634,0.5825140476226807,0.3475368022918701,-0.051375146955251694,0.5905927419662476,0.598900318145752,0.0074558136984705925,0.6034302115440369,0.5251002311706543,0.0056504616513848305,0.6089174747467041,0.4786374866962433,0.004329335410147905,0.6135412454605103,0.4364773631095886,0.002568867290392518,Left Fan Lateral
0.5571597814559937,0.8255776166915894,-2.1879937150970363e-07,0.48621994256973267,0.7811235189437866,-0.051224853843450546,0.4294373095035553,0.715896487236023,-0.07843001931905746,0.37784409523010254,0.644854724407196,-0.09365208446979523,0.3588178753852844,0.5808473229408264,-0.1038002297282219,0.5426440238952637,0.5968729257583618,-0.07598802447319031,0.4681509733200073,0.5325383543968201,-0.09683369845151901,0.41256457567214966,0.5443642735481262,-0.11023704707622528,0.38154178857803345,0.5743209719657898,-0.11652740091085434,0.5683222413063049,0.5755203366279602,-0.04791891947388649,0.5295928120613098,0.4583812654018402,-0.07011622190475464,0.5017382502555847,0.3855457901954651,-0.08491036295890808,0.4838562607765198,0.32569122314453125,-0.09629281610250473,0.5869978666305542,0.5792971253395081,-0.01916753128170967,0.5825209021568298,0.4707743227481842,-0.030676674097776413,0.5818635821342468,0.4025847017765045,-0.04165516421198845,0.5818679332733154,0.346321702003479,-0.04962916672229767,0.5915336012840271,0.5972246527671814,0.007272175047546625,0.6033552289009094,0.5230532884597778,0.006012932863086462,0.6091281771659851,0.4771028161048889,0.005500166676938534,0.6144800782203674,0.4360514283180237,0.004665163811296225,Left Fan Lateral
0.5540096759796143,0.8261845111846924,-2.3614870769961271e-07,0.48410123586654663,0.7798365950584412,-0.048455171287059784,0.42753130197525024,0.7130936980247498,-0.07424129545688629,0.376110315322876,0.6431261897087097,-0.0890870988368988,0.35890039801597595,0.580682098865509,-0.09906747192144394,0.5415854454040527,0.5959383249282837,-0.06946516782045364,0.46947458386421204,0.5339817404747009,-0.0920463278889656,0.4142639636993408,0.54475337266922,-0.10862907767295837,0.38272371888160706,0.5727210640907288,-0.1167873814702034,0.5658572316169739,0.5743135213851929,-0.0430162250995636,0.5288932919502258,0.45760220289230347,-0.063621886074543,0.5011433362960815,0.38458535075187683,-0.0777793675661087,0.48260343074798584,0.3237173557281494,-0.08867862075567245,0.5847011208534241,0.5783164501190186,-0.016472596675157547,0.5816373825073242,0.47019118070602417,-0.025956714525818825,0.5814917683601379,0.40273576974868774,-0.034953486174345016,0.5818214416503906,0.34669625759124756,-0.04167152941226959,0.5901653170585632,0.5968121886253357,0.00749968970194459,0.6027354598045349,0.5242708325386047,0.008183383382856846,0.6084939241409302,0.4785168468952179,0.00942748598754406,0.6142284870147705,0.43720507621765137,0.009906036779284477,Left Fan Lateral
0.552608072757721,0.8292652368545532,-2.48651389256338e-07,0.4819454550743103,0.7802773118019104,-0.049667276442050934,0.4262959361076355,0.7135621309280396,-0.07601960003376007,0.3768250644207001,0.6428459882736206,-0.09110435843467712,0.35886189341545105,0.5789046287536621,-0.10138356685638428,0.5395602583885193,0.5963990092277527,-0.07141903787851334,0.4667912423610687,0.5323746204376221,-0.09286032617092133,0.410483717918396,0.5443313717842102,-0.10834864526987076,0.3789777159690857,0.5735511183738708,-0.11652467399835587,0.5649697184562683,0.5745317935943604,-0.0452263318002224,0.5273059606552124,0.45614126324653625,-0.06743456423282623,0.5004403591156006,0.3821209967136383,-0.0839417576789856,0.48301973938941956,0.3217732012271881,-0.0972972884774208,0.5831073522567749,0.5783562660217285,-0.018841272220015526,0.5820042490959167,0.4699525833129883,-0.03148920089006424,0.5821481943130493,0.4014735817909241,-0.04509913921356201,0.5824500322341919,0.34616929292678833,-0.055371612310409546,0.5883952379226685,0.5972684621810913,0.005322427488863468,0.6034001708030701,0.52433180809021,0.0028819271828979254,0.6094484925270081,0.47784528136253357,0.0003704166447278112,0.6144527196884155,0.43634283542633057,-0.002534535713493824,Left Fan Lateral
0.5521872043609619,0.8304240703582764,-2.7853516826326086e-07,0.48170727491378784,0.7808078527450562,-0.048324231058359146,0.4260026812553406,0.7116817235946655,-0.07238622009754181,0.37628108263015747,0.6407181024551392,-0.08458717912435532,0.35914719104766846,0.5789579749107361,-0.09139688313007355,0.5401719212532043,0.5946229100227356,-0.06991074979305267,0.46872478723526,0.5338279604911804,-0.08953659981489182,0.411584734916687,0.5455353856086731,-0.10291529446840286,0.37875473499298096,0.5740957856178284,-0.10950038582086563,0.565890371799469,0.5742692947387695,-0.04288773238658905,0.5291607975959778,0.4564177691936493,-0.06418994069099426,0.500674307346344,0.38196060061454773,-0.07837441563606262,0.4815903902053833,0.3206396698951721,-0.08959013968706131,0.5835830569267273,0.578606367111206,-0.015397006645798683,0.5821545124053955,0.4701971411705017,-0.027193129062652588,0.5806901454925537,0.4014147222042084,-0.0384037047624588,0.5804957151412964,0.34563004970550537,-0.04645276814699173,0.5876678824424744,0.5986366868019104,0.009999997913837433,0.6018887758255005,0.5254589915275574,0.008737649768590927,0.6073328852653503,0.47830730676651,0.007802007254213095,0.6123509407043457,0.4356469511985779,0.0064020357094705105,Left Fan Lateral
0.5508372783660889,0.828187108039856,-2.6983249767909e-07,0.4805101752281189,0.7801270484924316,-0.04959474131464958,0.425849586725235,0.7122113108634949,-0.07654165476560593,0.37681734561920166,0.6419150829315186,-0.09206398576498032,0.3594677448272705,0.5794505476951599,-0.10258045792579651,0.5402994155883789,0.595892071723938,-0.0740741640329361,0.4702109098434448,0.5314045548439026,-0.09548472613096237,0.41287070512771606,0.5416722893714905,-0.10986831039190292,0.3794006109237671,0.5699812173843384,-0.11732728034257889,0.565409779548645,0.5735657811164856,-0.04818403348326683,0.527276337146759,0.45549291372299194,-0.07172853499650955,0.5003365278244019,0.38259220123291016,-0.0875745639204979,0.4834159314632416,0.32283592224121094,-0.10004696995019913,0.5823788046836853,0.575596809387207,-0.021710969507694244,0.5816879868507385,0.4680060148239136,-0.035196173936128616,0.5809826254844666,0.40049731731414795,-0.04680934175848961,0.5822260975837708,0.34517937898635864,-0.055279701948165894,0.5867979526519775,0.5935937166213989,0.0026312596164643764,0.6010189652442932,0.5192329287528992,7.676606037421152e-05,0.6069176197052002,0.47435253858566284,-0.000754317210521549,0.6130817532539368,0.43439406156539917,-0.0019905255176126957,Left Fan Lateral
0.552243709564209,0.8325537443161011,-2.5920431312442815e-07,0.48142170906066895,0.7808700799942017,-0.04891311377286911,0.4263480305671692,0.7129606604576111,-0.07461587339639664,0.3776394724845886,0.6416361927986145,-0.08899044990539551,0.3586369752883911,0.5778224468231201,-0.09828465431928635,0.5400253534317017,0.5953193306922913,-0.07082323729991913,0.46848976612091064,0.5316217541694641,-0.0921938419342041,0.41197872161865234,0.5441811084747314,-0.10681348294019699,0.3800150156021118,0.5740621089935303,-0.11415109783411026,0.5656364560127258,0.5743874311447144,-0.04500695690512657,0.5283839106559753,0.4560467600822449,-0.06810734421014786,0.5013834834098816,0.3816925883293152,-0.08446020632982254,0.48423922061920166,0.3208267092704773,-0.09731514751911163,0.5835741758346558,0.57825767993927,-0.018955765292048454,0.5812783241271973,0.46928003430366516,-0.032831866294145584,0.5806570649147034,0.4004398286342621,-0.04659432917833328,0.5808945894241333,0.34490299224853516,-0.05647318437695503,0.5889177918434143,0.597127377986908,0.0050203497521579266,0.6033342480659485,0.5238759517669678,0.001819126307964325,0.6089901328086853,0.4774971306324005,-0.0009399648406542838,0.6138608455657959,0.43578603863716125,-0.0037340472918003798,Left Fan Lateral
0.552243709564209,0.8325537443161011,-2.5920431312442815e-07,0.48142170906066895,0.7808700799942017,-0.04891311377286911,0.4263480305671692,0.7129606604576111,-0.07461587339639664,0.3776394724845886,0.6416361927986145,-0.08899044990539551,0.3586369752883911,0.5778224468231201,-0.09828465431928635,0.5400253534317017,0.5953193306922913,-0.07082323729991913,0.46848976612091064,0.5316217541694641,-0.0921938419342041,0.41197872161865234,0.5441811084747314,-0.10681348294019699,0.3800150156021118,0.5740621089935303,-0.11415109783411026,0.5656364560127258,0.5743874311447144,-0.04500695690512657,0.5283839106559753,0.4560467600822449,-0.06810734421014786,0.5013834834098816,0.3816925883293152,-0.08446020632982254,0.48423922061920166,0.3208267092704773,-0.09731514751911163,0.5835741758346558,0.57825767993927,-0.018955765292048454,0.5812783241271973,0.46928003430366516,-0.032831866294145584,0.5806570649147034,0.4004398286342621,-0.04659432917833328,0.5808945894241333,0.34490299224853516,-0.05647318437695503,0.5889177918434143,0.597127377986908,0.0050203497521579266,0.6033342480659485,0.5238759517669678,0.001819126307964325,0.6089901328086853,0.4774971306324005,-0.0009399648406542838,0.6138608455657959,0.43578603863716125,-0.0037340472918003798,Left Fan Lateral
0.553007185459137,0.830625057220459,-2.696613137231907e-07,0.48171237111091614,0.7803552746772766,-0.048357781022787094,0.42628049850463867,0.7114686965942383,-0.0729045420885086,0.3776679039001465,0.6405887007713318,-0.08580434322357178,0.36061394214630127,0.5775734186172485,-0.09346117824316025,0.5414039492607117,0.5945298075675964,-0.0701289176940918,0.46830177307128906,0.5318093299865723,-0.08972664177417755,0.4112124443054199,0.5440568923950195,-0.10336784273386002,0.3789497911930084,0.573760449886322,-0.11033327132463455,0.566963255405426,0.574506402015686,-0.043692026287317276,0.5294932126998901,0.4556140601634979,-0.06525858491659164,0.5019565224647522,0.3819121718406677,-0.0807218998670578,0.4841676652431488,0.32209086418151855,-0.09308132529258728,0.5844646692276001,0.5791897773742676,-0.016766555607318878,0.5819177627563477,0.4696491062641144,-0.02886367216706276,0.5806562304496765,0.400814950466156,-0.041524287313222885,0.5809293985366821,0.344762921333313,-0.05098108574748039,0.5890918970108032,0.599471926689148,0.008139370009303093,0.6031341552734375,0.5253371000289917,0.006110934540629387,0.6086030602455139,0.4786233901977539,0.004138538613915443,0.6136330366134644,0.4360674023628235,0.0018009155755862594,Left Fan Lateral
0.5509358644485474,0.8273727297782898,-2.627563446822023e-07,0.48141586780548096,0.7790448665618896,-0.0496496856212616,0.4259766936302185,0.7108272314071655,-0.07495959103107452,0.37668415904045105,0.6405013203620911,-0.08846098184585571,0.35923612117767334,0.5783528089523315,-0.09655191749334335,0.5405952334403992,0.5932468771934509,-0.07181720435619354,0.4678475856781006,0.5328356623649597,-0.0931948870420456,0.4105941653251648,0.5453163981437683,-0.10788324475288391,0.37813907861709595,0.5750100612640381,-0.1151777133345604,0.5656624436378479,0.5722543597221375,-0.04488125815987587,0.528984785079956,0.4548013210296631,-0.06746833771467209,0.5013928413391113,0.38109827041625977,-0.08280166983604431,0.48339733481407166,0.32059359550476074,-0.09464452415704727,0.5836321115493774,0.5763294696807861,-0.01759878173470497,0.5810472965240479,0.4686322808265686,-0.03006519004702568,0.5796213150024414,0.40051764249801636,-0.04162061586976051,0.579370379447937,0.3446945250034332,-0.04987221583724022,0.5887123942375183,0.5965347290039062,0.007421931717544794,0.6027087569236755,0.5247934460639954,0.005750184413045645,0.6080901622772217,0.47862499952316284,0.004763131495565176,0.6126127243041992,0.4363277554512024,0.0034875262062996626,Left Fan Lateral
0.5509355068206787,0.8270368576049805,-2.756523826974444e-07,0.480191171169281,0.7780511379241943,-0.0472632572054863,0.4248119294643402,0.7092243432998657,-0.07196370512247086,0.3766275644302368,0.6398959159851074,-0.08635953068733215,0.36022770404815674,0.5774967670440674,-0.0957084447145462,0.5386124849319458,0.5914051532745361,-0.06447763741016388,0.4702777862548828,0.5303623080253601,-0.08786097913980484,0.41361021995544434,0.5432136058807373,-0.10575921088457108,0.3807012140750885,0.5721549391746521,-0.11516376584768295,0.5621412992477417,0.5692384243011475,-0.04062935337424278,0.5277881622314453,0.45279771089553833,-0.06199749931693077,0.501545250415802,0.3807319402694702,-0.07730844616889954,0.4846057593822479,0.32021018862724304,-0.0893402099609375,0.5801248550415039,0.5733007192611694,-0.01748916320502758,0.5794849991798401,0.46556556224823,-0.02953214943408966,0.5791073441505432,0.3989691734313965,-0.04117646440863609,0.5805229544639587,0.34331655502319336,-0.04977485537528992,0.5874753594398499,0.5946833491325378,0.003152022138237953,0.602773904800415,0.5225493907928467,0.001407910487614572,0.6082665920257568,0.4770828187465668,0.0004526425327640027,0.6139432787895203,0.4355950653553009,-0.0009308367734774947,Left Fan Lateral
0.5531151294708252,0.8293373584747314,-2.476888028013491e-07,0.4826101064682007,0.7795681953430176,-0.049634069204330444,0.426524817943573,0.7120658159255981,-0.07557795941829681,0.37763509154319763,0.6415605545043945,-0.09018009901046753,0.3621862828731537,0.5784852504730225,-0.09955310076475143,0.5424442291259766,0.5948173999786377,-0.07059364020824432,0.46939361095428467,0.5317657589912415,-0.0917375236749649,0.4132639765739441,0.5439700484275818,-0.10644152760505676,0.3817462921142578,0.5742946863174438,-0.11375626176595688,0.5669229626655579,0.5736092925071716,-0.044255729764699936,0.529973030090332,0.4555019438266754,-0.06551148742437363,0.5031668543815613,0.3821815550327301,-0.0802331417798996,0.48583072423934937,0.32264244556427,-0.09185486286878586,0.5848140716552734,0.5781816840171814,-0.017901526764035225,0.5823584794998169,0.46897777915000916,-0.029479173943400383,0.5813652873039246,0.40127474069595337,-0.04083622619509697,0.5814298391342163,0.3460596799850464,-0.04926871135830879,0.5904269218444824,0.5984123945236206,0.006059255450963974,0.6047892570495605,0.5250786542892456,0.004392534494400024,0.6104646921157837,0.47861039638519287,0.003292529145255685,0.6155936121940613,0.43663719296455383,0.0018503069877624512,Left Fan Lateral
0.5529552698135376,0.8254687786102295,-2.387600659403688e-07,0.48269882798194885,0.7781948447227478,-0.05085568502545357,0.4272887706756592,0.7115370035171509,-0.07676594704389572,0.37893790006637573,0.6407977342605591,-0.09042438119649887,0.36263054609298706,0.5780771970748901,-0.09840821474790573,0.5424681305885315,0.5946398973464966,-0.07371059060096741,0.46950989961624146,0.5315322279930115,-0.09236306697130203,0.41393473744392395,0.5438608527183533,-0.10339276492595673,0.38286325335502625,0.5746605396270752,-0.10828311741352081,0.568138599395752,0.5739760398864746,-0.04591047391295433,0.5312276482582092,0.45555180311203003,-0.06730468571186066,0.5040886998176575,0.38157060742378235,-0.08108900487422943,0.48677194118499756,0.32222992181777954,-0.09177085012197495,0.5864028334617615,0.5785552859306335,-0.017597708851099014,0.5825440883636475,0.4700981080532074,-0.029417894780635834,0.5809789299964905,0.4011135697364807,-0.04088481888175011,0.5801641345024109,0.3450528383255005,-0.04915149509906769,0.5920364260673523,0.5986299514770508,0.00846151914447546,0.6051662564277649,0.5248516798019409,0.006428149528801441,0.6099997162818909,0.47843578457832336,0.004771191626787186,0.6134448051452637,0.4363175630569458,0.00301261804997921,Left Fan Lateral
0.5529552698135376,0.8254687786102295,-2.387600659403688e-07,0.48269882798194885,0.7781948447227478,-0.05085568502545357,0.4272887706756592,0.7115370035171509,-0.07676594704389572,0.37893790006637573,0.6407977342605591,-0.09042438119649887,0.36263054609298706,0.5780771970748901,-0.09840821474790573,0.5424681305885315,0.5946398973464966,-0.07371059060096741,0.46950989961624146,0.5315322279930115,-0.09236306697130203,0.41393473744392395,0.5438608527183533,-0.10339276492595673,0.38286325335502625,0.5746605396270752,-0.10828311741352081,0.568138599395752,0.5739760398864746,-0.04591047391295433,0.5312276482582092,0.45555180311203003,-0.06730468571186066,0.5040886998176575,0.38157060742378235,-0.08108900487422943,0.48677194118499756,0.32222992181777954,-0.09177085012197495,0.5864028334617615,0.5785552859306335,-0.017597708851099014,0.5825440883636475,0.4700981080532074,-0.029417894780635834,0.5809789299964905,0.4011135697364807,-0.04088481888175011,0.5801641345024109,0.3450528383255005,-0.04915149509906769,0.5920364260673523,0.5986299514770508,0.00846151914447546,0.6051662564277649,0.5248516798019409,0.006428149528801441,0.6099997162818909,0.47843578457832336,0.004771191626787186,0.6134448051452637,0.4363175630569458,0.00301261804997921,Left Fan Lateral
0.5528309345245361,0.8208967447280884,-2.4875265580703854e-07,0.48317813873291016,0.7763228416442871,-0.047837067395448685,0.4264078140258789,0.7097212076187134,-0.07426317036151886,0.3771321177482605,0.6403156518936157,-0.09057777374982834,0.3624516725540161,0.5772652626037598,-0.10218841582536697,0.5404618978500366,0.5937099456787109,-0.06720041483640671,0.4717978835105896,0.5297116637229919,-0.0918700098991394,0.4165586829185486,0.539959192276001,-0.10997532308101654,0.3849307894706726,0.5683457851409912,-0.11892913281917572,0.5653632283210754,0.5716161727905273,-0.04349078983068466,0.5308599472045898,0.4554744362831116,-0.06460285186767578,0.5063226819038391,0.3825196623802185,-0.07914964854717255,0.49119237065315247,0.32211071252822876,-0.09026791155338287,0.5846626162528992,0.5746292471885681,-0.02043677493929863,0.5801832675933838,0.4654318392276764,-0.03164605051279068,0.5793761610984802,0.3994317650794983,-0.0420151948928833,0.5807846784591675,0.34399229288101196,-0.04957244172692299,0.5921919345855713,0.5936204791069031,-5.040896212449297e-05,0.6043075323104858,0.5191255211830139,-0.0016028904356062412,0.609738826751709,0.4739280343055725,-0.0015696908812969923,0.6158237457275391,0.4336913824081421,-0.001772018731571734,Left Fan Lateral
0.5518044829368591,0.8275518417358398,-2.5076661813727696e-07,0.48381853103637695,0.7796868085861206,-0.05131898820400238,0.4280155301094055,0.7091537714004517,-0.07567830383777618,0.37769708037376404,0.63753741979599,-0.08806697279214859,0.3626599907875061,0.5755195021629333,-0.0945386290550232,0.5428319573402405,0.5906299352645874,-0.06729894131422043,0.472006231546402,0.5320720076560974,-0.09079156816005707,0.41519275307655334,0.5425069332122803,-0.1080983504652977,0.3821665942668915,0.5706344246864319,-0.11614293605089188,0.5655552744865417,0.5707391500473022,-0.03869716450572014,0.534967303276062,0.4543446898460388,-0.06022828817367554,0.511587381362915,0.3803275227546692,-0.07448508590459824,0.49629127979278564,0.3182832598686218,-0.08457319438457489,0.583324134349823,0.5752514004707336,-0.010861204005777836,0.5803681015968323,0.46645060181617737,-0.0219868216663599,0.5799940824508667,0.40057116746902466,-0.031800493597984314,0.580798864364624,0.3456541895866394,-0.03778127580881119,0.5903821587562561,0.5943239331245422,0.014139770530164242,0.6028105616569519,0.5204240083694458,0.012952633202075958,0.6080349683761597,0.47595077753067017,0.012633592821657658,0.6132910251617432,0.435730516910553,0.012888874858617783,Left Fan Lateral
0.5502833724021912,0.8285413384437561,-2.2913575037364353e-07,0.4824455976486206,0.7804898023605347,-0.0485299751162529,0.4268609285354614,0.710608184337616,-0.07265695184469223,0.3769831657409668,0.6397325396537781,-0.0862116888165474,0.3629949986934662,0.5784273147583008,-0.09406179934740067,0.542583703994751,0.5922321677207947,-0.06250649690628052,0.4713936448097229,0.5339082479476929,-0.08942028135061264,0.4157455563545227,0.5430164933204651,-0.10976036638021469,0.38261812925338745,0.5701046586036682,-0.11892044544219971,0.5636389851570129,0.5725391507148743,-0.036400653421878815,0.5361762642860413,0.4539105296134949,-0.05915446951985359,0.5143731236457825,0.3772084414958954,-0.07356087118387222,0.4990710914134979,0.31344765424728394,-0.08267056196928024,0.5813568234443665,0.5768725275993347,-0.011593416333198547,0.5782971978187561,0.4655776917934418,-0.022311760112643242,0.5777453184127808,0.4003366231918335,-0.029906421899795532,0.5769578814506531,0.34568506479263306,-0.03367375209927559,0.5893206000328064,0.5947216749191284,0.010133371688425541,0.6026164889335632,0.5208208560943604,0.009614299051463604,0.6086795926094055,0.47579026222229004,0.01097432617098093,0.6140824556350708,0.4351695477962494,0.013205326162278652,Left Fan Lateral
0.5502833724021912,0.8285413384437561,-2.2913575037364353e-07,0.4824455976486206,0.7804898023605347,-0.0485299751162529,0.4268609285354614,0.710608184337616,-0.07265695184469223,0.3769831657409668,0.6397325396537781,-0.0862116888165474,0.3629949986934662,0.5784273147583008,-0.09406179934740067,0.542583703994751,0.5922321677207947,-0.06250649690628052,0.4713936448097229,0.5339082479476929,-0.08942028135061264,0.4157455563545227,0.5430164933204651,-0.10976036638021469,0.38261812925338745,0.5701046586036682,-0.11892044544219971,0.5636389851570129,0.5725391507148743,-0.036400653421878815,0.5361762642860413,0.4539105296134949,-0.05915446951985359,0.5143731236457825,0.3772084414958954,-0.07356087118387222,0.4990710914134979,0.31344765424728394,-0.08267056196928024,0.5813568234443665,0.5768725275993347,-0.011593416333198547,0.5782971978187561,0.4655776917934418,-0.022311760112643242,0.5777453184127808,0.4003366231918335,-0.029906421899795532,0.5769578814506531,0.34568506479263306,-0.03367375209927559,0.5893206000328064,0.5947216749191284,0.010133371688425541,0.6026164889335632,0.5208208560943604,0.009614299051463604,0.6086795926094055,0.47579026222229004,0.01097432617098093,0.6140824556350708,0.4351695477962494,0.013205326162278652,Left Fan Lateral
0.5486851930618286,0.8353889584541321,-2.5468622766311455e-07,0.4816097617149353,0.7858609557151794,-0.049857210367918015,0.42740124464035034,0.7140929102897644,-0.0730866864323616,0.37674078345298767,0.6410592198371887,-0.08468276262283325,0.3643079400062561,0.5796275734901428,-0.08953262120485306,0.5438175201416016,0.5946663618087769,-0.06296639889478683,0.47386032342910767,0.5321078300476074,-0.08749305456876755,0.4176310896873474,0.5414857268333435,-0.10526173561811447,0.385673463344574,0.5694355368614197,-0.11291820555925369,0.5658078789710999,0.5751544833183289,-0.03387823700904846,0.5366755127906799,0.4531437158584595,-0.057684239000082016,0.5142368078231812,0.37827134132385254,-0.07147311419248581,0.5009781718254089,0.3152223229408264,-0.07974959164857864,0.5828035473823547,0.579497218132019,-0.005773447919636965,0.5797810554504395,0.4683421850204468,-0.01698979362845421,0.5789613723754883,0.40527236461639404,-0.02397536113858223,0.5798493027687073,0.3522646427154541,-0.026591036468744278,0.5899025201797485,0.5973525047302246,0.019404351711273193,0.6022989153862,0.5228418111801147,0.021026959642767906,0.6072861552238464,0.47972774505615234,0.023740706965327263,0.6128275394439697,0.44113287329673767,0.026929525658488274,Left Fan Lateral
0.5474470853805542,0.8303764462471008,-2.3808343030395918e-07,0.4816281497478485,0.7810301780700684,-0.0504697822034359,0.42648330330848694,0.7112667560577393,-0.07481828331947327,0.3761977553367615,0.6401351690292358,-0.08739820122718811,0.3634105324745178,0.5787971019744873,-0.09389127790927887,0.5418677926063538,0.5962000489234924,-0.06698077917098999,0.4708528220653534,0.5360926389694214,-0.09178982675075531,0.41451314091682434,0.5445943474769592,-0.11017756909132004,0.38177138566970825,0.5727218389511108,-0.11871557682752609,0.5640438795089722,0.5756829380989075,-0.038530610501766205,0.534984827041626,0.455872118473053,-0.06222335621714592,0.5132301449775696,0.37976473569869995,-0.07767973095178604,0.4992009401321411,0.31691837310791016,-0.08803298324346542,0.5812543630599976,0.579295814037323,-0.010665280744433403,0.5789949297904968,0.4685206711292267,-0.02206668071448803,0.5794592499732971,0.404317170381546,-0.03118954226374626,0.5801002979278564,0.35126543045043945,-0.03623621165752411,0.5881827473640442,0.5971430540084839,0.014371289871633053,0.6008887887001038,0.5229281783103943,0.013774516992270947,0.6062936186790466,0.47805678844451904,0.014346648007631302,0.610745906829834,0.4381449222564697,0.015604844316840172,Left Fan Lateral
0.5474470853805542,0.8303764462471008,-2.3808343030395918e-07,0.4816281497478485,0.7810301780700684,-0.0504697822034359,0.42648330330848694,0.7112667560577393,-0.07481828331947327,0.3761977553367615,0.6401351690292358,-0.08739820122718811,0.3634105324745178,0.5787971019744873,-0.09389127790927887,0.5418677926063538,0.5962000489234924,-0.06698077917098999,0.4708528220653534,0.5360926389694214,-0.09178982675075531,0.41451314091682434,0.5445943474769592,-0.11017756909132004,0.38177138566970825,0.5727218389511108,-0.11871557682752609,0.5640438795089722,0.5756829380989075,-0.038530610501766205,0.534984827041626,0.455872118473053,-0.06222335621714592,0.5132301449775696,0.37976473569869995,-0.07767973095178604,0.4992009401321411,0.31691837310791016,-0.08803298324346542,0.5812543630599976,0.579295814037323,-0.010665280744433403,0.5789949297904968,0.4685206711292267,-0.02206668071448803,0.5794592499732971,0.404317170381546,-0.03118954226374626,0.5801002979278564,0.35126543045043945,-0.03623621165752411,0.5881827473640442,0.5971430540084839,0.014371289871633053,0.6008887887001038,0.5229281783103943,0.013774516992270947,0.6062936186790466,0.47805678844451904,0.014346648007631302,0.610745906829834,0.4381449222564697,0.015604844316840172,Left Fan Lateral
0.5442647933959961,0.8257542252540588,-2.696368426313711e-07,0.4777179956436157,0.778380811214447,-0.048990633338689804,0.4234794080257416,0.7092671990394592,-0.07301037013530731,0.3742755353450775,0.6407532691955566,-0.08593040704727173,0.3632052540779114,0.580531120300293,-0.09314835071563721,0.5368229746818542,0.5966939926147461,-0.06545805186033249,0.47137898206710815,0.5340158939361572,-0.08988326787948608,0.4161221981048584,0.5416417717933655,-0.10739170759916306,0.3829038143157959,0.5688455700874329,-0.11564022302627563,0.5607906579971313,0.5745930671691895,-0.03933890163898468,0.5315433740615845,0.45380890369415283,-0.0626969188451767,0.5104008316993713,0.37944120168685913,-0.07756753265857697,0.4964320957660675,0.31873375177383423,-0.08785562217235565,0.5789370536804199,0.5765817165374756,-0.014025432989001274,0.5769816637039185,0.4678068459033966,-0.02608739398419857,0.5774562358856201,0.40398260951042175,-0.035948965698480606,0.5774680376052856,0.3511662781238556,-0.04186167195439339,0.5868990421295166,0.5939902663230896,0.008556690067052841,0.5988355278968811,0.5199164152145386,0.006880203261971474,0.6038368344306946,0.47506454586982727,0.006733610760420561,0.6072055101394653,0.436475545167923,0.007163229398429394,Left Fan Lateral
0.5442647933959961,0.8257542252540588,-2.696368426313711e-07,0.4777179956436157,0.778380811214447,-0.048990633338689804,0.4234794080257416,0.7092671990394592,-0.07301037013530731,0.3742755353450775,0.6407532691955566,-0.08593040704727173,0.3632052540779114,0.580531120300293,-0.09314835071563721,0.5368229746818542,0.5966939926147461,-0.06545805186033249,0.47137898206710815,0.5340158939361572,-0.08988326787948608,0.4161221981048584,0.5416417717933655,-0.10739170759916306,0.3829038143157959,0.5688455700874329,-0.11564022302627563,0.5607906579971313,0.5745930671691895,-0.03933890163898468,0.5315433740615845,0.45380890369415283,-0.0626969188451767,0.5104008316993713,0.37944120168685913,-0.07756753265857697,0.4964320957660675,0.31873375177383423,-0.08785562217235565,0.5789370536804199,0.5765817165374756,-0.014025432989001274,0.5769816637039185,0.4678068459033966,-0.02608739398419857,0.5774562358856201,0.40398260951042175,-0.035948965698480606,0.5774680376052856,0.3511662781238556,-0.04186167195439339,0.5868990421295166,0.5939902663230896,0.008556690067052841,0.5988355278968811,0.5199164152145386,0.006880203261971474,0.6038368344306946,0.47506454586982727,0.006733610760420561,0.6072055101394653,0.436475545167923,0.007163229398429394,Left Fan Lateral
0.5472874641418457,0.8322101831436157,-2.1644086700689513e-07,0.48208969831466675,0.7841488122940063,-0.05299583449959755,0.4277077913284302,0.7136037349700928,-0.0771409198641777,0.37599197030067444,0.6407415866851807,-0.0890444815158844,0.35992124676704407,0.5792168974876404,-0.09451209753751755,0.5415585041046143,0.5965881943702698,-0.06670162826776505,0.4698985815048218,0.534677267074585,-0.09176904708147049,0.41286563873291016,0.5423194766044617,-0.11023114621639252,0.37965822219848633,0.570522665977478,-0.11831177771091461,0.5629416704177856,0.575950562953949,-0.03602283447980881,0.5353217720985413,0.4560335576534271,-0.059769779443740845,0.5142253041267395,0.379008412361145,-0.07452704757452011,0.5008839964866638,0.31523430347442627,-0.08366948366165161,0.5792149901390076,0.5789548754692078,-0.006358596961945295,0.5779304504394531,0.4692791998386383,-0.017585648223757744,0.5789936184883118,0.40546929836273193,-0.025484032928943634,0.5803715586662292,0.352714866399765,-0.028792893514037132,0.5854997038841248,0.5944840312004089,0.020149607211351395,0.5983339548110962,0.5206118822097778,0.01968095451593399,0.6043053865432739,0.4763129949569702,0.02055775187909603,0.609675407409668,0.43720340728759766,0.02272825688123703,Left Fan Lateral
0.5461610555648804,0.827308177947998,-2.441933304453414e-07,0.4801250994205475,0.77994704246521,-0.04914528876543045,0.425212562084198,0.7097210884094238,-0.07291600108146667,0.37478435039520264,0.6389630436897278,-0.08600969612598419,0.363619863986969,0.5783522725105286,-0.09328635036945343,0.5389373898506165,0.5938716530799866,-0.06201949343085289,0.47160884737968445,0.5349894165992737,-0.08939315378665924,0.41599148511886597,0.5418707728385925,-0.11045519262552261,0.38227009773254395,0.5679613947868347,-0.12012642621994019,0.5609890818595886,0.5724735260009766,-0.035328928381204605,0.535086452960968,0.45393022894859314,-0.058483198285102844,0.51451176404953,0.37772613763809204,-0.07262840121984482,0.500205397605896,0.314746618270874,-0.08120419085025787,0.5790134072303772,0.5758324861526489,-0.01009227242320776,0.5785845518112183,0.46584323048591614,-0.02048913948237896,0.5797855854034424,0.4031010866165161,-0.02646630071103573,0.5807960629463196,0.35012736916542053,-0.02868066355586052,0.5870535969734192,0.5931704640388489,0.011870325542986393,0.5998933911323547,0.5202347636222839,0.012132379226386547,0.6053271293640137,0.4759003818035126,0.014909924007952213,0.6096776127815247,0.4369444251060486,0.01851872354745865,Left Fan Lateral
0.5461610555648804,0.827308177947998,-2.441933304453414e-07,0.4801250994205475,0.77994704246521,-0.04914528876543045,0.425212562084198,0.7097210884094238,-0.07291600108146667,0.37478435039520264,0.6389630436897278,-0.08600969612598419,0.363619863986969,0.5783522725105286,-0.09328635036945343,0.5389373898506165,0.5938716530799866,-0.06201949343085289,0.47160884737968445,0.5349894165992737,-0.08939315378665924,0.41599148511886597,0.5418707728385925,-0.11045519262552261,0.38227009773254395,0.5679613947868347,-0.12012642621994019,0.5609890818595886,0.5724735260009766,-0.035328928381204605,0.535086452960968,0.45393022894859314,-0.058483198285102844,0.51451176404953,0.37772613763809204,-0.07262840121984482,0.500205397605896,0.314746618270874,-0.08120419085025787,0.5790134072303772,0.5758324861526489,-0.01009227242320776,0.5785845518112183,0.46584323048591614,-0.02048913948237896,0.5797855854034424,0.4031010866165161,-0.02646630071103573,0.5807960629463196,0.35012736916542053,-0.02868066355586052,0.5870535969734192,0.5931704640388489,0.011870325542986393,0.5998933911323547,0.5202347636222839,0.012132379226386547,0.6053271293640137,0.4759003818035126,0.014909924007952213,0.6096776127815247,0.4369444251060486,0.01851872354745865,Left Fan Lateral
0.5468090772628784,0.8228645324707031,-2.5032031203409133e-07,0.48147299885749817,0.7750745415687561,-0.04840940609574318,0.4265829026699066,0.7056801319122314,-0.07176394760608673,0.3754071891307831,0.63673996925354,-0.08423753082752228,0.3658863604068756,0.5776658654212952,-0.09053569287061691,0.5383520126342773,0.5915346741676331,-0.0630696713924408,0.47152775526046753,0.5306644439697266,-0.09039679169654846,0.41721585392951965,0.5373731255531311,-0.10981239378452301,0.3845157027244568,0.5636888742446899,-0.11825209110975266,0.5614340901374817,0.5700578689575195,-0.036802202463150024,0.5349577069282532,0.44796764850616455,-0.06151227653026581,0.5164971351623535,0.37217652797698975,-0.07538355886936188,0.5045318603515625,0.3102813959121704,-0.08351187407970428,0.579882800579071,0.5727218389511108,-0.011805904097855091,0.5783630609512329,0.4634266495704651,-0.024012237787246704,0.57957923412323,0.40049710869789124,-0.03051147609949112,0.5806224942207336,0.3474655747413635,-0.032720211893320084,0.5890671014785767,0.5894055962562561,0.01021372526884079,0.6001212000846863,0.516121506690979,0.009116445668041706,0.6049423217773438,0.47284945845603943,0.011270113289356232,0.6089115142822266,0.4348942041397095,0.014580588787794113,Left Fan Lateral
0.5468090772628784,0.8228645324707031,-2.5032031203409133e-07,0.48147299885749817,0.7750745415687561,-0.04840940609574318,0.4265829026699066,0.7056801319122314,-0.07176394760608673,0.3754071891307831,0.63673996925354,-0.08423753082752228,0.3658863604068756,0.5776658654212952,-0.09053569287061691,0.5383520126342773,0.5915346741676331,-0.0630696713924408,0.47152775526046753,0.5306644439697266,-0.09039679169654846,0.41721585392951965,0.5373731255531311,-0.10981239378452301,0.3845157027244568,0.5636888742446899,-0.11825209110975266,0.5614340901374817,0.5700578689575195,-0.036802202463150024,0.5349577069282532,0.44796764850616455,-0.06151227653026581,0.5164971351623535,0.37217652797698975,-0.07538355886936188,0.5045318603515625,0.3102813959121704,-0.08351187407970428,0.579882800579071,0.5727218389511108,-0.011805904097855091,0.5783630609512329,0.4634266495704651,-0.024012237787246704,0.57957923412323,0.40049710869789124,-0.03051147609949112,0.5806224942207336,0.3474655747413635,-0.032720211893320084,0.5890671014785767,0.5894055962562561,0.01021372526884079,0.6001212000846863,0.516121506690979,0.009116445668041706,0.6049423217773438,0.47284945845603943,0.011270113289356232,0.6089115142822266,0.4348942041397095,0.014580588787794113,Left Fan Lateral
0.5466973781585693,0.8224068880081177,-1.944469119052883e-07,0.48047196865081787,0.7745488286018372,-0.052096664905548096,0.4262651205062866,0.7064387798309326,-0.07781960070133209,0.3771229386329651,0.6354681253433228,-0.09202475845813751,0.3634009063243866,0.5729846954345703,-0.10053566098213196,0.5407558679580688,0.5911536812782288,-0.06909958273172379,0.4707092344760895,0.527400553226471,-0.09532927721738815,0.4145967960357666,0.5368536710739136,-0.11416369676589966,0.3814091086387634,0.5642804503440857,-0.12297482043504715,0.5632073283195496,0.5692705512046814,-0.04196629300713539,0.5373800992965698,0.4479426443576813,-0.06827439367771149,0.5183682441711426,0.3710485100746155,-0.0856601670384407,0.5065308809280396,0.3064061105251312,-0.09706153720617294,0.5799746513366699,0.5725330710411072,-0.01564129814505577,0.580131471157074,0.46433770656585693,-0.02999512106180191,0.581437349319458,0.3997698426246643,-0.041393280029296875,0.5820872187614441,0.34606310725212097,-0.04771298170089722,0.5869367718696594,0.5893558859825134,0.007820460014045238,0.6002840995788574,0.5165693759918213,0.004796663299202919,0.6061328649520874,0.472148060798645,0.003942061681300402,0.6108782291412354,0.43306291103363037,0.00423914659768343,Left Fan Lateral
0.3542152941226959,0.8766733407974243,7.946312621243123e-07,0.44475099444389343,0.85027015209198,-0.058538567274808884,0.5126597285270691,0.7594070434570312,-0.07385027408599854,0.5664366483688354,0.6771301627159119,-0.07378937304019928,0.5965344309806824,0.5976251363754272,-0.06454446911811829,0.3906470239162445,0.6074749827384949,-0.06932934373617172,0.48895901441574097,0.517947256565094,-0.0971885696053505,0.534821629524231,0.5530710816383362,-0.10741917043924332,0.5525969862937927,0.6048184037208557,-0.10639263689517975,0.35702019929885864,0.5796397924423218,-0.03929100185632706,0.42188504338264465,0.4387972354888916,-0.06304816901683807,0.46205565333366394,0.3574294447898865,-0.0785217210650444,0.4868249297142029,0.28616243600845337,-0.08639059215784073,0.3408544659614563,0.5798969864845276,-0.0121235903352499,0.36463120579719543,0.45073002576828003,-0.030574733391404152,0.3765368163585663,0.37334132194519043,-0.047337163239717484,0.3866094946861267,0.304471880197525,-0.05596663057804108,0.3382487893104553,0.6029907464981079,0.011839780956506729,0.31985747814178467,0.5207430124282837,-0.0006620588828809559,0.3077501058578491,0.46791332960128784,-0.00891821924597025,0.3029594421386719,0.418398916721344,-0.01187366433441639,Right Fan Lateral
0.3554714024066925,0.8576062917709351,7.399743822134042e-07,0.4477179944515228,0.8327738046646118,-0.054963115602731705,0.5164225101470947,0.7451330423355103,-0.06783347576856613,0.5689801573753357,0.663471519947052,-0.06620378792285919,0.5936159491539001,0.5849400162696838,-0.05604627728462219,0.39953890442848206,0.5921735167503357,-0.05925118923187256,0.48973745107650757,0.5080921053886414,-0.08466776460409164,0.5332459211349487,0.5439147353172302,-0.09794691950082779,0.5503861904144287,0.5964259505271912,-0.09976637363433838,0.365497350692749,0.567154049873352,-0.02898050658404827,0.42444750666618347,0.42841941118240356,-0.04433106631040573,0.46270880103111267,0.3490811884403229,-0.059119950979948044,0.4864141643047333,0.27963611483573914,-0.06873687356710434,0.34944069385528564,0.5672292709350586,-0.0017905596178025007,0.3716218173503876,0.4394853711128235,-0.0115512078627944,0.3827289342880249,0.364207923412323,-0.02680153213441372,0.3926207423210144,0.2987476587295532,-0.036707691848278046,0.34537044167518616,0.5883915424346924,0.02191964164376259,0.32917195558547974,0.5083869099617004,0.017777202650904655,0.3170270621776581,0.4574313163757324,0.013316746801137924,0.3121299743652344,0.41225945949554443,0.011347209103405476,Right Fan Lateral
0.3565142750740051,0.8556758165359497,7.290911412383139e-07,0.4501339793205261,0.83018559217453,-0.05077928304672241,0.519118070602417,0.7406033277511597,-0.06160133704543114,0.5713493227958679,0.6589400768280029,-0.05909892916679382,0.5918508768081665,0.5829107761383057,-0.04859893396496773,0.4023982882499695,0.5922002196311951,-0.05385503172874451,0.4885552227497101,0.5066808462142944,-0.07736478000879288,0.5315966010093689,0.5404256582260132,-0.08912128955125809,0.5489462018013,0.5933848023414612,-0.0904051885008812,0.3680828809738159,0.5660330057144165,-0.026223311200737953,0.42509162425994873,0.4285256862640381,-0.04039979353547096,0.4629848003387451,0.34881484508514404,-0.05494374781847,0.486564576625824,0.27980372309684753,-0.06483728438615799,0.35092633962631226,0.565690279006958,-0.0015961487079039216,0.37268656492233276,0.4382186532020569,-0.011234371922910213,0.3846141993999481,0.3643650412559509,-0.027820046991109848,0.39458703994750977,0.3005761206150055,-0.03916541486978531,0.3462461233139038,0.5870602130889893,0.019890649244189262,0.33003413677215576,0.5084332823753357,0.01452387124300003,0.31713899970054626,0.45868489146232605,0.00830826722085476,0.31113430857658386,0.4140320122241974,0.004671191330999136,Right Fan Lateral
0.3561846613883972,0.8536463975906372,7.806899020579294e-07,0.4492948353290558,0.828125536441803,-0.05577067658305168,0.5180127620697021,0.7417228817939758,-0.07000524550676346,0.5723602771759033,0.6621814370155334,-0.06915216147899628,0.5953205823898315,0.5830315351486206,-0.05926314741373062,0.4000362753868103,0.5893882513046265,-0.06483208388090134,0.49141836166381836,0.5063598155975342,-0.08978541195392609,0.5358624458312988,0.5420325994491577,-0.09991538524627686,0.5533885955810547,0.5950303077697754,-0.09952042996883392,0.3658072054386139,0.5644984245300293,-0.03461088985204697,0.42621666193008423,0.4256516993045807,-0.054554618895053864,0.4644629657268524,0.3454365134239197,-0.06965246051549911,0.48834097385406494,0.2753180265426636,-0.07851558923721313,0.3490075170993805,0.5646658539772034,-0.006759479641914368,0.37245023250579834,0.4381069540977478,-0.020404189825057983,0.38397297263145447,0.36149442195892334,-0.03532987833023071,0.39368578791618347,0.2948649823665619,-0.04395240545272827,0.34465742111206055,0.5861182808876038,0.017891280353069305,0.3288300037384033,0.5060034990310669,0.011460117995738983,0.31760889291763306,0.45415693521499634,0.00671148719266057,0.3131992518901825,0.40751540660858154,0.005043921060860157,Right Fan Lateral
0.35683608055114746,0.8602676391601562,7.794087082402257e-07,0.44834962487220764,0.8320499658584595,-0.05451905354857445,0.5171775817871094,0.7434959411621094,-0.06823036074638367,0.5725980401039124,0.6616714000701904,-0.06707960367202759,0.5917879343032837,0.5832041501998901,-0.057067614048719406,0.3987351059913635,0.5917794108390808,-0.06334845721721649,0.49073949456214905,0.5063504576683044,-0.08784636110067368,0.5345981121063232,0.5420657992362976,-0.09789678454399109,0.5521900057792664,0.5947310328483582,-0.09767021238803864,0.36480826139450073,0.567158579826355,-0.03380632773041725,0.42560499906539917,0.42745283246040344,-0.05375785753130913,0.46379920840263367,0.3475140929222107,-0.06931151449680328,0.4876473844051361,0.27741894125938416,-0.07855813950300217,0.3479483723640442,0.5685556530952454,-0.00649352977052331,0.37049567699432373,0.4411255121231079,-0.020404061302542686,0.38184666633605957,0.36371779441833496,-0.0361625961959362,0.3912528455257416,0.29634204506874084,-0.045480214059352875,0.3438299298286438,0.5911709666252136,0.017819827422499657,0.3273487687110901,0.5114546418190002,0.011233753524720669,0.31673145294189453,0.45905953645706177,0.005932444240897894,0.31264930963516235,0.4110682010650635,0.003681895090267062,Right Fan Lateral
0.35683608055114746,0.8602676391601562,7.794087082402257e-07,0.44834962487220764,0.8320499658584595,-0.05451905354857445,0.5171775817871094,0.7434959411621094,-0.06823036074638367,0.5725980401039124,0.6616714000701904,-0.06707960367202759,0.5917879343032837,0.5832041501998901,-0.057067614048719406,0.3987351059913635,0.5917794108390808,-0.06334845721721649,0.49073949456214905,0.5063504576683044,-0.08784636110067368,0.5345981121063232,0.5420657992362976,-0.09789678454399109,0.5521900057792664,0.5947310328483582,-0.09767021238803864,0.36480826139450073,0.567158579826355,-0.03380632773041725,0.42560499906539917,0.42745283246040344,-0.05375785753130913,0.46379920840263367,0.3475140929222107,-0.06931151449680328,0.4876473844051361,0.27741894125938416,-0.07855813950300217,0.3479483723640442,0.5685556530952454,-0.00649352977052331,0.37049567699432373,0.4411255121231079,-0.020404061302542686,0.38184666633605957,0.36371779441833496,-0.0361625961959362,0.3912528455257416,0.29634204506874084,-0.045480214059352875,0.3438299298286438,0.5911709666252136,0.017819827422499657,0.3273487687110901,0.5114546418190002,0.011233753524720669,0.31673145294189453,0.45905953645706177,0.005932444240897894,0.31264930963516235,0.4110682010650635,0.003681895090267062,Right Fan Lateral
0.35439199209213257,0.8607972264289856,7.952421583468094e-07,0.44775938987731934,0.8327956199645996,-0.05574306473135948,0.516383707523346,0.7440657615661621,-0.06938162446022034,0.5704430341720581,0.6621395945549011,-0.06781406700611115,0.5922269225120544,0.5825478434562683,-0.05724911764264107,0.3978467583656311,0.5923103094100952,-0.06330842524766922,0.4884437918663025,0.507114589214325,-0.08701051771640778,0.5324754118919373,0.5415797829627991,-0.09637168794870377,0.5502340197563171,0.5945838689804077,-0.09556296467781067,0.36302024126052856,0.5681892037391663,-0.032291680574417114,0.42331385612487793,0.42846328020095825,-0.05117853730916977,0.462422639131546,0.3475411534309387,-0.06601648032665253,0.4873529076576233,0.2766396999359131,-0.07476603239774704,0.34606820344924927,0.5688496232032776,-0.0036797374486923218,0.3691936135292053,0.4394605755805969,-0.016961736604571342,0.3811013102531433,0.3629864454269409,-0.03209169581532478,0.391632616519928,0.2968009114265442,-0.0408635288476944,0.34214916825294495,0.5899998545646667,0.021817084401845932,0.3255782723426819,0.5075922608375549,0.015243279747664928,0.3140811622142792,0.45498162508010864,0.00999037642031908,0.3103266656398773,0.4077570140361786,0.007961071096360683,Right Fan Lateral
0.35587525367736816,0.8556981086730957,7.850132419662259e-07,0.44803714752197266,0.8295023441314697,-0.054173897951841354,0.5166887044906616,0.7420077323913574,-0.06784690916538239,0.5704072713851929,0.6616889238357544,-0.067998968064785,0.5899528861045837,0.5829588770866394,-0.0600728839635849,0.4001571536064148,0.5922095775604248,-0.056453581899404526,0.4875907599925995,0.509792149066925,-0.08105051517486572,0.5312735438346863,0.544553279876709,-0.09282420575618744,0.5496411323547363,0.5978071689605713,-0.09412200003862381,0.365707129240036,0.5659497976303101,-0.029235895723104477,0.4223531186580658,0.42751672863960266,-0.04494303837418556,0.46102893352508545,0.34695544838905334,-0.05982169881463051,0.48721688985824585,0.27690160274505615,-0.0695132464170456,0.34805506467819214,0.5669165253639221,-0.0054380688816308975,0.3694893717765808,0.4382355511188507,-0.017624499276280403,0.38186052441596985,0.3631380796432495,-0.03418893367052078,0.3935650885105133,0.298434317111969,-0.04481741786003113,0.3436797261238098,0.5899512767791748,0.014946738258004189,0.32530492544174194,0.5095924139022827,0.006521360948681831,0.31257590651512146,0.4573977589607239,-0.0003519140591379255,0.3080960512161255,0.4104235768318176,-0.003805162152275443,Right Fan Lateral
0.35666441917419434,0.858564555644989,7.968576483108336e-07,0.4489007294178009,0.8314492702484131,-0.055318139493465424,0.5166624784469604,0.7443018555641174,-0.06918323040008545,0.5698153972625732,0.6640322208404541,-0.06938042491674423,0.591694176197052,0.5847731828689575,-0.06145932525396347,0.4001784026622772,0.5929810404777527,-0.05592259764671326,0.48848459124565125,0.5096759796142578,-0.07962962239980698,0.5320804715156555,0.5438323020935059,-0.09114626795053482,0.5498039126396179,0.5966746807098389,-0.0922381654381752,0.3659296929836273,0.5662232041358948,-0.02769089862704277,0.423183798789978,0.42816123366355896,-0.0420772060751915,0.46192467212677,0.3478966951370239,-0.05641978606581688,0.4876108169555664,0.2776411473751068,-0.06574133038520813,0.34868162870407104,0.5671348571777344,-0.0030241841450333595,0.3700106739997864,0.43849629163742065,-0.013937166891992092,0.38171494007110596,0.36339887976646423,-0.030161317437887192,0.39216649532318115,0.2977096438407898,-0.04064653813838959,0.3440299928188324,0.5901417136192322,0.01808665692806244,0.32634565234184265,0.5098374485969543,0.010847387835383415,0.3142484426498413,0.45830345153808594,0.004539636429399252,0.3094403147697449,0.4121859073638916,0.0014753690920770168,Right Fan Lateral
0.35629987716674805,0.8574228882789612,7.68785355376167e-07,0.4487748444080353,0.8316408395767212,-0.054107990115880966,0.5176470279693604,0.743645429611206,-0.06711265444755554,0.5718933343887329,0.6632673144340515,-0.06589918583631516,0.5901339054107666,0.5835874676704407,-0.055967722088098526,0.39987480640411377,0.5906722545623779,-0.0587407611310482,0.4892844259738922,0.5063223838806152,-0.0839538723230362,0.5327564477920532,0.5429587960243225,-0.09599880874156952,0.5497404336929321,0.5969530344009399,-0.09694287925958633,0.3659243583679199,0.565530002117157,-0.02958700805902481,0.425045371055603,0.4278637766838074,-0.047110747545957565,0.4634164571762085,0.34746813774108887,-0.06264718621969223,0.48761099576950073,0.27661561965942383,-0.07239450514316559,0.34899571537971497,0.5659019947052002,-0.00334548600949347,0.371077299118042,0.4382769465446472,-0.01556182000786066,0.382280558347702,0.36230796575546265,-0.031239517033100128,0.392130970954895,0.2967278063297272,-0.04091963171958923,0.3444966971874237,0.5874466896057129,0.019608149304986,0.3277457654476166,0.5084558725357056,0.01345940213650465,0.3150826096534729,0.4571773409843445,0.008340822532773018,0.3101392388343811,0.41091111302375793,0.006158513482660055,Right Fan Lateral
0.35629987716674805,0.8574228882789612,7.68785355376167e-07,0.4487748444080353,0.8316408395767212,-0.054107990115880966,0.5176470279693604,0.743645429611206,-0.06711265444755554,0.5718933343887329,0.6632673144340515,-0.06589918583631516,0.5901339054107666,0.5835874676704407,-0.055967722088098526,0.39987480640411377,0.5906722545623779,-0.0587407611310482,0.4892844259738922,0.5063223838806152,-0.0839538723230362,0.5327564477920532,0.5429587960243225,-0.09599880874156952,0.5497404336929321,0.5969530344009399,-0.09694287925958633,0.3659243583679199,0.565530002117157,-0.02958700805902481,0.425045371055603,0.4278637766838074,-0.047110747545957565,0.4634164571762085,0.34746813774108887,-0.06264718621969223,0.48761099576950073,0.27661561965942383,-0.07239450514316559,0.34899571537971497,0.5659019947052002,-0.00334548600949347,0.371077299118042,0.4382769465446472,-0.01556182000786066,0.382280558347702,0.36230796575546265,-0.031239517033100128,0.392130970954895,0.2967278063297272,-0.04091963171958923,0.3444966971874237,0.5874466896057129,0.019608149304986,0.3277457654476166,0.5084558725357056,0.01345940213650465,0.3150826096534729,0.4571773409843445,0.008340822532773018,0.3101392388343811,0.41091111302375793,0.006158513482660055,Right Fan Lateral
0.3563927412033081,0.8589277267456055,7.885340096436266e-07,0.45005396008491516,0.8306955099105835,-0.05413258820772171,0.5196914672851562,0.741838276386261,-0.06680872291326523,0.5728049874305725,0.6606141328811646,-0.06543372571468353,0.5921846628189087,0.5839049220085144,-0.05582088977098465,0.40020233392715454,0.591627836227417,-0.058234803378582,0.4879976809024811,0.5083830952644348,-0.08153016120195389,0.5318219065666199,0.5421741604804993,-0.09225621819496155,0.5509581565856934,0.5939759016036987,-0.09304404258728027,0.366060733795166,0.5673032402992249,-0.029727118089795113,0.42440950870513916,0.4297487735748291,-0.0462106354534626,0.4633415937423706,0.34816908836364746,-0.061123136430978775,0.48819735646247864,0.27730900049209595,-0.0706791952252388,0.3489338755607605,0.5682067275047302,-0.004156021401286125,0.3709668517112732,0.4391052722930908,-0.01674039289355278,0.38239410519599915,0.36380666494369507,-0.03325427323579788,0.3915320336818695,0.29832595586776733,-0.04354878142476082,0.3441947400569916,0.5891901254653931,0.018167773261666298,0.3263402581214905,0.5075791478157043,0.009973779320716858,0.3139231204986572,0.455192506313324,0.002894347533583641,0.30869489908218384,0.40760380029678345,-0.0005943780997768044,Right Fan Lateral
0.35654622316360474,0.8570694327354431,8.015879302547546e-07,0.4484993815422058,0.8299769759178162,-0.05611615628004074,0.5175279974937439,0.7445673942565918,-0.07077772915363312,0.5721134543418884,0.6650913953781128,-0.0708351731300354,0.5937067270278931,0.5864735245704651,-0.06226956099271774,0.39854153990745544,0.5921596884727478,-0.06283733248710632,0.48935702443122864,0.50947105884552,-0.08754098415374756,0.5334329009056091,0.5449117422103882,-0.09817919135093689,0.5513842701911926,0.5979923605918884,-0.098562091588974,0.3649400770664215,0.5673657655715942,-0.03381749615073204,0.42445385456085205,0.4287290871143341,-0.052306126803159714,0.46315324306488037,0.3473531901836395,-0.06808919459581375,0.48792192339897156,0.2771555781364441,-0.07804285734891891,0.3485219478607178,0.5683658719062805,-0.007577390410006046,0.37062719464302063,0.4401710331439972,-0.02127089910209179,0.3821573257446289,0.36391493678092957,-0.03802225738763809,0.39176714420318604,0.29799890518188477,-0.04844418913125992,0.34459877014160156,0.5901495814323425,0.015343908220529556,0.32693445682525635,0.5099644064903259,0.006937255151569843,0.3147619366645813,0.45798420906066895,0.0001213314535561949,0.31008824706077576,0.4103480577468872,-0.003223953302949667,Right Fan Lateral
0.3565182685852051,0.8587629199028015,7.762323548377026e-07,0.4492635726928711,0.8310679197311401,-0.05298822000622749,0.5183327794075012,0.7446581125259399,-0.06686123460531235,0.5727939009666443,0.6645952463150024,-0.06655595451593399,0.5952486395835876,0.5851316452026367,-0.05759816616773605,0.39939892292022705,0.5932189226150513,-0.06288212537765503,0.49132516980171204,0.5082733631134033,-0.08721776306629181,0.5349635481834412,0.5437113046646118,-0.09674333781003952,0.5519278645515442,0.5968515872955322,-0.09619767218828201,0.3654806613922119,0.5682816505432129,-0.034904975444078445,0.42637917399406433,0.4283941984176636,-0.05450648441910744,0.46530216932296753,0.34782058000564575,-0.06975596398115158,0.4897497594356537,0.2777811288833618,-0.07899203151464462,0.34868836402893066,0.5686065554618835,-0.009141023270785809,0.371679425239563,0.4388480484485626,-0.023250563070178032,0.3832342326641083,0.36257171630859375,-0.03892839699983597,0.39293360710144043,0.29618901014328003,-0.04831758514046669,0.344149649143219,0.590226411819458,0.01373507734388113,0.3274414539337158,0.5086689591407776,0.00633448688313365,0.31590306758880615,0.4562711715698242,0.0008712559356354177,0.31143730878829956,0.40918493270874023,-0.0014738291501998901,Right Fan Lateral
0.35837799310684204,0.8624820709228516,7.720632311247755e-07,0.44993770122528076,0.8329527974128723,-0.05371102690696716,0.5196256637573242,0.744538426399231,-0.06730242818593979,0.5751429200172424,0.6629343032836914,-0.06614874303340912,0.5941459536552429,0.5823041200637817,-0.056008413434028625,0.40153318643569946,0.5923261642456055,-0.06286608427762985,0.49413052201271057,0.5076785087585449,-0.08765751123428345,0.5370804071426392,0.54350745677948,-0.09715237468481064,0.5526259541511536,0.5972135663032532,-0.09584721177816391,0.3668859899044037,0.5687042474746704,-0.03334122151136398,0.4276416301727295,0.4277113676071167,-0.05333292856812477,0.46602338552474976,0.34756216406822205,-0.06778199970722198,0.4899337589740753,0.27756795287132263,-0.07568137347698212,0.3492337167263031,0.5697591304779053,-0.0060513680800795555,0.37203556299209595,0.4409137964248657,-0.019864918664097786,0.3838839530944824,0.3630635738372803,-0.0338689386844635,0.39378878474235535,0.2959253489971161,-0.04134899005293846,0.3437655568122864,0.591175377368927,0.018276792019605637,0.3280411958694458,0.5093929767608643,0.012344738468527794,0.3177140951156616,0.45635056495666504,0.008468651212751865,0.3139572739601135,0.4088432788848877,0.007742314599454403,Right Fan Lateral
0.35559573769569397,0.8589630126953125,7.768193199808593e-07,0.4490989148616791,0.8343425393104553,-0.05475536361336708,0.5189630389213562,0.7466679215431213,-0.0684855654835701,0.5735048651695251,0.6654771566390991,-0.06762432307004929,0.591860830783844,0.5869777798652649,-0.05785833299160004,0.4008798599243164,0.5920135974884033,-0.06293962150812149,0.49142900109291077,0.5078113675117493,-0.08732812851667404,0.5347403287887573,0.545468807220459,-0.09673754870891571,0.5510441660881042,0.600614070892334,-0.09587091207504272,0.366040974855423,0.5672153234481812,-0.03391098231077194,0.4263480603694916,0.42940330505371094,-0.052487533539533615,0.4646242558956146,0.34869545698165894,-0.06730658560991287,0.4891742467880249,0.27733585238456726,-0.07622312009334564,0.3488730192184448,0.5682029128074646,-0.007404549513012171,0.3718710243701935,0.43979835510253906,-0.020526612177491188,0.38318830728530884,0.3640241026878357,-0.03604898601770401,0.3931609094142914,0.2980024218559265,-0.04541720822453499,0.3445463180541992,0.5901046991348267,0.015932301059365273,0.32675957679748535,0.5095365047454834,0.00874244887381792,0.31455785036087036,0.4576231837272644,0.0029920039232820272,0.31033894419670105,0.41072332859039307,0.0005408665165305138,Right Fan Lateral
0.355984628200531,0.8614211678504944,7.637858061571023e-07,0.450329065322876,0.8331695795059204,-0.05141861364245415,0.5203762054443359,0.7448921799659729,-0.06365355849266052,0.5740094184875488,0.6631819009780884,-0.0618668757379055,0.5913392901420593,0.585626482963562,-0.05144929885864258,0.4017329812049866,0.5939947962760925,-0.06114146485924721,0.49083706736564636,0.509452223777771,-0.08472976833581924,0.5338635444641113,0.5450826287269592,-0.09343204647302628,0.5506868958473206,0.5992040634155273,-0.09211830794811249,0.36672455072402954,0.5702202320098877,-0.03307696059346199,0.42565152049064636,0.4313875436782837,-0.05099941045045853,0.46489861607551575,0.34956133365631104,-0.06466449052095413,0.48966193199157715,0.277415931224823,-0.07275781035423279,0.3494674563407898,0.5710676908493042,-0.007252735551446676,0.37140434980392456,0.4405049681663513,-0.019804848358035088,0.38372373580932617,0.36487168073654175,-0.03435700014233589,0.39411333203315735,0.299464613199234,-0.04296712949872017,0.344674289226532,0.592017412185669,0.015695463865995407,0.3263133764266968,0.5098695755004883,0.009137607179582119,0.3142209053039551,0.45750775933265686,0.003894861089065671,0.3098399043083191,0.4112094044685364,0.0018385761650279164,Right Fan Lateral
0.355984628200531,0.8614211678504944,7.637858061571023e-07,0.450329065322876,0.8331695795059204,-0.05141861364245415,0.5203762054443359,0.7448921799659729,-0.06365355849266052,0.5740094184875488,0.6631819009780884,-0.0618668757379055,0.5913392901420593,0.585626482963562,-0.05144929885864258,0.4017329812049866,0.5939947962760925,-0.06114146485924721,0.49083706736564636,0.509452223777771,-0.08472976833581924,0.5338635444641113,0.5450826287269592,-0.09343204647302628,0.5506868958473206,0.5992040634155273,-0.09211830794811249,0.36672455072402954,0.5702202320098877,-0.03307696059346199,0.42565152049064636,0.4313875436782837,-0.05099941045045853,0.46489861607551575,0.34956133365631104,-0.06466449052095413,0.48966193199157715,0.277415931224823,-0.07275781035423279,0.3494674563407898,0.5710676908493042,-0.007252735551446676,0.37140434980392456,0.4405049681663513,-0.019804848358035088,0.38372373580932617,0.36487168073654175,-0.03435700014233589,0.39411333203315735,0.299464613199234,-0.04296712949872017,0.344674289226532,0.592017412185669,0.015695463865995407,0.3263133764266968,0.5098695755004883,0.009137607179582119,0.3142209053039551,0.45750775933265686,0.003894861089065671,0.3098399043083191,0.4112094044685364,0.0018385761650279164,Right Fan Lateral
0.3561556339263916,0.8588354587554932,7.611805017404549e-07,0.44954976439476013,0.8331747651100159,-0.05181286484003067,0.5197570323944092,0.7450436353683472,-0.06505948305130005,0.5749791860580444,0.6633999943733215,-0.0641806349158287,0.5917842388153076,0.5849265456199646,-0.05442889779806137,0.40164899826049805,0.5930832028388977,-0.0623827762901783,0.4941379129886627,0.5071924924850464,-0.08697926998138428,0.5358691811561584,0.5445312261581421,-0.09622927755117416,0.550607442855835,0.599618673324585,-0.095117948949337,0.36580508947372437,0.5681964159011841,-0.03447685390710831,0.4273555278778076,0.42886948585510254,-0.05447502061724663,0.4658752381801605,0.3489803671836853,-0.06933233886957169,0.4903855621814728,0.27883028984069824,-0.07797636091709137,0.34766554832458496,0.5689048171043396,-0.008615005761384964,0.3719120919704437,0.4390002489089966,-0.022730767726898193,0.38365158438682556,0.36252009868621826,-0.03754425793886185,0.3936094343662262,0.2967424690723419,-0.04605128616094589,0.34321361780166626,0.590662956237793,0.01448933407664299,0.32661759853363037,0.508667528629303,0.007613115478307009,0.3152705132961273,0.45652151107788086,0.0027308412827551365,0.311196506023407,0.40993165969848633,0.0009592073620297015,Right Fan Lateral
0.3579116761684418,0.8634471893310547,7.629853939761233e-07,0.450045108795166,0.8349764347076416,-0.05288279429078102,0.5202999114990234,0.7449761033058167,-0.0654156431555748,0.5750618577003479,0.6634187698364258,-0.06342822313308716,0.5916273593902588,0.5859345197677612,-0.052623096853494644,0.39990782737731934,0.5923951268196106,-0.062217243015766144,0.49215948581695557,0.5074573755264282,-0.08619794994592667,0.5355272889137268,0.5442468523979187,-0.09540695697069168,0.5517046451568604,0.5984579920768738,-0.09436345100402832,0.36537784337997437,0.5688817501068115,-0.03364739194512367,0.42615124583244324,0.4300214648246765,-0.05256058648228645,0.4646711051464081,0.35014039278030396,-0.0669650062918663,0.488696813583374,0.27955949306488037,-0.07523726671934128,0.3484247922897339,0.5709824562072754,-0.0073492927476763725,0.3703559935092926,0.4431931972503662,-0.020708121359348297,0.3821103572845459,0.3662858307361603,-0.0360223762691021,0.39173808693885803,0.29890286922454834,-0.04494422301650047,0.3442229628562927,0.5939067006111145,0.016045713797211647,0.32648521661758423,0.5146304965019226,0.009373104199767113,0.3155447840690613,0.46208319067955017,0.004044830799102783,0.3116517663002014,0.41390931606292725,0.001938671455718577,Right Fan Lateral
0.35646772384643555,0.8577672243118286,7.63379205181991e-07,0.4491768777370453,0.8305405378341675,-0.051454562693834305,0.5192708969116211,0.7439730167388916,-0.06423771381378174,0.5734279751777649,0.6649031639099121,-0.06339655071496964,0.5914745330810547,0.5870356559753418,-0.05427421256899834,0.40151235461235046,0.5928812026977539,-0.06024844944477081,0.49122217297554016,0.5098409056663513,-0.08434195071458817,0.5338349342346191,0.5453516840934753,-0.09438459575176239,0.5502305626869202,0.5988379716873169,-0.09432224929332733,0.366710364818573,0.5677711963653564,-0.033396221697330475,0.4258360266685486,0.4300490617752075,-0.05124050751328468,0.46493831276893616,0.3483285903930664,-0.0661928802728653,0.4896153509616852,0.2773583233356476,-0.07566867768764496,0.3492112159729004,0.5680564641952515,-0.008979412727057934,0.3712198734283447,0.4375912547111511,-0.022126073017716408,0.3830253481864929,0.3623265027999878,-0.03844042494893074,0.3928997218608856,0.29712262749671936,-0.04870028421282768,0.34447091817855835,0.5892962217330933,0.012543434277176857,0.32653576135635376,0.5083359479904175,0.0043828669004142284,0.31408825516700745,0.45655131340026855,-0.0023530246689915657,0.30923521518707275,0.41009289026260376,-0.005719488952308893,Right Fan Lateral
0.3584805130958557,0.8579210042953491,7.232568464132783e-07,0.4514734148979187,0.8310481905937195,-0.049317486584186554,0.5217329263687134,0.7421374320983887,-0.06046522408723831,0.5756762027740479,0.6608443856239319,-0.05810624361038208,0.5929155945777893,0.5824196934700012,-0.047379571944475174,0.40446552634239197,0.5913127064704895,-0.05843840911984444,0.4922746419906616,0.5073191523551941,-0.08261901885271072,0.5347122550010681,0.5427610278129578,-0.09299494326114655,0.5510140657424927,0.5964035987854004,-0.09298520535230637,0.3698161840438843,0.5663753747940063,-0.03147304430603981,0.42808401584625244,0.4286419153213501,-0.04818681254982948,0.4668289124965668,0.3485303521156311,-0.062187694013118744,0.49123844504356384,0.2780940532684326,-0.07103846222162247,0.3525841236114502,0.5662416815757751,-0.006812130566686392,0.3735005259513855,0.4360683560371399,-0.018240034580230713,0.38520511984825134,0.36086970567703247,-0.03310680761933327,0.3954315781593323,0.2964159846305847,-0.0426066517829895,0.3475272059440613,0.5869225859642029,0.015023731626570225,0.32978859543800354,0.5070138573646545,0.008798637427389622,0.3168531656265259,0.4548424482345581,0.0033342912793159485,0.31152790784835815,0.40861058235168457,0.0007846328662708402,Right Fan Lateral
0.3582715392112732,0.8550138473510742,7.592931297040195e-07,0.4520087242126465,0.828162670135498,-0.048822659999132156,0.5221999883651733,0.7418949604034424,-0.06106574088335037,0.5768702626228333,0.6627056002616882,-0.0605090893805027,0.5937126874923706,0.5826994180679321,-0.051921647042036057,0.40654170513153076,0.5901533365249634,-0.05704331770539284,0.49309223890304565,0.5078433752059937,-0.08085597306489944,0.5354752540588379,0.5434580445289612,-0.0910286232829094,0.5520294904708862,0.5968886017799377,-0.09149377793073654,0.3722364902496338,0.5640192031860352,-0.03258835896849632,0.42902672290802,0.4267115890979767,-0.050026439130306244,0.46835553646087646,0.3464277386665344,-0.0652773305773735,0.49402764439582825,0.2760516405105591,-0.07540711015462875,0.3544180393218994,0.5653219819068909,-0.010527149774134159,0.3741508722305298,0.4357372522354126,-0.023628516122698784,0.3852658271789551,0.36010852456092834,-0.040189191699028015,0.39565736055374146,0.2961053252220154,-0.051202643662691116,0.349018931388855,0.5892752408981323,0.008748896420001984,0.3304467797279358,0.5124750733375549,0.00012680853251367807,0.31705373525619507,0.46098586916923523,-0.006929156836122274,0.3119984567165375,0.4147148132324219,-0.010951594449579716,Right Fan Lateral
0.3573656678199768,0.8566176891326904,7.531357937295979e-07,0.45043492317199707,0.8321499824523926,-0.05099322646856308,0.5205605626106262,0.7436418533325195,-0.06325250118970871,0.5750316977500916,0.6631503701210022,-0.06217290461063385,0.5911481380462646,0.5856740474700928,-0.052922528237104416,0.4048430621623993,0.5931917428970337,-0.05776719003915787,0.49237045645713806,0.5094507932662964,-0.08198632299900055,0.5350841283798218,0.5451865792274475,-0.09251024574041367,0.5514485836029053,0.6001541614532471,-0.09265974909067154,0.36890244483947754,0.5672088861465454,-0.031151723116636276,0.4265387952327728,0.4293941855430603,-0.04737461730837822,0.4650973081588745,0.348468542098999,-0.061572276055812836,0.4900745451450348,0.2782433032989502,-0.07054806500673294,0.35056108236312866,0.5676153898239136,-0.007281511556357145,0.3721144199371338,0.4379461109638214,-0.019142575562000275,0.38436388969421387,0.36287981271743774,-0.034847360104322433,0.39529669284820557,0.299066424369812,-0.044823676347732544,0.34567198157310486,0.5896275043487549,0.013562801294028759,0.3275004029273987,0.5098897218704224,0.005801391787827015,0.3147842586040497,0.45812979340553284,-0.0007189168245531619,0.3103228807449341,0.41203153133392334,-0.0038422439247369766,Right Fan Lateral
0.35844480991363525,0.8582146167755127,7.761253186799877e-07,0.45132794976234436,0.832150936126709,-0.05331791937351227,0.52091383934021,0.7432495355606079,-0.06568408012390137,0.5749334096908569,0.6622490286827087,-0.06374939531087875,0.5901407599449158,0.5877190232276917,-0.05324072018265724,0.40301480889320374,0.5919145345687866,-0.06055799499154091,0.4910394549369812,0.5096904635429382,-0.08416206389665604,0.5342326164245605,0.5468730926513672,-0.09401331841945648,0.552090048789978,0.6012322902679443,-0.09404504299163818,0.3676213026046753,0.56817227602005,-0.03240612894296646,0.4252176284790039,0.4312523603439331,-0.050807490944862366,0.4641295373439789,0.34946852922439575,-0.0662711039185524,0.4893549382686615,0.2788274586200714,-0.07604443281888962,0.3491986393928528,0.5699928402900696,-0.0068200984969735146,0.3703097701072693,0.44137266278266907,-0.020751241594552994,0.3812849521636963,0.36578238010406494,-0.037814442068338394,0.390694797039032,0.3010905086994171,-0.04832617565989494,0.3442787826061249,0.5926704406738281,0.01575974002480507,0.3256213068962097,0.5123964548110962,0.00702014472335577,0.3130296766757965,0.4608564078807831,-0.0005557438707910478,0.3084002137184143,0.4140316843986511,-0.004510854836553335,Right Fan Lateral
0.35844480991363525,0.8582146167755127,7.761253186799877e-07,0.45132794976234436,0.832150936126709,-0.05331791937351227,0.52091383934021,0.7432495355606079,-0.06568408012390137,0.5749334096908569,0.6622490286827087,-0.06374939531087875,0.5901407599449158,0.5877190232276917,-0.05324072018265724,0.40301480889320374,0.5919145345687866,-0.06055799499154091,0.4910394549369812,0.5096904635429382,-0.08416206389665604,0.5342326164245605,0.5468730926513672,-0.09401331841945648,0.552090048789978,0.6012322902679443,-0.09404504299163818,0.3676213026046753,0.56817227602005,-0.03240612894296646,0.4252176284790039,0.4312523603439331,-0.050807490944862366,0.4641295373439789,0.34946852922439575,-0.0662711039185524,0.4893549382686615,0.2788274586200714,-0.07604443281888962,0.3491986393928528,0.5699928402900696,-0.0068200984969735146,0.3703097701072693,0.44137266278266907,-0.020751241594552994,0.3812849521636963,0.36578238010406494,-0.037814442068338394,0.390694797039032,0.3010905086994171,-0.04832617565989494,0.3442787826061249,0.5926704406738281,0.01575974002480507,0.3256213068962097,0.5123964548110962,0.00702014472335577,0.3130296766757965,0.4608564078807831,-0.0005557438707910478,0.3084002137184143,0.4140316843986511,-0.004510854836553335,Right Fan Lateral
0.35815906524658203,0.8612443208694458,7.694151804571447e-07,0.45131954550743103,0.8319270610809326,-0.05100249871611595,0.5223773717880249,0.7423797845840454,-0.06221223995089531,0.576066792011261,0.6609104871749878,-0.059629786759614944,0.5906209945678711,0.586357057094574,-0.04884067550301552,0.40300843119621277,0.5937936902046204,-0.0566038079559803,0.490902304649353,0.5099595785140991,-0.07867639511823654,0.5339572429656982,0.5446440577507019,-0.08802035450935364,0.5519687533378601,0.5978942513465881,-0.08775243908166885,0.36806827783584595,0.5695473551750183,-0.0289984792470932,0.4261741638183594,0.4313942790031433,-0.0450802780687809,0.4648601710796356,0.34919482469558716,-0.05956292524933815,0.48938363790512085,0.27807334065437317,-0.06878335028886795,0.3499871790409088,0.5701618790626526,-0.0039013323839753866,0.3716602623462677,0.43983718752861023,-0.016098609194159508,0.3832789957523346,0.36423006653785706,-0.032868802547454834,0.3925842046737671,0.2989405691623688,-0.04337920621037483,0.3445306718349457,0.5911509990692139,0.01835230551660061,0.32667410373687744,0.5095595121383667,0.010991952382028103,0.31399670243263245,0.4571482539176941,0.003969170618802309,0.3087283968925476,0.40983086824417114,0.00030733333551324904,Right Fan Lateral
0.35815906524658203,0.8612443208694458,7.694151804571447e-07,0.45131954550743103,0.8319270610809326,-0.05100249871611595,0.5223773717880249,0.7423797845840454,-0.06221223995089531,0.576066792011261,0.6609104871749878,-0.059629786759614944,0.5906209945678711,0.586357057094574,-0.04884067550301552,0.40300843119621277,0.5937936902046204,-0.0566038079559803,0.490902304649353,0.5099595785140991,-0.07867639511823654,0.5339572429656982,0.5446440577507019,-0.08802035450935364,0.5519687533378601,0.5978942513465881,-0.08775243908166885,0.36806827783584595,0.5695473551750183,-0.0289984792470932,0.4261741638183594,0.4313942790031433,-0.0450802780687809,0.4648601710796356,0.34919482469558716,-0.05956292524933815,0.48938363790512085,0.27807334065437317,-0.06878335028886795,0.3499871790409088,0.5701618790626526,-0.0039013323839753866,0.3716602623462677,0.43983718752861023,-0.016098609194159508,0.3832789957523346,0.36423006653785706,-0.032868802547454834,0.3925842046737671,0.2989405691623688,-0.04337920621037483,0.3445306718349457,0.5911509990692139,0.01835230551660061,0.32667410373687744,0.5095595121383667,0.010991952382028103,0.31399670243263245,0.4571482539176941,0.003969170618802309,0.3087283968925476,0.40983086824417114,0.00030733333551324904,Right Fan Lateral
0.35889020562171936,0.8642919659614563,7.864118742872961e-07,0.44980305433273315,0.8342475295066833,-0.053277965635061264,0.5181705355644226,0.7463896870613098,-0.06699342280626297,0.5722593069076538,0.6663313508033752,-0.06710359454154968,0.590017557144165,0.5887044668197632,-0.05894551798701286,0.398459792137146,0.5948365330696106,-0.05837606266140938,0.48907026648521423,0.5107326507568359,-0.0828295424580574,0.532067596912384,0.5460169315338135,-0.09350205957889557,0.5494691729545593,0.5987695455551147,-0.09381529688835144,0.36443865299224854,0.5698217749595642,-0.03171166032552719,0.42391109466552734,0.4327058792114258,-0.04977737367153168,0.46285346150398254,0.35177120566368103,-0.06515000760555267,0.48819854855537415,0.2814013659954071,-0.07458166778087616,0.34703150391578674,0.571502149105072,-0.00803895853459835,0.36766141653060913,0.44333750009536743,-0.02247583121061325,0.378449946641922,0.3676982522010803,-0.040119435638189316,0.3875548839569092,0.3015337586402893,-0.05086423084139824,0.3426661491394043,0.5946636199951172,0.012563499622046947,0.3228302001953125,0.5154987573623657,0.0024994593113660812,0.3105536997318268,0.4635906219482422,-0.005735013633966446,0.3057480454444885,0.4152722954750061,-0.00981879886239767,Right Fan Lateral
0.35889020562171936,0.8642919659614563,7.864118742872961e-07,0.44980305433273315,0.8342475295066833,-0.053277965635061264,0.5181705355644226,0.7463896870613098,-0.06699342280626297,0.5722593069076538,0.6663313508033752,-0.06710359454154968,0.590017557144165,0.5887044668197632,-0.05894551798701286,0.398459792137146,0.5948365330696106,-0.05837606266140938,0.48907026648521423,0.5107326507568359,-0.0828295424580574,0.532067596912384,0.5460169315338135,-0.09350205957889557,0.5494691729545593,0.5987695455551147,-0.09381529688835144,0.36443865299224854,0.5698217749595642,-0.03171166032552719,0.42391109466552734,0.4327058792114258,-0.04977737367153168,0.46285346150398254,0.35177120566368103,-0.06515000760555267,0.48819854855537415,0.2814013659954071,-0.07458166778087616,0.34703150391578674,0.571502149105072,-0.00803895853459835,0.36766141653060913,0.44333750009536743,-0.02247583121061325,0.378449946641922,0.3676982522010803,-0.040119435638189316,0.3875548839569092,0.3015337586402893,-0.05086423084139824,0.3426661491394043,0.5946636199951172,0.012563499622046947,0.3228302001953125,0.5154987573623657,0.0024994593113660812,0.3105536997318268,0.4635906219482422,-0.005735013633966446,0.3057480454444885,0.4152722954750061,-0.00981879886239767,Right Fan Lateral
0.3560851812362671,0.8600674271583557,7.821765279913961e-07,0.44900238513946533,0.8324073553085327,-0.05149827152490616,0.5194169878959656,0.74351567029953,-0.06383489817380905,0.5737885236740112,0.6624418497085571,-0.06281343847513199,0.5897822976112366,0.5867946743965149,-0.05367534980177879,0.40056291222572327,0.5940114259719849,-0.05657201632857323,0.4874156713485718,0.5104291439056396,-0.08036398142576218,0.5310211777687073,0.5446546077728271,-0.09152473509311676,0.5495437383651733,0.5975444316864014,-0.09269377589225769,0.3658778965473175,0.5694145560264587,-0.030080746859312057,0.42363524436950684,0.4320759177207947,-0.0472291074693203,0.4627045691013336,0.3495633006095886,-0.06332006305456161,0.48801758885383606,0.27810540795326233,-0.0740334540605545,0.3481578826904297,0.5703245401382446,-0.006324100773781538,0.3691020905971527,0.44091787934303284,-0.01907799020409584,0.3807424008846283,0.3651490807533264,-0.03655456006526947,0.39039620757102966,0.2998332381248474,-0.047970544546842575,0.3432730436325073,0.5915685892105103,0.014407258480787277,0.3252541124820709,0.5115547776222229,0.0063020638190209866,0.31280869245529175,0.4599175453186035,-0.0010035195155069232,0.3078392744064331,0.4127844572067261,-0.005110776983201504,Right Fan Lateral
0.3560851812362671,0.8600674271583557,7.821765279913961e-07,0.44900238513946533,0.8324073553085327,-0.05149827152490616,0.5194169878959656,0.74351567029953,-0.06383489817380905,0.5737885236740112,0.6624418497085571,-0.06281343847513199,0.5897822976112366,0.5867946743965149,-0.05367534980177879,0.40056291222572327,0.5940114259719849,-0.05657201632857323,0.4874156713485718,0.5104291439056396,-0.08036398142576218,0.5310211777687073,0.5446546077728271,-0.09152473509311676,0.5495437383651733,0.5975444316864014,-0.09269377589225769,0.3658778965473175,0.5694145560264587,-0.030080746859312057,0.42363524436950684,0.4320759177207947,-0.0472291074693203,0.4627045691013336,0.3495633006095886,-0.06332006305456161,0.48801758885383606,0.27810540795326233,-0.0740334540605545,0.3481578826904297,0.5703245401382446,-0.006324100773781538,0.3691020905971527,0.44091787934303284,-0.01907799020409584,0.3807424008846283,0.3651490807533264,-0.03655456006526947,0.39039620757102966,0.2998332381248474,-0.047970544546842575,0.3432730436325073,0.5915685892105103,0.014407258480787277,0.3252541124820709,0.5115547776222229,0.0063020638190209866,0.31280869245529175,0.4599175453186035,-0.0010035195155069232,0.3078392744064331,0.4127844572067261,-0.005110776983201504,Right Fan Lateral
0.35710805654525757,0.859824001789093,7.774157779749657e-07,0.4500873386859894,0.8341795802116394,-0.05292637646198273,0.5190255641937256,0.7449480891227722,-0.06562565267086029,0.5715601444244385,0.6631453037261963,-0.06419798731803894,0.5904889106750488,0.5878326892852783,-0.05434129387140274,0.40042734146118164,0.5941088795661926,-0.06160851940512657,0.4910185635089874,0.5098297595977783,-0.08518495410680771,0.5337963700294495,0.5467039942741394,-0.09423219412565231,0.5503024458885193,0.6009826064109802,-0.09363247454166412,0.36477944254875183,0.569503903388977,-0.034113358706235886,0.42496609687805176,0.4319751262664795,-0.053297095000743866,0.46368056535720825,0.3512004613876343,-0.06877384334802628,0.48885709047317505,0.2805384695529938,-0.07830090075731277,0.3463574945926666,0.5707447528839111,-0.009011562913656235,0.36918577551841736,0.4422638416290283,-0.023815736174583435,0.38060104846954346,0.36731094121932983,-0.041066959500312805,0.39037781953811646,0.30167001485824585,-0.0514761246740818,0.34130024909973145,0.5934120416641235,0.013261435553431511,0.32338178157806396,0.5106459856033325,0.003944373689591885,0.311379611492157,0.4583253860473633,-0.0035158796235919,0.3072859048843384,0.41087210178375244,-0.007228802423924208,Right Fan Lateral
0.3552268147468567,0.8571411371231079,7.643268418178195e-07,0.44931280612945557,0.8324851393699646,-0.052152153104543686,0.520976185798645,0.7438310384750366,-0.06425068527460098,0.5746071934700012,0.6625754237174988,-0.06310264766216278,0.5903682112693787,0.5876752138137817,-0.05409020930528641,0.4013582170009613,0.59394770860672,-0.05611452832818031,0.48799219727516174,0.5120635628700256,-0.08004529774188995,0.5312507152557373,0.5477859377861023,-0.09126535803079605,0.5496319532394409,0.6008403301239014,-0.0927465483546257,0.36628592014312744,0.5690786838531494,-0.03013733960688114,0.4233062267303467,0.43287599086761475,-0.04759868234395981,0.4623812735080719,0.3512122631072998,-0.06395206600427628,0.48860427737236023,0.28014352917671204,-0.0749722570180893,0.3485219478607178,0.5706559419631958,-0.007230447605252266,0.3697006106376648,0.4423917829990387,-0.021469179540872574,0.3817615509033203,0.3666529655456543,-0.04052901268005371,0.392097532749176,0.3009730577468872,-0.05299822613596916,0.34433087706565857,0.5934287905693054,0.012633861042559147,0.3265354037284851,0.5128033757209778,0.0022147048730403185,0.31354308128356934,0.46043944358825684,-0.00703404238447547,0.3083310127258301,0.4130346179008484,-0.012551183812320232,Right Fan Lateral
0.3573319911956787,0.8612711429595947,8.055711759880069e-07,0.45001208782196045,0.832579493522644,-0.0532689169049263,0.5186153650283813,0.7435542345046997,-0.06657740473747253,0.5723323822021484,0.6640737652778625,-0.06663841754198074,0.5907973647117615,0.5883151292800903,-0.05854641646146774,0.3994983434677124,0.5939908623695374,-0.05646050348877907,0.48819026350975037,0.5129433870315552,-0.08144113421440125,0.531893789768219,0.5502628684043884,-0.09385839849710464,0.5515028834342957,0.6032068133354187,-0.09613718837499619,0.3656732738018036,0.5697038769721985,-0.030251385644078255,0.42395102977752686,0.4354836344718933,-0.049737099558115005,0.46281713247299194,0.35256344079971313,-0.068047896027565,0.48883920907974243,0.27984800934791565,-0.08028817921876907,0.3478580117225647,0.5719671249389648,-0.007086343131959438,0.369007408618927,0.4453132748603821,-0.02309451624751091,0.3797776997089386,0.36912137269973755,-0.042516693472862244,0.3889586627483368,0.30265021324157715,-0.05481288209557533,0.34366750717163086,0.5949305295944214,0.012981734238564968,0.32486796379089355,0.5152374505996704,0.001146709080785513,0.31193697452545166,0.46224445104599,-0.008498335257172585,0.30682769417762756,0.4120129644870758,-0.01388520933687687,Right Fan Lateral
0.35908252000808716,0.8631709814071655,7.81000437655166e-07,0.45085209608078003,0.8346405029296875,-0.052318938076496124,0.5201093554496765,0.7439804077148438,-0.06452999264001846,0.5734649896621704,0.6630079746246338,-0.06315497308969498,0.5869487524032593,0.5889505743980408,-0.05338885635137558,0.4004780054092407,0.5948786735534668,-0.05635691434144974,0.48721787333488464,0.5115292072296143,-0.08033762127161026,0.5306391716003418,0.548446774482727,-0.09094280749559402,0.549583911895752,0.6026639342308044,-0.09147710353136063,0.36546432971954346,0.5709294080734253,-0.029712272807955742,0.4228596091270447,0.435357928276062,-0.047838322818279266,0.46170803904533386,0.3531034290790558,-0.06366629153490067,0.4878759980201721,0.2809445559978485,-0.07367447763681412,0.3473479747772217,0.5729643106460571,-0.006074713543057442,0.3673461973667145,0.44570431113243103,-0.021025963127613068,0.3777564465999603,0.3695412576198578,-0.03921729326248169,0.38697952032089233,0.3032936751842499,-0.05036700889468193,0.3430469036102295,0.5957053303718567,0.014561993069946766,0.3235498070716858,0.5170962810516357,0.0036678756587207317,0.3098553717136383,0.46471965312957764,-0.005504958797246218,0.30458998680114746,0.41491174697875977,-0.010379745624959469,Right Fan Lateral
0.3578099310398102,0.8660595417022705,7.770282763885916e-07,0.4491319954395294,0.8371496200561523,-0.0522720068693161,0.5167524218559265,0.74689781665802,-0.06513417512178421,0.5693182349205017,0.6665143966674805,-0.06478513032197952,0.5894951224327087,0.5904811024665833,-0.05609802529215813,0.3963554799556732,0.5972406268119812,-0.05622842162847519,0.48719558119773865,0.5087355375289917,-0.0819019004702568,0.5303754806518555,0.5456060171127319,-0.09437358379364014,0.5481617450714111,0.5995249152183533,-0.09580840170383453,0.36199453473091125,0.5723255276679993,-0.02992289699614048,0.4229053258895874,0.43542230129241943,-0.04925170913338661,0.46227723360061646,0.3539465069770813,-0.06629520654678345,0.4874783456325531,0.2830252945423126,-0.07694638520479202,0.34403783082962036,0.5744845271110535,-0.006719288416206837,0.3647712469100952,0.44628143310546875,-0.022056806832551956,0.37539732456207275,0.3697320222854614,-0.04079559072852135,0.3844749331474304,0.30310311913490295,-0.052245400846004486,0.33998557925224304,0.5982036590576172,0.013489536941051483,0.32152339816093445,0.5176680088043213,0.0029239871073514223,0.30880725383758545,0.46447378396987915,-0.006043357774615288,0.30357271432876587,0.41464707255363464,-0.010789199732244015,Right Fan Lateral
0.3578099310398102,0.8660595417022705,7.770282763885916e-07,0.4491319954395294,0.8371496200561523,-0.0522720068693161,0.5167524218559265,0.74689781665802,-0.06513417512178421,0.5693182349205017,0.6665143966674805,-0.06478513032197952,0.5894951224327087,0.5904811024665833,-0.05609802529215813,0.3963554799556732,0.5972406268119812,-0.05622842162847519,0.48719558119773865,0.5087355375289917,-0.0819019004702568,0.5303754806518555,0.5456060171127319,-0.09437358379364014,0.5481617450714111,0.5995249152183533,-0.09580840170383453,0.36199453473091125,0.5723255276679993,-0.02992289699614048,0.4229053258895874,0.43542230129241943,-0.04925170913338661,0.46227723360061646,0.3539465069770813,-0.06629520654678345,0.4874783456325531,0.2830252945423126,-0.07694638520479202,0.34403783082962036,0.5744845271110535,-0.006719288416206837,0.3647712469100952,0.44628143310546875,-0.022056806832551956,0.37539732456207275,0.3697320222854614,-0.04079559072852135,0.3844749331474304,0.30310311913490295,-0.052245400846004486,0.33998557925224304,0.5982036590576172,0.013489536941051483,0.32152339816093445,0.5176680088043213,0.0029239871073514223,0.30880725383758545,0.46447378396987915,-0.006043357774615288,0.30357271432876587,0.41464707255363464,-0.010789199732244015,Right Fan Lateral
0.3550560474395752,0.8686180114746094,7.657034188923717e-07,0.44671088457107544,0.8364658355712891,-0.05085000395774841,0.5158236622810364,0.7478049993515015,-0.06400779634714127,0.5700101852416992,0.666079580783844,-0.06304363161325455,0.5877940654754639,0.5866839289665222,-0.05346556380391121,0.39478644728660583,0.5989812612533569,-0.06275179982185364,0.4870118498802185,0.5126398205757141,-0.08699281513690948,0.5303029417991638,0.5466275811195374,-0.09581101685762405,0.546660840511322,0.5989688634872437,-0.09448196738958359,0.36002856492996216,0.5743913650512695,-0.03571884334087372,0.4216424524784088,0.4344788193702698,-0.05595511570572853,0.4607101380825043,0.35425978899002075,-0.07078313827514648,0.48464107513427734,0.2849019467830658,-0.07920583337545395,0.3424977660179138,0.5745121240615845,-0.010564285330474377,0.3645591735839844,0.4442156255245209,-0.025070762261748314,0.37650972604751587,0.3661559820175171,-0.04107152298092842,0.3860040605068207,0.2982763350009918,-0.050336796790361404,0.33730003237724304,0.5956577658653259,0.012030455283820629,0.3194795250892639,0.5146225094795227,0.004668186418712139,0.3090795874595642,0.4621451497077942,-0.0009603905491530895,0.3053252696990967,0.41451701521873474,-0.003211288247257471,Right Fan Lateral
0.35338306427001953,0.8707058429718018,7.475905476894695e-07,0.4459783434867859,0.8370723128318787,-0.049202919006347656,0.5154281258583069,0.7468798160552979,-0.06110306829214096,0.5687366127967834,0.6658002138137817,-0.059249669313430786,0.5876579284667969,0.5874844193458557,-0.04909340664744377,0.394525408744812,0.599125325679779,-0.060489755123853683,0.4857730567455292,0.5137037038803101,-0.08463098853826523,0.5299318432807922,0.5474902391433716,-0.0942167416214943,0.5477823615074158,0.5993222594261169,-0.0936623215675354,0.3601312041282654,0.5760977864265442,-0.03405943140387535,0.42111894488334656,0.43649882078170776,-0.053946834057569504,0.4603847563266754,0.3558741807937622,-0.06927833706140518,0.4839955270290375,0.2859402000904083,-0.07832609862089157,0.34256309270858765,0.576799213886261,-0.009502104483544827,0.36377936601638794,0.4474157392978668,-0.02370508946478367,0.37590324878692627,0.3692641258239746,-0.04012777656316757,0.3853265643119812,0.30101314187049866,-0.04987787827849388,0.33735647797584534,0.5979710817337036,0.012606567703187466,0.320110023021698,0.516875684261322,0.0053654988296329975,0.30944153666496277,0.46372008323669434,-0.0005516782402992249,0.30518704652786255,0.41529691219329834,-0.0031650345772504807,Right Fan Lateral
0.3539620637893677,0.8684219717979431,7.648961855011294e-07,0.4464782178401947,0.8379131555557251,-0.050372738391160965,0.5153447389602661,0.7478419542312622,-0.06192884221673012,0.5687664747238159,0.6665921211242676,-0.05977759510278702,0.5870459675788879,0.5893142223358154,-0.048872992396354675,0.3963748812675476,0.5966951847076416,-0.05656208097934723,0.4849563241004944,0.5105056762695312,-0.0784308984875679,0.5276135802268982,0.5458961129188538,-0.08702614903450012,0.5446110367774963,0.5994341373443604,-0.08626046031713486,0.36128777265548706,0.5733024477958679,-0.029336420819163322,0.4203265607357025,0.43515199422836304,-0.04729141667485237,0.45872989296913147,0.35454994440078735,-0.06284595280885696,0.4834441542625427,0.28380972146987915,-0.07258270680904388,0.34314775466918945,0.5747250914573669,-0.004305930808186531,0.3642045855522156,0.4448004961013794,-0.017323235049843788,0.37574502825737,0.36834070086479187,-0.03421748802065849,0.3858690559864044,0.30201900005340576,-0.04470570757985115,0.3382243514060974,0.5973902344703674,0.018073206767439842,0.31952112913131714,0.5157598257064819,0.01120341382920742,0.3073776960372925,0.46310603618621826,0.004833006765693426,0.30307456851005554,0.41502517461776733,0.0015672401059418917,Right Fan Lateral
0.35333406925201416,0.8668439388275146,7.56357508180372e-07,0.4466611444950104,0.8362797498703003,-0.04995736852288246,0.516127347946167,0.7467128038406372,-0.06162696331739426,0.5700737237930298,0.6647175550460815,-0.05951840430498123,0.5863856077194214,0.5869715213775635,-0.048922065645456314,0.3959820568561554,0.5968702435493469,-0.05836503207683563,0.4849748909473419,0.511306881904602,-0.08099371194839478,0.5277092456817627,0.5457903146743774,-0.08981328457593918,0.5448235273361206,0.5992109179496765,-0.08898140490055084,0.3610549569129944,0.5736213326454163,-0.031244982033967972,0.4205046594142914,0.43405771255493164,-0.04922056198120117,0.4590691924095154,0.35375794768333435,-0.0638291984796524,0.48382672667503357,0.2831774652004242,-0.07270058244466782,0.3434562087059021,0.5747134685516357,-0.006194796413183212,0.36477595567703247,0.4445374608039856,-0.01903516985476017,0.3763965368270874,0.3679320216178894,-0.034704942256212234,0.38645172119140625,0.3011346459388733,-0.044233519583940506,0.3384716510772705,0.5966440439224243,0.01620415970683098,0.31985679268836975,0.5143296122550964,0.009727428667247295,0.3082176148891449,0.46150755882263184,0.004295591730624437,0.3041682243347168,0.4139558672904968,0.001821656245738268,Right Fan Lateral
0.35333406925201416,0.8668439388275146,7.56357508180372e-07,0.4466611444950104,0.8362797498703003,-0.04995736852288246,0.516127347946167,0.7467128038406372,-0.06162696331739426,0.5700737237930298,0.6647175550460815,-0.05951840430498123,0.5863856077194214,0.5869715213775635,-0.048922065645456314,0.3959820568561554,0.5968702435493469,-0.05836503207683563,0.4849748909473419,0.511306881904602,-0.08099371194839478,0.5277092456817627,0.5457903146743774,-0.08981328457593918,0.5448235273361206,0.5992109179496765,-0.08898140490055084,0.3610549569129944,0.5736213326454163,-0.031244982033967972,0.4205046594142914,0.43405771255493164,-0.04922056198120117,0.4590691924095154,0.35375794768333435,-0.0638291984796524,0.48382672667503357,0.2831774652004242,-0.07270058244466782,0.3434562087059021,0.5747134685516357,-0.006194796413183212,0.36477595567703247,0.4445374608039856,-0.01903516985476017,0.3763965368270874,0.3679320216178894,-0.034704942256212234,0.38645172119140625,0.3011346459388733,-0.044233519583940506,0.3384716510772705,0.5966440439224243,0.01620415970683098,0.31985679268836975,0.5143296122550964,0.009727428667247295,0.3082176148891449,0.46150755882263184,0.004295591730624437,0.3041682243347168,0.4139558672904968,0.001821656245738268,Right Fan Lateral
0.3530018627643585,0.866970419883728,7.434073836520838e-07,0.4463532269001007,0.836557149887085,-0.04921624809503555,0.5150779485702515,0.7471678853034973,-0.061029963195323944,0.568239688873291,0.6664447784423828,-0.05904344096779823,0.5869436264038086,0.588179349899292,-0.048362020403146744,0.3960244357585907,0.5990260243415833,-0.06046624854207039,0.4863860607147217,0.5109021663665771,-0.08358171582221985,0.5290326476097107,0.5454930663108826,-0.091473788022995,0.5450440645217896,0.5988950133323669,-0.08950003236532211,0.3606179356575012,0.5746006965637207,-0.033577416092157364,0.42189422249794006,0.4346107542514801,-0.05242208391427994,0.46063661575317383,0.3548015356063843,-0.06603742390871048,0.4845668375492096,0.28490495681762695,-0.07361039519309998,0.34250661730766296,0.5745861530303955,-0.008545122109353542,0.36498260498046875,0.44576728343963623,-0.021425992250442505,0.3768971562385559,0.36872345209121704,-0.03606681525707245,0.38641801476478577,0.30128368735313416,-0.04449814558029175,0.3371334671974182,0.5964656472206116,0.013957480899989605,0.3206782937049866,0.5152744650840759,0.008456437848508358,0.3106328547000885,0.46318596601486206,0.004100969526916742,0.3070065379142761,0.4166930913925171,0.002617783145979047,Right Fan Lateral
0.35247811675071716,0.8646440505981445,7.638462875547702e-07,0.4458085894584656,0.8374361395835876,-0.051131974905729294,0.5155632495880127,0.7464268207550049,-0.06319481134414673,0.5687034726142883,0.6646019220352173,-0.06157432124018669,0.5824074745178223,0.5898198485374451,-0.05178585648536682,0.39493638277053833,0.596474826335907,-0.059646718204021454,0.48549559712409973,0.512985110282898,-0.08369533717632294,0.528518557548523,0.548649251461029,-0.09415079653263092,0.5457726716995239,0.6021999716758728,-0.09466602653265,0.3598017692565918,0.5720001459121704,-0.03294169157743454,0.41968202590942383,0.4352418780326843,-0.05223100632429123,0.4584582448005676,0.3550444543361664,-0.067966029047966,0.4830326735973358,0.2850472331047058,-0.07773661613464355,0.3420649766921997,0.5735400319099426,-0.008559110574424267,0.3643520772457123,0.4456091821193695,-0.02309935912489891,0.37609389424324036,0.3696138858795166,-0.03991960361599922,0.3855392634868622,0.3032695949077606,-0.050180573016405106,0.33767586946487427,0.5960191488265991,0.013060566037893295,0.3193151354789734,0.514955461025238,0.00448849331587553,0.30779558420181274,0.46231818199157715,-0.0023403458762913942,0.3038654327392578,0.414140522480011,-0.0058108302764594555,Right Fan Lateral
0.35360440611839294,0.8686770796775818,7.584999366372358e-07,0.4460710287094116,0.839191198348999,-0.05032441020011902,0.5150886178016663,0.7493348717689514,-0.062375932931900024,0.5689282417297363,0.6677905321121216,-0.06046246737241745,0.5838885307312012,0.5904456973075867,-0.049947451800107956,0.3947446346282959,0.5997133255004883,-0.059690799564123154,0.4846458435058594,0.5138572454452515,-0.08360983431339264,0.5277499556541443,0.5486980676651001,-0.09334658831357956,0.544771134853363,0.6016750931739807,-0.09296344965696335,0.3595699071884155,0.5747975707054138,-0.032526418566703796,0.4197653532028198,0.4358406066894531,-0.05218052864074707,0.4586207866668701,0.356930136680603,-0.06745430827140808,0.4831547737121582,0.28806188702583313,-0.07646626234054565,0.34168189764022827,0.5752964615821838,-0.007398616522550583,0.36352917551994324,0.4465336799621582,-0.021479042246937752,0.375693142414093,0.36990103125572205,-0.037617553025484085,0.3857737183570862,0.30365628004074097,-0.04713066667318344,0.33700454235076904,0.597395658493042,0.015137286856770515,0.31957942247390747,0.5165479183197021,0.00812475010752678,0.30863505601882935,0.46410071849823,0.0024260254576802254,0.30455654859542847,0.4167194962501526,-7.570855086669326e-05,Right Fan Lateral
0.3549136817455292,0.8681657314300537,7.683178750994557e-07,0.44666150212287903,0.8393450975418091,-0.05224820226430893,0.5144351124763489,0.7494539618492126,-0.06515763700008392,0.5669768452644348,0.6689257621765137,-0.06392037868499756,0.586644172668457,0.5899203419685364,-0.05384913459420204,0.39554816484451294,0.6000320911407471,-0.06125229224562645,0.48716798424720764,0.5141497254371643,-0.08691974729299545,0.5299978852272034,0.5500615239143372,-0.09762390702962875,0.5465664863586426,0.6027982234954834,-0.09742022305727005,0.3599648177623749,0.5743576288223267,-0.0335865393280983,0.4212072491645813,0.4369198679924011,-0.054748665541410446,0.4597393870353699,0.3586571216583252,-0.07028719037771225,0.48365214467048645,0.29044052958488464,-0.07891042530536652,0.3414534628391266,0.5746322274208069,-0.008269545622169971,0.36403465270996094,0.44760459661483765,-0.02365582250058651,0.37579095363616943,0.3701774477958679,-0.0392499603331089,0.38557103276252747,0.3029106855392456,-0.04769926890730858,0.3362410068511963,0.5969165563583374,0.014267769642174244,0.3199993968009949,0.5162316560745239,0.006225448101758957,0.3094504177570343,0.46385955810546875,0.000976267852820456,0.305509090423584,0.4167459011077881,-0.0005376643966883421,Right Fan Lateral
0.35315489768981934,0.8640771508216858,7.819779739293153e-07,0.4463220238685608,0.838302731513977,-0.051281630992889404,0.5148289203643799,0.7491012215614319,-0.0637284442782402,0.567755937576294,0.6679198741912842,-0.06276984512805939,0.5817423462867737,0.5927637219429016,-0.05337214097380638,0.3974509835243225,0.6007095575332642,-0.05677492171525955,0.483839213848114,0.5161912441253662,-0.08099593967199326,0.5268195271492004,0.5535048246383667,-0.09251406043767929,0.5449975728988647,0.608201801776886,-0.09401936829090118,0.36216166615486145,0.5747480392456055,-0.030657006427645683,0.4199374318122864,0.4396771788597107,-0.04913092404603958,0.4582408368587494,0.35880252718925476,-0.0664188489317894,0.48349815607070923,0.2878416180610657,-0.07804477214813232,0.34371572732925415,0.5754046440124512,-0.007153226528316736,0.365898460149765,0.4475746154785156,-0.020959364250302315,0.3763706088066101,0.37255990505218506,-0.039459820836782455,0.385709673166275,0.3076459765434265,-0.051583074033260345,0.3389369547367096,0.5981053113937378,0.01345900073647499,0.3217044472694397,0.5184949636459351,0.0050574420019984245,0.30893540382385254,0.46717536449432373,-0.002609395422041416,0.304230272769928,0.42055320739746094,-0.007127930875867605,Right Fan Lateral
0.35187816619873047,0.8640906810760498,7.73939120790601e-07,0.44431883096694946,0.8401747941970825,-0.051833536475896835,0.5124301314353943,0.7519420385360718,-0.06402525305747986,0.564060628414154,0.6702465415000916,-0.06275679916143417,0.5814436674118042,0.5937477350234985,-0.05308196693658829,0.3962717652320862,0.601265549659729,-0.056539300829172134,0.4824979901313782,0.517460823059082,-0.08012066781520844,0.5251251459121704,0.5534731149673462,-0.09071391820907593,0.5433220863342285,0.6068058013916016,-0.09156008809804916,0.3612350821495056,0.5750977396965027,-0.02996540255844593,0.41917479038238525,0.4406812787055969,-0.0480334535241127,0.45745447278022766,0.36119544506073,-0.06388095766305923,0.48299741744995117,0.29180195927619934,-0.07398650050163269,0.3429276645183563,0.5760614275932312,-0.006187545135617256,0.36467036604881287,0.4486435055732727,-0.02027645893394947,0.3755599558353424,0.37410855293273926,-0.037654660642147064,0.3857177495956421,0.30973678827285767,-0.04846101254224777,0.3383501470088959,0.5996376276016235,0.014635639265179634,0.32031959295272827,0.5196794271469116,0.00540761137381196,0.3072599768638611,0.46816486120224,-0.0021661228965967894,0.3025057911872864,0.4212067127227783,-0.006073489785194397,Right Fan Lateral
0.35187816619873047,0.8640906810760498,7.73939120790601e-07,0.44431883096694946,0.8401747941970825,-0.051833536475896835,0.5124301314353943,0.7519420385360718,-0.06402525305747986,0.564060628414154,0.6702465415000916,-0.06275679916143417,0.5814436674118042,0.5937477350234985,-0.05308196693658829,0.3962717652320862,0.601265549659729,-0.056539300829172134,0.4824979901313782,0.517460823059082,-0.08012066781520844,0.5251251459121704,0.5534731149673462,-0.09071391820907593,0.5433220863342285,0.6068058013916016,-0.09156008809804916,0.3612350821495056,0.5750977396965027,-0.02996540255844593,0.41917479038238525,0.4406812787055969,-0.0480334535241127,0.45745447278022766,0.36119544506073,-0.06388095766305923,0.48299741744995117,0.29180195927619934,-0.07398650050163269,0.3429276645183563,0.5760614275932312,-0.006187545135617256,0.36467036604881287,0.4486435055732727,-0.02027645893394947,0.3755599558353424,0.37410855293273926,-0.037654660642147064,0.3857177495956421,0.30973678827285767,-0.04846101254224777,0.3383501470088959,0.5996376276016235,0.014635639265179634,0.32031959295272827,0.5196794271469116,0.00540761137381196,0.3072599768638611,0.46816486120224,-0.0021661228965967894,0.3025057911872864,0.4212067127227783,-0.006073489785194397,Right Fan Lateral
0.34918850660324097,0.8687986135482788,7.373827770607022e-07,0.44246774911880493,0.8426635265350342,-0.05133621022105217,0.5108914971351624,0.753648579120636,-0.06284300237894058,0.5627906322479248,0.6713117957115173,-0.060553960502147675,0.5811445116996765,0.5915929675102234,-0.04966503754258156,0.39311379194259644,0.601870596408844,-0.05593511834740639,0.48073071241378784,0.5160318613052368,-0.07968544214963913,0.5233672261238098,0.5512376427650452,-0.0910361111164093,0.5397441387176514,0.6047060489654541,-0.09175418317317963,0.35893237590789795,0.5763571858406067,-0.02769581601023674,0.4168092608451843,0.4378403425216675,-0.0437011756002903,0.45468273758888245,0.3583527207374573,-0.05882967635989189,0.47868043184280396,0.2880396246910095,-0.06866811960935593,0.3420966863632202,0.5757213234901428,-0.002105638151988387,0.3635035753250122,0.4482348561286926,-0.012432399205863476,0.3741723299026489,0.37305545806884766,-0.028121575713157654,0.3834197223186493,0.3074309229850769,-0.038391999900341034,0.3372219204902649,0.5967713594436646,0.02039412222802639,0.32084691524505615,0.5170202255249023,0.016342252492904663,0.3082190752029419,0.4664364457130432,0.011916887946426868,0.30264681577682495,0.421609103679657,0.009719355963170528,Right Fan Lateral
0.34918850660324097,0.8687986135482788,7.373827770607022e-07,0.44246774911880493,0.8426635265350342,-0.05133621022105217,0.5108914971351624,0.753648579120636,-0.06284300237894058,0.5627906322479248,0.6713117957115173,-0.060553960502147675,0.5811445116996765,0.5915929675102234,-0.04966503754258156,0.39311379194259644,0.601870596408844,-0.05593511834740639,0.48073071241378784,0.5160318613052368,-0.07968544214963913,0.5233672261238098,0.5512376427650452,-0.0910361111164093,0.5397441387176514,0.6047060489654541,-0.09175418317317963,0.35893237590789795,0.5763571858406067,-0.02769581601023674,0.4168092608451843,0.4378403425216675,-0.0437011756002903,0.45468273758888245,0.3583527207374573,-0.05882967635989189,0.47868043184280396,0.2880396246910095,-0.06866811960935593,0.3420966863632202,0.5757213234901428,-0.002105638151988387,0.3635035753250122,0.4482348561286926,-0.012432399205863476,0.3741723299026489,0.37305545806884766,-0.028121575713157654,0.3834197223186493,0.3074309229850769,-0.038391999900341034,0.3372219204902649,0.5967713594436646,0.02039412222802639,0.32084691524505615,0.5170202255249023,0.016342252492904663,0.3082190752029419,0.4664364457130432,0.011916887946426868,0.30264681577682495,0.421609103679657,0.009719355963170528,Right Fan Lateral
0.3498621881008148,0.873772919178009,7.072267180774361e-07,0.4418017864227295,0.8450872302055359,-0.04754099249839783,0.5099957585334778,0.7550111413002014,-0.057826876640319824,0.5610069036483765,0.6710849404335022,-0.05504310503602028,0.5797680020332336,0.5916928648948669,-0.04409748315811157,0.3932632505893707,0.6042899489402771,-0.05350137874484062,0.4794733226299286,0.5166374444961548,-0.07706683874130249,0.5213666558265686,0.5481815934181213,-0.08828815072774887,0.5377814769744873,0.6010615825653076,-0.08891307562589645,0.35878777503967285,0.5778043866157532,-0.026908762753009796,0.41725245118141174,0.4388865530490875,-0.042335446923971176,0.4544612467288971,0.35944318771362305,-0.05684145167469978,0.47760069370269775,0.2901400029659271,-0.0664428323507309,0.3416373133659363,0.5757700204849243,-0.002697022631764412,0.36333537101745605,0.4467962384223938,-0.012082970701158047,0.37344542145729065,0.3726509213447571,-0.027312112972140312,0.3822171092033386,0.30809736251831055,-0.03773225471377373,0.33598142862319946,0.5959768891334534,0.01868911273777485,0.3198758661746979,0.5157570838928223,0.015529363416135311,0.3073836863040924,0.46628785133361816,0.01117712538689375,0.302007794380188,0.4219897389411926,0.008630684576928616,Right Fan Lateral
0.3507919907569885,0.874492883682251,7.198292450993904e-07,0.44240400195121765,0.8437895774841309,-0.05003977566957474,0.510725736618042,0.7520260810852051,-0.060839373618364334,0.5626548528671265,0.6697930693626404,-0.05761587992310524,0.5809944868087769,0.5912293791770935,-0.04554631933569908,0.3908359408378601,0.6040936708450317,-0.05719337984919548,0.48013442754745483,0.5161345601081848,-0.08087396621704102,0.522759199142456,0.5501861572265625,-0.09034637361764908,0.5390671491622925,0.6031542420387268,-0.08909142762422562,0.356424480676651,0.5795825719833374,-0.02904568426311016,0.41577643156051636,0.44013985991477966,-0.04631402716040611,0.4536951780319214,0.36137717962265015,-0.05947960540652275,0.47758948802948,0.2928495407104492,-0.06663140654563904,0.33918464183807373,0.5795937180519104,-0.00326642207801342,0.3610047698020935,0.4535922110080719,-0.014260096475481987,0.37315964698791504,0.3779412806034088,-0.027984000742435455,0.38334429264068604,0.31191784143447876,-0.03578357398509979,0.33404767513275146,0.60086590051651,0.01963905617594719,0.3172299861907959,0.5220645666122437,0.015265191905200481,0.306731641292572,0.4708654582500458,0.011414812877774239,0.3025496006011963,0.4245951175689697,0.010532873682677746,Right Fan Lateral
0.34958416223526,0.8751564621925354,6.809904107285547e-07,0.4416259229183197,0.8454442620277405,-0.048792075365781784,0.5103822946548462,0.7532906532287598,-0.0592237152159214,0.56009840965271,0.669158399105072,-0.05602436512708664,0.582460343837738,0.590828537940979,-0.044471826404333115,0.3912862241268158,0.6036794185638428,-0.05781600624322891,0.47923544049263,0.5155826807022095,-0.0813378393650055,0.5222747325897217,0.5473453998565674,-0.09037192910909653,0.53997403383255,0.5995287895202637,-0.08910395950078964,0.3571891188621521,0.5795567035675049,-0.03083791770040989,0.41675272583961487,0.4404605031013489,-0.04705634340643883,0.455024778842926,0.36388635635375977,-0.05890488252043724,0.48042160272598267,0.29735809564590454,-0.0655260756611824,0.34075766801834106,0.5798298120498657,-0.006215566303580999,0.3663461208343506,0.45690056681632996,-0.01657969132065773,0.3799208104610443,0.3835009038448334,-0.029507940635085106,0.3917701244354248,0.3179585337638855,-0.03724990040063858,0.33542436361312866,0.6015605926513672,0.015523196198046207,0.3174489140510559,0.5214836001396179,0.010862856172025204,0.3053898811340332,0.4696958065032959,0.006626817397773266,0.3005000352859497,0.4233234226703644,0.005210245959460735,Right Fan Lateral
0.3499182462692261,0.8716310262680054,6.959425604691205e-07,0.4427371919155121,0.8448644876480103,-0.051601529121398926,0.5113222002983093,0.7517743110656738,-0.06255810707807541,0.5614793300628662,0.6666108965873718,-0.05960959941148758,0.5830339193344116,0.590674102306366,-0.04808094725012779,0.39570125937461853,0.6030720472335815,-0.054780859500169754,0.4826574921607971,0.5176345109939575,-0.07709475606679916,0.5243058204650879,0.5503305792808533,-0.0846777856349945,0.5404581427574158,0.6060966849327087,-0.08226216584444046,0.36121731996536255,0.5766000151634216,-0.02647327445447445,0.4215201437473297,0.44246548414230347,-0.03954686224460602,0.45912474393844604,0.36418890953063965,-0.049318939447402954,0.48558324575424194,0.29767581820487976,-0.054703544825315475,0.34425389766693115,0.5765987038612366,-0.001583296456374228,0.3740707337856293,0.45461755990982056,-0.010779963806271553,0.3889080882072449,0.3828234076499939,-0.024836068972945213,0.403007835149765,0.3194786608219147,-0.03371141478419304,0.3399319052696228,0.5987069606781006,0.019978152588009834,0.31943047046661377,0.5211734771728516,0.012490466237068176,0.3050670623779297,0.47148099541664124,0.004459385760128498,0.30088555812835693,0.42406320571899414,0.00045332498848438263,Right Fan Lateral
0.34913602471351624,0.8769177794456482,6.613545338041149e-07,0.44274282455444336,0.845518946647644,-0.049202628433704376,0.5094918012619019,0.7500515580177307,-0.059581208974123,0.5582350492477417,0.6627006530761719,-0.05594165250658989,0.5819969773292542,0.5835757851600647,-0.04319112002849579,0.391849160194397,0.6041108965873718,-0.05697531998157501,0.47990506887435913,0.5129354596138,-0.07990401238203049,0.5232515931129456,0.5438272953033447,-0.08639704436063766,0.5403771996498108,0.5976115465164185,-0.0823124349117279,0.3584924340248108,0.578691303730011,-0.0281741451472044,0.4211351275444031,0.44087857007980347,-0.04238792881369591,0.4597710967063904,0.36432933807373047,-0.05044884979724884,0.48534122109413147,0.29911768436431885,-0.05361213535070419,0.3428177237510681,0.5785964727401733,-0.002059519523754716,0.3736782371997833,0.45616284012794495,-0.009968877770006657,0.3894891142845154,0.3844763934612274,-0.019961297512054443,0.4037015736103058,0.3217855989933014,-0.025343604385852814,0.3378352224826813,0.6012784838676453,0.02092902921140194,0.32111555337905884,0.5231142044067383,0.01742982678115368,0.30898517370224,0.47295528650283813,0.013757346197962761,0.30487269163131714,0.4271264672279358,0.013302098959684372,Right Fan Lateral
0.34913602471351624,0.8769177794456482,6.613545338041149e-07,0.44274282455444336,0.845518946647644,-0.049202628433704376,0.5094918012619019,0.7500515580177307,-0.059581208974123,0.5582350492477417,0.6627006530761719,-0.05594165250658989,0.5819969773292542,0.5835757851600647,-0.04319112002849579,0.391849160194397,0.6041108965873718,-0.05697531998157501,0.47990506887435913,0.5129354596138,-0.07990401238203049,0.5232515931129456,0.5438272953033447,-0.08639704436063766,0.5403771996498108,0.5976115465164185,-0.0823124349117279,0.3584924340248108,0.578691303730011,-0.0281741451472044,0.4211351275444031,0.44087857007980347,-0.04238792881369591,0.4597710967063904,0.36432933807373047,-0.05044884979724884,0.48534122109413147,0.29911768436431885,-0.05361213535070419,0.3428177237510681,0.5785964727401733,-0.002059519523754716,0.3736782371997833,0.45616284012794495,-0.009968877770006657,0.3894891142845154,0.3844763934612274,-0.019961297512054443,0.4037015736103058,0.3217855989933014,-0.025343604385852814,0.3378352224826813,0.6012784838676453,0.02092902921140194,0.32111555337905884,0.5231142044067383,0.01742982678115368,0.30898517370224,0.47295528650283813,0.013757346197962761,0.30487269163131714,0.4271264672279358,0.013302098959684372,Right Fan Lateral
0.3477016091346741,0.8826507329940796,6.256536835280713e-07,0.438920795917511,0.8479886054992676,-0.04591503366827965,0.5035133957862854,0.7517455220222473,-0.05590822547674179,0.5510427951812744,0.6616977453231812,-0.053886253386735916,0.5752367973327637,0.5817772150039673,-0.043521370738744736,0.3865453898906708,0.607552170753479,-0.04840465262532234,0.47108328342437744,0.5084881782531738,-0.0726548433303833,0.5160865187644958,0.5375766754150391,-0.0826488807797432,0.5362337231636047,0.5888572335243225,-0.08097923547029495,0.3547646403312683,0.5841192603111267,-0.022873222827911377,0.41942620277404785,0.44299429655075073,-0.034480370581150055,0.4565174877643585,0.3653884828090668,-0.04313882812857628,0.47982123494148254,0.29954421520233154,-0.047153063118457794,0.33955687284469604,0.583804726600647,-0.000760498980525881,0.3743993043899536,0.45891833305358887,-0.006913237273693085,0.3904292583465576,0.3870249390602112,-0.017202073708176613,0.403634637594223,0.32361936569213867,-0.02318376488983631,0.3333110213279724,0.6037484407424927,0.018176691606640816,0.3205249309539795,0.5214502215385437,0.015666507184505463,0.30796968936920166,0.4708869457244873,0.012956852093338966,0.3021429777145386,0.4246426224708557,0.013208547607064247,Right Fan Lateral
0.3480492830276489,0.8818645477294922,6.251162858461612e-07,0.43743354082107544,0.8449046611785889,-0.047255195677280426,0.5001814365386963,0.7452690601348877,-0.058601994067430496,0.5468238592147827,0.6562453508377075,-0.05731407552957535,0.5720398426055908,0.5756660103797913,-0.04730994999408722,0.37971222400665283,0.6074835062026978,-0.056249797344207764,0.4662308692932129,0.504054844379425,-0.08237866312265396,0.5124878287315369,0.5351617336273193,-0.09167572855949402,0.5319728851318359,0.587041974067688,-0.0888533964753151,0.34852907061576843,0.585966169834137,-0.030083542689681053,0.4131704568862915,0.4427218437194824,-0.044625174254179,0.451304167509079,0.36365020275115967,-0.053832489997148514,0.47452935576438904,0.29728925228118896,-0.05786828324198723,0.3343084156513214,0.5869204998016357,-0.006859442684799433,0.36746177077293396,0.4606221914291382,-0.015141644515097141,0.382643461227417,0.38722312450408936,-0.025759462267160416,0.3945354223251343,0.32328376173973083,-0.03154829517006874,0.3299231231212616,0.607516348361969,0.013338887132704258,0.31742796301841736,0.5221951603889465,0.008833497762680054,0.3053940534591675,0.4690791964530945,0.005454699043184519,0.29915690422058105,0.42170169949531555,0.005596193950623274,Right Fan Lateral
0.3446691632270813,0.8841476440429688,6.502602332147944e-07,0.4356413781642914,0.8475238680839539,-0.051454808562994,0.4995271563529968,0.7475751638412476,-0.06332970410585403,0.5458968281745911,0.6564327478408813,-0.061377353966236115,0.5724211931228638,0.5776917934417725,-0.05031865835189819,0.37821221351623535,0.6057283282279968,-0.05810649320483208,0.46306732296943665,0.5027366280555725,-0.08253122121095657,0.5103346109390259,0.5353386402130127,-0.0906466692686081,0.5307267904281616,0.5883863568305969,-0.08743994683027267,0.34661078453063965,0.5853458642959595,-0.02908509224653244,0.4104735255241394,0.443589448928833,-0.04255741462111473,0.44802558422088623,0.36260315775871277,-0.05254809930920601,0.4704815447330475,0.2945307791233063,-0.057695530354976654,0.33266788721084595,0.5877125859260559,-0.0031472297850996256,0.365315318107605,0.46204447746276855,-0.010721730999648571,0.37993478775024414,0.3879890441894531,-0.023197324946522713,0.3908911645412445,0.32364621758461,-0.030775660648941994,0.3282891511917114,0.6086360216140747,0.019449345767498016,0.315555214881897,0.5249342918395996,0.014558935537934303,0.3042527139186859,0.47112026810646057,0.009061668068170547,0.2993793785572052,0.421467125415802,0.007350223138928413,Right Fan Lateral
0.3424980044364929,0.8865834474563599,6.566087336068449e-07,0.43396812677383423,0.8486824631690979,-0.05298725143074989,0.49784764647483826,0.7491888999938965,-0.06573858857154846,0.5442467331886292,0.6582061648368835,-0.06455851346254349,0.5720404982566833,0.5787898302078247,-0.054051049053668976,0.37572672963142395,0.6086263656616211,-0.06005970016121864,0.46168985962867737,0.5051923394203186,-0.08518270403146744,0.510292649269104,0.5387205481529236,-0.0933777242898941,0.531188428401947,0.592189371585846,-0.09001640975475311,0.3448035717010498,0.5883691906929016,-0.03049059957265854,0.4073343575000763,0.4445555806159973,-0.044349558651447296,0.44508400559425354,0.3622308373451233,-0.05371483415365219,0.4673371911048889,0.2928215563297272,-0.058245010673999786,0.3319395184516907,0.5906665325164795,-0.004149276297539473,0.3635580539703369,0.46369612216949463,-0.0117447255179286,0.3787842094898224,0.38996264338493347,-0.02280951291322708,0.3902480900287628,0.3262135684490204,-0.029189366847276688,0.32851824164390564,0.6109581589698792,0.018569806590676308,0.31640625,0.5259861350059509,0.013715681619942188,0.30449530482292175,0.47127723693847656,0.00930476188659668,0.29837459325790405,0.42165929079055786,0.008650942705571651,Right Fan Lateral
0.34234172105789185,0.8861511945724487,6.315787572930276e-07,0.431825190782547,0.8487188816070557,-0.05401802062988281,0.4967922568321228,0.7496153712272644,-0.0669083371758461,0.5439674854278564,0.658441424369812,-0.06496062874794006,0.5693991780281067,0.5760927200317383,-0.05366062745451927,0.3728001117706299,0.6082160472869873,-0.06414270401000977,0.46171945333480835,0.5050498843193054,-0.09166108071804047,0.5092241764068604,0.5377837419509888,-0.10237004607915878,0.5282125473022461,0.5899614095687866,-0.10024304687976837,0.3424857556819916,0.5875625014305115,-0.03294365853071213,0.4072980582714081,0.4430350363254547,-0.047964997589588165,0.44493567943573,0.3609883189201355,-0.059111617505550385,0.4657595455646515,0.29129716753959656,-0.06509848684072495,0.33010226488113403,0.58843994140625,-0.0046395245008170605,0.3632921576499939,0.4624534845352173,-0.011809643357992172,0.37749308347702026,0.3891422152519226,-0.02335662581026554,0.38772428035736084,0.3242168724536896,-0.030438218265771866,0.3261534869670868,0.6064171195030212,0.020073318853974342,0.31428003311157227,0.521660566329956,0.016429077833890915,0.3028504252433777,0.4685068726539612,0.012341808527708054,0.2970823049545288,0.4193684458732605,0.011652679182589054,Right Fan Lateral
0.34234172105789185,0.8861511945724487,6.315787572930276e-07,0.431825190782547,0.8487188816070557,-0.05401802062988281,0.4967922568321228,0.7496153712272644,-0.0669083371758461,0.5439674854278564,0.658441424369812,-0.06496062874794006,0.5693991780281067,0.5760927200317383,-0.05366062745451927,0.3728001117706299,0.6082160472869873,-0.06414270401000977,0.46171945333480835,0.5050498843193054,-0.09166108071804047,0.5092241764068604,0.5377837419509888,-0.10237004607915878,0.5282125473022461,0.5899614095687866,-0.10024304687976837,0.3424857556819916,0.5875625014305115,-0.03294365853071213,0.4072980582714081,0.4430350363254547,-0.047964997589588165,0.44493567943573,0.3609883189201355,-0.059111617505550385,0.4657595455646515,0.29129716753959656,-0.06509848684072495,0.33010226488113403,0.58843994140625,-0.0046395245008170605,0.3632921576499939,0.4624534845352173,-0.011809643357992172,0.37749308347702026,0.3891422152519226,-0.02335662581026554,0.38772428035736084,0.3242168724536896,-0.030438218265771866,0.3261534869670868,0.6064171195030212,0.020073318853974342,0.31428003311157227,0.521660566329956,0.016429077833890915,0.3028504252433777,0.4685068726539612,0.012341808527708054,0.2970823049545288,0.4193684458732605,0.011652679182589054,Right Fan Lateral
0.34306734800338745,0.8813165426254272,6.187673307067598e-07,0.4309115707874298,0.8473963737487793,-0.05225461721420288,0.49556905031204224,0.7495139241218567,-0.06559905409812927,0.5440325736999512,0.6588643789291382,-0.06526269763708115,0.5682277679443359,0.5749315619468689,-0.05587777867913246,0.37473052740097046,0.60805344581604,-0.06283141672611237,0.46294790506362915,0.5041717886924744,-0.09296157956123352,0.5105556845664978,0.5367686748504639,-0.10532090067863464,0.5308700799942017,0.5889906287193298,-0.10392697155475616,0.3438348174095154,0.5871130228042603,-0.03387676179409027,0.40682798624038696,0.44208672642707825,-0.050827693194150925,0.44430792331695557,0.3601192533969879,-0.0611196793615818,0.46659204363822937,0.29054930806159973,-0.06565508991479874,0.3305351734161377,0.5884822010993958,-0.008167790248990059,0.3631592392921448,0.4634858965873718,-0.017204826697707176,0.37755873799324036,0.3893064260482788,-0.026786239817738533,0.38905036449432373,0.32366591691970825,-0.031527191400527954,0.32647770643234253,0.6076182723045349,0.013916758820414543,0.31389790773391724,0.52232825756073,0.00910355057567358,0.3024440407752991,0.4683365225791931,0.006223962176591158,0.29685619473457336,0.4197425842285156,0.007144222967326641,Right Fan Lateral
0.3456861972808838,0.8801647424697876,6.341918492580589e-07,0.4333729147911072,0.8470464944839478,-0.0524856336414814,0.4983818233013153,0.7487629055976868,-0.0656888484954834,0.5462619662284851,0.6565458178520203,-0.06532403081655502,0.5712271332740784,0.5761391520500183,-0.056383684277534485,0.3747706413269043,0.6086258888244629,-0.06048855185508728,0.4604511260986328,0.5025235414505005,-0.09002365916967392,0.508792519569397,0.5334555506706238,-0.10358041524887085,0.5322037935256958,0.5839460492134094,-0.10391925275325775,0.3445119857788086,0.5873003005981445,-0.03173542767763138,0.40628674626350403,0.44187963008880615,-0.047618474811315536,0.4432448446750641,0.3597264885902405,-0.05915610492229462,0.46635740995407104,0.29023581743240356,-0.06538108736276627,0.33161187171936035,0.5883787870407104,-0.00640846649184823,0.3627118170261383,0.4606176018714905,-0.015330275520682335,0.3766959011554718,0.3859618604183197,-0.026865791529417038,0.3885188698768616,0.32093924283981323,-0.033645227551460266,0.3283540606498718,0.6068068742752075,0.015262769535183907,0.31502407789230347,0.5207919478416443,0.009491263888776302,0.3034619688987732,0.46633148193359375,0.004836134146898985,0.2984907031059265,0.4170633852481842,0.003957267384976149,Right Fan Lateral
0.3423670530319214,0.8793625831604004,6.523492288579291e-07,0.4336535930633545,0.8458105325698853,-0.05343601107597351,0.4977244734764099,0.7474410533905029,-0.06682595610618591,0.5453605651855469,0.6555607914924622,-0.06623373180627823,0.5697895884513855,0.5736011266708374,-0.056618642061948776,0.37380850315093994,0.6067478060722351,-0.061702799052000046,0.46130192279815674,0.5028290152549744,-0.09027094393968582,0.5094506740570068,0.5360862612724304,-0.10258987545967102,0.5306288003921509,0.5887908935546875,-0.1020219624042511,0.34296509623527527,0.5860786437988281,-0.03196071833372116,0.40666091442108154,0.4421001076698303,-0.04952191933989525,0.44355836510658264,0.3596324026584625,-0.062438592314720154,0.4649602770805359,0.2889530658721924,-0.06950013339519501,0.3299449682235718,0.5872840881347656,-0.005306580103933811,0.3622780442237854,0.4608250856399536,-0.015405005775392056,0.3761484622955322,0.3867949843406677,-0.02788403630256653,0.3867577016353607,0.3214629292488098,-0.03509804978966713,0.326410710811615,0.6054087281227112,0.01782299019396305,0.3152790665626526,0.51979660987854,0.012632881291210651,0.3038254380226135,0.4662832021713257,0.00833405926823616,0.29851585626602173,0.41762471199035645,0.007482037413865328,Right Fan Lateral
0.3423670530319214,0.8793625831604004,6.523492288579291e-07,0.4336535930633545,0.8458105325698853,-0.05343601107597351,0.4977244734764099,0.7474410533905029,-0.06682595610618591,0.5453605651855469,0.6555607914924622,-0.06623373180627823,0.5697895884513855,0.5736011266708374,-0.056618642061948776,0.37380850315093994,0.6067478060722351,-0.061702799052000046,0.46130192279815674,0.5028290152549744,-0.09027094393968582,0.5094506740570068,0.5360862612724304,-0.10258987545967102,0.5306288003921509,0.5887908935546875,-0.1020219624042511,0.34296509623527527,0.5860786437988281,-0.03196071833372116,0.40666091442108154,0.4421001076698303,-0.04952191933989525,0.44355836510658264,0.3596324026584625,-0.062438592314720154,0.4649602770805359,0.2889530658721924,-0.06950013339519501,0.3299449682235718,0.5872840881347656,-0.005306580103933811,0.3622780442237854,0.4608250856399536,-0.015405005775392056,0.3761484622955322,0.3867949843406677,-0.02788403630256653,0.3867577016353607,0.3214629292488098,-0.03509804978966713,0.326410710811615,0.6054087281227112,0.01782299019396305,0.3152790665626526,0.51979660987854,0.012632881291210651,0.3038254380226135,0.4662832021713257,0.00833405926823616,0.29851585626602173,0.41762471199035645,0.007482037413865328,Right Fan Lateral
0.34303903579711914,0.8791697025299072,6.664496368102846e-07,0.43351027369499207,0.8465771675109863,-0.055394213646650314,0.49777600169181824,0.7475746273994446,-0.06911925226449966,0.5446663498878479,0.6563710570335388,-0.06826658546924591,0.5686357617378235,0.5744988322257996,-0.058488037437200546,0.373364120721817,0.6072391867637634,-0.06436417996883392,0.4597504734992981,0.5037062168121338,-0.09271240234375,0.5083172917366028,0.5354095697402954,-0.10448917001485825,0.5308474898338318,0.5864331722259521,-0.10373580455780029,0.34233927726745605,0.5859798192977905,-0.03365863859653473,0.40492182970046997,0.4428938627243042,-0.05087186396121979,0.4420401155948639,0.36152976751327515,-0.06241442263126373,0.4646243751049042,0.2916628420352936,-0.06829021871089935,0.32949304580688477,0.5873818397521973,-0.006192828994244337,0.36044842004776,0.46101516485214233,-0.016568928956985474,0.3746650815010071,0.38766223192214966,-0.028195010498166084,0.38626372814178467,0.3232065439224243,-0.03455698862671852,0.32655173540115356,0.6058965921401978,0.017588334158062935,0.3142715096473694,0.5205696225166321,0.011071166954934597,0.3027936816215515,0.4662623107433319,0.006238366011530161,0.2977779507637024,0.4170738458633423,0.0053923772647976875,Right Fan Lateral
0.34303903579711914,0.8791697025299072,6.664496368102846e-07,0.43351027369499207,0.8465771675109863,-0.055394213646650314,0.49777600169181824,0.7475746273994446,-0.06911925226449966,0.5446663498878479,0.6563710570335388,-0.06826658546924591,0.5686357617378235,0.5744988322257996,-0.058488037437200546,0.373364120721817,0.6072391867637634,-0.06436417996883392,0.4597504734992981,0.5037062168121338,-0.09271240234375,0.5083172917366028,0.5354095697402954,-0.10448917001485825,0.5308474898338318,0.5864331722259521,-0.10373580455780029,0.34233927726745605,0.5859798192977905,-0.03365863859653473,0.40492182970046997,0.4428938627243042,-0.05087186396121979,0.4420401155948639,0.36152976751327515,-0.06241442263126373,0.4646243751049042,0.2916628420352936,-0.06829021871089935,0.32949304580688477,0.5873818397521973,-0.006192828994244337,0.36044842004776,0.46101516485214233,-0.016568928956985474,0.3746650815010071,0.38766223192214966,-0.028195010498166084,0.38626372814178467,0.3232065439224243,-0.03455698862671852,0.32655173540115356,0.6058965921401978,0.017588334158062935,0.3142715096473694,0.5205696225166321,0.011071166954934597,0.3027936816215515,0.4662623107433319,0.006238366011530161,0.2977779507637024,0.4170738458633423,0.0053923772647976875,Right Fan Lateral
0.3406904339790344,0.8759392499923706,7.107769306458067e-07,0.4334605932235718,0.8449231386184692,-0.05431554093956947,0.4974577724933624,0.7468528151512146,-0.06833512336015701,0.5438154935836792,0.6567241549491882,-0.06862026453018188,0.5674930810928345,0.5793085694313049,-0.060321640223264694,0.37226036190986633,0.6066420078277588,-0.06056767702102661,0.45845067501068115,0.5058832168579102,-0.08866181969642639,0.5072367191314697,0.5395788550376892,-0.10115080326795578,0.5296214818954468,0.5907799005508423,-0.10134874284267426,0.3401026129722595,0.5837870836257935,-0.031568367034196854,0.40372127294540405,0.4452197551727295,-0.04906696453690529,0.4412447512149811,0.3632882237434387,-0.06184529885649681,0.46447110176086426,0.2914188802242279,-0.06895913928747177,0.32596343755722046,0.5852571725845337,-0.006042330525815487,0.3580548167228699,0.4602177143096924,-0.01764698699116707,0.37334683537483215,0.386868417263031,-0.03136517107486725,0.38518986105918884,0.323062539100647,-0.03929956629872322,0.3234209418296814,0.6051305532455444,0.015927128493785858,0.31291425228118896,0.5208224654197693,0.00810030847787857,0.30267101526260376,0.46667009592056274,0.0017237620195373893,0.2985648214817047,0.41783952713012695,-0.0005600828444585204,Right Fan Lateral
0.3418031930923462,0.8792816996574402,7.00890723237535e-07,0.43347811698913574,0.8459340333938599,-0.054426953196525574,0.4964778423309326,0.747315526008606,-0.06780142337083817,0.5432673692703247,0.6565954089164734,-0.06715942174196243,0.5673528909683228,0.5762231349945068,-0.0576142892241478,0.3723260164260864,0.6070447564125061,-0.059280578047037125,0.4586939215660095,0.5068469047546387,-0.08667447417974472,0.5069903135299683,0.5384974479675293,-0.09864747524261475,0.5298267006874084,0.5886858105659485,-0.09844827651977539,0.34050363302230835,0.5841823816299438,-0.029448645189404488,0.40239283442497253,0.4432758092880249,-0.04678981006145477,0.43896153569221497,0.3619413375854492,-0.05910896882414818,0.46197929978370667,0.2912008464336395,-0.0655059665441513,0.3268049955368042,0.5850245952606201,-0.003112920792773366,0.3576766848564148,0.45843255519866943,-0.014550247229635715,0.3713718354701996,0.3856266140937805,-0.02752225659787655,0.38225024938583374,0.3216370940208435,-0.03457724303007126,0.32462048530578613,0.6042895317077637,0.01966276578605175,0.3140878677368164,0.5200377702713013,0.012403524480760098,0.3029756546020508,0.4672023355960846,0.006686691660434008,0.2976628243923187,0.4194906949996948,0.00512272771447897,Right Fan Lateral
0.3411291837692261,0.8766332864761353,6.961279837014445e-07,0.43198198080062866,0.8454092741012573,-0.05646456032991409,0.49636465311050415,0.7483040690422058,-0.07001536339521408,0.5446925163269043,0.6582722067832947,-0.06936613470315933,0.5698487162590027,0.5755155086517334,-0.05960455164313316,0.3727210462093353,0.6052104830741882,-0.05832287669181824,0.45992138981819153,0.5092803239822388,-0.08529557287693024,0.5072730779647827,0.5401143431663513,-0.0969262644648552,0.5286588072776794,0.5899109244346619,-0.09627003967761993,0.3415915071964264,0.5810926556587219,-0.02728489227592945,0.40364107489585876,0.4410797953605652,-0.043985359370708466,0.43944793939590454,0.3612704277038574,-0.055088505148887634,0.46215128898620605,0.29065781831741333,-0.06022104620933533,0.3283913731575012,0.5814354419708252,-0.00013668221072293818,0.359651118516922,0.45693081617355347,-0.011398089118301868,0.372602641582489,0.3847240209579468,-0.022541847079992294,0.38340526819229126,0.32060325145721436,-0.02782621793448925,0.3250947594642639,0.6014816761016846,0.02312651090323925,0.3153172731399536,0.5182212591171265,0.016473285853862762,0.3033754527568817,0.46631646156311035,0.01239362359046936,0.2972523868083954,0.4193316698074341,0.012373458594083786,Right Fan Lateral
0.34261569380760193,0.879834771156311,7.303661391233618e-07,0.4324849247932434,0.8458186388015747,-0.05700388178229332,0.4972328543663025,0.749450147151947,-0.07193361967802048,0.5481485724449158,0.6598471999168396,-0.07195712625980377,0.5723048448562622,0.5773401260375977,-0.06308060884475708,0.36910733580589294,0.6073225736618042,-0.06549279391765594,0.4601013660430908,0.509857714176178,-0.09475158900022507,0.509959876537323,0.5413939356803894,-0.10803092271089554,0.5332636833190918,0.5895988345146179,-0.10859265178442001,0.33881980180740356,0.5850104093551636,-0.03459373116493225,0.4039991796016693,0.44206702709198,-0.05391848459839821,0.44238466024398804,0.3616187572479248,-0.06774987280368805,0.4658494293689728,0.2914871573448181,-0.07515218108892441,0.32645314931869507,0.5860774517059326,-0.0068134767934679985,0.3579944372177124,0.46066492795944214,-0.01930101215839386,0.3714601695537567,0.3861735165119171,-0.032333891838788986,0.38151586055755615,0.3202384114265442,-0.03937702998518944,0.32404300570487976,0.603965699672699,0.01726686768233776,0.3144928812980652,0.5197685360908508,0.009648093022406101,0.303629606962204,0.4659873843193054,0.004581152927130461,0.2982955574989319,0.4171501398086548,0.003641176735982299,Right Fan Lateral
0.34261569380760193,0.879834771156311,7.303661391233618e-07,0.4324849247932434,0.8458186388015747,-0.05700388178229332,0.4972328543663025,0.749450147151947,-0.07193361967802048,0.5481485724449158,0.6598471999168396,-0.07195712625980377,0.5723048448562622,0.5773401260375977,-0.06308060884475708,0.36910733580589294,0.6073225736618042,-0.06549279391765594,0.4601013660430908,0.509857714176178,-0.09475158900022507,0.509959876537323,0.5413939356803894,-0.10803092271089554,0.5332636833190918,0.5895988345146179,-0.10859265178442001,0.33881980180740356,0.5850104093551636,-0.03459373116493225,0.4039991796016693,0.44206702709198,-0.05391848459839821,0.44238466024398804,0.3616187572479248,-0.06774987280368805,0.4658494293689728,0.2914871573448181,-0.07515218108892441,0.32645314931869507,0.5860774517059326,-0.0068134767934679985,0.3579944372177124,0.46066492795944214,-0.01930101215839386,0.3714601695537567,0.3861735165119171,-0.032333891838788986,0.38151586055755615,0.3202384114265442,-0.03937702998518944,0.32404300570487976,0.603965699672699,0.01726686768233776,0.3144928812980652,0.5197685360908508,0.009648093022406101,0.303629606962204,0.4659873843193054,0.004581152927130461,0.2982955574989319,0.4171501398086548,0.003641176735982299,Right Fan Lateral
0.34209954738616943,0.8784871101379395,7.140350817280705e-07,0.43222180008888245,0.8439045548439026,-0.055352430790662766,0.49567711353302,0.748699963092804,-0.06998347491025925,0.5474545955657959,0.6606534719467163,-0.07019048929214478,0.5728000998497009,0.5756410956382751,-0.06133859232068062,0.36896008253097534,0.6055116653442383,-0.06387247145175934,0.4604845345020294,0.5105186700820923,-0.09317754209041595,0.5099605321884155,0.5403913855552673,-0.10531743615865707,0.5320695638656616,0.5889442563056946,-0.10456667095422745,0.33936941623687744,0.5823190808296204,-0.033978421241045,0.4049778878688812,0.43872272968292236,-0.05444116145372391,0.44365447759628296,0.35861101746559143,-0.06722010672092438,0.4668533205986023,0.2895035147666931,-0.0730900689959526,0.3271152079105377,0.582910418510437,-0.007195392623543739,0.3585767149925232,0.45715802907943726,-0.02049844153225422,0.37214967608451843,0.38166117668151855,-0.03188053518533707,0.38238540291786194,0.31491753458976746,-0.03714893013238907,0.3241223096847534,0.6014766097068787,0.015983257442712784,0.3126593232154846,0.5169090032577515,0.008921128697693348,0.3014117479324341,0.46380189061164856,0.005437001585960388,0.29528313875198364,0.41598835587501526,0.005935285240411758,Right Fan Lateral
0.3450615108013153,0.8758230209350586,7.416541620841599e-07,0.43292224407196045,0.8412590026855469,-0.057296108454465866,0.4957929253578186,0.7465782761573792,-0.07373647391796112,0.5482049584388733,0.6593654155731201,-0.07526010274887085,0.5723435878753662,0.5731938481330872,-0.06782050430774689,0.3702767789363861,0.6044695377349854,-0.06726372241973877,0.4601844549179077,0.5119614601135254,-0.0970747098326683,0.5097706317901611,0.5391494035720825,-0.10914331674575806,0.5331664681434631,0.5864564180374146,-0.10829949378967285,0.3402373790740967,0.5802565217018127,-0.03689210116863251,0.40582358837127686,0.4383779764175415,-0.0569954439997673,0.4441651403903961,0.3590731620788574,-0.06858725100755692,0.46801578998565674,0.2901923656463623,-0.07354509830474854,0.327582448720932,0.5801566243171692,-0.009654384106397629,0.3597935736179352,0.4553540050983429,-0.022899223491549492,0.37298890948295593,0.38080641627311707,-0.033259980380535126,0.38372373580932617,0.3150562345981598,-0.037751615047454834,0.32463860511779785,0.59910649061203,0.01380378007888794,0.3137304186820984,0.515970766544342,0.005881916731595993,0.30185598134994507,0.4642564654350281,0.002461628057062626,0.29511791467666626,0.41743719577789307,0.0033284646924585104,Right Fan Lateral
0.3461448550224304,0.8737729787826538,7.035811790956359e-07,0.4315977692604065,0.8407718539237976,-0.057608675211668015,0.4948284924030304,0.7432036399841309,-0.07259448617696762,0.5476739406585693,0.6541528105735779,-0.07268738746643066,0.5727917551994324,0.5714600086212158,-0.06398025155067444,0.3680713176727295,0.6016401052474976,-0.0641673132777214,0.45926278829574585,0.5072539448738098,-0.0930069163441658,0.5083178281784058,0.5361180901527405,-0.10520786046981812,0.530744194984436,0.5819679498672485,-0.10438887774944305,0.3392825126647949,0.5788837671279907,-0.032832249999046326,0.40563327074050903,0.43828052282333374,-0.050282981246709824,0.4451902508735657,0.35993117094039917,-0.06100097671151161,0.4697466194629669,0.2914339005947113,-0.06543228030204773,0.32756078243255615,0.5804469585418701,-0.005036617629230022,0.3590555787086487,0.45830994844436646,-0.016484197229146957,0.37210240960121155,0.3829999566078186,-0.02738805301487446,0.3816949129104614,0.31700217723846436,-0.032243743538856506,0.3252637982368469,0.6001506447792053,0.01886807568371296,0.31243935227394104,0.5163475275039673,0.011647991836071014,0.29983001947402954,0.46279120445251465,0.007577517535537481,0.292060911655426,0.4147679805755615,0.00813349150121212,Right Fan Lateral
0.3461448550224304,0.8737729787826538,7.035811790956359e-07,0.4315977692604065,0.8407718539237976,-0.057608675211668015,0.4948284924030304,0.7432036399841309,-0.07259448617696762,0.5476739406585693,0.6541528105735779,-0.07268738746643066,0.5727917551994324,0.5714600086212158,-0.06398025155067444,0.3680713176727295,0.6016401052474976,-0.0641673132777214,0.45926278829574585,0.5072539448738098,-0.0930069163441658,0.5083178281784058,0.5361180901527405,-0.10520786046981812,0.530744194984436,0.5819679498672485,-0.10438887774944305,0.3392825126647949,0.5788837671279907,-0.032832249999046326,0.40563327074050903,0.43828052282333374,-0.050282981246709824,0.4451902508735657,0.35993117094039917,-0.06100097671151161,0.4697466194629669,0.2914339005947113,-0.06543228030204773,0.32756078243255615,0.5804469585418701,-0.005036617629230022,0.3590555787086487,0.45830994844436646,-0.016484197229146957,0.37210240960121155,0.3829999566078186,-0.02738805301487446,0.3816949129104614,0.31700217723846436,-0.032243743538856506,0.3252637982368469,0.6001506447792053,0.01886807568371296,0.31243935227394104,0.5163475275039673,0.011647991836071014,0.29983001947402954,0.46279120445251465,0.007577517535537481,0.292060911655426,0.4147679805755615,0.00813349150121212,Right Fan Lateral
0.34563347697257996,0.8746027946472168,6.857975449747755e-07,0.43145591020584106,0.8394374847412109,-0.05671296268701553,0.49528878927230835,0.7412272691726685,-0.07102271169424057,0.5474801063537598,0.65357506275177,-0.07039124518632889,0.5726343989372253,0.5721328854560852,-0.060913339257240295,0.366588830947876,0.6035332083702087,-0.0654653012752533,0.45783641934394836,0.507940411567688,-0.09321977198123932,0.5078742504119873,0.5363280177116394,-0.10330285876989365,0.5308567881584167,0.5819947123527527,-0.10118374973535538,0.3382687568664551,0.5814270973205566,-0.0347926989197731,0.4037204384803772,0.43955832719802856,-0.0526038259267807,0.4424103796482086,0.3599669933319092,-0.0628826916217804,0.46605968475341797,0.290517657995224,-0.06696418672800064,0.32700401544570923,0.5824403762817383,-0.0074418336153030396,0.3583519458770752,0.45967531204223633,-0.019547175616025925,0.37110164761543274,0.3855075240135193,-0.03130985423922539,0.3808402419090271,0.3190792500972748,-0.03685131296515465,0.32574233412742615,0.601322591304779,0.016211897134780884,0.3123604357242584,0.5176728367805481,0.007973008789122105,0.29935765266418457,0.46420156955718994,0.0027171315159648657,0.29184049367904663,0.4161507189273834,0.0022815605625510216,Right Fan Lateral
0.3458564281463623,0.8732532858848572,6.943958510419179e-07,0.4297374486923218,0.8387532830238342,-0.05829663574695587,0.49320128560066223,0.7412183284759521,-0.07345937192440033,0.5472221970558167,0.653503954410553,-0.07363127171993256,0.5730628967285156,0.5704737901687622,-0.06488627940416336,0.3679642379283905,0.6000143885612488,-0.06361259520053864,0.4600900113582611,0.5081442594528198,-0.09201256185770035,0.5092393159866333,0.5372198224067688,-0.10354577004909515,0.5316744446754456,0.5835328698158264,-0.10196906328201294,0.33996260166168213,0.5778018236160278,-0.03180663287639618,0.40546658635139465,0.43814289569854736,-0.04877195134758949,0.44417279958724976,0.35907745361328125,-0.05886681750416756,0.4683203101158142,0.2899024486541748,-0.06265654414892197,0.32875490188598633,0.5791635513305664,-0.003677148837596178,0.3597080409526825,0.4594155550003052,-0.014433243311941624,0.3721281886100769,0.3851897120475769,-0.024424193426966667,0.3813018202781677,0.318854421377182,-0.028552984818816185,0.3265160322189331,0.5982506275177002,0.020411988720297813,0.31340694427490234,0.5159952640533447,0.0139223113656044,0.30036890506744385,0.4640983045101166,0.010886247269809246,0.291908860206604,0.416889488697052,0.012329810298979282,Right Fan Lateral
0.34682565927505493,0.8765038251876831,6.994152954575839e-07,0.43127405643463135,0.8404574394226074,-0.057894717901945114,0.4943832457065582,0.7428178191184998,-0.07307721674442291,0.5477167963981628,0.655231237411499,-0.07346347719430923,0.5731501579284668,0.5695801377296448,-0.06509296596050262,0.3701445162296295,0.6009769439697266,-0.06364238262176514,0.4605237543582916,0.5104628801345825,-0.09314583986997604,0.509875476360321,0.5381571650505066,-0.10598669201135635,0.5332925915718079,0.5845639705657959,-0.10544471442699432,0.3411966562271118,0.5775043964385986,-0.03253807872533798,0.4063728451728821,0.43845251202583313,-0.04991569742560387,0.4454907476902008,0.3600374460220337,-0.06023913249373436,0.4703548550605774,0.2917059063911438,-0.06442808359861374,0.3289671540260315,0.5777572989463806,-0.00522076478227973,0.35959625244140625,0.4563525915145874,-0.016468776389956474,0.37225767970085144,0.38217785954475403,-0.026469063013792038,0.38204461336135864,0.31673815846443176,-0.030770830810070038,0.3254227042198181,0.5965546369552612,0.018036894500255585,0.3121529817581177,0.5147957801818848,0.010661259293556213,0.29953664541244507,0.4626591205596924,0.007168091367930174,0.291692316532135,0.41564512252807617,0.008299090899527073,Right Fan Lateral
0.3459382653236389,0.8729681968688965,7.136369504223694e-07,0.4310351610183716,0.8374696969985962,-0.05649936944246292,0.4940071403980255,0.7414529323577881,-0.0707576647400856,0.547461748123169,0.6542205810546875,-0.07036091387271881,0.5729902386665344,0.5702154636383057,-0.061198897659778595,0.3710545301437378,0.5993890166282654,-0.060215674340724945,0.45999017357826233,0.5100753307342529,-0.0875864326953888,0.5092377066612244,0.5374383330345154,-0.09969719499349594,0.5328758358955383,0.5836489200592041,-0.09904550760984421,0.3418986201286316,0.5779434442520142,-0.029147127643227577,0.4063428044319153,0.43897879123687744,-0.0449056476354599,0.4439926743507385,0.3599877953529358,-0.055331792682409286,0.46745747327804565,0.2903352677822113,-0.06001891940832138,0.3292009234428406,0.5793651938438416,-0.00169267226010561,0.35954195261001587,0.4570506811141968,-0.011391737498342991,0.3715497851371765,0.38202497363090515,-0.021430959925055504,0.38101205229759216,0.31568896770477295,-0.026159614324569702,0.32518988847732544,0.599006712436676,0.021812966093420982,0.31388479471206665,0.5168116688728333,0.016984235495328903,0.3019677400588989,0.46553075313568115,0.014668261632323265,0.29450705647468567,0.41948193311691284,0.015981944277882576,Right Fan Lateral
0.345999151468277,0.8717513084411621,6.68502821099537e-07,0.4310198128223419,0.8354247808456421,-0.05323724448680878,0.4938565790653229,0.7389273047447205,-0.06690587103366852,0.5472850203514099,0.6539690494537354,-0.0672844648361206,0.5718942284584045,0.5692247152328491,-0.05977502837777138,0.37336960434913635,0.5985345244407654,-0.05755512788891792,0.46186545491218567,0.5128898024559021,-0.08605453372001648,0.5114267468452454,0.5400269627571106,-0.10033442080020905,0.5366599559783936,0.5861071348190308,-0.10127507895231247,0.3428736925125122,0.576415479183197,-0.02909204550087452,0.40512561798095703,0.43686598539352417,-0.042459022253751755,0.4426829218864441,0.3578384518623352,-0.05100690945982933,0.467270165681839,0.2885802388191223,-0.054836466908454895,0.3290708065032959,0.5779767632484436,-0.004495030269026756,0.35835570096969604,0.4555952847003937,-0.012301397509872913,0.37057894468307495,0.38169124722480774,-0.020773043856024742,0.38033026456832886,0.3162830173969269,-0.024920949712395668,0.32482314109802246,0.5984707474708557,0.016131535172462463,0.3120463490486145,0.5173557996749878,0.011351763270795345,0.30059242248535156,0.4653548002243042,0.00954502448439598,0.2937427759170532,0.41978341341018677,0.01128573901951313,Right Fan Lateral
0.34795066714286804,0.8748268485069275,7.090271196830145e-07,0.43209129571914673,0.8379427194595337,-0.058160822838544846,0.4946523606777191,0.7399989366531372,-0.07293683290481567,0.547298014163971,0.6538671255111694,-0.07281985133886337,0.5730457901954651,0.5707718133926392,-0.06409309059381485,0.36939725279808044,0.6002058386802673,-0.06293309479951859,0.45997655391693115,0.5094465017318726,-0.09064463526010513,0.5097795724868774,0.5381718277931213,-0.1028556078672409,0.5343639254570007,0.5830228924751282,-0.10228367149829865,0.3411267399787903,0.5787877440452576,-0.031158531084656715,0.4052808880805969,0.438904732465744,-0.046744104474782944,0.44491589069366455,0.3605280816555023,-0.05671259015798569,0.4700911343097687,0.2928690016269684,-0.060998398810625076,0.32904714345932007,0.5807622671127319,-0.0031089792028069496,0.35852593183517456,0.4600164592266083,-0.012757822871208191,0.37149736285209656,0.3857063055038452,-0.023130852729082108,0.38087987899780273,0.3199622631072998,-0.028003191575407982,0.32572272419929504,0.6000445485115051,0.020861009135842323,0.31334879994392395,0.518557071685791,0.0152766527608037,0.3015981912612915,0.4662337601184845,0.012210873886942863,0.2938547730445862,0.41892945766448975,0.013198178261518478,Right Fan Lateral
0.34795066714286804,0.8748268485069275,7.090271196830145e-07,0.43209129571914673,0.8379427194595337,-0.058160822838544846,0.4946523606777191,0.7399989366531372,-0.07293683290481567,0.547298014163971,0.6538671255111694,-0.07281985133886337,0.5730457901954651,0.5707718133926392,-0.06409309059381485,0.36939725279808044,0.6002058386802673,-0.06293309479951859,0.45997655391693115,0.5094465017318726,-0.09064463526010513,0.5097795724868774,0.5381718277931213,-0.1028556078672409,0.5343639254570007,0.5830228924751282,-0.10228367149829865,0.3411267399787903,0.5787877440452576,-0.031158531084656715,0.4052808880805969,0.438904732465744,-0.046744104474782944,0.44491589069366455,0.3605280816555023,-0.05671259015798569,0.4700911343097687,0.2928690016269684,-0.060998398810625076,0.32904714345932007,0.5807622671127319,-0.0031089792028069496,0.35852593183517456,0.4600164592266083,-0.012757822871208191,0.37149736285209656,0.3857063055038452,-0.023130852729082108,0.38087987899780273,0.3199622631072998,-0.028003191575407982,0.32572272419929504,0.6000445485115051,0.020861009135842323,0.31334879994392395,0.518557071685791,0.0152766527608037,0.3015981912612915,0.4662337601184845,0.012210873886942863,0.2938547730445862,0.41892945766448975,0.013198178261518478,Right Fan Lateral
0.347184419631958,0.873943030834198,6.88703778450872e-07,0.4316440522670746,0.8347340822219849,-0.05507661774754524,0.4931540787220001,0.7375034093856812,-0.0688101276755333,0.546427309513092,0.6529634594917297,-0.06857971847057343,0.5697988271713257,0.5705260038375854,-0.0600653737783432,0.37125322222709656,0.5951966643333435,-0.05801500380039215,0.4618161618709564,0.5106297135353088,-0.08492909371852875,0.5117555856704712,0.5400018095970154,-0.09813189506530762,0.5363753437995911,0.5847846269607544,-0.09841485321521759,0.341242253780365,0.575375497341156,-0.02740452252328396,0.4053717851638794,0.4384581446647644,-0.04069272056221962,0.44395092129707336,0.3589707612991333,-0.049894191324710846,0.4676949381828308,0.2892972230911255,-0.054056692868471146,0.3273308575153351,0.5780030488967896,-0.00047576954239048064,0.3567715287208557,0.456279993057251,-0.007760603446513414,0.36957770586013794,0.38190987706184387,-0.016619451344013214,0.378695547580719,0.3165132999420166,-0.020687410607933998,0.3226877450942993,0.5973659753799438,0.02243126556277275,0.31037312746047974,0.5155390501022339,0.01871698722243309,0.3004329800605774,0.4622821807861328,0.017074622213840485,0.29455918073654175,0.41518646478652954,0.019126227125525475,Right Fan Lateral
0.34411975741386414,0.8723167777061462,6.644550012424588e-07,0.429208368062973,0.8365816473960876,-0.05276685953140259,0.49211132526397705,0.738741397857666,-0.06599773466587067,0.5455506443977356,0.6524019837379456,-0.06572422385215759,0.5698476433753967,0.5678676962852478,-0.05756469443440437,0.36944901943206787,0.5978040099143982,-0.05852418392896652,0.45874184370040894,0.5116076469421387,-0.08704563230276108,0.5092666745185852,0.5395657420158386,-0.10170925408601761,0.5352826714515686,0.5851274132728577,-0.10322971642017365,0.34002768993377686,0.5765502452850342,-0.03012232668697834,0.4036666452884674,0.4367833733558655,-0.04478535056114197,0.44200608134269714,0.35718750953674316,-0.055330317467451096,0.46645456552505493,0.28734833002090454,-0.06091988831758499,0.3271385133266449,0.5783995985984802,-0.005193738732486963,0.35736334323883057,0.45582786202430725,-0.01377158984541893,0.36965101957321167,0.38135629892349243,-0.02393735572695732,0.3788386583328247,0.3153376579284668,-0.029504328966140747,0.3237500786781311,0.5986024737358093,0.015966400504112244,0.31151801347732544,0.5164129734039307,0.011559152975678444,0.30032122135162354,0.4638732373714447,0.00931781716644764,0.2932441234588623,0.41781389713287354,0.01028441358357668,Right Fan Lateral
0.3464765250682831,0.8750677108764648,7.028572213130246e-07,0.4301232099533081,0.8377997875213623,-0.05778339505195618,0.492937296628952,0.7404873371124268,-0.07236955314874649,0.5457163453102112,0.6534483432769775,-0.07220986485481262,0.5718884468078613,0.5687897205352783,-0.06324480473995209,0.36998283863067627,0.5980193614959717,-0.06115178018808365,0.4594848155975342,0.5077196359634399,-0.08906842768192291,0.5090921521186829,0.5369384288787842,-0.10132607817649841,0.5334265232086182,0.5836488008499146,-0.10048689693212509,0.3411482572555542,0.577229917049408,-0.029326312243938446,0.40532270073890686,0.43818527460098267,-0.04509340226650238,0.4450937807559967,0.35925447940826416,-0.05506299063563347,0.47050610184669495,0.2911422550678253,-0.059167202562093735,0.32832223176956177,0.5794126391410828,-0.00135319447144866,0.358041912317276,0.45833712816238403,-0.01109924353659153,0.37067997455596924,0.38356471061706543,-0.021071741357445717,0.38042154908180237,0.31788063049316406,-0.025419292971491814,0.324349582195282,0.5990227460861206,0.022548645734786987,0.3121834695339203,0.5169724225997925,0.017294839024543762,0.3005714416503906,0.4647417962551117,0.014732091687619686,0.2933993339538574,0.41789162158966064,0.016279421746730804,Right Fan Lateral
0.34344953298568726,0.8761385083198547,7.061975111355423e-07,0.42795631289482117,0.8397231101989746,-0.05691641569137573,0.4910547137260437,0.7415022850036621,-0.07132478803396225,0.5446116328239441,0.6530042886734009,-0.07073191553354263,0.5710315704345703,0.5680680274963379,-0.060836728662252426,0.36669445037841797,0.6007566452026367,-0.06380613893270493,0.4573636054992676,0.5073097944259644,-0.09265396744012833,0.5070803761482239,0.5366969108581543,-0.1039554625749588,0.5307852029800415,0.584196925163269,-0.1021498292684555,0.33794301748275757,0.5793576836585999,-0.03207496926188469,0.404612272977829,0.43873876333236694,-0.0512097030878067,0.4450122117996216,0.35996946692466736,-0.061948951333761215,0.47106853127479553,0.29197970032691956,-0.06594100594520569,0.32605546712875366,0.5803985595703125,-0.003739658510312438,0.3582172393798828,0.45845621824264526,-0.015770364552736282,0.3711831271648407,0.3834756910800934,-0.02561926282942295,0.38139814138412476,0.31815817952156067,-0.02930946834385395,0.3233364224433899,0.5989052653312683,0.02077184058725834,0.31253209710121155,0.5158390402793884,0.014945185743272305,0.2999364733695984,0.46416527032852173,0.012613952159881592,0.29202553629875183,0.41781163215637207,0.014474750496447086,Right Fan Lateral
0.34344953298568726,0.8761385083198547,7.061975111355423e-07,0.42795631289482117,0.8397231101989746,-0.05691641569137573,0.4910547137260437,0.7415022850036621,-0.07132478803396225,0.5446116328239441,0.6530042886734009,-0.07073191553354263,0.5710315704345703,0.5680680274963379,-0.060836728662252426,0.36669445037841797,0.6007566452026367,-0.06380613893270493,0.4573636054992676,0.5073097944259644,-0.09265396744012833,0.5070803761482239,0.5366969108581543,-0.1039554625749588,0.5307852029800415,0.584196925163269,-0.1021498292684555,0.33794301748275757,0.5793576836585999,-0.03207496926188469,0.404612272977829,0.43873876333236694,-0.0512097030878067,0.4450122117996216,0.35996946692466736,-0.061948951333761215,0.47106853127479553,0.29197970032691956,-0.06594100594520569,0.32605546712875366,0.5803985595703125,-0.003739658510312438,0.3582172393798828,0.45845621824264526,-0.015770364552736282,0.3711831271648407,0.3834756910800934,-0.02561926282942295,0.38139814138412476,0.31815817952156067,-0.02930946834385395,0.3233364224433899,0.5989052653312683,0.02077184058725834,0.31253209710121155,0.5158390402793884,0.014945185743272305,0.2999364733695984,0.46416527032852173,0.012613952159881592,0.29202553629875183,0.41781163215637207,0.014474750496447086,Right Fan Lateral
0.34125202894210815,0.8759211301803589,7.254409979395859e-07,0.4277201294898987,0.8399097919464111,-0.0587272122502327,0.49152886867523193,0.7445459961891174,-0.07402021437883377,0.5436853766441345,0.6570007801055908,-0.07362506538629532,0.5688972473144531,0.5729861259460449,-0.06391690671443939,0.3661871552467346,0.6033187508583069,-0.06781379133462906,0.4559715986251831,0.5096087455749512,-0.09615375846624374,0.5062620639801025,0.5385329723358154,-0.10686928033828735,0.5293558835983276,0.5862117409706116,-0.10511193424463272,0.3381305932998657,0.5815117359161377,-0.035380009561777115,0.40399640798568726,0.4418395757675171,-0.05488274618983269,0.4429687261581421,0.3620486855506897,-0.06649759411811829,0.4661226272583008,0.2932617664337158,-0.07156448811292648,0.3266584575176239,0.582305908203125,-0.006108463276177645,0.35761213302612305,0.4583660364151001,-0.018744228407740593,0.371038556098938,0.38343900442123413,-0.03010445088148117,0.3814563751220703,0.3182743191719055,-0.03538193553686142,0.3236744999885559,0.6001396179199219,0.019358156248927116,0.31311535835266113,0.5171251893043518,0.011842210777103901,0.30098703503608704,0.46471497416496277,0.007545180153101683,0.29380059242248535,0.41736799478530884,0.007618581410497427,Right Fan Lateral
0.34141063690185547,0.8756189346313477,7.048418524391309e-07,0.42749258875846863,0.839895486831665,-0.05721581354737282,0.49038276076316833,0.7433030009269714,-0.07281116396188736,0.5432499647140503,0.6542360782623291,-0.07361172139644623,0.5684614181518555,0.569069504737854,-0.06550750136375427,0.36552757024765015,0.6031708121299744,-0.0661962628364563,0.45623350143432617,0.5078412890434265,-0.09657054394483566,0.5062345266342163,0.5357555747032166,-0.10884632170200348,0.5288835763931274,0.5836135745048523,-0.10771031677722931,0.336675763130188,0.5806176066398621,-0.03534470871090889,0.403152734041214,0.438696026802063,-0.054392967373132706,0.4436008036136627,0.3601014018058777,-0.06514692306518555,0.46850064396858215,0.29305899143218994,-0.06957197934389114,0.3249221444129944,0.5809823870658875,-0.008020373061299324,0.3569430410861969,0.4572215676307678,-0.020341375842690468,0.3712257742881775,0.38242846727371216,-0.030952023342251778,0.38217583298683167,0.3173879384994507,-0.035785458981990814,0.32246264815330505,0.5991355776786804,0.015446316450834274,0.3107621669769287,0.5163990259170532,0.007853163406252861,0.298430860042572,0.4645184278488159,0.0039682392962276936,0.2908625602722168,0.4181531071662903,0.004469227511435747,Right Fan Lateral
0.3416210412979126,0.8728770017623901,7.048208772175713e-07,0.4280332326889038,0.8402270078659058,-0.05903511494398117,0.49105241894721985,0.7433579564094543,-0.07489056885242462,0.5417874455451965,0.6552479267120361,-0.0760437473654747,0.5686661005020142,0.5725810527801514,-0.06846192479133606,0.36619704961776733,0.6037584543228149,-0.06522877514362335,0.45507359504699707,0.5063154101371765,-0.09598445147275925,0.5052077770233154,0.5353426337242126,-0.10967087745666504,0.5288956761360168,0.5824757814407349,-0.1100262925028801,0.33768680691719055,0.5808867812156677,-0.03436565771698952,0.40320903062820435,0.4399696886539459,-0.05314398929476738,0.4421424865722656,0.36055105924606323,-0.06523183733224869,0.466239869594574,0.2913947105407715,-0.07095158845186234,0.3257235288619995,0.5820675492286682,-0.007473441306501627,0.35777366161346436,0.45944491028785706,-0.02005523443222046,0.3715810179710388,0.38478174805641174,-0.03195400536060333,0.3829728364944458,0.31855514645576477,-0.03790970519185066,0.32316362857818604,0.6010717749595642,0.0152848269790411,0.3105136752128601,0.5171735882759094,0.006450739689171314,0.2983967661857605,0.4639051556587219,0.0012019977439194918,0.2922099232673645,0.4158528745174408,0.0006030586082488298,Right Fan Lateral
0.34151923656463623,0.875830352306366,7.015003120613983e-07,0.4263916015625,0.8417657017707825,-0.059099674224853516,0.48974230885505676,0.7431645393371582,-0.07517091184854507,0.5422838926315308,0.652635931968689,-0.07597769796848297,0.5671541690826416,0.5669446587562561,-0.06772614270448685,0.3637305200099945,0.6035872101783752,-0.06704392284154892,0.4545348286628723,0.5056091547012329,-0.09682080149650574,0.5043398141860962,0.5346346497535706,-0.10846318304538727,0.5271739959716797,0.5828452110290527,-0.10686937719583511,0.3352578282356262,0.5813241600990295,-0.03489350900053978,0.40209266543388367,0.44008055329322815,-0.05364435166120529,0.44105249643325806,0.36034899950027466,-0.0643804669380188,0.46567559242248535,0.29127374291419983,-0.06871741265058517,0.3239043354988098,0.5821183323860168,-0.006389216985553503,0.3581673800945282,0.45947545766830444,-0.018820276483893394,0.37188708782196045,0.384692519903183,-0.030015889555215836,0.3827226161956787,0.31864991784095764,-0.03511202707886696,0.3222954273223877,0.6002110838890076,0.01816796325147152,0.31141430139541626,0.5173994302749634,0.010591023601591587,0.29832255840301514,0.4656304717063904,0.006334712263196707,0.2906164526939392,0.41845929622650146,0.0065842922776937485,Right Fan Lateral
0.34151923656463623,0.875830352306366,7.015003120613983e-07,0.4263916015625,0.8417657017707825,-0.059099674224853516,0.48974230885505676,0.7431645393371582,-0.07517091184854507,0.5422838926315308,0.652635931968689,-0.07597769796848297,0.5671541690826416,0.5669446587562561,-0.06772614270448685,0.3637305200099945,0.6035872101783752,-0.06704392284154892,0.4545348286628723,0.5056091547012329,-0.09682080149650574,0.5043398141860962,0.5346346497535706,-0.10846318304538727,0.5271739959716797,0.5828452110290527,-0.10686937719583511,0.3352578282356262,0.5813241600990295,-0.03489350900053978,0.40209266543388367,0.44008055329322815,-0.05364435166120529,0.44105249643325806,0.36034899950027466,-0.0643804669380188,0.46567559242248535,0.29127374291419983,-0.06871741265058517,0.3239043354988098,0.5821183323860168,-0.006389216985553503,0.3581673800945282,0.45947545766830444,-0.018820276483893394,0.37188708782196045,0.384692519903183,-0.030015889555215836,0.3827226161956787,0.31864991784095764,-0.03511202707886696,0.3222954273223877,0.6002110838890076,0.01816796325147152,0.31141430139541626,0.5173994302749634,0.010591023601591587,0.29832255840301514,0.4656304717063904,0.006334712263196707,0.2906164526939392,0.41845929622650146,0.0065842922776937485,Right Fan Lateral
0.34022849798202515,0.8741413950920105,7.218661721708486e-07,0.4250378906726837,0.8406033515930176,-0.06057359278202057,0.48889151215553284,0.7450954914093018,-0.07780227810144424,0.54172283411026,0.6559662818908691,-0.07925576716661453,0.566832423210144,0.5688753724098206,-0.0712084248661995,0.36334702372550964,0.6040992140769958,-0.07009138911962509,0.4537314772605896,0.5066783428192139,-0.10127285867929459,0.5045035481452942,0.5358301401138306,-0.11354333907365799,0.5277112126350403,0.5859746932983398,-0.11194818466901779,0.33556097745895386,0.5816677212715149,-0.03701014444231987,0.40146374702453613,0.4397906959056854,-0.05682048574090004,0.43999388813972473,0.3600063920021057,-0.06741609424352646,0.46373337507247925,0.2911871373653412,-0.07128249108791351,0.32494890689849854,0.5822880268096924,-0.007471769582480192,0.3572623133659363,0.4590219259262085,-0.019586313515901566,0.37096911668777466,0.3837611675262451,-0.028605422005057335,0.38216158747673035,0.31824007630348206,-0.03203672915697098,0.3231511116027832,0.6001521944999695,0.017858300358057022,0.3107355535030365,0.5169007182121277,0.011034118942916393,0.29801419377326965,0.46497130393981934,0.008469081483781338,0.290714830160141,0.41802069544792175,0.010172290727496147,Right Fan Lateral
0.34197521209716797,0.8727049827575684,7.220194788715162e-07,0.4281916618347168,0.8376637101173401,-0.06038772687315941,0.49019280076026917,0.740847647190094,-0.07767058163881302,0.542248547077179,0.6523309946060181,-0.07957036793231964,0.5674612522125244,0.5667680501937866,-0.07218826562166214,0.36287248134613037,0.601608157157898,-0.06829454749822617,0.45349231362342834,0.5041212439537048,-0.0985489934682846,0.5031784176826477,0.5338493585586548,-0.11016857624053955,0.5259836316108704,0.5816789269447327,-0.10863541066646576,0.3351287841796875,0.5788587331771851,-0.03610818833112717,0.40197187662124634,0.4386185109615326,-0.056086812168359756,0.4412335157394409,0.35967886447906494,-0.06730959564447403,0.46565118432044983,0.2905677855014801,-0.07180976867675781,0.3243541717529297,0.5793150067329407,-0.007615197449922562,0.3577849268913269,0.45718854665756226,-0.02108847163617611,0.3713653087615967,0.3828350901603699,-0.03197702020406723,0.3821621835231781,0.31674566864967346,-0.036629196256399155,0.32357150316238403,0.5972697734832764,0.01681077480316162,0.31128132343292236,0.5136822462081909,0.008194775320589542,0.2984011769294739,0.46144530177116394,0.0038262675516307354,0.2908923625946045,0.4135339558124542,0.004204924218356609,Right Fan Lateral
0.34197521209716797,0.8727049827575684,7.220194788715162e-07,0.4281916618347168,0.8376637101173401,-0.06038772687315941,0.49019280076026917,0.740847647190094,-0.07767058163881302,0.542248547077179,0.6523309946060181,-0.07957036793231964,0.5674612522125244,0.5667680501937866,-0.07218826562166214,0.36287248134613037,0.601608157157898,-0.06829454749822617,0.45349231362342834,0.5041212439537048,-0.0985489934682846,0.5031784176826477,0.5338493585586548,-0.11016857624053955,0.5259836316108704,0.5816789269447327,-0.10863541066646576,0.3351287841796875,0.5788587331771851,-0.03610818833112717,0.40197187662124634,0.4386185109615326,-0.056086812168359756,0.4412335157394409,0.35967886447906494,-0.06730959564447403,0.46565118432044983,0.2905677855014801,-0.07180976867675781,0.3243541717529297,0.5793150067329407,-0.007615197449922562,0.3577849268913269,0.45718854665756226,-0.02108847163617611,0.3713653087615967,0.3828350901603699,-0.03197702020406723,0.3821621835231781,0.31674566864967346,-0.036629196256399155,0.32357150316238403,0.5972697734832764,0.01681077480316162,0.31128132343292236,0.5136822462081909,0.008194775320589542,0.2984011769294739,0.46144530177116394,0.0038262675516307354,0.2908923625946045,0.4135339558124542,0.004204924218356609,Right Fan Lateral
0.3363749086856842,0.8744473457336426,7.020921088951582e-07,0.42258667945861816,0.8424471020698547,-0.0603959746658802,0.4866129755973816,0.7443461418151855,-0.07669490575790405,0.5390911102294922,0.6537057161331177,-0.0768330916762352,0.5658487677574158,0.5687925815582275,-0.06721215695142746,0.36043599247932434,0.6021217107772827,-0.06998191028833389,0.4508732259273529,0.5023674368858337,-0.09998437762260437,0.5022495985031128,0.5332654714584351,-0.11139526963233948,0.5258419513702393,0.5830100178718567,-0.10941668599843979,0.3325722813606262,0.580751895904541,-0.035715989768505096,0.3986086845397949,0.43912237882614136,-0.05491095781326294,0.437076210975647,0.3591424226760864,-0.06560012698173523,0.46046534180641174,0.2891309857368469,-0.06971680372953415,0.3224189281463623,0.5820878744125366,-0.004782713484019041,0.3556668758392334,0.45934516191482544,-0.016113875433802605,0.36880096793174744,0.3845035433769226,-0.026204228401184082,0.379537433385849,0.31870245933532715,-0.03065306507050991,0.32257795333862305,0.6003519892692566,0.022122344002127647,0.31045007705688477,0.5178396701812744,0.016017384827136993,0.2974383234977722,0.46620094776153564,0.012619512155652046,0.2902663052082062,0.4189135432243347,0.013475755229592323,Right Fan Lateral
0.3363749086856842,0.8744473457336426,7.020921088951582e-07,0.42258667945861816,0.8424471020698547,-0.0603959746658802,0.4866129755973816,0.7443461418151855,-0.07669490575790405,0.5390911102294922,0.6537057161331177,-0.0768330916762352,0.5658487677574158,0.5687925815582275,-0.06721215695142746,0.36043599247932434,0.6021217107772827,-0.06998191028833389,0.4508732259273529,0.5023674368858337,-0.09998437762260437,0.5022495985031128,0.5332654714584351,-0.11139526963233948,0.5258419513702393,0.5830100178718567,-0.10941668599843979,0.3325722813606262,0.580751895904541,-0.035715989768505096,0.3986086845397949,0.43912237882614136,-0.05491095781326294,0.437076210975647,0.3591424226760864,-0.06560012698173523,0.46046534180641174,0.2891309857368469,-0.06971680372953415,0.3224189281463623,0.5820878744125366,-0.004782713484019041,0.3556668758392334,0.45934516191482544,-0.016113875433802605,0.36880096793174744,0.3845035433769226,-0.026204228401184082,0.379537433385849,0.31870245933532715,-0.03065306507050991,0.32257795333862305,0.6003519892692566,0.022122344002127647,0.31045007705688477,0.5178396701812744,0.016017384827136993,0.2974383234977722,0.46620094776153564,0.012619512155652046,0.2902663052082062,0.4189135432243347,0.013475755229592323,Right Fan Lateral
0.3361852765083313,0.8714355230331421,7.201253993116552e-07,0.4236271381378174,0.8401968479156494,-0.06159475818276405,0.4873238801956177,0.7424967288970947,-0.07801659405231476,0.5388123393058777,0.6515195369720459,-0.0778321698307991,0.5648582577705383,0.5688206553459167,-0.06784231960773468,0.36053934693336487,0.6018348932266235,-0.07060480117797852,0.44908538460731506,0.5010179877281189,-0.09928403794765472,0.49973630905151367,0.5313227772712708,-0.1097436174750328,0.5228023529052734,0.5805178880691528,-0.10722064226865768,0.3326057493686676,0.580592155456543,-0.0350530743598938,0.3980768620967865,0.4388595521450043,-0.05337449908256531,0.4366239905357361,0.3592495918273926,-0.06358350813388824,0.45956677198410034,0.28911635279655457,-0.06739705801010132,0.3222774267196655,0.5815902948379517,-0.0027478011325001717,0.3548945188522339,0.4596206247806549,-0.01295127160847187,0.36860981583595276,0.38484591245651245,-0.022632360458374023,0.37928101420402527,0.31918400526046753,-0.02680475264787674,0.32134291529655457,0.599524736404419,0.025429842993617058,0.31008994579315186,0.5153058171272278,0.020884767174720764,0.298086017370224,0.46352747082710266,0.018205951899290085,0.2913541793823242,0.4166404604911804,0.019390514120459557,Right Fan Lateral
0.6254865527153015,0.8837577700614929,1.8235438403735316e-07,0.568913459777832,0.8498373031616211,-0.05937693640589714,0.5275411605834961,0.7610142230987549,-0.0890432670712471,0.49927470088005066,0.6641196012496948,-0.10255435109138489,0.46953266859054565,0.5920820832252502,-0.11336589604616165,0.594204843044281,0.7200899124145508,-0.10398515313863754,0.5680299401283264,0.5810227394104004,-0.12427812069654465,0.5518611669540405,0.4948018789291382,-0.13024407625198364,0.5410341024398804,0.424302339553833,-0.1336607038974762,0.6283679604530334,0.6987375617027283,-0.07449907809495926,0.6013921499252319,0.5570130944252014,-0.09411989897489548,0.5801044702529907,0.47652900218963623,-0.09434269368648529,0.5632774233818054,0.4168075919151306,-0.09434805810451508,0.6411830186843872,0.6837462782859802,-0.04424445703625679,0.6109040379524231,0.5648045539855957,-0.06211047247052193,0.5870726108551025,0.4936825633049011,-0.06421665102243423,0.5640729069709778,0.44334691762924194,-0.0639447346329689,0.6401499509811401,0.6718531250953674,-0.016639893874526024,0.6128572225570679,0.5805519223213196,-0.030419541522860527,0.5914760231971741,0.5299853682518005,-0.03293580561876297,0.5717971324920654,0.49446919560432434,-0.03321216255426407,Wrong
0.6260586380958557,0.8778843879699707,1.6406407610247697e-07,0.5657997727394104,0.8471063375473022,-0.060105424374341965,0.5247721076011658,0.7594645619392395,-0.08938073366880417,0.5000171065330505,0.6615675687789917,-0.10222609341144562,0.47314754128456116,0.5876818895339966,-0.11232105642557144,0.5917068719863892,0.7167549133300781,-0.10331802815198898,0.5625160932540894,0.5826250314712524,-0.12377040833234787,0.5438718795776367,0.498124361038208,-0.12993945181369781,0.5310159921646118,0.42986518144607544,-0.1335972398519516,0.6267428994178772,0.6931751370429993,-0.07414601743221283,0.5981117486953735,0.5522739887237549,-0.09472852200269699,0.575742244720459,0.47256219387054443,-0.0961114689707756,0.5593811273574829,0.41306227445602417,-0.09681417793035507,0.6396268010139465,0.6762869358062744,-0.044345587491989136,0.6058837175369263,0.5571128129959106,-0.06342360377311707,0.579821765422821,0.4853721857070923,-0.066842220723629,0.5564736723899841,0.4343309700489044,-0.06748457252979279,0.6378862261772156,0.6630112528800964,-0.01722623035311699,0.607174813747406,0.5713058114051819,-0.0322628878057003,0.5838826894760132,0.5212934017181396,-0.03578106313943863,0.5637086033821106,0.4862670600414276,-0.03676678240299225,Wrong
0.6221317648887634,0.8744234442710876,1.7967445842259622e-07,0.5642680525779724,0.8396939039230347,-0.05799797177314758,0.5219353437423706,0.7527613043785095,-0.0874016061425209,0.4954491853713989,0.659737229347229,-0.10108929127454758,0.4710555076599121,0.5861716866493225,-0.11224229633808136,0.588247537612915,0.7095853090286255,-0.10230784118175507,0.5602014064788818,0.5775868892669678,-0.12334641069173813,0.5423815250396729,0.4952658414840698,-0.13023069500923157,0.5305743217468262,0.42673003673553467,-0.13429822027683258,0.6239884495735168,0.691534698009491,-0.07471074163913727,0.5968720316886902,0.550491213798523,-0.0953674241900444,0.5754420161247253,0.47074949741363525,-0.09736303240060806,0.559546947479248,0.4105510413646698,-0.09849769622087479,0.6385101079940796,0.6797109842300415,-0.04626189544796944,0.6058697700500488,0.560763955116272,-0.06600925326347351,0.5815777778625488,0.49126705527305603,-0.06982796639204025,0.5599755048751831,0.44133999943733215,-0.07042666524648666,0.6391090154647827,0.6704656481742859,-0.020164916291832924,0.6103688478469849,0.5778351426124573,-0.03561478108167648,0.5884153246879578,0.5307065844535828,-0.038317978382110596,0.5696343779563904,0.4983772337436676,-0.03840593621134758,Wrong
0.6221317648887634,0.8744234442710876,1.7967445842259622e-07,0.5642680525779724,0.8396939039230347,-0.05799797177314758,0.5219353437423706,0.7527613043785095,-0.0874016061425209,0.4954491853713989,0.659737229347229,-0.10108929127454758,0.4710555076599121,0.5861716866493225,-0.11224229633808136,0.588247537612915,0.7095853090286255,-0.10230784118175507,0.5602014064788818,0.5775868892669678,-0.12334641069173813,0.5423815250396729,0.4952658414840698,-0.13023069500923157,0.5305743217468262,0.42673003673553467,-0.13429822027683258,0.6239884495735168,0.691534698009491,-0.07471074163913727,0.5968720316886902,0.550491213798523,-0.0953674241900444,0.5754420161247253,0.47074949741363525,-0.09736303240060806,0.559546947479248,0.4105510413646698,-0.09849769622087479,0.6385101079940796,0.6797109842300415,-0.04626189544796944,0.6058697700500488,0.560763955116272,-0.06600925326347351,0.5815777778625488,0.49126705527305603,-0.06982796639204025,0.5599755048751831,0.44133999943733215,-0.07042666524648666,0.6391090154647827,0.6704656481742859,-0.020164916291832924,0.6103688478469849,0.5778351426124573,-0.03561478108167648,0.5884153246879578,0.5307065844535828,-0.038317978382110596,0.5696343779563904,0.4983772337436676,-0.03840593621134758,Wrong
0.6194686889648438,0.8789516091346741,1.2274591654204414e-07,0.5640021562576294,0.8439059257507324,-0.05111492797732353,0.5217987298965454,0.7566736340522766,-0.08010204136371613,0.4942559599876404,0.6617995500564575,-0.09453574568033218,0.4683767259120941,0.5894074440002441,-0.10732970386743546,0.5828933119773865,0.7332864999771118,-0.1076100766658783,0.5501861572265625,0.6044726371765137,-0.1316644698381424,0.5305121541023254,0.522121787071228,-0.13929864764213562,0.5175991058349609,0.4517830014228821,-0.14403648674488068,0.6206814050674438,0.7096892595291138,-0.08507172763347626,0.5956686735153198,0.5648738145828247,-0.11030729115009308,0.5756348967552185,0.48121392726898193,-0.11314832419157028,0.5588282346725464,0.4176466464996338,-0.11498172581195831,0.6367954611778259,0.6908099055290222,-0.06046551838517189,0.6067418456077576,0.565217137336731,-0.0836237445473671,0.5843283534049988,0.48897314071655273,-0.08787622302770615,0.5611473321914673,0.4347272217273712,-0.08870607614517212,0.6368052959442139,0.6748307943344116,-0.03725342079997063,0.6089431643486023,0.5760847330093384,-0.05431501939892769,0.5876729488372803,0.5229461193084717,-0.05733459070324898,0.566865086555481,0.4864457845687866,-0.058013759553432465,Wrong
0.6194686889648438,0.8789516091346741,1.2274591654204414e-07,0.5640021562576294,0.8439059257507324,-0.05111492797732353,0.5217987298965454,0.7566736340522766,-0.08010204136371613,0.4942559599876404,0.6617995500564575,-0.09453574568033218,0.4683767259120941,0.5894074440002441,-0.10732970386743546,0.5828933119773865,0.7332864999771118,-0.1076100766658783,0.5501861572265625,0.6044726371765137,-0.1316644698381424,0.5305121541023254,0.522121787071228,-0.13929864764213562,0.5175991058349609,0.4517830014228821,-0.14403648674488068,0.6206814050674438,0.7096892595291138,-0.08507172763347626,0.5956686735153198,0.5648738145828247,-0.11030729115009308,0.5756348967552185,0.48121392726898193,-0.11314832419157028,0.5588282346725464,0.4176466464996338,-0.11498172581195831,0.6367954611778259,0.6908099055290222,-0.06046551838517189,0.6067418456077576,0.565217137336731,-0.0836237445473671,0.5843283534049988,0.48897314071655273,-0.08787622302770615,0.5611473321914673,0.4347272217273712,-0.08870607614517212,0.6368052959442139,0.6748307943344116,-0.03725342079997063,0.6089431643486023,0.5760847330093384,-0.05431501939892769,0.5876729488372803,0.5229461193084717,-0.05733459070324898,0.566865086555481,0.4864457845687866,-0.058013759553432465,Wrong
0.625828742980957,0.8817833662033081,1.806350411470703e-07,0.561883807182312,0.8443335294723511,-0.05803662911057472,0.5220791697502136,0.7573513388633728,-0.08580806106328964,0.4941961467266083,0.665725827217102,-0.09726513177156448,0.46268579363822937,0.5964187383651733,-0.10587861388921738,0.5962108373641968,0.7035316228866577,-0.09962470829486847,0.5750301480293274,0.5618053674697876,-0.118680439889431,0.5594620108604431,0.4780445694923401,-0.12469576299190521,0.5476057529449463,0.41094180941581726,-0.1272440403699875,0.6282099485397339,0.690598726272583,-0.06873471289873123,0.6009143590927124,0.5548561215400696,-0.08490214496850967,0.5769676566123962,0.4786096513271332,-0.08428941667079926,0.5575571060180664,0.42526066303253174,-0.0835447832942009,0.6377436518669128,0.6822306513786316,-0.03727144002914429,0.6066332459449768,0.5686436891555786,-0.052636466920375824,0.582587480545044,0.49916404485702515,-0.05437488853931427,0.5609933137893677,0.4505555033683777,-0.05339733883738518,0.6339713931083679,0.6742316484451294,-0.008201987482607365,0.6062037944793701,0.5845300555229187,-0.019317878410220146,0.5849663019180298,0.5324843525886536,-0.020491743460297585,0.5659722089767456,0.4956306219100952,-0.019548598676919937,Wrong
0.6249509453773499,0.8768951892852783,2.6478434733689937e-07,0.5559037923812866,0.8505633473396301,-0.06563061475753784,0.5105332136154175,0.7679951190948486,-0.09773367643356323,0.47871291637420654,0.6787708401679993,-0.11269118636846542,0.4432055950164795,0.6099872589111328,-0.12502439320087433,0.5864335298538208,0.6990742683410645,-0.10742583125829697,0.56721031665802,0.562423050403595,-0.12854382395744324,0.5526085495948792,0.48234808444976807,-0.13644924759864807,0.5426356792449951,0.417229562997818,-0.1404547393321991,0.6198843717575073,0.6857380867004395,-0.07417115569114685,0.5910308361053467,0.548444926738739,-0.09248629957437515,0.5672174692153931,0.4737536609172821,-0.09391188621520996,0.5498603582382202,0.42185652256011963,-0.09446021169424057,0.6331026554107666,0.6795672178268433,-0.040675390511751175,0.6005309820175171,0.5674965381622314,-0.056977514177560806,0.571904718875885,0.5036272406578064,-0.05854116380214691,0.5493828058242798,0.4604778289794922,-0.05753430351614952,0.6334094405174255,0.6745917201042175,-0.010558491572737694,0.6008560657501221,0.5869008302688599,-0.023554403334856033,0.5767460465431213,0.5413317680358887,-0.02557850256562233,0.5582744479179382,0.510053813457489,-0.02506047673523426,Wrong
0.6249509453773499,0.8768951892852783,2.6478434733689937e-07,0.5559037923812866,0.8505633473396301,-0.06563061475753784,0.5105332136154175,0.7679951190948486,-0.09773367643356323,0.47871291637420654,0.6787708401679993,-0.11269118636846542,0.4432055950164795,0.6099872589111328,-0.12502439320087433,0.5864335298538208,0.6990742683410645,-0.10742583125829697,0.56721031665802,0.562423050403595,-0.12854382395744324,0.5526085495948792,0.48234808444976807,-0.13644924759864807,0.5426356792449951,0.417229562997818,-0.1404547393321991,0.6198843717575073,0.6857380867004395,-0.07417115569114685,0.5910308361053467,0.548444926738739,-0.09248629957437515,0.5672174692153931,0.4737536609172821,-0.09391188621520996,0.5498603582382202,0.42185652256011963,-0.09446021169424057,0.6331026554107666,0.6795672178268433,-0.040675390511751175,0.6005309820175171,0.5674965381622314,-0.056977514177560806,0.571904718875885,0.5036272406578064,-0.05854116380214691,0.5493828058242798,0.4604778289794922,-0.05753430351614952,0.6334094405174255,0.6745917201042175,-0.010558491572737694,0.6008560657501221,0.5869008302688599,-0.023554403334856033,0.5767460465431213,0.5413317680358887,-0.02557850256562233,0.5582744479179382,0.510053813457489,-0.02506047673523426,Wrong
0.6184642314910889,0.8832409381866455,2.194295802837587e-07,0.5563099384307861,0.8542191982269287,-0.05797417461872101,0.5079050064086914,0.7706959247589111,-0.09356654435396194,0.47528892755508423,0.6808343529701233,-0.11378716677427292,0.44112980365753174,0.6096174716949463,-0.13303762674331665,0.5735911130905151,0.7577921748161316,-0.12957434356212616,0.5540066361427307,0.6194867491722107,-0.16257795691490173,0.5400000214576721,0.5293177366256714,-0.1740362048149109,0.5293909907341003,0.4544432461261749,-0.1801341474056244,0.6139031648635864,0.7341351509094238,-0.10631459206342697,0.5906327962875366,0.5815321803092957,-0.14093127846717834,0.5681326389312744,0.4898602366447449,-0.14769908785820007,0.5489009022712708,0.42306897044181824,-0.15154926478862762,0.6329367756843567,0.7145516276359558,-0.0806860476732254,0.6038787364959717,0.5824822783470154,-0.11204088479280472,0.579132616519928,0.5024939775466919,-0.11933797597885132,0.5545336008071899,0.4490557610988617,-0.12113916873931885,0.6345625519752502,0.6956974267959595,-0.05655069276690483,0.6045976877212524,0.5919593572616577,-0.07936936616897583,0.5825939178466797,0.5347287654876709,-0.0854424387216568,0.5620964169502258,0.4974459409713745,-0.08808590471744537,Wrong
0.6219781041145325,0.8839638233184814,2.413155186786753e-07,0.5565022826194763,0.854180097579956,-0.06287995725870132,0.5093536376953125,0.7695741057395935,-0.09795243293046951,0.47621458768844604,0.6797285079956055,-0.11641912162303925,0.4415367841720581,0.6088013052940369,-0.133259579539299,0.5813149213790894,0.7359944581985474,-0.12535853683948517,0.563123345375061,0.5929582118988037,-0.15535849332809448,0.5494982004165649,0.501862645149231,-0.1662256121635437,0.538906991481781,0.42712515592575073,-0.17180868983268738,0.6181283593177795,0.7160729765892029,-0.09687511622905731,0.5930804014205933,0.569482147693634,-0.12601567804813385,0.5695593953132629,0.48337143659591675,-0.13092856109142303,0.5505850315093994,0.4220700263977051,-0.1336992233991623,0.6332788467407227,0.7019276022911072,-0.06676220893859863,0.6040253043174744,0.5775448679924011,-0.09358250349760056,0.5777335166931152,0.501962423324585,-0.09962845593690872,0.553851842880249,0.45080459117889404,-0.10086119920015335,0.6326623558998108,0.6882211565971375,-0.03879990428686142,0.6035367250442505,0.5906915664672852,-0.05886467918753624,0.5817108750343323,0.5360190868377686,-0.0641525462269783,0.5626183152198792,0.4991338849067688,-0.06607309728860855,Wrong
0.6253605484962463,0.8822946548461914,2.5453013563492277e-07,0.5574589967727661,0.8547903299331665,-0.0691637322306633,0.5106664299964905,0.7724636793136597,-0.10416378080844879,0.4774043560028076,0.6832192540168762,-0.1212499663233757,0.441074013710022,0.6123495697975159,-0.13575290143489838,0.5894508361816406,0.7095239162445068,-0.11710416525602341,0.5708720684051514,0.5686478018760681,-0.14221003651618958,0.556614875793457,0.4838518798351288,-0.15227605402469635,0.5463988184928894,0.41525816917419434,-0.1573122888803482,0.62283855676651,0.6956712603569031,-0.08278866112232208,0.5954236388206482,0.5560635328292847,-0.10405315458774567,0.5714276432991028,0.47751089930534363,-0.10672376304864883,0.5525463223457336,0.422713041305542,-0.10838618874549866,0.6348886489868164,0.6878200173377991,-0.0482730008661747,0.6046613454818726,0.5735995769500732,-0.06804647296667099,0.5788931846618652,0.5029631853103638,-0.07329612225294113,0.5569230914115906,0.4534512162208557,-0.0749826580286026,0.633665919303894,0.6802513599395752,-0.016929203644394875,0.6034930348396301,0.5909337997436523,-0.032689616084098816,0.5817393660545349,0.5397844314575195,-0.037517249584198,0.5634128451347351,0.5022690296173096,-0.03936279937624931,Wrong
0.6250299215316772,0.894488513469696,2.3565597473407252e-07,0.5497254133224487,0.8559840321540833,-0.0530829019844532,0.5031841993331909,0.7694748640060425,-0.08035033941268921,0.4716278910636902,0.6828635931015015,-0.0935840904712677,0.43714019656181335,0.6184191703796387,-0.10523732006549835,0.580533504486084,0.7030859589576721,-0.09516371041536331,0.5666871070861816,0.5645142793655396,-0.11672556400299072,0.5566458106040955,0.4817710518836975,-0.12564392387866974,0.5481240749359131,0.41430169343948364,-0.12984417378902435,0.6163188815116882,0.6962618827819824,-0.06969401240348816,0.5932034254074097,0.5606030821800232,-0.08674580603837967,0.5722814798355103,0.4819057583808899,-0.08876577019691467,0.5536119937896729,0.4258570373058319,-0.09015118330717087,0.630513072013855,0.6956562995910645,-0.04387255758047104,0.6045194864273071,0.5822888612747192,-0.060413651168346405,0.5820931792259216,0.5100457072257996,-0.06559623032808304,0.5608178377151489,0.4579213857650757,-0.06734801083803177,0.6299601197242737,0.6937164664268494,-0.020161913707852364,0.6033090949058533,0.6011915802955627,-0.032671939581632614,0.5834052562713623,0.5479873418807983,-0.036020901054143906,0.5645352602005005,0.5086016654968262,-0.037099938839673996,Wrong
0.616150975227356,0.9008590579032898,7.129263934757546e-08,0.5445041656494141,0.8657926917076111,-0.048136405646800995,0.4951688349246979,0.7809129357337952,-0.06892432272434235,0.4635271728038788,0.6953076124191284,-0.07930269837379456,0.43054550886154175,0.6332836151123047,-0.08709154278039932,0.5697792172431946,0.6831731200218201,-0.057672206312417984,0.5564423203468323,0.5654696226119995,-0.07495177537202835,0.5465234518051147,0.49162280559539795,-0.08687666058540344,0.5382222533226013,0.43087834119796753,-0.09441269189119339,0.6021425127983093,0.6733157634735107,-0.03759283199906349,0.5809137225151062,0.5548129677772522,-0.05110988765954971,0.5646028518676758,0.48226866126060486,-0.056508831679821014,0.5505713820457458,0.4251548647880554,-0.06071629002690315,0.6168449521064758,0.6717246174812317,-0.020178575068712234,0.5947490930557251,0.5633094906806946,-0.03520478308200836,0.5797250270843506,0.499210000038147,-0.04213574528694153,0.5639920234680176,0.44779300689697266,-0.04543257877230644,0.6196469664573669,0.6721832752227783,-0.005915043409913778,0.5980369448661804,0.5798006653785706,-0.018554775044322014,0.5835015773773193,0.5289093852043152,-0.023347001522779465,0.5694635510444641,0.48698750138282776,-0.02551175095140934,Wrong
0.616150975227356,0.9008590579032898,7.129263934757546e-08,0.5445041656494141,0.8657926917076111,-0.048136405646800995,0.4951688349246979,0.7809129357337952,-0.06892432272434235,0.4635271728038788,0.6953076124191284,-0.07930269837379456,0.43054550886154175,0.6332836151123047,-0.08709154278039932,0.5697792172431946,0.6831731200218201,-0.057672206312417984,0.5564423203468323,0.5654696226119995,-0.07495177537202835,0.5465234518051147,0.49162280559539795,-0.08687666058540344,0.5382222533226013,0.43087834119796753,-0.09441269189119339,0.6021425127983093,0.6733157634735107,-0.03759283199906349,0.5809137225151062,0.5548129677772522,-0.05110988765954971,0.5646028518676758,0.48226866126060486,-0.056508831679821014,0.5505713820457458,0.4251548647880554,-0.06071629002690315,0.6168449521064758,0.6717246174812317,-0.020178575068712234,0.5947490930557251,0.5633094906806946,-0.03520478308200836,0.5797250270843506,0.499210000038147,-0.04213574528694153,0.5639920234680176,0.44779300689697266,-0.04543257877230644,0.6196469664573669,0.6721832752227783,-0.005915043409913778,0.5980369448661804,0.5798006653785706,-0.018554775044322014,0.5835015773773193,0.5289093852043152,-0.023347001522779465,0.5694635510444641,0.48698750138282776,-0.02551175095140934,Wrong
0.6193722486495972,0.8840665817260742,1.890826695216674e-07,0.5383967161178589,0.870143711566925,-0.05197250097990036,0.4818865954875946,0.789368748664856,-0.07032188773155212,0.4473496675491333,0.7014884352684021,-0.07695616781711578,0.41382336616516113,0.6384633183479309,-0.0797204077243805,0.5534960031509399,0.649846076965332,-0.044940728694200516,0.5404034852981567,0.5384482145309448,-0.05348654091358185,0.5332188606262207,0.4731341004371643,-0.061242833733558655,0.5276299118995667,0.42286065220832825,-0.06597354263067245,0.5908501148223877,0.6348253488540649,-0.019500507041811943,0.5718808770179749,0.5247529149055481,-0.022678010165691376,0.555152416229248,0.4605538249015808,-0.024327678605914116,0.5424128770828247,0.4147089421749115,-0.02594393864274025,0.611228346824646,0.633948802947998,0.0021779686212539673,0.590890645980835,0.5330157279968262,-0.0036116803530603647,0.5749385356903076,0.4774414896965027,-0.00858125276863575,0.5602736473083496,0.43297213315963745,-0.011027994565665722,0.6210811734199524,0.6402298808097839,0.02006440982222557,0.6004192233085632,0.5531056523323059,0.015499657019972801,0.5860463380813599,0.5064122676849365,0.01304161548614502,0.572672963142395,0.46640121936798096,0.012349160388112068,Wrong
0.6060956120491028,0.8932657241821289,1.755592649033133e-07,0.5271984934806824,0.8691549301147461,-0.04731055721640587,0.4716120660305023,0.7916945815086365,-0.06688570976257324,0.4320007562637329,0.7087558507919312,-0.07512690126895905,0.3955918550491333,0.6495802998542786,-0.07987568527460098,0.5394837856292725,0.6646608710289001,-0.051643386483192444,0.5315420031547546,0.546143114566803,-0.06176600232720375,0.5253042578697205,0.47941142320632935,-0.06746364384889603,0.5213561654090881,0.4266549348831177,-0.07056929916143417,0.5770627856254578,0.6440773010253906,-0.027412036433815956,0.5644111633300781,0.5215808153152466,-0.034280743449926376,0.5548176169395447,0.4538135528564453,-0.03352006524801254,0.5485354661941528,0.40253883600234985,-0.032980017364025116,0.6014522314071655,0.6406520009040833,-0.0058449008502066135,0.5899668335914612,0.5296800136566162,-0.012659192085266113,0.5814204812049866,0.47026216983795166,-0.016598498448729515,0.5724086165428162,0.4214932322502136,-0.018346792086958885,0.616703987121582,0.6474831700325012,0.012522954493761063,0.6047600507736206,0.5607270002365112,0.010115589946508408,0.5942742228507996,0.5167567729949951,0.00889632198959589,0.5851449370384216,0.48066073656082153,0.008283877745270729,Wrong
0.6042532324790955,0.8983505964279175,2.7887719511454634e-07,0.5217543244361877,0.8658162355422974,-0.04138774424791336,0.4646033048629761,0.7902249693870544,-0.0620221309363842,0.4248408079147339,0.704355001449585,-0.07271052151918411,0.38500338792800903,0.6461642980575562,-0.08018004149198532,0.5346161723136902,0.6713447570800781,-0.0526571050286293,0.5297792553901672,0.5441997051239014,-0.06448955088853836,0.5240459442138672,0.47407132387161255,-0.06960996240377426,0.5209962129592896,0.41761571168899536,-0.07193366438150406,0.5765040516853333,0.654233455657959,-0.031205471605062485,0.5655627846717834,0.5230836868286133,-0.04331540688872337,0.5582412481307983,0.4498714208602905,-0.04373757541179657,0.5552104711532593,0.39526236057281494,-0.04286528006196022,0.6071484684944153,0.6535888314247131,-0.011063998565077782,0.5982862710952759,0.5388758182525635,-0.018915552645921707,0.5919415950775146,0.4749904274940491,-0.020650090649724007,0.584013044834137,0.42764830589294434,-0.020101098343729973,0.629959762096405,0.663323163986206,0.006299319677054882,0.6238020658493042,0.5774866342544556,0.005590759217739105,0.6143113374710083,0.5319699645042419,0.006878104526549578,0.6047927737236023,0.4981544315814972,0.00874058622866869,Wrong
0.6015569567680359,0.8929619193077087,2.9235758347567753e-07,0.5194713473320007,0.8578777313232422,-0.032477471977472305,0.46171343326568604,0.7827664613723755,-0.05033241584897041,0.41853761672973633,0.6997442245483398,-0.06107814982533455,0.37605518102645874,0.6467532515525818,-0.06960645318031311,0.5315623879432678,0.6627104878425598,-0.04172906652092934,0.5234371423721313,0.5422599911689758,-0.0509185865521431,0.5191482305526733,0.4750354588031769,-0.05445126071572304,0.5179210305213928,0.4213656783103943,-0.05657064914703369,0.5740271806716919,0.6475263237953186,-0.027710767462849617,0.5636652708053589,0.5195368528366089,-0.03998081386089325,0.5591779351234436,0.4463275074958801,-0.0431155301630497,0.5601285696029663,0.3921010494232178,-0.04442089796066284,0.607309103012085,0.6524531245231628,-0.014626342803239822,0.6040056943893433,0.5389938354492188,-0.023471541702747345,0.6022719144821167,0.47382059693336487,-0.028293384239077568,0.5989755392074585,0.4253411889076233,-0.03008447401225567,0.6345612406730652,0.6697648167610168,-0.0035600450355559587,0.6362006664276123,0.5840400457382202,-0.005494439974427223,0.6318795084953308,0.5351938009262085,-0.006350856274366379,0.6264915466308594,0.49633458256721497,-0.00636691739782691,Wrong
0.6015569567680359,0.8929619193077087,2.9235758347567753e-07,0.5194713473320007,0.8578777313232422,-0.032477471977472305,0.46171343326568604,0.7827664613723755,-0.05033241584897041,0.41853761672973633,0.6997442245483398,-0.06107814982533455,0.37605518102645874,0.6467532515525818,-0.06960645318031311,0.5315623879432678,0.6627104878425598,-0.04172906652092934,0.5234371423721313,0.5422599911689758,-0.0509185865521431,0.5191482305526733,0.4750354588031769,-0.05445126071572304,0.5179210305213928,0.4213656783103943,-0.05657064914703369,0.5740271806716919,0.6475263237953186,-0.027710767462849617,0.5636652708053589,0.5195368528366089,-0.03998081386089325,0.5591779351234436,0.4463275074958801,-0.0431155301630497,0.5601285696029663,0.3921010494232178,-0.04442089796066284,0.607309103012085,0.6524531245231628,-0.014626342803239822,0.6040056943893433,0.5389938354492188,-0.023471541702747345,0.6022719144821167,0.47382059693336487,-0.028293384239077568,0.5989755392074585,0.4253411889076233,-0.03008447401225567,0.6345612406730652,0.6697648167610168,-0.0035600450355559587,0.6362006664276123,0.5840400457382202,-0.005494439974427223,0.6318795084953308,0.5351938009262085,-0.006350856274366379,0.6264915466308594,0.49633458256721497,-0.00636691739782691,Wrong
0.6139776706695557,0.8876591920852661,2.1951373696538212e-07,0.5307480096817017,0.8523910045623779,-0.023648619651794434,0.46922096610069275,0.7781875133514404,-0.03876323625445366,0.4206131100654602,0.7058069109916687,-0.05047108232975006,0.37697380781173706,0.6654064059257507,-0.06164266914129257,0.5387556552886963,0.6552044749259949,-0.02649763785302639,0.5201497077941895,0.5456108450889587,-0.03464008867740631,0.5119305849075317,0.487604022026062,-0.04141136258840561,0.507033109664917,0.44024455547332764,-0.04695352539420128,0.5801445245742798,0.640400230884552,-0.020778954029083252,0.5652042031288147,0.5196264982223511,-0.028205787762999535,0.5595387816429138,0.4487597644329071,-0.034176304936409,0.5587539672851562,0.39664679765701294,-0.03965342044830322,0.6163105368614197,0.6472163200378418,-0.016694990918040276,0.6064974665641785,0.5359419584274292,-0.022684939205646515,0.6027249693870544,0.4701375961303711,-0.031875625252723694,0.5982698798179626,0.42062023282051086,-0.03918745368719101,0.6489444375038147,0.6682496666908264,-0.014419058337807655,0.6516090631484985,0.5856623649597168,-0.017148567363619804,0.6504450440406799,0.5385422706604004,-0.020829735323786736,0.6480091214179993,0.5006136894226074,-0.02425338141620159,Wrong
0.6215137243270874,0.8871631622314453,1.9884308244400017e-07,0.5391430258750916,0.8561003804206848,-0.018422644585371017,0.47568967938423157,0.7938095331192017,-0.03324802592396736,0.4268121123313904,0.7362043261528015,-0.04578866437077522,0.3866155743598938,0.7034623026847839,-0.05898610129952431,0.5431385040283203,0.6642614603042603,-0.028499657288193703,0.5133240818977356,0.5591934323310852,-0.03834768384695053,0.5013524293899536,0.4988730549812317,-0.04572528973221779,0.49522364139556885,0.4498322308063507,-0.05184900760650635,0.5867583751678467,0.6497024893760681,-0.027579598128795624,0.5715748071670532,0.5324548482894897,-0.03601844608783722,0.5662773847579956,0.4627571105957031,-0.04335377737879753,0.5669571757316589,0.4113714396953583,-0.050299547612667084,0.6262742280960083,0.6578795909881592,-0.027662944048643112,0.6214116215705872,0.5501651167869568,-0.03526788204908371,0.6207575798034668,0.4825204610824585,-0.04710378125309944,0.6199052929878235,0.4306145906448364,-0.05677023530006409,0.6628048419952393,0.6803103089332581,-0.02881782501935959,0.6700100898742676,0.598079264163971,-0.03509056568145752,0.6701610088348389,0.5478190183639526,-0.04088699817657471,0.6676984429359436,0.5047447681427002,-0.04565395414829254,Wrong
0.6183199286460876,0.8867571353912354,2.2865975779495784e-07,0.5354360938072205,0.8549033403396606,-0.018090467900037766,0.4715971052646637,0.7917917966842651,-0.03307463973760605,0.42135876417160034,0.7331396341323853,-0.045556336641311646,0.37996935844421387,0.7005261778831482,-0.05848429724574089,0.5398882627487183,0.6638876795768738,-0.029545390978455544,0.5106092691421509,0.5569660663604736,-0.03834850713610649,0.4981587529182434,0.496507465839386,-0.044163890182971954,0.4907686412334442,0.44712936878204346,-0.049078814685344696,0.5838939547538757,0.6494139432907104,-0.027818994596600533,0.5689166188240051,0.5299354195594788,-0.03653789311647415,0.5628160238265991,0.4593733847141266,-0.04302072152495384,0.5621390342712402,0.40719908475875854,-0.04898865148425102,0.623386561870575,0.6566669344902039,-0.026684151962399483,0.6190440654754639,0.5471630692481995,-0.0337916724383831,0.6177663207054138,0.4793507754802704,-0.04449866712093353,0.615507960319519,0.428325891494751,-0.05302327871322632,0.6593144536018372,0.6780312061309814,-0.02648799866437912,0.6669273972511292,0.5941583514213562,-0.03110785037279129,0.6667811870574951,0.5434833765029907,-0.0355539470911026,0.6635161638259888,0.5011734962463379,-0.03929781913757324,Wrong
0.6190325617790222,0.8881337642669678,2.1837190899987036e-07,0.5349392294883728,0.856164813041687,-0.016657397150993347,0.47064679861068726,0.7919565439224243,-0.030637670308351517,0.4210973381996155,0.7328323125839233,-0.0424477718770504,0.38077688217163086,0.6993330717086792,-0.054736681282520294,0.5395388603210449,0.664254367351532,-0.027397016063332558,0.5105918049812317,0.5568047165870667,-0.035893090069293976,0.4980573356151581,0.4961864948272705,-0.041605908423662186,0.49098801612854004,0.4471282362937927,-0.04643712565302849,0.5836150050163269,0.6501904129981995,-0.026565322652459145,0.569321870803833,0.529488205909729,-0.03435004502534866,0.5633799433708191,0.45823317766189575,-0.04048783704638481,0.5630338191986084,0.40614303946495056,-0.0463683158159256,0.6233898997306824,0.6575289964675903,-0.026445575058460236,0.6195636987686157,0.5468795895576477,-0.033117879182100296,0.6186917424201965,0.47932153940200806,-0.043897390365600586,0.616824746131897,0.4289019703865051,-0.05256382003426552,0.6598528623580933,0.6791076064109802,-0.02721584215760231,0.6677060723304749,0.5947908759117126,-0.03194655105471611,0.6676298379898071,0.5437057018280029,-0.0366893969476223,0.663917064666748,0.5009521245956421,-0.04065216705203056,Wrong
0.6185850501060486,0.8892339468002319,2.1720586573792389e-07,0.5342711210250854,0.8566415905952454,-0.016591668128967285,0.47058355808258057,0.7926461100578308,-0.030423123389482498,0.42073702812194824,0.7332839965820312,-0.04199083149433136,0.38002699613571167,0.6995323896408081,-0.05402947589755058,0.539601743221283,0.6642013788223267,-0.02727261371910572,0.5105112791061401,0.5564497113227844,-0.03514384478330612,0.4984665513038635,0.4956215023994446,-0.04019947722554207,0.49171870946884155,0.4460364580154419,-0.04466816782951355,0.5837851762771606,0.6497569680213928,-0.025854695588350296,0.5692976117134094,0.5294000506401062,-0.03378792107105255,0.5640068650245667,0.45855748653411865,-0.0397445484995842,0.5642815232276917,0.40629827976226807,-0.04537096619606018,0.6235891580581665,0.657600998878479,-0.024988451972603798,0.6197325587272644,0.5482690334320068,-0.03150121122598648,0.6191471815109253,0.4805033802986145,-0.04202758148312569,0.6175326108932495,0.4292662739753723,-0.050419192761182785,0.66004878282547,0.6799874305725098,-0.02495400421321392,0.6682505011558533,0.5961178541183472,-0.029100462794303894,0.668245792388916,0.54510498046875,-0.03344916179776192,0.6647074818611145,0.5022817850112915,-0.03712952882051468,Wrong
0.6178851127624512,0.8875178098678589,2.194891237650154e-07,0.5338027477264404,0.8559877276420593,-0.016526374965906143,0.47000592947006226,0.7917594313621521,-0.02972617745399475,0.42028576135635376,0.7325822710990906,-0.04074754938483238,0.3797569274902344,0.6990879774093628,-0.052202560007572174,0.5386930108070374,0.6621952056884766,-0.025262586772441864,0.5104299187660217,0.555887758731842,-0.03252136707305908,0.49834001064300537,0.4954414963722229,-0.03763092681765556,0.49138176441192627,0.446097731590271,-0.04227806255221367,0.5825828909873962,0.6478915810585022,-0.023941190913319588,0.5690343379974365,0.5290161371231079,-0.031142309308052063,0.5636088848114014,0.45832493901252747,-0.03712015226483345,0.5635711550712585,0.4060627222061157,-0.04292534291744232,0.6222813725471497,0.6554086804389954,-0.02337523177266121,0.6191641688346863,0.5469142198562622,-0.02942441590130329,0.6184982657432556,0.479546457529068,-0.04015904292464256,0.6166186928749084,0.4284617602825165,-0.04884027689695358,0.658673107624054,0.6773431897163391,-0.023729398846626282,0.6671038866043091,0.5943694710731506,-0.02764325775206089,0.6670238971710205,0.5437912344932556,-0.032287903130054474,0.6633182764053345,0.5013344287872314,-0.0363265797495842,Wrong
0.6178851127624512,0.8875178098678589,2.194891237650154e-07,0.5338027477264404,0.8559877276420593,-0.016526374965906143,0.47000592947006226,0.7917594313621521,-0.02972617745399475,0.42028576135635376,0.7325822710990906,-0.04074754938483238,0.3797569274902344,0.6990879774093628,-0.052202560007572174,0.5386930108070374,0.6621952056884766,-0.025262586772441864,0.5104299187660217,0.555887758731842,-0.03252136707305908,0.49834001064300537,0.4954414963722229,-0.03763092681765556,0.49138176441192627,0.446097731590271,-0.04227806255221367,0.5825828909873962,0.6478915810585022,-0.023941190913319588,0.5690343379974365,0.5290161371231079,-0.031142309308052063,0.5636088848114014,0.45832493901252747,-0.03712015226483345,0.5635711550712585,0.4060627222061157,-0.04292534291744232,0.6222813725471497,0.6554086804389954,-0.02337523177266121,0.6191641688346863,0.5469142198562622,-0.02942441590130329,0.6184982657432556,0.479546457529068,-0.04015904292464256,0.6166186928749084,0.4284617602825165,-0.04884027689695358,0.658673107624054,0.6773431897163391,-0.023729398846626282,0.6671038866043091,0.5943694710731506,-0.02764325775206089,0.6670238971710205,0.5437912344932556,-0.032287903130054474,0.6633182764053345,0.5013344287872314,-0.0363265797495842,Wrong
0.6190396547317505,0.8865582942962646,2.2718363368312566e-07,0.5352066159248352,0.854868471622467,-0.016802871599793434,0.4708912968635559,0.7910143136978149,-0.030947815626859665,0.4210323691368103,0.7318862676620483,-0.0427299365401268,0.3800811767578125,0.6995501518249512,-0.05498906597495079,0.5395748615264893,0.6636835932731628,-0.02813667245209217,0.5113521814346313,0.5567419528961182,-0.03656568005681038,0.49946409463882446,0.4962958097457886,-0.04213082045316696,0.49255043268203735,0.44700974225997925,-0.04688069596886635,0.5836396217346191,0.6490782499313354,-0.02676832489669323,0.5690088868141174,0.5293701887130737,-0.03537426516413689,0.5632680654525757,0.4586215615272522,-0.041598349809646606,0.5630114674568176,0.40615516901016235,-0.047235723584890366,0.623347818851471,0.6562244296073914,-0.025905324146151543,0.6192445158958435,0.5469650030136108,-0.03281465172767639,0.6182187795639038,0.479153037071228,-0.043244972825050354,0.616227388381958,0.4279821813106537,-0.05141554772853851,0.6595698595046997,0.6781443953514099,-0.025884004309773445,0.6673120856285095,0.5943410992622375,-0.030173948034644127,0.6669363975524902,0.5433128476142883,-0.03434936702251434,0.6634871959686279,0.5007501244544983,-0.037811536341905594,Wrong
0.6200447082519531,0.8889110684394836,2.2363636276168108e-07,0.5355990529060364,0.8571007251739502,-0.017415350303053856,0.4713905453681946,0.7927886247634888,-0.03148402273654938,0.42130428552627563,0.732382595539093,-0.042918551713228226,0.38056185841560364,0.6983272433280945,-0.05468320846557617,0.5407259464263916,0.6647947430610657,-0.028848154470324516,0.5119228363037109,0.5564818382263184,-0.03656869754195213,0.4995400607585907,0.49543648958206177,-0.04133905470371246,0.4925132393836975,0.4459390342235565,-0.04557110741734505,0.5847954750061035,0.649996280670166,-0.02663506753742695,0.5701692700386047,0.5293141007423401,-0.034857116639614105,0.5645757913589478,0.45800209045410156,-0.04052256792783737,0.5646677613258362,0.40536606311798096,-0.04580814763903618,0.6242233514785767,0.6568717956542969,-0.024911046028137207,0.6203148365020752,0.5473403334617615,-0.03159940615296364,0.6195068955421448,0.4793664515018463,-0.04199502244591713,0.6177049875259399,0.4280585050582886,-0.05015486106276512,0.6599856019020081,0.6783173084259033,-0.024027669802308083,0.6681928634643555,0.5946856141090393,-0.02800402045249939,0.6681698560714722,0.5439631342887878,-0.032279666513204575,0.6648586988449097,0.501742959022522,-0.035899192094802856,Wrong
0.6207302212715149,0.8876610994338989,2.3413772964886448e-07,0.5362042188644409,0.8568512201309204,-0.01586109958589077,0.47216519713401794,0.7922167181968689,-0.029343310743570328,0.4219617247581482,0.7321369647979736,-0.04062343016266823,0.3808031678199768,0.6994890570640564,-0.05231855437159538,0.5396869778633118,0.6645638346672058,-0.02633369155228138,0.5123909711837769,0.5556665062904358,-0.03436366096138954,0.5012529492378235,0.49496662616729736,-0.03960151597857475,0.4954558312892914,0.4461582601070404,-0.04404396936297417,0.5837583541870117,0.6495608687400818,-0.025209039449691772,0.5698179006576538,0.5283986926078796,-0.03274144232273102,0.5649267435073853,0.45758360624313354,-0.03834310173988342,0.5659140944480896,0.40594157576560974,-0.04361201450228691,0.6238877773284912,0.6562308669090271,-0.024691924452781677,0.6198587417602539,0.5455648303031921,-0.030689027160406113,0.618837296962738,0.4780266284942627,-0.04081675037741661,0.6171332597732544,0.42744138836860657,-0.04895779862999916,0.6608601808547974,0.6777778267860413,-0.02499661222100258,0.6689445376396179,0.5937795042991638,-0.0286110769957304,0.6688834428787231,0.5431777834892273,-0.032689690589904785,0.6656421422958374,0.5008748173713684,-0.03621436655521393,Wrong
0.6202420592308044,0.887527585029602,2.3285144834517268e-07,0.5356156826019287,0.855445921421051,-0.015885522589087486,0.4716835021972656,0.7906115055084229,-0.029602298513054848,0.4215962886810303,0.7306976318359375,-0.04093995690345764,0.38042575120925903,0.6986194849014282,-0.052655238658189774,0.5408587455749512,0.6642005443572998,-0.02763412520289421,0.512451708316803,0.5557092428207397,-0.03525489196181297,0.5002573728561401,0.4954904317855835,-0.03987574204802513,0.4935305416584015,0.44676443934440613,-0.04386520758271217,0.5849184393882751,0.6501495838165283,-0.02605610340833664,0.5701231956481934,0.5286267995834351,-0.03417428210377693,0.5643070936203003,0.4573903977870941,-0.03963525965809822,0.5642479658126831,0.4050886034965515,-0.04459765926003456,0.6243370175361633,0.6574200391769409,-0.02478468418121338,0.6207160353660583,0.5472865700721741,-0.031125612556934357,0.6199895143508911,0.47933536767959595,-0.041045647114515305,0.6182169914245605,0.4285792410373688,-0.048728715628385544,0.6600779294967651,0.679132342338562,-0.024205192923545837,0.6678189039230347,0.5944851040840149,-0.02777235582470894,0.6674467325210571,0.5435048937797546,-0.0314166322350502,0.6640068292617798,0.5013550519943237,-0.03443622216582298,Wrong
0.6202420592308044,0.887527585029602,2.3285144834517268e-07,0.5356156826019287,0.855445921421051,-0.015885522589087486,0.4716835021972656,0.7906115055084229,-0.029602298513054848,0.4215962886810303,0.7306976318359375,-0.04093995690345764,0.38042575120925903,0.6986194849014282,-0.052655238658189774,0.5408587455749512,0.6642005443572998,-0.02763412520289421,0.512451708316803,0.5557092428207397,-0.03525489196181297,0.5002573728561401,0.4954904317855835,-0.03987574204802513,0.4935305416584015,0.44676443934440613,-0.04386520758271217,0.5849184393882751,0.6501495838165283,-0.02605610340833664,0.5701231956481934,0.5286267995834351,-0.03417428210377693,0.5643070936203003,0.4573903977870941,-0.03963525965809822,0.5642479658126831,0.4050886034965515,-0.04459765926003456,0.6243370175361633,0.6574200391769409,-0.02478468418121338,0.6207160353660583,0.5472865700721741,-0.031125612556934357,0.6199895143508911,0.47933536767959595,-0.041045647114515305,0.6182169914245605,0.4285792410373688,-0.048728715628385544,0.6600779294967651,0.679132342338562,-0.024205192923545837,0.6678189039230347,0.5944851040840149,-0.02777235582470894,0.6674467325210571,0.5435048937797546,-0.0314166322350502,0.6640068292617798,0.5013550519943237,-0.03443622216582298,Wrong
0.6202420592308044,0.887527585029602,2.3285144834517268e-07,0.5356156826019287,0.855445921421051,-0.015885522589087486,0.4716835021972656,0.7906115055084229,-0.029602298513054848,0.4215962886810303,0.7306976318359375,-0.04093995690345764,0.38042575120925903,0.6986194849014282,-0.052655238658189774,0.5408587455749512,0.6642005443572998,-0.02763412520289421,0.512451708316803,0.5557092428207397,-0.03525489196181297,0.5002573728561401,0.4954904317855835,-0.03987574204802513,0.4935305416584015,0.44676443934440613,-0.04386520758271217,0.5849184393882751,0.6501495838165283,-0.02605610340833664,0.5701231956481934,0.5286267995834351,-0.03417428210377693,0.5643070936203003,0.4573903977870941,-0.03963525965809822,0.5642479658126831,0.4050886034965515,-0.04459765926003456,0.6243370175361633,0.6574200391769409,-0.02478468418121338,0.6207160353660583,0.5472865700721741,-0.031125612556934357,0.6199895143508911,0.47933536767959595,-0.041045647114515305,0.6182169914245605,0.4285792410373688,-0.048728715628385544,0.6600779294967651,0.679132342338562,-0.024205192923545837,0.6678189039230347,0.5944851040840149,-0.02777235582470894,0.6674467325210571,0.5435048937797546,-0.0314166322350502,0.6640068292617798,0.5013550519943237,-0.03443622216582298,Wrong
0.6169546246528625,0.88532555103302,2.0030053349273658e-07,0.5350192189216614,0.8522914052009583,-0.017528263852000237,0.4721226096153259,0.7886450886726379,-0.03236062452197075,0.423648476600647,0.7286275029182434,-0.04510078206658363,0.3849450349807739,0.6934771537780762,-0.05848836898803711,0.5402929186820984,0.6602018475532532,-0.028839053586125374,0.5115118026733398,0.5511903762817383,-0.03920731693506241,0.5002949833869934,0.48965179920196533,-0.04623960331082344,0.49490708112716675,0.4403705894947052,-0.051800891757011414,0.5831459760665894,0.6469137668609619,-0.02817492187023163,0.5696699619293213,0.5264154672622681,-0.036639194935560226,0.564864993095398,0.455288290977478,-0.043691106140613556,0.566182017326355,0.40374892950057983,-0.05033928528428078,0.6224568486213684,0.655870795249939,-0.02843286283314228,0.6188809275627136,0.5448542833328247,-0.03588011488318443,0.6188392639160156,0.47600409388542175,-0.047903526574373245,0.6187794208526611,0.42420777678489685,-0.05766766518354416,0.6594552397727966,0.6793034672737122,-0.02967674285173416,0.6679391264915466,0.5955024361610413,-0.03597734868526459,0.6688129305839539,0.5442219972610474,-0.0422566719353199,0.6669166684150696,0.5006563663482666,-0.04729386791586876,Wrong
0.6180066466331482,0.8852490782737732,2.0614298534837872e-07,0.5352572202682495,0.8524357676506042,-0.017327161505818367,0.47202110290527344,0.786401093006134,-0.031182488426566124,0.42292746901512146,0.7255059480667114,-0.04312710836529732,0.3829699754714966,0.691103458404541,-0.05569960176944733,0.539659857749939,0.6583949327468872,-0.026083823293447495,0.511572539806366,0.5497266054153442,-0.03535391017794609,0.5002954006195068,0.4882173240184784,-0.042214538902044296,0.4946090579032898,0.4388647973537445,-0.0478874109685421,0.582708477973938,0.6445981860160828,-0.025643382221460342,0.5699069499969482,0.5241751670837402,-0.032164208590984344,0.5652159452438354,0.45273590087890625,-0.03883937746286392,0.5662563443183899,0.4011990427970886,-0.04567525535821915,0.6222802400588989,0.6529093980789185,-0.02637334354221821,0.6186912059783936,0.5420591235160828,-0.032517291605472565,0.6183882355690002,0.473672091960907,-0.044591739773750305,0.6176300048828125,0.422513484954834,-0.05484720319509506,0.6593862175941467,0.6754065752029419,-0.02822325937449932,0.6682286858558655,0.5930449366569519,-0.03386422619223595,0.6692672371864319,0.542227029800415,-0.04036542773246765,0.6668211221694946,0.4987831711769104,-0.045906323939561844,Wrong
0.6184418797492981,0.8813891410827637,2.2122274856428703e-07,0.5353107452392578,0.8483492136001587,-0.016633672639727592,0.4720277488231659,0.7823137044906616,-0.030302632600069046,0.4233020544052124,0.7228649258613586,-0.04229200258851051,0.38281357288360596,0.6901100873947144,-0.0549246221780777,0.5391267538070679,0.6557184457778931,-0.02511700987815857,0.5122948288917542,0.5487291216850281,-0.034664031118154526,0.5012301206588745,0.48769640922546387,-0.04160575196146965,0.4949372410774231,0.43869325518608093,-0.04730815067887306,0.5827597975730896,0.6420900821685791,-0.025568915531039238,0.5708897709846497,0.5222494602203369,-0.03289239481091499,0.56638503074646,0.45136308670043945,-0.03967127576470375,0.5668574571609497,0.40002113580703735,-0.04629785940051079,0.6230518817901611,0.6503229737281799,-0.027246104553341866,0.6204842925071716,0.5405128002166748,-0.033975012600421906,0.6201292872428894,0.47278204560279846,-0.04568175598978996,0.6188644170761108,0.4220781922340393,-0.055373188108205795,0.6605608463287354,0.6732379198074341,-0.030032768845558167,0.6695563793182373,0.5906090140342712,-0.03573305159807205,0.6700196862220764,0.5396757125854492,-0.04162278398871422,0.6666114330291748,0.4962905943393707,-0.04657619446516037,Wrong
0.6184418797492981,0.8813891410827637,2.2122274856428703e-07,0.5353107452392578,0.8483492136001587,-0.016633672639727592,0.4720277488231659,0.7823137044906616,-0.030302632600069046,0.4233020544052124,0.7228649258613586,-0.04229200258851051,0.38281357288360596,0.6901100873947144,-0.0549246221780777,0.5391267538070679,0.6557184457778931,-0.02511700987815857,0.5122948288917542,0.5487291216850281,-0.034664031118154526,0.5012301206588745,0.48769640922546387,-0.04160575196146965,0.4949372410774231,0.43869325518608093,-0.04730815067887306,0.5827597975730896,0.6420900821685791,-0.025568915531039238,0.5708897709846497,0.5222494602203369,-0.03289239481091499,0.56638503074646,0.45136308670043945,-0.03967127576470375,0.5668574571609497,0.40002113580703735,-0.04629785940051079,0.6230518817901611,0.6503229737281799,-0.027246104553341866,0.6204842925071716,0.5405128002166748,-0.033975012600421906,0.6201292872428894,0.47278204560279846,-0.04568175598978996,0.6188644170761108,0.4220781922340393,-0.055373188108205795,0.6605608463287354,0.6732379198074341,-0.030032768845558167,0.6695563793182373,0.5906090140342712,-0.03573305159807205,0.6700196862220764,0.5396757125854492,-0.04162278398871422,0.6666114330291748,0.4962905943393707,-0.04657619446516037,Wrong
0.6154127717018127,0.8785977363586426,1.9346971669165214e-07,0.5355609655380249,0.8436833620071411,-0.01885666511952877,0.4732428193092346,0.7787960767745972,-0.03464469313621521,0.4246208667755127,0.7201917171478271,-0.04815634340047836,0.38561052083969116,0.6855506896972656,-0.062455516308546066,0.541862428188324,0.6525830030441284,-0.03167090192437172,0.5132988095283508,0.5438650250434875,-0.04304658621549606,0.5022645592689514,0.4817315340042114,-0.050601400434970856,0.49713173508644104,0.43234121799468994,-0.056532442569732666,0.5846717953681946,0.639675498008728,-0.030949817970395088,0.571315348148346,0.5190162658691406,-0.040188852697610855,0.5666141510009766,0.4477185010910034,-0.04768729582428932,0.5678009986877441,0.3965148329734802,-0.05475829541683197,0.6240429878234863,0.6492390632629395,-0.031211720779538155,0.6207709312438965,0.5374846458435059,-0.03952475264668465,0.6207550168037415,0.46796220541000366,-0.05222921818494797,0.6205616593360901,0.4153628945350647,-0.06263039261102676,0.6611880660057068,0.6732538342475891,-0.03251798823475838,0.6705491542816162,0.5893648862838745,-0.04033063352108002,0.6720384359359741,0.5375306606292725,-0.047646187245845795,0.6705019474029541,0.4930559992790222,-0.05342977121472359,Wrong
0.6169717907905579,0.8764063119888306,2.0507462750174454e-07,0.5356429815292358,0.8436455726623535,-0.018178269267082214,0.4726264476776123,0.7797387838363647,-0.03313267230987549,0.42473137378692627,0.7210236191749573,-0.046011704951524734,0.38583603501319885,0.686771035194397,-0.059689272195100784,0.5405886173248291,0.6518361568450928,-0.029968269169330597,0.5125219821929932,0.5442377328872681,-0.04136878252029419,0.5014497637748718,0.48243075609207153,-0.04926859214901924,0.49601688981056213,0.4327143132686615,-0.05551765114068985,0.5835238099098206,0.6385525465011597,-0.029879581183195114,0.5709726810455322,0.5187386274337769,-0.03928948938846588,0.5670868754386902,0.4475870728492737,-0.04701093211770058,0.5688014030456543,0.39528435468673706,-0.054199788719415665,0.6233183145523071,0.6475328207015991,-0.030904438346624374,0.6202617883682251,0.5375184416770935,-0.03945806249976158,0.6206600666046143,0.4686555862426758,-0.0521317794919014,0.6207034587860107,0.41613948345184326,-0.06236599013209343,0.6610425710678101,0.6709083318710327,-0.03301692754030228,0.6697711944580078,0.5874511003494263,-0.0406951867043972,0.6707459688186646,0.535984992980957,-0.047738660126924515,0.6687396168708801,0.4919823706150055,-0.053295671939849854,Wrong
0.6169717907905579,0.8764063119888306,2.0507462750174454e-07,0.5356429815292358,0.8436455726623535,-0.018178269267082214,0.4726264476776123,0.7797387838363647,-0.03313267230987549,0.42473137378692627,0.7210236191749573,-0.046011704951524734,0.38583603501319885,0.686771035194397,-0.059689272195100784,0.5405886173248291,0.6518361568450928,-0.029968269169330597,0.5125219821929932,0.5442377328872681,-0.04136878252029419,0.5014497637748718,0.48243075609207153,-0.04926859214901924,0.49601688981056213,0.4327143132686615,-0.05551765114068985,0.5835238099098206,0.6385525465011597,-0.029879581183195114,0.5709726810455322,0.5187386274337769,-0.03928948938846588,0.5670868754386902,0.4475870728492737,-0.04701093211770058,0.5688014030456543,0.39528435468673706,-0.054199788719415665,0.6233183145523071,0.6475328207015991,-0.030904438346624374,0.6202617883682251,0.5375184416770935,-0.03945806249976158,0.6206600666046143,0.4686555862426758,-0.0521317794919014,0.6207034587860107,0.41613948345184326,-0.06236599013209343,0.6610425710678101,0.6709083318710327,-0.03301692754030228,0.6697711944580078,0.5874511003494263,-0.0406951867043972,0.6707459688186646,0.535984992980957,-0.047738660126924515,0.6687396168708801,0.4919823706150055,-0.053295671939849854,Wrong
0.6147304177284241,0.8767215609550476,2.034387875937682e-07,0.5343378782272339,0.8422972559928894,-0.020122740417718887,0.4712521433830261,0.7778667211532593,-0.036384664475917816,0.4228314161300659,0.7192237973213196,-0.050321903079748154,0.38354891538619995,0.6840611696243286,-0.06501437723636627,0.5387016534805298,0.6498014330863953,-0.031701043248176575,0.5108072757720947,0.5415509343147278,-0.043315574526786804,0.5000649094581604,0.47980964183807373,-0.051434073597192764,0.4951949119567871,0.43012070655822754,-0.05793251842260361,0.5817897319793701,0.6364139914512634,-0.030683204531669617,0.5687592625617981,0.5170784592628479,-0.03983891382813454,0.5644614696502686,0.4463607668876648,-0.04778031259775162,0.5663124322891235,0.39484643936157227,-0.05533428117632866,0.6214764714241028,0.6457738876342773,-0.030837835744023323,0.618560791015625,0.5355439186096191,-0.039062049239873886,0.618623673915863,0.46731334924697876,-0.05185511335730553,0.6186624765396118,0.4153602421283722,-0.06247589737176895,0.6597114205360413,0.669895350933075,-0.03223440796136856,0.668289840221405,0.586516797542572,-0.04017012193799019,0.6692860722541809,0.5356152057647705,-0.04744606465101242,0.6673920750617981,0.49153536558151245,-0.05322553217411041,Wrong
0.6161659359931946,0.8743549585342407,2.099247211617694e-07,0.5347697734832764,0.8414298295974731,-0.018617477267980576,0.4710734188556671,0.7765121459960938,-0.0333753302693367,0.42162415385246277,0.7180638909339905,-0.045882370322942734,0.38132381439208984,0.6842443943023682,-0.05891219526529312,0.5385302305221558,0.6475135684013367,-0.027800867334008217,0.5103340148925781,0.5423662066459656,-0.03756158426403999,0.49954432249069214,0.4814768433570862,-0.04476535692811012,0.4939885139465332,0.43211641907691956,-0.050810497254133224,0.5816960334777832,0.6335749626159668,-0.02677145227789879,0.5681421160697937,0.5159224271774292,-0.03537924215197563,0.564312756061554,0.4457150399684906,-0.042690541595220566,0.5657958388328552,0.39402908086776733,-0.04959476366639137,0.6213350892066956,0.6420906186103821,-0.02684064768254757,0.6177111864089966,0.5342150926589966,-0.034410249441862106,0.6179085373878479,0.46671974658966064,-0.04624868929386139,0.6171135902404785,0.4149511456489563,-0.055861424654722214,0.6587351560592651,0.6651523113250732,-0.028070122003555298,0.6671595573425293,0.5827628374099731,-0.034328341484069824,0.6674602627754211,0.5319512486457825,-0.04037085175514221,0.6645251512527466,0.4883490800857544,-0.04530869424343109,Wrong
0.6179449558258057,0.8717808127403259,2.1913020020747354e-07,0.5364295840263367,0.8417062163352966,-0.02091946266591549,0.47261467576026917,0.7779363393783569,-0.036272913217544556,0.42268961668014526,0.7186750173568726,-0.04882402345538139,0.3819721043109894,0.684202253818512,-0.06183472275733948,0.5386651158332825,0.6467991471290588,-0.030189774930477142,0.5106497406959534,0.5420195460319519,-0.040192943066358566,0.4996771812438965,0.4809876084327698,-0.04758812487125397,0.4942503869533539,0.431699275970459,-0.053799863904714584,0.5823078155517578,0.6322876811027527,-0.027935804799199104,0.5687402486801147,0.514897882938385,-0.03691969811916351,0.5652945637702942,0.4447776675224304,-0.04445406794548035,0.5675252079963684,0.3930443525314331,-0.05147891491651535,0.6219372749328613,0.6407813429832458,-0.026895565912127495,0.618061900138855,0.5333271622657776,-0.035173214972019196,0.6186344027519226,0.46564167737960815,-0.04752800241112709,0.6184455752372742,0.4132866859436035,-0.05740306153893471,0.6589027643203735,0.6637225151062012,-0.027128150686621666,0.6672608256340027,0.5819550156593323,-0.03399386256933212,0.6677818894386292,0.5312990546226501,-0.040562260895967484,0.6653350591659546,0.48755747079849243,-0.045885372906923294,Wrong
0.6173940300941467,0.8732740879058838,2.005236865443294e-07,0.5366666316986084,0.8398878574371338,-0.0182209350168705,0.4737823009490967,0.7744592428207397,-0.032928332686424255,0.42423784732818604,0.7158051133155823,-0.045497797429561615,0.38358813524246216,0.6820534467697144,-0.05879681184887886,0.5396096110343933,0.6463117003440857,-0.028389520943164825,0.5117958784103394,0.540241003036499,-0.03880324214696884,0.5012699961662292,0.47939014434814453,-0.04628323018550873,0.49673402309417725,0.43059563636779785,-0.05232810974121094,0.5826287269592285,0.6326807141304016,-0.027949638664722443,0.569624125957489,0.513992965221405,-0.03671136870980263,0.566047728061676,0.4439171552658081,-0.044208087027072906,0.5681706666946411,0.39296987652778625,-0.0512264110147953,0.6223382353782654,0.6418024301528931,-0.028627289459109306,0.6190969944000244,0.5321117639541626,-0.036827340722084045,0.6194966435432434,0.4642197787761688,-0.049304213374853134,0.6192160844802856,0.41253381967544556,-0.05932619422674179,0.6598100662231445,0.6652945280075073,-0.030355017632246017,0.6686427593231201,0.5816392302513123,-0.03746631368994713,0.6697045564651489,0.5301786661148071,-0.044204194098711014,0.6677716374397278,0.48610639572143555,-0.04960786923766136,Wrong
0.6173940300941467,0.8732740879058838,2.005236865443294e-07,0.5366666316986084,0.8398878574371338,-0.0182209350168705,0.4737823009490967,0.7744592428207397,-0.032928332686424255,0.42423784732818604,0.7158051133155823,-0.045497797429561615,0.38358813524246216,0.6820534467697144,-0.05879681184887886,0.5396096110343933,0.6463117003440857,-0.028389520943164825,0.5117958784103394,0.540241003036499,-0.03880324214696884,0.5012699961662292,0.47939014434814453,-0.04628323018550873,0.49673402309417725,0.43059563636779785,-0.05232810974121094,0.5826287269592285,0.6326807141304016,-0.027949638664722443,0.569624125957489,0.513992965221405,-0.03671136870980263,0.566047728061676,0.4439171552658081,-0.044208087027072906,0.5681706666946411,0.39296987652778625,-0.0512264110147953,0.6223382353782654,0.6418024301528931,-0.028627289459109306,0.6190969944000244,0.5321117639541626,-0.036827340722084045,0.6194966435432434,0.4642197787761688,-0.049304213374853134,0.6192160844802856,0.41253381967544556,-0.05932619422674179,0.6598100662231445,0.6652945280075073,-0.030355017632246017,0.6686427593231201,0.5816392302513123,-0.03746631368994713,0.6697045564651489,0.5301786661148071,-0.044204194098711014,0.6677716374397278,0.48610639572143555,-0.04960786923766136,Wrong
0.6218514442443848,0.871928334236145,2.1376615677581867e-07,0.5399124026298523,0.8419041633605957,-0.02080616168677807,0.4765830934047699,0.778126060962677,-0.03636441007256508,0.42770832777023315,0.7189269065856934,-0.04930349066853523,0.387859582901001,0.6833757162094116,-0.06283633410930634,0.5419302582740784,0.647054135799408,-0.03057079389691353,0.5139368176460266,0.541909396648407,-0.041483212262392044,0.5028516054153442,0.48011815547943115,-0.0494677796959877,0.49758899211883545,0.4303581416606903,-0.05599009990692139,0.5848253965377808,0.6322253942489624,-0.028777917847037315,0.571695864200592,0.5153164267539978,-0.037695929408073425,0.5674682259559631,0.4446154236793518,-0.04560041427612305,0.569118320941925,0.39243820309638977,-0.05308034271001816,0.6245124936103821,0.6402846574783325,-0.028305120766162872,0.6214725971221924,0.5325310230255127,-0.036749109625816345,0.6214425563812256,0.46470150351524353,-0.04991314560174942,0.6209205389022827,0.41257980465888977,-0.06056766211986542,0.6621807217597961,0.6628420352935791,-0.029115144163370132,0.6709964871406555,0.5810102224349976,-0.03698582574725151,0.6718878746032715,0.5301464200019836,-0.044654205441474915,0.6697308421134949,0.4861789643764496,-0.05074063688516617,Wrong
0.621433675289154,0.8743464946746826,2.353008312638849e-07,0.540549099445343,0.8429590463638306,-0.01968434266746044,0.47756412625312805,0.7798104286193848,-0.036385662853717804,0.428659588098526,0.7206720113754272,-0.05059696361422539,0.38942545652389526,0.6846262216567993,-0.06555511057376862,0.5437646508216858,0.649453341960907,-0.0328805036842823,0.5150784850120544,0.5407449007034302,-0.04428456351161003,0.5040398836135864,0.48007720708847046,-0.05182676762342453,0.4991903603076935,0.4313940405845642,-0.0576937235891819,0.5869085788726807,0.6365843415260315,-0.03157765418291092,0.5736613869667053,0.5158631801605225,-0.040807075798511505,0.5690053105354309,0.44483882188796997,-0.0483463853597641,0.5708476901054382,0.3935118019580841,-0.055301275104284286,0.6265482306480408,0.645972728729248,-0.031200900673866272,0.6233062744140625,0.5351815819740295,-0.03919914364814758,0.6232902407646179,0.4668726325035095,-0.05173865333199501,0.6234493255615234,0.41513997316360474,-0.061894822865724564,0.6642183065414429,0.669878363609314,-0.03187891095876694,0.6721364259719849,0.5852404832839966,-0.0389200858771801,0.67292720079422,0.5342426300048828,-0.04558655619621277,0.6709682941436768,0.49005794525146484,-0.0508415624499321,Wrong
0.6230689883232117,0.8746309280395508,2.202570641429702e-07,0.5413093566894531,0.8443242907524109,-0.020004993304610252,0.4780644178390503,0.781545102596283,-0.03607181832194328,0.42983466386795044,0.7218964099884033,-0.049677543342113495,0.39040330052375793,0.6859606504440308,-0.06387398391962051,0.5445194244384766,0.6509361863136292,-0.030879534780979156,0.516338586807251,0.5454261302947998,-0.041984546929597855,0.5052126049995422,0.4839777946472168,-0.049921296536922455,0.49966341257095337,0.43471771478652954,-0.05629878118634224,0.5878584384918213,0.6366640329360962,-0.02945537306368351,0.574425458908081,0.5192610025405884,-0.038727615028619766,0.5701650381088257,0.4486117362976074,-0.04653225839138031,0.5717154145240784,0.3968240022659302,-0.05374302342534065,0.6276030540466309,0.6446259617805481,-0.029163621366024017,0.6239098310470581,0.5367361903190613,-0.03740262985229492,0.6237184405326843,0.469184935092926,-0.04987495020031929,0.6229857206344604,0.4176992177963257,-0.05993024632334709,0.6652432680130005,0.667417049407959,-0.030078932642936707,0.6736517548561096,0.5853564739227295,-0.03733186423778534,0.674248993396759,0.5346026420593262,-0.04413043335080147,0.6715754866600037,0.49092042446136475,-0.04944958910346031,Wrong
0.6233394145965576,0.8765313625335693,2.1749031020590337e-07,0.5423893332481384,0.8461357355117798,-0.01969224028289318,0.4789315462112427,0.7832115888595581,-0.03521066531538963,0.43037092685699463,0.724188506603241,-0.04809827730059624,0.3908337950706482,0.6888700723648071,-0.061526596546173096,0.5444600582122803,0.6530923843383789,-0.031115306541323662,0.5163227319717407,0.5470983386039734,-0.04161274433135986,0.5054038763046265,0.48622190952301025,-0.04876936599612236,0.49991732835769653,0.4377390742301941,-0.05454514920711517,0.587820827960968,0.6384584307670593,-0.02937649004161358,0.5743550062179565,0.5199520587921143,-0.038724981248378754,0.570047914981842,0.44970279932022095,-0.04599836841225624,0.5714784264564514,0.39861026406288147,-0.05262896418571472,0.6275147795677185,0.6466083526611328,-0.028622956946492195,0.6238787174224854,0.5377607345581055,-0.03699185326695442,0.6234695315361023,0.4706704616546631,-0.049150023609399796,0.6225486397743225,0.4200315475463867,-0.05877252295613289,0.6650516986846924,0.6695787906646729,-0.02893657051026821,0.6736282110214233,0.5867144465446472,-0.035918936133384705,0.6742286086082458,0.5357745289802551,-0.042372193187475204,0.671800971031189,0.4921635091304779,-0.047418586909770966,Wrong
0.6233394145965576,0.8765313625335693,2.1749031020590337e-07,0.5423893332481384,0.8461357355117798,-0.01969224028289318,0.4789315462112427,0.7832115888595581,-0.03521066531538963,0.43037092685699463,0.724188506603241,-0.04809827730059624,0.3908337950706482,0.6888700723648071,-0.061526596546173096,0.5444600582122803,0.6530923843383789,-0.031115306541323662,0.5163227319717407,0.5470983386039734,-0.04161274433135986,0.5054038763046265,0.48622190952301025,-0.04876936599612236,0.49991732835769653,0.4377390742301941,-0.05454514920711517,0.587820827960968,0.6384584307670593,-0.02937649004161358,0.5743550062179565,0.5199520587921143,-0.038724981248378754,0.570047914981842,0.44970279932022095,-0.04599836841225624,0.5714784264564514,0.39861026406288147,-0.05262896418571472,0.6275147795677185,0.6466083526611328,-0.028622956946492195,0.6238787174224854,0.5377607345581055,-0.03699185326695442,0.6234695315361023,0.4706704616546631,-0.049150023609399796,0.6225486397743225,0.4200315475463867,-0.05877252295613289,0.6650516986846924,0.6695787906646729,-0.02893657051026821,0.6736282110214233,0.5867144465446472,-0.035918936133384705,0.6742286086082458,0.5357745289802551,-0.042372193187475204,0.671800971031189,0.4921635091304779,-0.047418586909770966,Wrong
0.622252345085144,0.875941276550293,2.1481470469097985e-07,0.542370617389679,0.8477813005447388,-0.02080390974879265,0.47947102785110474,0.7864858508110046,-0.0377502366900444,0.43102461099624634,0.726909875869751,-0.05234525352716446,0.39160698652267456,0.6906755566596985,-0.06752844154834747,0.5443787574768066,0.6549531817436218,-0.031733933836221695,0.517799437046051,0.5495383739471436,-0.04397067427635193,0.5074108839035034,0.48875194787979126,-0.05252527818083763,0.5022845268249512,0.4405530095100403,-0.059222202748060226,0.5868053436279297,0.640328586101532,-0.03050992265343666,0.5743109583854675,0.523398220539093,-0.04013427346944809,0.5702582597732544,0.4536888301372528,-0.04804040491580963,0.5716739892959595,0.40344852209091187,-0.055330850183963776,0.6260653734207153,0.6482813954353333,-0.030605308711528778,0.6224153637886047,0.5399994254112244,-0.039281412959098816,0.6220874190330505,0.47283774614334106,-0.051533930003643036,0.621672511100769,0.42159128189086914,-0.061536435037851334,0.6635642647743225,0.6712825298309326,-0.03203393146395683,0.6724324226379395,0.5898231863975525,-0.040075503289699554,0.6737052202224731,0.5394966006278992,-0.04708464816212654,0.6724772453308105,0.4958037734031677,-0.05251983553171158,Wrong
0.6284200549125671,0.8766931891441345,2.4277451871057565e-07,0.5460609793663025,0.8509218096733093,-0.01901305466890335,0.4806897044181824,0.7874138355255127,-0.03316900506615639,0.4310937523841858,0.7260416150093079,-0.04472162947058678,0.39004266262054443,0.6885806322097778,-0.056084807962179184,0.5450101494789124,0.6577721834182739,-0.027033593505620956,0.5203366279602051,0.5544539093971252,-0.036502398550510406,0.5106538534164429,0.4976006746292114,-0.042857576161623,0.505203127861023,0.45196375250816345,-0.04784005880355835,0.5882208347320557,0.6406878232955933,-0.025002799928188324,0.5730917453765869,0.5245750546455383,-0.03375983610749245,0.5672761797904968,0.45669734477996826,-0.03943566605448723,0.5664764642715454,0.40770965814590454,-0.0442286878824234,0.6274445056915283,0.6468007564544678,-0.024143921211361885,0.619390070438385,0.5403178930282593,-0.03201928734779358,0.6146389842033386,0.478139728307724,-0.040316324681043625,0.6099107265472412,0.43270495533943176,-0.0464034266769886,0.6636260747909546,0.668038010597229,-0.024514425545930862,0.6698909401893616,0.5871466994285583,-0.029546106234192848,0.6692948937416077,0.5390202403068542,-0.03297940641641617,0.6668051481246948,0.4989194869995117,-0.03547818586230278,Wrong
0.6263905167579651,0.8765227794647217,1.0591988086616766e-07,0.542216956615448,0.851500928401947,-0.015315254218876362,0.4785192310810089,0.7839078307151794,-0.026675701141357422,0.4304443597793579,0.7211956977844238,-0.03422841429710388,0.3925209939479828,0.6799555420875549,-0.03836669400334358,0.5455159544944763,0.6638981103897095,-0.03335780277848244,0.5273831486701965,0.5509877800941467,-0.038627296686172485,0.5166604518890381,0.5050764083862305,-0.03130204230546951,0.5075286030769348,0.48999670147895813,-0.022012874484062195,0.5923290848731995,0.6503263115882874,-0.02702280692756176,0.5748847126960754,0.5292401313781738,-0.03226940706372261,0.5607240200042725,0.481810986995697,-0.02053658850491047,0.548941969871521,0.466094970703125,-0.00758088193833828,0.6321355700492859,0.6565662622451782,-0.020736485719680786,0.6228489875793457,0.5472705364227295,-0.024638187140226364,0.6075851917266846,0.5017843246459961,-0.01223170105367899,0.5910986065864563,0.4831705689430237,0.0012683196691796184,0.6644823551177979,0.6762281060218811,-0.015306750312447548,0.6655635833740234,0.5895968675613403,-0.015148019418120384,0.6519112586975098,0.5517789125442505,-0.0051635573618113995,0.6335932016372681,0.5342932939529419,0.006823438685387373,Wrong
0.6192674040794373,0.8798137903213501,-2.454783896155277e-07,0.5376616716384888,0.8530194759368896,-0.018499040976166725,0.47736823558807373,0.7824321389198303,-0.03283476084470749,0.4307008385658264,0.7090068459510803,-0.043532125651836395,0.3929632306098938,0.6625060439109802,-0.0497005432844162,0.5459315776824951,0.6579312682151794,-0.04057640582323074,0.524955689907074,0.5469574332237244,-0.0455576553940773,0.5142631530761719,0.5494316220283508,-0.0359402596950531,0.5200990438461304,0.5769623517990112,-0.02671724371612072,0.5970196723937988,0.6455163359642029,-0.03378738835453987,0.5852384567260742,0.5259204506874084,-0.04126621037721634,0.5654234290122986,0.5426398515701294,-0.027815453708171844,0.5659506916999817,0.5798443555831909,-0.014198318123817444,0.638645350933075,0.6520165205001831,-0.02603899873793125,0.631851315498352,0.547471284866333,-0.028173020109534264,0.6093836426734924,0.5647738575935364,-0.010435657575726509,0.6042249202728271,0.5989886522293091,0.004333206452429295,0.6718303561210632,0.6732052564620972,-0.01964118331670761,0.6728238463401794,0.5893721580505371,-0.01581835374236107,0.6509301662445068,0.5935715436935425,-0.0015799817629158497,0.6390419006347656,0.620890200138092,0.01154683530330658,Wrong
0.6192674040794373,0.8798137903213501,-2.454783896155277e-07,0.5376616716384888,0.8530194759368896,-0.018499040976166725,0.47736823558807373,0.7824321389198303,-0.03283476084470749,0.4307008385658264,0.7090068459510803,-0.043532125651836395,0.3929632306098938,0.6625060439109802,-0.0497005432844162,0.5459315776824951,0.6579312682151794,-0.04057640582323074,0.524955689907074,0.5469574332237244,-0.0455576553940773,0.5142631530761719,0.5494316220283508,-0.0359402596950531,0.5200990438461304,0.5769623517990112,-0.02671724371612072,0.5970196723937988,0.6455163359642029,-0.03378738835453987,0.5852384567260742,0.5259204506874084,-0.04126621037721634,0.5654234290122986,0.5426398515701294,-0.027815453708171844,0.5659506916999817,0.5798443555831909,-0.014198318123817444,0.638645350933075,0.6520165205001831,-0.02603899873793125,0.631851315498352,0.547471284866333,-0.028173020109534264,0.6093836426734924,0.5647738575935364,-0.010435657575726509,0.6042249202728271,0.5989886522293091,0.004333206452429295,0.6718303561210632,0.6732052564620972,-0.01964118331670761,0.6728238463401794,0.5893721580505371,-0.01581835374236107,0.6509301662445068,0.5935715436935425,-0.0015799817629158497,0.6390419006347656,0.620890200138092,0.01154683530330658,Wrong
0.6206313967704773,0.8768171072006226,-2.6762808147395845e-07,0.5376540422439575,0.8468399047851562,-0.016040561720728874,0.4788266718387604,0.7785377502441406,-0.030546016991138458,0.4323553442955017,0.7063267827033997,-0.04244603216648102,0.3935776948928833,0.6637629270553589,-0.05035991221666336,0.5474818348884583,0.65427166223526,-0.03703067824244499,0.5292500853538513,0.546459436416626,-0.04245598241686821,0.5223197937011719,0.5545711517333984,-0.033799298107624054,0.5291885137557983,0.5844569802284241,-0.025708412751555443,0.5981426239013672,0.6420822739601135,-0.033116959035396576,0.5869073867797852,0.5257890224456787,-0.041129954159259796,0.5696834921836853,0.5493968725204468,-0.02918512374162674,0.5723438262939453,0.590373694896698,-0.017174284905195236,0.6407648324966431,0.6496005058288574,-0.028320489451289177,0.632588803768158,0.5456872582435608,-0.030570507049560547,0.6135567426681519,0.5686001777648926,-0.01407669484615326,0.6114388704299927,0.6056815981864929,-0.0011379498755559325,0.6745737791061401,0.672021746635437,-0.02490840293467045,0.6753613948822021,0.5916880369186401,-0.02162034809589386,0.6554059386253357,0.602289080619812,-0.008376541547477245,0.6462097764015198,0.6330286860466003,0.003382590599358082,Wrong
0.6170457601547241,0.872951328754425,-2.985366904795228e-07,0.5356499552726746,0.8395330905914307,-0.009694083593785763,0.47921472787857056,0.7710193395614624,-0.021400419995188713,0.4334658980369568,0.7013328075408936,-0.03161892667412758,0.396714985370636,0.6610949039459229,-0.03796416148543358,0.5484728813171387,0.6455910205841064,-0.027908023446798325,0.534512996673584,0.5368817448616028,-0.028015773743391037,0.5289772152900696,0.555289626121521,-0.01664615049958229,0.5356836915016174,0.5898521542549133,-0.007605469319969416,0.5978851318359375,0.6343234777450562,-0.02612464874982834,0.589179277420044,0.5215246677398682,-0.02866457588970661,0.5742450952529907,0.552007257938385,-0.01578688807785511,0.5780810713768005,0.5957949161529541,-0.004674849100410938,0.6402809023857117,0.6438419818878174,-0.02291594073176384,0.6319527626037598,0.5428862571716309,-0.02005866728723049,0.6157774925231934,0.572076141834259,-0.003973959479480982,0.6160138249397278,0.610933244228363,0.0067413803189992905,0.6743154525756836,0.6682332754135132,-0.020543159916996956,0.6745154857635498,0.5892857313156128,-0.01386212557554245,0.6564855575561523,0.6058490872383118,-0.00016812607645988464,0.6494964361190796,0.6396071314811707,0.010536636225879192,Wrong
0.6170457601547241,0.872951328754425,-2.985366904795228e-07,0.5356499552726746,0.8395330905914307,-0.009694083593785763,0.47921472787857056,0.7710193395614624,-0.021400419995188713,0.4334658980369568,0.7013328075408936,-0.03161892667412758,0.396714985370636,0.6610949039459229,-0.03796416148543358,0.5484728813171387,0.6455910205841064,-0.027908023446798325,0.534512996673584,0.5368817448616028,-0.028015773743391037,0.5289772152900696,0.555289626121521,-0.01664615049958229,0.5356836915016174,0.5898521542549133,-0.007605469319969416,0.5978851318359375,0.6343234777450562,-0.02612464874982834,0.589179277420044,0.5215246677398682,-0.02866457588970661,0.5742450952529907,0.552007257938385,-0.01578688807785511,0.5780810713768005,0.5957949161529541,-0.004674849100410938,0.6402809023857117,0.6438419818878174,-0.02291594073176384,0.6319527626037598,0.5428862571716309,-0.02005866728723049,0.6157774925231934,0.572076141834259,-0.003973959479480982,0.6160138249397278,0.610933244228363,0.0067413803189992905,0.6743154525756836,0.6682332754135132,-0.020543159916996956,0.6745154857635498,0.5892857313156128,-0.01386212557554245,0.6564855575561523,0.6058490872383118,-0.00016812607645988464,0.6494964361190796,0.6396071314811707,0.010536636225879192,Wrong
0.6290507316589355,0.8566492795944214,-2.864609029984422e-07,0.5427442193031311,0.8313256502151489,-0.01055161003023386,0.4829205572605133,0.7654625773429871,-0.02109215036034584,0.43680721521377563,0.6957465410232544,-0.029147280380129814,0.3992805480957031,0.6571387052536011,-0.03286173939704895,0.5499833226203918,0.638278603553772,-0.029923969879746437,0.5333163142204285,0.526120662689209,-0.025663098320364952,0.5276956558227539,0.5500428676605225,-0.01048051007091999,0.5361567735671997,0.5868421792984009,0.0008543456788174808,0.599187433719635,0.6246110796928406,-0.02463674172759056,0.5864737629890442,0.5100569725036621,-0.022556530311703682,0.5730582475662231,0.5432836413383484,-0.006386975292116404,0.5791733264923096,0.5855599045753479,0.006446849089115858,0.6409235000610352,0.6314489245414734,-0.017382239922881126,0.6324399709701538,0.5289366245269775,-0.01098598912358284,0.6172335147857666,0.5586934685707092,0.006385289132595062,0.6173691153526306,0.5971271991729736,0.017501505091786385,0.6750261783599854,0.651922881603241,-0.010798404924571514,0.6728547215461731,0.5762143731117249,-0.002103219274431467,0.6556805372238159,0.5926234126091003,0.011529452167451382,0.6491311192512512,0.6250884532928467,0.021951567381620407,Wrong
0.6429975032806396,0.8602918386459351,2.4533580500474272e-08,0.5574109554290771,0.8248254060745239,-0.03002609871327877,0.4932941794395447,0.7398464679718018,-0.04743536189198494,0.443271279335022,0.6681532859802246,-0.05773090198636055,0.4015374779701233,0.6212230324745178,-0.0652981549501419,0.5734730958938599,0.6355096697807312,-0.05249769613146782,0.5489441156387329,0.5167491436004639,-0.06447821110486984,0.5306506156921387,0.46281367540359497,-0.06669291108846664,0.5159175395965576,0.43119680881500244,-0.06447733938694,0.6258269548416138,0.6211096048355103,-0.03746537119150162,0.6206343770027161,0.4953667223453522,-0.04312215745449066,0.5971673130989075,0.45985138416290283,-0.03278838470578194,0.5768118500709534,0.461483359336853,-0.02092563733458519,0.6661140322685242,0.6288511157035828,-0.0223513375967741,0.663543701171875,0.5215670466423035,-0.022908523678779602,0.6361329555511475,0.511855959892273,-0.007442742120474577,0.6162325739860535,0.5283653140068054,0.007330654188990593,0.6962218284606934,0.6469388008117676,-0.009636184200644493,0.6907796859741211,0.5667672157287598,-0.006247466430068016,0.6654289960861206,0.5558742880821228,0.007035179995000362,0.6471032500267029,0.5679343938827515,0.02088867872953415,Wrong
0.6534671783447266,0.8586041927337646,1.646595677584628e-07,0.5621221661567688,0.8236090540885925,-0.03535271808505058,0.4980275630950928,0.738778829574585,-0.054535165429115295,0.4435713291168213,0.6666690111160278,-0.06519141793251038,0.4010431468486786,0.6225237250328064,-0.07377501577138901,0.5803151726722717,0.6263720393180847,-0.0568874329328537,0.5484466552734375,0.5000817179679871,-0.06799201667308807,0.5303664803504944,0.43252885341644287,-0.07331482321023941,0.5191230177879333,0.38180509209632874,-0.07567815482616425,0.6359750628471375,0.609541654586792,-0.03778815641999245,0.6270801424980164,0.48845991492271423,-0.0415833480656147,0.6071617007255554,0.4419202208518982,-0.03603511303663254,0.5905844569206238,0.42273497581481934,-0.03077809512615204,0.6782492995262146,0.6167373061180115,-0.018383938819169998,0.6756524443626404,0.511842668056488,-0.017421254888176918,0.652193546295166,0.5108711123466492,-0.006703061051666737,0.6342496275901794,0.5300292372703552,0.0026679998263716698,0.7075168490409851,0.6347735524177551,-0.0017557945102453232,0.7018515467643738,0.5645586252212524,0.0001513686729595065,0.6806588172912598,0.5618478655815125,0.009336425922811031,0.6672975420951843,0.5764897465705872,0.019171126186847687,Wrong
0.6583670973777771,0.8621410131454468,3.0946586093705264e-07,0.5674319267272949,0.8225403428077698,-0.030736910179257393,0.5026553869247437,0.739132821559906,-0.04984286427497864,0.4476233124732971,0.6674028635025024,-0.062185704708099365,0.4025759696960449,0.6267343759536743,-0.07222699373960495,0.5841791033744812,0.6193780899047852,-0.054247476160526276,0.5517086982727051,0.48723265528678894,-0.06538588553667068,0.536163866519928,0.4155854880809784,-0.07006162405014038,0.5297859311103821,0.36081579327583313,-0.07192959636449814,0.6364966630935669,0.6056439280509949,-0.038473501801490784,0.6230970621109009,0.4734836220741272,-0.04546200484037399,0.6093918085098267,0.39842653274536133,-0.044842202216386795,0.6049127578735352,0.34752413630485535,-0.0444331094622612,0.680328905582428,0.6169278025627136,-0.021496739238500595,0.674884557723999,0.5099442005157471,-0.02440909668803215,0.6533240675926208,0.5239745378494263,-0.018722880631685257,0.6415100693702698,0.5553992986679077,-0.01204155944287777,0.7143113017082214,0.639359712600708,-0.006559665780514479,0.707796037197113,0.56556236743927,-0.005125464405864477,0.6857503056526184,0.5708413124084473,0.0028380751609802246,0.6760037541389465,0.5943474173545837,0.01162431575357914,Wrong
0.6583670973777771,0.8621410131454468,3.0946586093705264e-07,0.5674319267272949,0.8225403428077698,-0.030736910179257393,0.5026553869247437,0.739132821559906,-0.04984286427497864,0.4476233124732971,0.6674028635025024,-0.062185704708099365,0.4025759696960449,0.6267343759536743,-0.07222699373960495,0.5841791033744812,0.6193780899047852,-0.054247476160526276,0.5517086982727051,0.48723265528678894,-0.06538588553667068,0.536163866519928,0.4155854880809784,-0.07006162405014038,0.5297859311103821,0.36081579327583313,-0.07192959636449814,0.6364966630935669,0.6056439280509949,-0.038473501801490784,0.6230970621109009,0.4734836220741272,-0.04546200484037399,0.6093918085098267,0.39842653274536133,-0.044842202216386795,0.6049127578735352,0.34752413630485535,-0.0444331094622612,0.680328905582428,0.6169278025627136,-0.021496739238500595,0.674884557723999,0.5099442005157471,-0.02440909668803215,0.6533240675926208,0.5239745378494263,-0.018722880631685257,0.6415100693702698,0.5553992986679077,-0.01204155944287777,0.7143113017082214,0.639359712600708,-0.006559665780514479,0.707796037197113,0.56556236743927,-0.005125464405864477,0.6857503056526184,0.5708413124084473,0.0028380751609802246,0.6760037541389465,0.5943474173545837,0.01162431575357914,Wrong
0.6583670973777771,0.8621410131454468,3.0946586093705264e-07,0.5674319267272949,0.8225403428077698,-0.030736910179257393,0.5026553869247437,0.739132821559906,-0.04984286427497864,0.4476233124732971,0.6674028635025024,-0.062185704708099365,0.4025759696960449,0.6267343759536743,-0.07222699373960495,0.5841791033744812,0.6193780899047852,-0.054247476160526276,0.5517086982727051,0.48723265528678894,-0.06538588553667068,0.536163866519928,0.4155854880809784,-0.07006162405014038,0.5297859311103821,0.36081579327583313,-0.07192959636449814,0.6364966630935669,0.6056439280509949,-0.038473501801490784,0.6230970621109009,0.4734836220741272,-0.04546200484037399,0.6093918085098267,0.39842653274536133,-0.044842202216386795,0.6049127578735352,0.34752413630485535,-0.0444331094622612,0.680328905582428,0.6169278025627136,-0.021496739238500595,0.674884557723999,0.5099442005157471,-0.02440909668803215,0.6533240675926208,0.5239745378494263,-0.018722880631685257,0.6415100693702698,0.5553992986679077,-0.01204155944287777,0.7143113017082214,0.639359712600708,-0.006559665780514479,0.707796037197113,0.56556236743927,-0.005125464405864477,0.6857503056526184,0.5708413124084473,0.0028380751609802246,0.6760037541389465,0.5943474173545837,0.01162431575357914,Wrong
0.6583670973777771,0.8621410131454468,3.0946586093705264e-07,0.5674319267272949,0.8225403428077698,-0.030736910179257393,0.5026553869247437,0.739132821559906,-0.04984286427497864,0.4476233124732971,0.6674028635025024,-0.062185704708099365,0.4025759696960449,0.6267343759536743,-0.07222699373960495,0.5841791033744812,0.6193780899047852,-0.054247476160526276,0.5517086982727051,0.48723265528678894,-0.06538588553667068,0.536163866519928,0.4155854880809784,-0.07006162405014038,0.5297859311103821,0.36081579327583313,-0.07192959636449814,0.6364966630935669,0.6056439280509949,-0.038473501801490784,0.6230970621109009,0.4734836220741272,-0.04546200484037399,0.6093918085098267,0.39842653274536133,-0.044842202216386795,0.6049127578735352,0.34752413630485535,-0.0444331094622612,0.680328905582428,0.6169278025627136,-0.021496739238500595,0.674884557723999,0.5099442005157471,-0.02440909668803215,0.6533240675926208,0.5239745378494263,-0.018722880631685257,0.6415100693702698,0.5553992986679077,-0.01204155944287777,0.7143113017082214,0.639359712600708,-0.006559665780514479,0.707796037197113,0.56556236743927,-0.005125464405864477,0.6857503056526184,0.5708413124084473,0.0028380751609802246,0.6760037541389465,0.5943474173545837,0.01162431575357914,Wrong
0.6583670973777771,0.8621410131454468,3.0946586093705264e-07,0.5674319267272949,0.8225403428077698,-0.030736910179257393,0.5026553869247437,0.739132821559906,-0.04984286427497864,0.4476233124732971,0.6674028635025024,-0.062185704708099365,0.4025759696960449,0.6267343759536743,-0.07222699373960495,0.5841791033744812,0.6193780899047852,-0.054247476160526276,0.5517086982727051,0.48723265528678894,-0.06538588553667068,0.536163866519928,0.4155854880809784,-0.07006162405014038,0.5297859311103821,0.36081579327583313,-0.07192959636449814,0.6364966630935669,0.6056439280509949,-0.038473501801490784,0.6230970621109009,0.4734836220741272,-0.04546200484037399,0.6093918085098267,0.39842653274536133,-0.044842202216386795,0.6049127578735352,0.34752413630485535,-0.0444331094622612,0.680328905582428,0.6169278025627136,-0.021496739238500595,0.674884557723999,0.5099442005157471,-0.02440909668803215,0.6533240675926208,0.5239745378494263,-0.018722880631685257,0.6415100693702698,0.5553992986679077,-0.01204155944287777,0.7143113017082214,0.639359712600708,-0.006559665780514479,0.707796037197113,0.56556236743927,-0.005125464405864477,0.6857503056526184,0.5708413124084473,0.0028380751609802246,0.6760037541389465,0.5943474173545837,0.01162431575357914,Wrong
0.6583670973777771,0.8621410131454468,3.0946586093705264e-07,0.5674319267272949,0.8225403428077698,-0.030736910179257393,0.5026553869247437,0.739132821559906,-0.04984286427497864,0.4476233124732971,0.6674028635025024,-0.062185704708099365,0.4025759696960449,0.6267343759536743,-0.07222699373960495,0.5841791033744812,0.6193780899047852,-0.054247476160526276,0.5517086982727051,0.48723265528678894,-0.06538588553667068,0.536163866519928,0.4155854880809784,-0.07006162405014038,0.5297859311103821,0.36081579327583313,-0.07192959636449814,0.6364966630935669,0.6056439280509949,-0.038473501801490784,0.6230970621109009,0.4734836220741272,-0.04546200484037399,0.6093918085098267,0.39842653274536133,-0.044842202216386795,0.6049127578735352,0.34752413630485535,-0.0444331094622612,0.680328905582428,0.6169278025627136,-0.021496739238500595,0.674884557723999,0.5099442005157471,-0.02440909668803215,0.6533240675926208,0.5239745378494263,-0.018722880631685257,0.6415100693702698,0.5553992986679077,-0.01204155944287777,0.7143113017082214,0.639359712600708,-0.006559665780514479,0.707796037197113,0.56556236743927,-0.005125464405864477,0.6857503056526184,0.5708413124084473,0.0028380751609802246,0.6760037541389465,0.5943474173545837,0.01162431575357914,Wrong
0.6583670973777771,0.8621410131454468,3.0946586093705264e-07,0.5674319267272949,0.8225403428077698,-0.030736910179257393,0.5026553869247437,0.739132821559906,-0.04984286427497864,0.4476233124732971,0.6674028635025024,-0.062185704708099365,0.4025759696960449,0.6267343759536743,-0.07222699373960495,0.5841791033744812,0.6193780899047852,-0.054247476160526276,0.5517086982727051,0.48723265528678894,-0.06538588553667068,0.536163866519928,0.4155854880809784,-0.07006162405014038,0.5297859311103821,0.36081579327583313,-0.07192959636449814,0.6364966630935669,0.6056439280509949,-0.038473501801490784,0.6230970621109009,0.4734836220741272,-0.04546200484037399,0.6093918085098267,0.39842653274536133,-0.044842202216386795,0.6049127578735352,0.34752413630485535,-0.0444331094622612,0.680328905582428,0.6169278025627136,-0.021496739238500595,0.674884557723999,0.5099442005157471,-0.02440909668803215,0.6533240675926208,0.5239745378494263,-0.018722880631685257,0.6415100693702698,0.5553992986679077,-0.01204155944287777,0.7143113017082214,0.639359712600708,-0.006559665780514479,0.707796037197113,0.56556236743927,-0.005125464405864477,0.6857503056526184,0.5708413124084473,0.0028380751609802246,0.6760037541389465,0.5943474173545837,0.01162431575357914,Wrong
0.660594642162323,0.8669307827949524,3.441798810399632e-07,0.5692561864852905,0.8264493346214294,-0.027715381234884262,0.5042822360992432,0.744199275970459,-0.047540947794914246,0.4500461518764496,0.6711966395378113,-0.06174609065055847,0.40204674005508423,0.6354333758354187,-0.07407335937023163,0.5853092670440674,0.6173468828201294,-0.05257300287485123,0.5509265661239624,0.4860900640487671,-0.06528165191411972,0.5358669757843018,0.415305495262146,-0.07159092277288437,0.5307162404060364,0.35995960235595703,-0.07435261458158493,0.636656641960144,0.6025623679161072,-0.03822631388902664,0.6240690350532532,0.4632965326309204,-0.04719628393650055,0.6144729852676392,0.38053640723228455,-0.048805683851242065,0.6157869696617126,0.32272788882255554,-0.0498327873647213,0.6813898682594299,0.6152856349945068,-0.022012408822774887,0.6718279719352722,0.5079938173294067,-0.024361876770853996,0.6515750288963318,0.5320428609848022,-0.018401499837636948,0.6429372429847717,0.5719009637832642,-0.011224638670682907,0.7164782285690308,0.6397905945777893,-0.007750651799142361,0.707644522190094,0.5652422904968262,-0.0032196580432355404,0.686946451663971,0.5751361846923828,0.006864852271974087,0.6809371113777161,0.602273166179657,0.016965210437774658,Wrong
0.6457863450050354,0.8576891422271729,2.422572435989423e-07,0.5570146441459656,0.8258066177368164,-0.013175384141504765,0.49208128452301025,0.7638179659843445,-0.028450727462768555,0.4358196258544922,0.7127740383148193,-0.044197384268045425,0.38980185985565186,0.6890506744384766,-0.0600522942841053,0.559909462928772,0.6290483474731445,-0.021627796813845634,0.5256518721580505,0.5271679759025574,-0.02594146318733692,0.5118328928947449,0.47395485639572144,-0.03138025104999542,0.5069567561149597,0.43028491735458374,-0.036324042826890945,0.6057937145233154,0.6102191209793091,-0.019954409450292587,0.5834824442863464,0.4921608865261078,-0.019433706998825073,0.5728930234909058,0.42473104596138,-0.022769760340452194,0.5750772356987,0.38065677881240845,-0.029086541384458542,0.6487637162208557,0.6194040179252625,-0.017244089394807816,0.6450825333595276,0.5207992196083069,-0.015987994149327278,0.6312479972839355,0.5503498315811157,-0.013624561950564384,0.625259518623352,0.5925897359848022,-0.012674042955040932,0.6886685490608215,0.6406649947166443,-0.015922972932457924,0.6870360374450684,0.5702095627784729,-0.0127180777490139,0.6727973818778992,0.5880873799324036,-0.005056379828602076,0.6681660413742065,0.6195377111434937,0.001054436550475657,Wrong
0.6442327499389648,0.8541049957275391,2.1754573253929266e-07,0.5559065341949463,0.8234454989433289,-0.014269815757870674,0.49162864685058594,0.7610626220703125,-0.029465390369296074,0.43539929389953613,0.70860755443573,-0.04523686692118645,0.3907206654548645,0.6848012208938599,-0.06143762171268463,0.5571218729019165,0.6248421669006348,-0.02045947127044201,0.5236943364143372,0.5231994986534119,-0.02407156303524971,0.510391116142273,0.469323992729187,-0.028737584128975868,0.5057953000068665,0.42602646350860596,-0.03319038078188896,0.6031718254089355,0.6055335998535156,-0.01830107532441616,0.5803349018096924,0.4884530305862427,-0.015999849885702133,0.5696210265159607,0.4235675632953644,-0.01770705357193947,0.5710324048995972,0.38304823637008667,-0.022924426943063736,0.6466467976570129,0.615472137928009,-0.015530689619481564,0.6402537822723389,0.5180949568748474,-0.013657023198902607,0.627753496170044,0.5470255613327026,-0.011190411634743214,0.6232432723045349,0.5880765318870544,-0.010346745140850544,0.6865779161453247,0.6373021602630615,-0.01432269997894764,0.6847903728485107,0.5665721297264099,-0.011923047713935375,0.671135425567627,0.5854241847991943,-0.004914482589811087,0.667150616645813,0.6172779202461243,0.0007243108120746911,Wrong
0.6420950889587402,0.8506548404693604,2.2871820704040147e-07,0.5540067553520203,0.8196471929550171,-0.01495160162448883,0.4899122714996338,0.757207453250885,-0.030370697379112244,0.43476805090904236,0.7065247893333435,-0.04658472165465355,0.3898562490940094,0.6856421232223511,-0.06335479021072388,0.5562096238136292,0.6221878528594971,-0.020268278196454048,0.522507905960083,0.5210576057434082,-0.024558069184422493,0.5093547105789185,0.4676373600959778,-0.030108047649264336,0.5050313472747803,0.42518672347068787,-0.03537348285317421,0.602258563041687,0.6037065982818604,-0.01885763555765152,0.5792425870895386,0.4874795079231262,-0.017546692863106728,0.5688496232032776,0.4230743646621704,-0.02062310464680195,0.5702516436576843,0.3827972412109375,-0.02685236744582653,0.6454557776451111,0.613570511341095,-0.017087120562791824,0.6389817595481873,0.5153664946556091,-0.017522959038615227,0.6270698308944702,0.5486736297607422,-0.016498597338795662,0.6229303479194641,0.5921007394790649,-0.016274696215987206,0.6853746175765991,0.6356836557388306,-0.016879335045814514,0.6832043528556824,0.5661344528198242,-0.017561351880431175,0.6704540252685547,0.5861811637878418,-0.0121757285669446,0.6665765643119812,0.6181058883666992,-0.007333210203796625,Wrong
0.6420950889587402,0.8506548404693604,2.2871820704040147e-07,0.5540067553520203,0.8196471929550171,-0.01495160162448883,0.4899122714996338,0.757207453250885,-0.030370697379112244,0.43476805090904236,0.7065247893333435,-0.04658472165465355,0.3898562490940094,0.6856421232223511,-0.06335479021072388,0.5562096238136292,0.6221878528594971,-0.020268278196454048,0.522507905960083,0.5210576057434082,-0.024558069184422493,0.5093547105789185,0.4676373600959778,-0.030108047649264336,0.5050313472747803,0.42518672347068787,-0.03537348285317421,0.602258563041687,0.6037065982818604,-0.01885763555765152,0.5792425870895386,0.4874795079231262,-0.017546692863106728,0.5688496232032776,0.4230743646621704,-0.02062310464680195,0.5702516436576843,0.3827972412109375,-0.02685236744582653,0.6454557776451111,0.613570511341095,-0.017087120562791824,0.6389817595481873,0.5153664946556091,-0.017522959038615227,0.6270698308944702,0.5486736297607422,-0.016498597338795662,0.6229303479194641,0.5921007394790649,-0.016274696215987206,0.6853746175765991,0.6356836557388306,-0.016879335045814514,0.6832043528556824,0.5661344528198242,-0.017561351880431175,0.6704540252685547,0.5861811637878418,-0.0121757285669446,0.6665765643119812,0.6181058883666992,-0.007333210203796625,Wrong
0.6454812288284302,0.8520206212997437,2.3041077668040089e-07,0.5566244721412659,0.821323037147522,-0.013160843402147293,0.4920955300331116,0.7596092224121094,-0.02817365899682045,0.4355534315109253,0.7087204456329346,-0.04411977529525757,0.390576034784317,0.684673011302948,-0.06047143042087555,0.5572715997695923,0.6219499707221985,-0.017944902181625366,0.5233680605888367,0.5203703045845032,-0.02218679152429104,0.5098344087600708,0.4672715663909912,-0.028113193809986115,0.5051240921020508,0.42443689703941345,-0.03348258510231972,0.6034072637557983,0.6035515666007996,-0.016673341393470764,0.5808005332946777,0.48746877908706665,-0.014656463637948036,0.5706832408905029,0.42315274477005005,-0.017742976546287537,0.5719993710517883,0.38191747665405273,-0.024112088605761528,0.6470187306404114,0.6131662130355835,-0.01492647547274828,0.6407519578933716,0.5157883763313293,-0.013756580650806427,0.6288950443267822,0.5480359196662903,-0.012610347010195255,0.6244907379150391,0.5905066132545471,-0.012621178291738033,0.6873518824577332,0.6347881555557251,-0.014579148031771183,0.68360835313797,0.5663096308708191,-0.012880300171673298,0.6711439490318298,0.5871841311454773,-0.0066009461879730225,0.6683359146118164,0.6195380091667175,-0.0013963341480121017,Wrong
0.6454812288284302,0.8520206212997437,2.3041077668040089e-07,0.5566244721412659,0.821323037147522,-0.013160843402147293,0.4920955300331116,0.7596092224121094,-0.02817365899682045,0.4355534315109253,0.7087204456329346,-0.04411977529525757,0.390576034784317,0.684673011302948,-0.06047143042087555,0.5572715997695923,0.6219499707221985,-0.017944902181625366,0.5233680605888367,0.5203703045845032,-0.02218679152429104,0.5098344087600708,0.4672715663909912,-0.028113193809986115,0.5051240921020508,0.42443689703941345,-0.03348258510231972,0.6034072637557983,0.6035515666007996,-0.016673341393470764,0.5808005332946777,0.48746877908706665,-0.014656463637948036,0.5706832408905029,0.42315274477005005,-0.017742976546287537,0.5719993710517883,0.38191747665405273,-0.024112088605761528,0.6470187306404114,0.6131662130355835,-0.01492647547274828,0.6407519578933716,0.5157883763313293,-0.013756580650806427,0.6288950443267822,0.5480359196662903,-0.012610347010195255,0.6244907379150391,0.5905066132545471,-0.012621178291738033,0.6873518824577332,0.6347881555557251,-0.014579148031771183,0.68360835313797,0.5663096308708191,-0.012880300171673298,0.6711439490318298,0.5871841311454773,-0.0066009461879730225,0.6683359146118164,0.6195380091667175,-0.0013963341480121017,Wrong
0.646179735660553,0.8541373610496521,2.4910838192226947e-07,0.5578780770301819,0.8232182264328003,-0.01465090923011303,0.4926484525203705,0.761439323425293,-0.0303958710283041,0.43637919425964355,0.7114781141281128,-0.04633030667901039,0.390421986579895,0.6872019171714783,-0.062392935156822205,0.5595143437385559,0.6269046664237976,-0.02272781915962696,0.525878369808197,0.5243756771087646,-0.026635009795427322,0.512316107749939,0.4706709086894989,-0.03178328648209572,0.5072912573814392,0.42643818259239197,-0.03674163296818733,0.605549156665802,0.6083379983901978,-0.020566679537296295,0.5831644535064697,0.49055564403533936,-0.019954917952418327,0.5724378824234009,0.4245995879173279,-0.02362711727619171,0.5743213891983032,0.38184237480163574,-0.03038940764963627,0.6484701037406921,0.6175943613052368,-0.0174403116106987,0.6453902125358582,0.5172824263572693,-0.016700586304068565,0.6312543749809265,0.5472381711006165,-0.014791171066462994,0.6250212788581848,0.5896132588386536,-0.014174951240420341,0.6882182955741882,0.6386669874191284,-0.015784187242388725,0.6868656873703003,0.56614089012146,-0.01364546362310648,0.6730744242668152,0.5838654041290283,-0.006720215082168579,0.6688205599784851,0.6155465841293335,-0.0011015840573236346,Wrong
0.6487641930580139,0.8595492243766785,2.1984349984904838e-07,0.5592861771583557,0.829139232635498,-0.013948900625109673,0.4936214089393616,0.7660577297210693,-0.02828075736761093,0.4380495548248291,0.7145823836326599,-0.042101357132196426,0.3925069570541382,0.6898876428604126,-0.05593198165297508,0.5604913830757141,0.6314268708229065,-0.023686649277806282,0.5273910760879517,0.5281292796134949,-0.02658330649137497,0.5136420130729675,0.47350436449050903,-0.030626408755779266,0.5088347792625427,0.4290091395378113,-0.034482043236494064,0.6068282723426819,0.611780047416687,-0.019899968057870865,0.5846589207649231,0.493274986743927,-0.017885440960526466,0.5735281109809875,0.4284016489982605,-0.019554825499653816,0.5754573345184326,0.3859390616416931,-0.024614915251731873,0.6505343914031982,0.6204916834831238,-0.014801491983234882,0.6478831171989441,0.5196968913078308,-0.01262096781283617,0.6335898041725159,0.5477925539016724,-0.009907503612339497,0.6277536749839783,0.5894500613212585,-0.008678228594362736,0.6906800270080566,0.6414835453033447,-0.010938534513115883,0.6890465021133423,0.570798933506012,-0.007106035947799683,0.6739424467086792,0.5887598395347595,0.0004654080548789352,0.6698379516601562,0.6208693981170654,0.006533405277878046,Wrong
0.6487641930580139,0.8595492243766785,2.1984349984904838e-07,0.5592861771583557,0.829139232635498,-0.013948900625109673,0.4936214089393616,0.7660577297210693,-0.02828075736761093,0.4380495548248291,0.7145823836326599,-0.042101357132196426,0.3925069570541382,0.6898876428604126,-0.05593198165297508,0.5604913830757141,0.6314268708229065,-0.023686649277806282,0.5273910760879517,0.5281292796134949,-0.02658330649137497,0.5136420130729675,0.47350436449050903,-0.030626408755779266,0.5088347792625427,0.4290091395378113,-0.034482043236494064,0.6068282723426819,0.611780047416687,-0.019899968057870865,0.5846589207649231,0.493274986743927,-0.017885440960526466,0.5735281109809875,0.4284016489982605,-0.019554825499653816,0.5754573345184326,0.3859390616416931,-0.024614915251731873,0.6505343914031982,0.6204916834831238,-0.014801491983234882,0.6478831171989441,0.5196968913078308,-0.01262096781283617,0.6335898041725159,0.5477925539016724,-0.009907503612339497,0.6277536749839783,0.5894500613212585,-0.008678228594362736,0.6906800270080566,0.6414835453033447,-0.010938534513115883,0.6890465021133423,0.570798933506012,-0.007106035947799683,0.6739424467086792,0.5887598395347595,0.0004654080548789352,0.6698379516601562,0.6208693981170654,0.006533405277878046,Wrong
0.6487641930580139,0.8595492243766785,2.1984349984904838e-07,0.5592861771583557,0.829139232635498,-0.013948900625109673,0.4936214089393616,0.7660577297210693,-0.02828075736761093,0.4380495548248291,0.7145823836326599,-0.042101357132196426,0.3925069570541382,0.6898876428604126,-0.05593198165297508,0.5604913830757141,0.6314268708229065,-0.023686649277806282,0.5273910760879517,0.5281292796134949,-0.02658330649137497,0.5136420130729675,0.47350436449050903,-0.030626408755779266,0.5088347792625427,0.4290091395378113,-0.034482043236494064,0.6068282723426819,0.611780047416687,-0.019899968057870865,0.5846589207649231,0.493274986743927,-0.017885440960526466,0.5735281109809875,0.4284016489982605,-0.019554825499653816,0.5754573345184326,0.3859390616416931,-0.024614915251731873,0.6505343914031982,0.6204916834831238,-0.014801491983234882,0.6478831171989441,0.5196968913078308,-0.01262096781283617,0.6335898041725159,0.5477925539016724,-0.009907503612339497,0.6277536749839783,0.5894500613212585,-0.008678228594362736,0.6906800270080566,0.6414835453033447,-0.010938534513115883,0.6890465021133423,0.570798933506012,-0.007106035947799683,0.6739424467086792,0.5887598395347595,0.0004654080548789352,0.6698379516601562,0.6208693981170654,0.006533405277878046,Wrong
0.6265700459480286,0.87594074010849,1.9189758404536406e-07,0.539892315864563,0.8423514366149902,-0.01814696379005909,0.4777878522872925,0.7771245837211609,-0.03199824318289757,0.4237171411514282,0.7253894805908203,-0.044938165694475174,0.3798691928386688,0.7007012367248535,-0.05793626606464386,0.5446911454200745,0.6415015459060669,-0.023447193205356598,0.5135258436203003,0.540431022644043,-0.026517869904637337,0.49980655312538147,0.48563235998153687,-0.030332282185554504,0.495307594537735,0.44179436564445496,-0.03391289710998535,0.591552197933197,0.6242021918296814,-0.01761438697576523,0.5698822140693665,0.5072808265686035,-0.016501078382134438,0.5590277910232544,0.4434055685997009,-0.017346125096082687,0.5611279606819153,0.40323853492736816,-0.021027054637670517,0.6334781050682068,0.6376970410346985,-0.01135177630931139,0.6319732666015625,0.5332536101341248,-0.012127985246479511,0.6177789568901062,0.5569330453872681,-0.008929562754929066,0.6112517714500427,0.5945818424224854,-0.005988751538097858,0.6706289052963257,0.6633970737457275,-0.006684507243335247,0.6732666492462158,0.5904046893119812,-0.006222581025213003,0.6582363843917847,0.5999063849449158,0.00010439564357511699,0.6520224809646606,0.6249589920043945,0.006217075511813164,Wrong
0.626098096370697,0.8937731385231018,1.4484783150692238e-07,0.5444514155387878,0.8638343811035156,-0.024051176384091377,0.4808039665222168,0.7905489206314087,-0.04073892533779144,0.43144163489341736,0.7174652218818665,-0.05342457443475723,0.38968604803085327,0.6749539375305176,-0.06314550340175629,0.5531124472618103,0.6698980927467346,-0.03951583430171013,0.5229517221450806,0.558894693851471,-0.046647388488054276,0.5093236565589905,0.5104935169219971,-0.046815235167741776,0.5035661458969116,0.4738512635231018,-0.0457293801009655,0.6004807949066162,0.6477230191230774,-0.029066529124975204,0.5751134753227234,0.5190936326980591,-0.03748263418674469,0.5619391798973083,0.4532006084918976,-0.034802939742803574,0.5610463619232178,0.4110203683376312,-0.03216496855020523,0.6421921253204346,0.6536422371864319,-0.017798183485865593,0.6283839344978333,0.5413385629653931,-0.02432938851416111,0.6067548394203186,0.5505193471908569,-0.014432381838560104,0.5947392582893372,0.5759230852127075,-0.0035116388462483883,0.6769400238990784,0.6764235496520996,-0.008386990986764431,0.6752843260765076,0.5937778949737549,-0.00843689776957035,0.6558634042739868,0.5958570837974548,0.0024168924428522587,0.6441062688827515,0.6171441674232483,0.013761579990386963,Wrong
0.6229016780853271,0.8941035270690918,1.4299908457360289e-07,0.5405182838439941,0.8614934682846069,-0.025361862033605576,0.4766775965690613,0.785926342010498,-0.0449535995721817,0.42512714862823486,0.7082704901695251,-0.05820925533771515,0.38279151916503906,0.6602738499641418,-0.06576809287071228,0.554323136806488,0.6813902258872986,-0.06332585215568542,0.5298179388046265,0.549911618232727,-0.0699249804019928,0.5134161710739136,0.5198390483856201,-0.05803494527935982,0.5035769939422607,0.5158625841140747,-0.04589133337140083,0.6039806604385376,0.6627125144004822,-0.050844401121139526,0.5747173428535461,0.5167388916015625,-0.06247500330209732,0.5582612156867981,0.4474860429763794,-0.052064619958400726,0.5504477024078369,0.401577353477478,-0.04231371730566025,0.6443472504615784,0.6657054424285889,-0.0358881875872612,0.6266269087791443,0.5355216860771179,-0.043819982558488846,0.6017731428146362,0.5100328326225281,-0.02856156788766384,0.5799269080162048,0.5079330801963806,-0.013651191256940365,0.6751052141189575,0.6848189830780029,-0.022068221122026443,0.6773926019668579,0.5896342396736145,-0.022443823516368866,0.6568196415901184,0.569492518901825,-0.00876916479319334,0.6351147890090942,0.5736653804779053,0.005278626922518015,Wrong
0.6244731545448303,0.8965555429458618,8.821259456226471e-08,0.541208803653717,0.8630619049072266,-0.028166253119707108,0.4758901298046112,0.7892932295799255,-0.04955160990357399,0.42595821619033813,0.7098100185394287,-0.06457271426916122,0.3845333456993103,0.6584553718566895,-0.07332831621170044,0.556662917137146,0.6840887665748596,-0.061226777732372284,0.5344936847686768,0.5568154454231262,-0.07117452472448349,0.5144325494766235,0.5501063466072083,-0.06305635720491409,0.5047203302383423,0.5714480876922607,-0.05322759598493576,0.6060750484466553,0.6649839282035828,-0.05006883293390274,0.5809988379478455,0.5217005014419556,-0.06676793843507767,0.5650119185447693,0.44942837953567505,-0.0644298791885376,0.5555835962295532,0.39834457635879517,-0.06117067486047745,0.6450519561767578,0.6657547950744629,-0.037372056394815445,0.6297895312309265,0.5400326251983643,-0.05047648027539253,0.6090682744979858,0.4862111210823059,-0.04669985920190811,0.5862851142883301,0.45451492071151733,-0.04108467698097229,0.6749805808067322,0.6825697422027588,-0.025483042001724243,0.681792676448822,0.5855907201766968,-0.02852274663746357,0.6682232618331909,0.5549938678741455,-0.02012084424495697,0.6485783457756042,0.5429291725158691,-0.011766564100980759,Wrong
0.6276312470436096,0.9019180536270142,1.202165833547042e-08,0.5451359152793884,0.8649093508720398,-0.028569351881742477,0.48229604959487915,0.7924160957336426,-0.050448227673769,0.43373221158981323,0.7159990072250366,-0.06709697097539902,0.39353257417678833,0.6641175746917725,-0.07818811386823654,0.5624138116836548,0.6734602451324463,-0.055204182863235474,0.5399709343910217,0.5633817911148071,-0.06964956223964691,0.5213554501533508,0.5683733820915222,-0.06841007620096207,0.5122523307800293,0.5947104692459106,-0.0644264742732048,0.61118483543396,0.6530119180679321,-0.04741278663277626,0.5874466300010681,0.5217174291610718,-0.0666181817650795,0.5734959840774536,0.4495013952255249,-0.07099660485982895,0.5636283159255981,0.3939637243747711,-0.0736931562423706,0.6510587930679321,0.6550552845001221,-0.03939631208777428,0.6437945365905762,0.5401201844215393,-0.055378757417201996,0.634066641330719,0.472905695438385,-0.06091209873557091,0.6182157397270203,0.4232006072998047,-0.0630951002240181,0.6833972334861755,0.6759650111198425,-0.0323529914021492,0.6979436874389648,0.5919980406761169,-0.03945562615990639,0.6949503421783447,0.5459054112434387,-0.03918319568037987,0.682081937789917,0.5115777254104614,-0.03772743046283722,Wrong
0.629767119884491,0.9027305841445923,1.521631709522353e-08,0.5472707152366638,0.8667364120483398,-0.027673212811350822,0.48597192764282227,0.7940147519111633,-0.04879399761557579,0.4369048476219177,0.7185949683189392,-0.06480061262845993,0.3972077965736389,0.6690605282783508,-0.07613802701234818,0.5681694746017456,0.672033429145813,-0.05579053610563278,0.5437825918197632,0.5642266273498535,-0.07274672389030457,0.5239933729171753,0.5806646347045898,-0.07414324581623077,0.5165214538574219,0.6167662739753723,-0.07158159464597702,0.6155361533164978,0.6521333456039429,-0.04868436977267265,0.5916137099266052,0.5202083587646484,-0.0668272152543068,0.5782262682914734,0.4494507908821106,-0.07028339058160782,0.5712957382202148,0.39267870783805847,-0.07235036790370941,0.6547167897224426,0.658178985118866,-0.041851483285427094,0.653427243232727,0.5389654636383057,-0.05838524550199509,0.6513369083404541,0.46566200256347656,-0.06604190915822983,0.6449803113937378,0.4083707332611084,-0.06996843963861465,0.6854251623153687,0.6854952573776245,-0.035698045045137405,0.708760142326355,0.6071488261222839,-0.045266538858413696,0.7153792381286621,0.5566791892051697,-0.0480511300265789,0.7149550914764404,0.5154271125793457,-0.04878507927060127,Wrong
0.6264691948890686,0.9033334255218506,-1.1812803180077935e-08,0.5438922047615051,0.8674668073654175,-0.02941901609301567,0.4835447669029236,0.7919214367866516,-0.049831025302410126,0.43510231375694275,0.7196223735809326,-0.06634272634983063,0.3963277339935303,0.6732947826385498,-0.07859179377555847,0.5662293434143066,0.6595866084098816,-0.04227596893906593,0.539435863494873,0.5705010890960693,-0.06325732916593552,0.5249130129814148,0.5965674519538879,-0.07413223385810852,0.5245122313499451,0.6375405788421631,-0.07864896953105927,0.6121370196342468,0.6388450860977173,-0.03732452914118767,0.5877206921577454,0.5187447667121887,-0.05503286048769951,0.5775406360626221,0.4499708414077759,-0.06321307271718979,0.574524462223053,0.3919790983200073,-0.06932723522186279,0.6511341333389282,0.6501309871673584,-0.034895848482847214,0.6548940539360046,0.5347919464111328,-0.0540807731449604,0.6603676080703735,0.46205228567123413,-0.06602524220943451,0.6629191637039185,0.40217292308807373,-0.07279975712299347,0.6833797693252563,0.6849438548088074,-0.03369848057627678,0.7117007374763489,0.6073372960090637,-0.04667067155241966,0.7233507633209229,0.555355966091156,-0.05173062905669212,0.7298858761787415,0.5115804672241211,-0.05408722162246704,Wrong
0.6078665852546692,0.8879953622817993,-1.3484628880178207e-07,0.5320613384246826,0.8582294583320618,-0.0316152460873127,0.47193872928619385,0.7979435920715332,-0.052822910249233246,0.4167369604110718,0.7364464998245239,-0.06878559291362762,0.3799533545970917,0.6975700259208679,-0.08051525801420212,0.5512798428535461,0.6579502820968628,-0.034001048654317856,0.5065711736679077,0.6336792707443237,-0.04450622946023941,0.4917188584804535,0.6678835153579712,-0.05303199216723442,0.49459218978881836,0.7074975967407227,-0.05771750956773758,0.5894028544425964,0.6390988230705261,-0.022295523434877396,0.5578016638755798,0.5515888929367065,-0.024256154894828796,0.5432233214378357,0.4965490698814392,-0.023941876366734505,0.5375766754150391,0.4536670446395874,-0.0272318497300148,0.6227097511291504,0.6489920020103455,-0.013110609725117683,0.6182465553283691,0.5528563261032104,-0.01612166501581669,0.6206885576248169,0.4926028251647949,-0.01938103511929512,0.6255014538764954,0.4428889751434326,-0.023348363116383553,0.6517842411994934,0.6791264414787292,-0.006285260431468487,0.6679986119270325,0.5996039509773254,-0.0061821648851037025,0.6731311082839966,0.5538784265518188,-0.003396156243979931,0.6751242876052856,0.5111942291259766,-0.0026422510854899883,Wrong
0.6068329215049744,0.8927556872367859,-1.7384438422141102e-07,0.5279738903045654,0.861691951751709,-0.028870055451989174,0.46853888034820557,0.7974460124969482,-0.04653889685869217,0.4136980175971985,0.7342306971549988,-0.05888690799474716,0.3788676857948303,0.6930010914802551,-0.06675851345062256,0.5476058125495911,0.6597941517829895,-0.02999110333621502,0.5014864206314087,0.6337761878967285,-0.04072922095656395,0.4842512309551239,0.669948399066925,-0.048435650765895844,0.48559534549713135,0.7120051383972168,-0.05147169157862663,0.5868736505508423,0.6410961151123047,-0.017888875678181648,0.5539502501487732,0.5515426397323608,-0.019721010699868202,0.538756787776947,0.4958728551864624,-0.017414458096027374,0.5317397117614746,0.45142731070518494,-0.01819346845149994,0.6208595037460327,0.6515284776687622,-0.008457548916339874,0.6185529828071594,0.5561005473136902,-0.0117441825568676,0.6227118372917175,0.495006799697876,-0.01275845617055893,0.6280853748321533,0.4434483051300049,-0.013828183524310589,0.6485946178436279,0.6810833215713501,-0.0010477232281118631,0.6643797159194946,0.601478636264801,-0.0010271589271724224,0.6691718101501465,0.5546178817749023,0.0030165864154696465,0.6711103916168213,0.5099591016769409,0.0057226684875786304,Wrong
0.6043800115585327,0.8887159824371338,-1.7635726123899076e-07,0.5262998342514038,0.8561860918998718,-0.02808668464422226,0.4664313793182373,0.7923488020896912,-0.04640025645494461,0.41269034147262573,0.7307642698287964,-0.06023137643933296,0.3782564401626587,0.6910220980644226,-0.06995189189910889,0.5456785559654236,0.6587631702423096,-0.02859329618513584,0.5012086033821106,0.63040691614151,-0.04012420400977135,0.48561304807662964,0.6658926606178284,-0.04939866065979004,0.48756781220436096,0.706562340259552,-0.0539841391146183,0.5845000743865967,0.6395664811134338,-0.018528128042817116,0.5528658032417297,0.5511491894721985,-0.020509732887148857,0.5380945205688477,0.49627184867858887,-0.020352229475975037,0.5313208699226379,0.452172189950943,-0.023370573297142982,0.618801474571228,0.64923495054245,-0.011280792765319347,0.6150423288345337,0.5530576705932617,-0.014683962799608707,0.6184141635894775,0.4917069673538208,-0.01817374676465988,0.6236635446548462,0.4397943317890167,-0.02187858708202839,0.647544801235199,0.6783276796340942,-0.006115351803600788,0.6630849242210388,0.598581850528717,-0.006121836602687836,0.6679234504699707,0.5521669387817383,-0.0032223628368228674,0.6701667904853821,0.5084027647972107,-0.002160568255931139,Wrong
0.602983295917511,0.888323962688446,-1.70724362646979e-07,0.5253355503082275,0.8562698364257812,-0.02849659137427807,0.4653494954109192,0.7927045822143555,-0.04694488272070885,0.4118037819862366,0.730589747428894,-0.0603395514190197,0.37634918093681335,0.6908631920814514,-0.06953303515911102,0.545976459980011,0.6592450141906738,-0.03201504051685333,0.4993145167827606,0.6335687041282654,-0.04163368046283722,0.4827083945274353,0.6686493158340454,-0.04898424446582794,0.4841008484363556,0.7089784741401672,-0.0527840256690979,0.5847868919372559,0.6407657861709595,-0.021304311230778694,0.5520042181015015,0.5504659414291382,-0.023856448009610176,0.5365446209907532,0.49471819400787354,-0.023953145369887352,0.5294010043144226,0.4512876272201538,-0.027246039360761642,0.6183854937553406,0.6506588459014893,-0.012719158083200455,0.6140046119689941,0.5521654486656189,-0.016601843759417534,0.616506040096283,0.49019402265548706,-0.020545978099107742,0.6213362216949463,0.43882596492767334,-0.024607736617326736,0.6467384099960327,0.6799238920211792,-0.005986330099403858,0.662167489528656,0.5979247093200684,-0.0063225082121789455,0.6670992970466614,0.5504722595214844,-0.003800404956564307,0.6693376302719116,0.5058489441871643,-0.0031090169213712215,Wrong
0.602983295917511,0.888323962688446,-1.70724362646979e-07,0.5253355503082275,0.8562698364257812,-0.02849659137427807,0.4653494954109192,0.7927045822143555,-0.04694488272070885,0.4118037819862366,0.730589747428894,-0.0603395514190197,0.37634918093681335,0.6908631920814514,-0.06953303515911102,0.545976459980011,0.6592450141906738,-0.03201504051685333,0.4993145167827606,0.6335687041282654,-0.04163368046283722,0.4827083945274353,0.6686493158340454,-0.04898424446582794,0.4841008484363556,0.7089784741401672,-0.0527840256690979,0.5847868919372559,0.6407657861709595,-0.021304311230778694,0.5520042181015015,0.5504659414291382,-0.023856448009610176,0.5365446209907532,0.49471819400787354,-0.023953145369887352,0.5294010043144226,0.4512876272201538,-0.027246039360761642,0.6183854937553406,0.6506588459014893,-0.012719158083200455,0.6140046119689941,0.5521654486656189,-0.016601843759417534,0.616506040096283,0.49019402265548706,-0.020545978099107742,0.6213362216949463,0.43882596492767334,-0.024607736617326736,0.6467384099960327,0.6799238920211792,-0.005986330099403858,0.662167489528656,0.5979247093200684,-0.0063225082121789455,0.6670992970466614,0.5504722595214844,-0.003800404956564307,0.6693376302719116,0.5058489441871643,-0.0031090169213712215,Wrong
0.6033718585968018,0.8865716457366943,-1.817944763615742e-07,0.525732159614563,0.8554069995880127,-0.028767669573426247,0.46753907203674316,0.7922656536102295,-0.047976866364479065,0.4138200879096985,0.7300667762756348,-0.06225591525435448,0.3781660795211792,0.690894365310669,-0.07228679955005646,0.5469575524330139,0.6573125720024109,-0.03232406824827194,0.5002575516700745,0.6319160461425781,-0.04472078010439873,0.4829186499118805,0.6681239604949951,-0.05438755452632904,0.4843084216117859,0.7105266451835632,-0.05913267284631729,0.5856493711471558,0.6385120749473572,-0.021578554064035416,0.5525766611099243,0.5483092665672302,-0.025082513689994812,0.5369963049888611,0.4926231801509857,-0.024882882833480835,0.529971182346344,0.44895029067993164,-0.02757376804947853,0.6190117001533508,0.6484352946281433,-0.013206912204623222,0.6144083738327026,0.5512264966964722,-0.017216825857758522,0.6171428561210632,0.48976537585258484,-0.01947355829179287,0.6221290230751038,0.43858644366264343,-0.021998977288603783,0.646676778793335,0.6782077550888062,-0.006925457622855902,0.6617591381072998,0.5974875092506409,-0.006665836554020643,0.6661372184753418,0.5509317517280579,-0.0027337230276316404,0.6677557229995728,0.5074164867401123,-0.0006823043222539127,Wrong
0.6073225140571594,0.8895322680473328,-1.8972285431573255e-07,0.5293576121330261,0.8574920892715454,-0.029821328818798065,0.4703384041786194,0.7940003871917725,-0.04993750527501106,0.41532590985298157,0.7302981615066528,-0.06471902132034302,0.3789784014225006,0.6890677213668823,-0.07507900148630142,0.5501694083213806,0.6585536599159241,-0.03486359119415283,0.501502513885498,0.6321415901184082,-0.04832633584737778,0.48315539956092834,0.6698518395423889,-0.05870750918984413,0.48400792479515076,0.7139006853103638,-0.0638982355594635,0.5888384580612183,0.6395315527915955,-0.0233304500579834,0.553794801235199,0.5483765006065369,-0.028398064896464348,0.5375367999076843,0.4923030138015747,-0.029666006565093994,0.5303294062614441,0.4476768970489502,-0.033528443425893784,0.6218300461769104,0.6497769355773926,-0.013948299922049046,0.6160754561424255,0.550904393196106,-0.019296063110232353,0.6181498765945435,0.48837679624557495,-0.022443193942308426,0.6227153539657593,0.43654319643974304,-0.025538481771945953,0.6491854786872864,0.680353045463562,-0.006558168679475784,0.6632025837898254,0.5987359881401062,-0.006801939569413662,0.666634738445282,0.5517536401748657,-0.003066458273679018,0.6676892042160034,0.507808268070221,-0.001224460662342608,Wrong
0.6045048236846924,0.8842557668685913,-1.8623121889049798e-07,0.5285526514053345,0.8534018397331238,-0.03257828950881958,0.4694523215293884,0.7914841175079346,-0.05467159301042557,0.414734423160553,0.7289853096008301,-0.07134243845939636,0.37902963161468506,0.6875308752059937,-0.08333506435155869,0.5482509136199951,0.6546272039413452,-0.038458555936813354,0.5015057921409607,0.6286808848381042,-0.05683649331331253,0.4850401282310486,0.6689167618751526,-0.07064048200845718,0.48656129837036133,0.7150052785873413,-0.07753291726112366,0.586148738861084,0.6343839168548584,-0.026810187846422195,0.552734911441803,0.5452300906181335,-0.03455785661935806,0.5376139879226685,0.4903756380081177,-0.03704093396663666,0.5306016802787781,0.44599807262420654,-0.0416189581155777,0.6194865107536316,0.6443122029304504,-0.01792544685304165,0.6157377362251282,0.5484783053398132,-0.025164922699332237,0.6189636588096619,0.48804140090942383,-0.02794972062110901,0.6242400407791138,0.43696048855781555,-0.030610693618655205,0.6477380990982056,0.6753076910972595,-0.01147762592881918,0.6632862687110901,0.5961955785751343,-0.013202827423810959,0.6677442789077759,0.550238311290741,-0.009603513404726982,0.6697798371315002,0.5060171484947205,-0.007601515855640173,Wrong
0.6083051562309265,0.8864933848381042,-1.9503244175211876e-07,0.5292414426803589,0.8549703359603882,-0.029467256739735603,0.4697147011756897,0.7918606996536255,-0.049236200749874115,0.41474366188049316,0.7280754446983337,-0.06378600001335144,0.3781105875968933,0.6883630752563477,-0.07394219189882278,0.5494521260261536,0.6536797285079956,-0.03398307040333748,0.5035074949264526,0.6272192001342773,-0.04772618040442467,0.4872218072414398,0.6662693619728088,-0.05869987979531288,0.48935243487358093,0.7098435163497925,-0.0642954632639885,0.5880799889564514,0.6343322992324829,-0.02225431054830551,0.5548496246337891,0.545121967792511,-0.027195148169994354,0.5397821664810181,0.48991936445236206,-0.028491351753473282,0.5339267253875732,0.44476038217544556,-0.03241997957229614,0.6210384964942932,0.6444928050041199,-0.012722711078822613,0.6166388988494873,0.5490032434463501,-0.017533011734485626,0.6195496916770935,0.48849618434906006,-0.020412499085068703,0.6250276565551758,0.4373709559440613,-0.023327458649873734,0.64858478307724,0.6746004223823547,-0.005241272505372763,0.6631630063056946,0.5956710577011108,-0.0042867413721978664,0.6670706272125244,0.549792468547821,7.564666157122701e-05,0.6687299609184265,0.5062466859817505,0.0022416238207370043,Wrong
0.6083051562309265,0.8864933848381042,-1.9503244175211876e-07,0.5292414426803589,0.8549703359603882,-0.029467256739735603,0.4697147011756897,0.7918606996536255,-0.049236200749874115,0.41474366188049316,0.7280754446983337,-0.06378600001335144,0.3781105875968933,0.6883630752563477,-0.07394219189882278,0.5494521260261536,0.6536797285079956,-0.03398307040333748,0.5035074949264526,0.6272192001342773,-0.04772618040442467,0.4872218072414398,0.6662693619728088,-0.05869987979531288,0.48935243487358093,0.7098435163497925,-0.0642954632639885,0.5880799889564514,0.6343322992324829,-0.02225431054830551,0.5548496246337891,0.545121967792511,-0.027195148169994354,0.5397821664810181,0.48991936445236206,-0.028491351753473282,0.5339267253875732,0.44476038217544556,-0.03241997957229614,0.6210384964942932,0.6444928050041199,-0.012722711078822613,0.6166388988494873,0.5490032434463501,-0.017533011734485626,0.6195496916770935,0.48849618434906006,-0.020412499085068703,0.6250276565551758,0.4373709559440613,-0.023327458649873734,0.64858478307724,0.6746004223823547,-0.005241272505372763,0.6631630063056946,0.5956710577011108,-0.0042867413721978664,0.6670706272125244,0.549792468547821,7.564666157122701e-05,0.6687299609184265,0.5062466859817505,0.0022416238207370043,Wrong
0.6066796779632568,0.8869951963424683,-1.75756127873683e-07,0.5307249426841736,0.8539372682571411,-0.032110799103975296,0.47117215394973755,0.7890937328338623,-0.05336547642946243,0.41707831621170044,0.7264469861984253,-0.06997524946928024,0.3824872374534607,0.6863075494766235,-0.08243552595376968,0.550771951675415,0.6573747992515564,-0.03464794158935547,0.5049430727958679,0.6296434998512268,-0.052358418703079224,0.488684743642807,0.6646778583526611,-0.06590132415294647,0.4904852509498596,0.7068200707435608,-0.07298257201910019,0.5889821648597717,0.6379514932632446,-0.02480289712548256,0.5570012331008911,0.5473387837409973,-0.033292002975940704,0.5438979864120483,0.49121347069740295,-0.036832064390182495,0.5390158891677856,0.4470871686935425,-0.041900087147951126,0.6231345534324646,0.646719217300415,-0.018204476684331894,0.617974579334259,0.5491029620170593,-0.02651381306350231,0.621953010559082,0.48812246322631836,-0.030990077182650566,0.6285814642906189,0.43627291917800903,-0.034669872373342514,0.6523197293281555,0.6762869954109192,-0.014162938110530376,0.6664947867393494,0.5958297848701477,-0.01705760508775711,0.6711429953575134,0.5485382080078125,-0.015050618909299374,0.6743977665901184,0.5036956071853638,-0.014219403266906738,Wrong
0.6066632270812988,0.8885563611984253,-1.828724975894147e-07,0.5305115580558777,0.8556386828422546,-0.032691895961761475,0.47084665298461914,0.7906515002250671,-0.0541134811937809,0.4168316125869751,0.7275839447975159,-0.07072587311267853,0.3817217946052551,0.686173677444458,-0.08304774761199951,0.550454318523407,0.6578598022460938,-0.03519224375486374,0.5033872127532959,0.6305856108665466,-0.053424086421728134,0.4867725968360901,0.6670668125152588,-0.06729437410831451,0.48834264278411865,0.7101624011993408,-0.07456222921609879,0.5888217091560364,0.6378220319747925,-0.025054514408111572,0.5561648607254028,0.5480276346206665,-0.03407466784119606,0.5431925058364868,0.49206870794296265,-0.038118742406368256,0.5382511019706726,0.4476156234741211,-0.04369547963142395,0.6229509711265564,0.6464159488677979,-0.01818973571062088,0.6177003383636475,0.549460768699646,-0.02708938717842102,0.621576726436615,0.4885134696960449,-0.03184248134493828,0.6280353665351868,0.4367123246192932,-0.03575640171766281,0.6523157954216003,0.6759434938430786,-0.013903370127081871,0.6666328310966492,0.5958797335624695,-0.017057422548532486,0.6710026860237122,0.5490075349807739,-0.015139239840209484,0.6739424467086792,0.5045963525772095,-0.014450266025960445,Wrong
0.6066632270812988,0.8885563611984253,-1.828724975894147e-07,0.5305115580558777,0.8556386828422546,-0.032691895961761475,0.47084665298461914,0.7906515002250671,-0.0541134811937809,0.4168316125869751,0.7275839447975159,-0.07072587311267853,0.3817217946052551,0.686173677444458,-0.08304774761199951,0.550454318523407,0.6578598022460938,-0.03519224375486374,0.5033872127532959,0.6305856108665466,-0.053424086421728134,0.4867725968360901,0.6670668125152588,-0.06729437410831451,0.48834264278411865,0.7101624011993408,-0.07456222921609879,0.5888217091560364,0.6378220319747925,-0.025054514408111572,0.5561648607254028,0.5480276346206665,-0.03407466784119606,0.5431925058364868,0.49206870794296265,-0.038118742406368256,0.5382511019706726,0.4476156234741211,-0.04369547963142395,0.6229509711265564,0.6464159488677979,-0.01818973571062088,0.6177003383636475,0.549460768699646,-0.02708938717842102,0.621576726436615,0.4885134696960449,-0.03184248134493828,0.6280353665351868,0.4367123246192932,-0.03575640171766281,0.6523157954216003,0.6759434938430786,-0.013903370127081871,0.6666328310966492,0.5958797335624695,-0.017057422548532486,0.6710026860237122,0.5490075349807739,-0.015139239840209484,0.6739424467086792,0.5045963525772095,-0.014450266025960445,Wrong
0.6068142652511597,0.8879813551902771,-1.8643569887899503e-07,0.5280233025550842,0.8568676114082336,-0.030337311327457428,0.4692588448524475,0.7930579781532288,-0.05054057389497757,0.4157414138317108,0.7281597852706909,-0.06546963006258011,0.3794059157371521,0.6870238184928894,-0.07611400634050369,0.5485641956329346,0.6563215255737305,-0.03513980656862259,0.5015851855278015,0.630612313747406,-0.04835669696331024,0.4857718348503113,0.6672292351722717,-0.05825530365109444,0.4887009859085083,0.7098459005355835,-0.06328705698251724,0.5880085825920105,0.6366584897041321,-0.023419363424181938,0.5537689328193665,0.5474216341972351,-0.028992945328354836,0.5396369695663452,0.49228811264038086,-0.030434127897024155,0.5349302291870117,0.44883814454078674,-0.034176331013441086,0.6217820644378662,0.6460648775100708,-0.013819034211337566,0.6151537895202637,0.5477089285850525,-0.019809186458587646,0.6181793212890625,0.486346960067749,-0.022825656458735466,0.6244610548019409,0.4351682662963867,-0.025505147874355316,0.649990439414978,0.6759986281394958,-0.006257378496229649,0.6631234884262085,0.5947434902191162,-0.00677076168358326,0.667174220085144,0.5477025508880615,-0.003105354029685259,0.6699501872062683,0.503532350063324,-0.001101663219742477,Wrong
0.6053542494773865,0.8870518207550049,-2.0040482695549144e-07,0.5270124673843384,0.8544518947601318,-0.029317772015929222,0.4682326018810272,0.7901238799095154,-0.04882147163152695,0.41412073373794556,0.7273298501968384,-0.06351036578416824,0.3781640827655792,0.6869414448738098,-0.0738673210144043,0.5475643873214722,0.6548546552658081,-0.032941337674856186,0.4999353289604187,0.6290342211723328,-0.04851261153817177,0.48254263401031494,0.6680130362510681,-0.06065917760133743,0.48387807607650757,0.712458074092865,-0.06671389937400818,0.5858650207519531,0.6358502507209778,-0.022584201768040657,0.5526208281517029,0.5451148152351379,-0.028857452794909477,0.5371294021606445,0.48902949690818787,-0.030553707852959633,0.5304179787635803,0.44336241483688354,-0.03437380865216255,0.6192612648010254,0.6464189291000366,-0.014882020652294159,0.615471601486206,0.5489819645881653,-0.021294228732585907,0.6185253858566284,0.487943559885025,-0.024143680930137634,0.6242652535438538,0.43641167879104614,-0.02662133425474167,0.6474050879478455,0.6769710779190063,-0.009343910031020641,0.6615228056907654,0.595970094203949,-0.010551386512815952,0.6652136445045471,0.5483152866363525,-0.006995182950049639,0.6672176122665405,0.5031113028526306,-0.004979688208550215,Wrong
0.6075960993766785,0.8901532888412476,-2.0794453803318902e-07,0.526362955570221,0.8578983545303345,-0.026116160675883293,0.4678015410900116,0.7915612459182739,-0.04338221251964569,0.4153802990913391,0.7264236211776733,-0.05599523335695267,0.3798847794532776,0.6851356625556946,-0.06453713774681091,0.5480958223342896,0.6576963663101196,-0.02991432324051857,0.5013615489006042,0.6295517086982727,-0.041846953332424164,0.4838118553161621,0.6662796139717102,-0.05116497352719307,0.4852987229824066,0.7094323635101318,-0.05558665096759796,0.5877687931060791,0.637922465801239,-0.01972930319607258,0.5539963841438293,0.5463216304779053,-0.023393450304865837,0.5376624464988708,0.49007338285446167,-0.023376688361167908,0.53046053647995,0.4456859529018402,-0.026020092889666557,0.6216880083084106,0.6473000049591064,-0.011629605665802956,0.6172800660133362,0.5488799214363098,-0.015900297090411186,0.6194989085197449,0.4860110282897949,-0.018141334876418114,0.624502420425415,0.43408286571502686,-0.02034793794155121,0.6490075588226318,0.676250159740448,-0.0052615017630159855,0.6628541350364685,0.594817042350769,-0.004663572181016207,0.6667579412460327,0.5466132164001465,-0.0003369678452145308,0.6686772108078003,0.5024559497833252,0.00211653602309525,Wrong
0.650566041469574,0.8800841569900513,1.3267705867292534e-07,0.5592555403709412,0.8511427640914917,-0.05186660215258598,0.4988142251968384,0.7618420720100403,-0.07911244034767151,0.4663515090942383,0.6699532270431519,-0.09264439344406128,0.43680340051651,0.6014373898506165,-0.10254533588886261,0.6019150614738464,0.6823232769966125,-0.09124086052179337,0.5685199499130249,0.5440919995307922,-0.10913816094398499,0.5341338515281677,0.4861900806427002,-0.11433859914541245,0.5081323981285095,0.448114275932312,-0.11526108533143997,0.649668276309967,0.666521430015564,-0.06489888578653336,0.628638505935669,0.5151774883270264,-0.08671111613512039,0.6015797853469849,0.4365041255950928,-0.08951052278280258,0.5818634033203125,0.3793703019618988,-0.08959256857633591,0.6755404472351074,0.665457546710968,-0.03718634694814682,0.658513069152832,0.5381890535354614,-0.053074389696121216,0.6257308125495911,0.4811027944087982,-0.051783282309770584,0.5984469056129456,0.4463042616844177,-0.04799423739314079,0.6859909296035767,0.6723429560661316,-0.011809217743575573,0.6615918874740601,0.5778321027755737,-0.020641151815652847,0.6353358626365662,0.5338589549064636,-0.01812124438583851,0.612695038318634,0.5083894729614258,-0.01380245666950941,Wrong
0.642454206943512,0.872563362121582,4.936529194310424e-07,0.5540744662284851,0.8358678817749023,-0.06838726252317429,0.49810171127319336,0.7572829127311707,-0.10236704349517822,0.4540128707885742,0.6772684454917908,-0.11847034841775894,0.408373087644577,0.6184898614883423,-0.13137343525886536,0.5974241495132446,0.6437059640884399,-0.10154623538255692,0.574367105960846,0.5048180818557739,-0.11548801511526108,0.5563650727272034,0.42873314023017883,-0.11916019022464752,0.548923671245575,0.3709445893764496,-0.11945667117834091,0.642227828502655,0.6426887512207031,-0.06133018061518669,0.627594530582428,0.491823673248291,-0.07557336241006851,0.6169719099998474,0.4107690453529358,-0.07325538992881775,0.6121135354042053,0.35256168246269226,-0.06934847682714462,0.666717529296875,0.656867265701294,-0.020875802263617516,0.6457247734069824,0.541199803352356,-0.024553153663873672,0.629558801651001,0.467848002910614,-0.0225825235247612,0.6177324056625366,0.41553181409835815,-0.020065126940608025,0.6759071946144104,0.6731000542640686,0.015396845526993275,0.6450039744377136,0.5903802514076233,0.01754666306078434,0.6225414872169495,0.5453757047653198,0.021662354469299316,0.6063981652259827,0.5146147608757019,0.025784609839320183,Wrong
0.6434362530708313,0.8743515610694885,4.950555876348517e-07,0.555248498916626,0.8375125527381897,-0.06659825146198273,0.4991205930709839,0.7592756748199463,-0.09982883930206299,0.45348790287971497,0.6791314482688904,-0.11570651084184647,0.4076608419418335,0.6206321120262146,-0.1283036470413208,0.5955770611763,0.6436426043510437,-0.09891574084758759,0.5750419497489929,0.5056084394454956,-0.11306897550821304,0.5570124983787537,0.42966020107269287,-0.11675954610109329,0.548931896686554,0.3723798394203186,-0.11683708429336548,0.6406651735305786,0.6412825584411621,-0.0595339797437191,0.6274935603141785,0.49143147468566895,-0.07251366227865219,0.6166759729385376,0.41128119826316833,-0.06837198138237,0.6114296317100525,0.3530173599720001,-0.06290756165981293,0.6657639741897583,0.6553364396095276,-0.020096950232982635,0.6460162997245789,0.5395697951316833,-0.022106723859906197,0.6314988136291504,0.46645039319992065,-0.017726628109812737,0.6210077404975891,0.4133076071739197,-0.013578042387962341,0.6753625273704529,0.6721135377883911,0.014990335330367088,0.6451244354248047,0.5914539098739624,0.018306665122509003,0.6231090426445007,0.5472670793533325,0.02385334111750126,0.6070206761360168,0.5165738463401794,0.029240019619464874,Wrong
0.642231822013855,0.8738828301429749,5.050000027040369e-07,0.554431676864624,0.8402180671691895,-0.06779644638299942,0.4978947043418884,0.7613028883934021,-0.10173922777175903,0.45351284742355347,0.6799807548522949,-0.11788512021303177,0.4071142077445984,0.6214142441749573,-0.1306370496749878,0.5952886343002319,0.6474700570106506,-0.10173555463552475,0.5746192336082458,0.5088678598403931,-0.11658300459384918,0.5568217039108276,0.43255680799484253,-0.12022502720355988,0.5489218831062317,0.3747428357601166,-0.12017599493265152,0.6403005123138428,0.6448289752006531,-0.06195800006389618,0.6269595623016357,0.4946098029613495,-0.07701425999403,0.6160987615585327,0.41420137882232666,-0.07377206534147263,0.6114229559898376,0.35506904125213623,-0.06856143474578857,0.6652691960334778,0.6574937701225281,-0.021932845935225487,0.6448959708213806,0.5397993326187134,-0.026113880798220634,0.6299163103103638,0.4654954671859741,-0.02196868136525154,0.619928240776062,0.4112789034843445,-0.017374854534864426,0.6748698353767395,0.672223687171936,0.013846263289451599,0.6450002789497375,0.5878584384918213,0.015530127100646496,0.6237529516220093,0.541641116142273,0.020908011123538017,0.6086107492446899,0.5091647505760193,0.026581477373838425,Wrong
0.6436049938201904,0.8771209716796875,4.6973553935458767e-07,0.5549423098564148,0.8388691544532776,-0.06783139705657959,0.49811744689941406,0.759524405002594,-0.1017538532614708,0.45322108268737793,0.6786195635795593,-0.11788567900657654,0.40756601095199585,0.6189876198768616,-0.13096915185451508,0.5960186123847961,0.6460503339767456,-0.10186274349689484,0.5743588209152222,0.5073546767234802,-0.1168077364563942,0.5563468933105469,0.43103307485580444,-0.12163976579904556,0.5484092831611633,0.37315288186073303,-0.12250500172376633,0.6408036351203918,0.6441161632537842,-0.06166448816657066,0.6280370354652405,0.4946044683456421,-0.07553786784410477,0.6173875331878662,0.41251856088638306,-0.07364080101251602,0.6112090945243835,0.3531896471977234,-0.07012579590082169,0.6657668352127075,0.6574199199676514,-0.021165870130062103,0.6444219946861267,0.5422334671020508,-0.02474072016775608,0.6295461654663086,0.4684390425682068,-0.024083321914076805,0.6176400184631348,0.41526705026626587,-0.02266371250152588,0.6754095554351807,0.6728858947753906,0.01526797004044056,0.6427348256111145,0.5934511423110962,0.017128324136137962,0.6198679208755493,0.5493093132972717,0.020413698628544807,0.6030694842338562,0.5184406042098999,0.02392054907977581,Wrong
0.6436049938201904,0.8771209716796875,4.6973553935458767e-07,0.5549423098564148,0.8388691544532776,-0.06783139705657959,0.49811744689941406,0.759524405002594,-0.1017538532614708,0.45322108268737793,0.6786195635795593,-0.11788567900657654,0.40756601095199585,0.6189876198768616,-0.13096915185451508,0.5960186123847961,0.6460503339767456,-0.10186274349689484,0.5743588209152222,0.5073546767234802,-0.1168077364563942,0.5563468933105469,0.43103307485580444,-0.12163976579904556,0.5484092831611633,0.37315288186073303,-0.12250500172376633,0.6408036351203918,0.6441161632537842,-0.06166448816657066,0.6280370354652405,0.4946044683456421,-0.07553786784410477,0.6173875331878662,0.41251856088638306,-0.07364080101251602,0.6112090945243835,0.3531896471977234,-0.07012579590082169,0.6657668352127075,0.6574199199676514,-0.021165870130062103,0.6444219946861267,0.5422334671020508,-0.02474072016775608,0.6295461654663086,0.4684390425682068,-0.024083321914076805,0.6176400184631348,0.41526705026626587,-0.02266371250152588,0.6754095554351807,0.6728858947753906,0.01526797004044056,0.6427348256111145,0.5934511423110962,0.017128324136137962,0.6198679208755493,0.5493093132972717,0.020413698628544807,0.6030694842338562,0.5184406042098999,0.02392054907977581,Wrong
0.6392128467559814,0.8722825050354004,4.913341058454535e-07,0.5531086921691895,0.8389601707458496,-0.0691765546798706,0.49729233980178833,0.7606101632118225,-0.1040484830737114,0.4533592462539673,0.679928183555603,-0.12099085003137589,0.4072778820991516,0.6209633946418762,-0.13474862277507782,0.5952735543251038,0.6475079655647278,-0.10344604402780533,0.573859453201294,0.5096681714057922,-0.119229756295681,0.5561791062355042,0.43354561924934387,-0.1238829493522644,0.5483136177062988,0.37603604793548584,-0.12444132566452026,0.6404262185096741,0.645684003829956,-0.06340772658586502,0.6263565421104431,0.49708980321884155,-0.07873620092868805,0.6150532960891724,0.41619643568992615,-0.0762602835893631,0.6096482276916504,0.3574228584766388,-0.07171926647424698,0.6654913425445557,0.6588826775550842,-0.023250769823789597,0.6444028615951538,0.5419177412986755,-0.02816554717719555,0.629244863986969,0.4676826596260071,-0.025060802698135376,0.6191040277481079,0.4132801294326782,-0.02126658707857132,0.6752907633781433,0.6740064024925232,0.01263189036399126,0.6449677348136902,0.5908262729644775,0.013293878175318241,0.6235619783401489,0.5455365180969238,0.018042832612991333,0.6083675622940063,0.5138160586357117,0.023259121924638748,Wrong
0.6375651955604553,0.8732598423957825,4.6903804218345613e-07,0.55078125,0.8371236324310303,-0.0679204910993576,0.4951990246772766,0.7600650191307068,-0.10318805277347565,0.45222753286361694,0.6792376637458801,-0.12052545696496964,0.4078519940376282,0.6185213923454285,-0.13459603488445282,0.5949296355247498,0.6494875550270081,-0.10669076442718506,0.5729892253875732,0.5087240934371948,-0.1243232861161232,0.5543190240859985,0.43212398886680603,-0.13007493317127228,0.5457867383956909,0.373686283826828,-0.13109837472438812,0.6397163271903992,0.6469287872314453,-0.06675819307565689,0.6249296069145203,0.49621862173080444,-0.08322366327047348,0.6139841675758362,0.41395461559295654,-0.08110468089580536,0.6082077026367188,0.3541772961616516,-0.07704775780439377,0.6642374396324158,0.6596784591674805,-0.026262957602739334,0.6425037980079651,0.5429185032844543,-0.03134610503911972,0.6272358298301697,0.46982747316360474,-0.028541063889861107,0.6159791946411133,0.41727274656295776,-0.025160029530525208,0.6735830307006836,0.6747210025787354,0.010156901553273201,0.6432011127471924,0.5918052792549133,0.01120448112487793,0.6213173866271973,0.5461664199829102,0.015788957476615906,0.6051079034805298,0.5143277645111084,0.02071404457092285,Wrong
0.6430111527442932,0.8746761679649353,4.3920752546000585e-07,0.5551638007164001,0.8391213417053223,-0.06848123669624329,0.4967600703239441,0.7605456113815308,-0.1030084416270256,0.45149099826812744,0.6803487539291382,-0.1194501742720604,0.4072495996952057,0.6208899617195129,-0.13259774446487427,0.5947014689445496,0.6484021544456482,-0.1047397330403328,0.5720624327659607,0.5093909502029419,-0.1217237189412117,0.5542790293693542,0.43222570419311523,-0.12765328586101532,0.5464076995849609,0.3739183247089386,-0.12862446904182434,0.6399455666542053,0.6446243524551392,-0.06408073753118515,0.6265180110931396,0.4954566955566406,-0.0786299929022789,0.6151543855667114,0.41282549500465393,-0.07583809643983841,0.6082767844200134,0.35436028242111206,-0.07139571011066437,0.6649689078330994,0.6556305289268494,-0.02315525896847248,0.6451003551483154,0.5392850637435913,-0.02865161933004856,0.6304419636726379,0.4655984938144684,-0.0269943717867136,0.6189503073692322,0.41368189454078674,-0.02388422191143036,0.6748049855232239,0.669080913066864,0.013857240788638592,0.6458200216293335,0.5853070020675659,0.01476378459483385,0.6252515912055969,0.5385608673095703,0.01929347775876522,0.609929621219635,0.50534987449646,0.024335365742444992,Wrong
0.6433319449424744,0.8726146221160889,4.753729854201083e-07,0.5545514225959778,0.8383471369743347,-0.06851302832365036,0.49744370579719543,0.7600115537643433,-0.1020757406949997,0.4524555206298828,0.6795153021812439,-0.11762972921133041,0.4077429175376892,0.620913565158844,-0.1298452615737915,0.5952115058898926,0.6445046067237854,-0.10070887953042984,0.5723256468772888,0.5075530409812927,-0.11613425612449646,0.5544431209564209,0.4313134253025055,-0.12136926501989365,0.5468815565109253,0.373565673828125,-0.1222195029258728,0.6396805047988892,0.6413966417312622,-0.05992620438337326,0.6260217428207397,0.4941788911819458,-0.07409112900495529,0.614932656288147,0.4123481512069702,-0.07200299203395844,0.6090381741523743,0.3534165918827057,-0.06807307153940201,0.6643573641777039,0.6534391045570374,-0.01913372054696083,0.6444857716560364,0.5385885238647461,-0.023871297016739845,0.629522979259491,0.46491897106170654,-0.022843705490231514,0.6181766986846924,0.41192957758903503,-0.020391743630170822,0.6739989519119263,0.667777955532074,0.017600582912564278,0.6446659564971924,0.5857212543487549,0.01907411590218544,0.6237515211105347,0.5401613116264343,0.02294759824872017,0.6085472702980042,0.507954478263855,0.02728639356791973,Wrong
0.6433319449424744,0.8726146221160889,4.753729854201083e-07,0.5545514225959778,0.8383471369743347,-0.06851302832365036,0.49744370579719543,0.7600115537643433,-0.1020757406949997,0.4524555206298828,0.6795153021812439,-0.11762972921133041,0.4077429175376892,0.620913565158844,-0.1298452615737915,0.5952115058898926,0.6445046067237854,-0.10070887953042984,0.5723256468772888,0.5075530409812927,-0.11613425612449646,0.5544431209564209,0.4313134253025055,-0.12136926501989365,0.5468815565109253,0.373565673828125,-0.1222195029258728,0.6396805047988892,0.6413966417312622,-0.05992620438337326,0.6260217428207397,0.4941788911819458,-0.07409112900495529,0.614932656288147,0.4123481512069702,-0.07200299203395844,0.6090381741523743,0.3534165918827057,-0.06807307153940201,0.6643573641777039,0.6534391045570374,-0.01913372054696083,0.6444857716560364,0.5385885238647461,-0.023871297016739845,0.629522979259491,0.46491897106170654,-0.022843705490231514,0.6181766986846924,0.41192957758903503,-0.020391743630170822,0.6739989519119263,0.667777955532074,0.017600582912564278,0.6446659564971924,0.5857212543487549,0.01907411590218544,0.6237515211105347,0.5401613116264343,0.02294759824872017,0.6085472702980042,0.507954478263855,0.02728639356791973,Wrong
0.6398214101791382,0.874128520488739,4.660692809466127e-07,0.5524259805679321,0.8365722894668579,-0.06648871302604675,0.49607622623443604,0.7578756809234619,-0.09975092858076096,0.4524036645889282,0.6782578825950623,-0.1154257282614708,0.4077998995780945,0.619927704334259,-0.12811289727687836,0.594031035900116,0.6447800397872925,-0.10129982978105545,0.5722459554672241,0.506646990776062,-0.11697112023830414,0.5546703338623047,0.43120187520980835,-0.12216604501008987,0.5469092726707458,0.37354934215545654,-0.12288668751716614,0.6388332843780518,0.6427028775215149,-0.06142084673047066,0.6258023381233215,0.4947047829627991,-0.07489009946584702,0.6157375574111938,0.4127714931964874,-0.07189442217350006,0.6095368266105652,0.35474464297294617,-0.06743292510509491,0.6639112234115601,0.6568631529808044,-0.021274009719491005,0.6425988078117371,0.5431429147720337,-0.024596069008111954,0.6274410486221313,0.47105950117111206,-0.02304995059967041,0.6150482892990112,0.4206504225730896,-0.0207296684384346,0.6739663481712341,0.6741912364959717,0.014879883266985416,0.6417986154556274,0.5976879596710205,0.017283156514167786,0.6180881857872009,0.5550885200500488,0.021263835951685905,0.6003637909889221,0.5263978242874146,0.025452101603150368,Wrong
0.6438599228858948,0.8749811053276062,4.7285683990594407e-07,0.5549026131629944,0.840243935585022,-0.06820586323738098,0.49745237827301025,0.7606896758079529,-0.10129287093877792,0.45197594165802,0.6798874735832214,-0.1162804588675499,0.4066881239414215,0.6208965182304382,-0.1279681921005249,0.5945159792900085,0.644721508026123,-0.09983003884553909,0.5714096426963806,0.5077400207519531,-0.11438042670488358,0.5532925724983215,0.4320487082004547,-0.11930164694786072,0.545772135257721,0.37481147050857544,-0.11999774724245071,0.6392321586608887,0.642414927482605,-0.05863454192876816,0.6251466870307922,0.49611592292785645,-0.0718860924243927,0.6147928237915039,0.41451770067214966,-0.06980343163013458,0.6095888018608093,0.35588333010673523,-0.06613320857286453,0.6641504764556885,0.654936671257019,-0.01737826317548752,0.6446674466133118,0.540937602519989,-0.021909143775701523,0.6307522058486938,0.46755480766296387,-0.02171967551112175,0.6200914978981018,0.4152623414993286,-0.019830139353871346,0.6745169758796692,0.6697579026222229,0.020020250231027603,0.6452069282531738,0.5875375866889954,0.02174440585076809,0.625047504901886,0.5415440797805786,0.025270164012908936,0.6102057695388794,0.5089290142059326,0.02924313023686409,Wrong
0.6403584480285645,0.8780270218849182,4.470480519103148e-07,0.5532075762748718,0.8407734632492065,-0.06640088558197021,0.49603205919265747,0.7614775896072388,-0.09958065301179886,0.45246589183807373,0.6808563470840454,-0.11490146815776825,0.4074159264564514,0.6213995814323425,-0.12717998027801514,0.5949362516403198,0.6492674350738525,-0.10185761004686356,0.5722081065177917,0.5088616609573364,-0.11661827564239502,0.5544547438621521,0.43284958600997925,-0.12107089906930923,0.5467526912689209,0.37467581033706665,-0.12139826267957687,0.6394530534744263,0.646498441696167,-0.06151237711310387,0.6264387965202332,0.4967005252838135,-0.07476919889450073,0.6159019470214844,0.41537192463874817,-0.07223887741565704,0.6093518733978271,0.35721224546432495,-0.06843899935483932,0.6639237403869629,0.6591458916664124,-0.020639020949602127,0.6444064378738403,0.5427809953689575,-0.02512328326702118,0.6302211284637451,0.4693247079849243,-0.025471361353993416,0.618232011795044,0.41722220182418823,-0.024356523528695107,0.6737216114997864,0.6742215156555176,0.016695981845259666,0.6439772248268127,0.5920209288597107,0.018616776913404465,0.6226375102996826,0.5459640026092529,0.02185927703976631,0.6061110496520996,0.5136007070541382,0.025258544832468033,Wrong
0.6410350799560547,0.8729949593544006,4.0195988049163134e-07,0.5552244186401367,0.8335689306259155,-0.06655046343803406,0.5009867548942566,0.7509801983833313,-0.10204896330833435,0.46025919914245605,0.666459858417511,-0.12036940455436707,0.419241338968277,0.6017341017723083,-0.13528123497962952,0.600568413734436,0.650300145149231,-0.10822255164384842,0.5786619782447815,0.5065091848373413,-0.12840162217617035,0.5596519708633423,0.42749708890914917,-0.13570012152194977,0.5507338643074036,0.3671503961086273,-0.13825522363185883,0.6455023288726807,0.6463826894760132,-0.07157322764396667,0.6281375885009766,0.48899370431900024,-0.09024659544229507,0.6127562522888184,0.40620821714401245,-0.08855967968702316,0.6045682430267334,0.3484676480293274,-0.08486998826265335,0.6702126860618591,0.6564406156539917,-0.03422275185585022,0.6407829523086548,0.535785436630249,-0.041015371680259705,0.6140881180763245,0.47132349014282227,-0.034340135753154755,0.5966387391090393,0.4293772578239441,-0.02810966782271862,0.6801167130470276,0.6695708632469177,-0.0013862511841580272,0.642952561378479,0.5777116417884827,-0.003784812055528164,0.6151348352432251,0.5347236394882202,0.0021118673030287027,0.5960559844970703,0.5078272223472595,0.0087598767131567,Wrong
0.6181539297103882,0.8739324808120728,-2.4753398975008167e-07,0.555099606513977,0.8359120488166809,-0.08219731599092484,0.5172936916351318,0.7652785778045654,-0.11539112031459808,0.4845384955406189,0.6966264247894287,-0.12623988091945648,0.4584522247314453,0.642020046710968,-0.12942899763584137,0.6010473966598511,0.6507524847984314,-0.11192981898784637,0.5721011757850647,0.5156570672988892,-0.11984764039516449,0.5260491967201233,0.4816291332244873,-0.11147302389144897,0.4882570505142212,0.4859774112701416,-0.10090039670467377,0.6282250881195068,0.6523910760879517,-0.05968618020415306,0.5908982157707214,0.5082272887229919,-0.06931957602500916,0.5348175168037415,0.4840846061706543,-0.06395108252763748,0.496343195438385,0.49431681632995605,-0.05883384123444557,0.6343376040458679,0.6581231355667114,-0.007682939060032368,0.6013067364692688,0.5329156517982483,-0.015694962814450264,0.5494058728218079,0.5121653079986572,-0.018097199499607086,0.5141294002532959,0.5222059488296509,-0.01827177032828331,0.6314629316329956,0.6655734777450562,0.0407550074160099,0.6019629836082458,0.568473219871521,0.0382663756608963,0.5622002482414246,0.5407125353813171,0.03600369393825531,0.5324498414993286,0.5408436059951782,0.03465869650244713,Wrong
0.6490861177444458,0.8470650911331177,-4.469590351163788e-07,0.5746169090270996,0.8203679919242859,-0.06258276849985123,0.5176219940185547,0.7714159488677979,-0.0856461450457573,0.467173308134079,0.7254218459129333,-0.09117156267166138,0.4427552819252014,0.6780450940132141,-0.0881926640868187,0.6061993837356567,0.6142756342887878,-0.08706844598054886,0.5758380889892578,0.47909948229789734,-0.09637724608182907,0.5213423371315002,0.4767819344997406,-0.08989603072404861,0.49119287729263306,0.5083119869232178,-0.0803598165512085,0.631051242351532,0.6130006313323975,-0.043339233845472336,0.5905181169509888,0.4762556552886963,-0.053548701107501984,0.5258333683013916,0.48846346139907837,-0.04492224007844925,0.4988647997379303,0.5255513191223145,-0.03542100265622139,0.6381723284721375,0.6198282837867737,5.02641596540343e-05,0.6064334511756897,0.49694740772247314,-0.008172791451215744,0.5468908548355103,0.5119973421096802,-0.004050916992127895,0.5187629461288452,0.5526647567749023,0.0024999238085001707,0.6365354061126709,0.631344735622406,0.04103069007396698,0.6060411930084229,0.5403372645378113,0.03410453721880913,0.5593141913414001,0.5361524820327759,0.033274825662374496,0.5314511656761169,0.5619308948516846,0.03655194491147995,Wrong
0.647397518157959,0.8416812419891357,-4.787626153301971e-07,0.5755659937858582,0.8150787353515625,-0.05434747040271759,0.5191555619239807,0.7700679898262024,-0.07736504077911377,0.4676664173603058,0.7253252267837524,-0.08620546013116837,0.4426301121711731,0.6786928176879883,-0.08755571395158768,0.6045948266983032,0.6129017472267151,-0.07987603545188904,0.5754629373550415,0.47929567098617554,-0.09565085917711258,0.5193784832954407,0.4811909794807434,-0.09423951804637909,0.4913724660873413,0.5166627168655396,-0.08763639628887177,0.6280019283294678,0.6077651381492615,-0.04429180920124054,0.5889102816581726,0.4698656499385834,-0.06284250319004059,0.5240369439125061,0.4860790967941284,-0.05660960078239441,0.5001388788223267,0.5268592238426208,-0.046529121696949005,0.63398277759552,0.6117162108421326,-0.009396468289196491,0.6037503480911255,0.48310452699661255,-0.025584453716874123,0.5436304807662964,0.49916696548461914,-0.021262595430016518,0.5169757008552551,0.5409679412841797,-0.012088482268154621,0.6309630870819092,0.6224057674407959,0.023707441985607147,0.6005090475082397,0.5241278409957886,0.01149817369878292,0.552520751953125,0.5216445326805115,0.011301386170089245,0.5260477662086487,0.5505034923553467,0.016483571380376816,Wrong
0.6524903774261475,0.8433323502540588,-4.20559331359982e-07,0.5823541283607483,0.8204619884490967,-0.06392709910869598,0.5246069431304932,0.7765663266181946,-0.09134142100811005,0.4716489017009735,0.7328423857688904,-0.10078093409538269,0.44110816717147827,0.6890285611152649,-0.10197397321462631,0.5998274087905884,0.6203287243843079,-0.10065127164125443,0.568207859992981,0.4870251417160034,-0.11506596952676773,0.5137526392936707,0.4885101020336151,-0.109219990670681,0.4859737157821655,0.5226894021034241,-0.09952465444803238,0.627091646194458,0.6136907339096069,-0.05876174941658974,0.5858536958694458,0.4732026159763336,-0.07816911488771439,0.5217002034187317,0.48739922046661377,-0.06987554579973221,0.4963471591472626,0.5275189876556396,-0.058556266129016876,0.6359113454818726,0.6176948547363281,-0.016680601984262466,0.6022650003433228,0.4937196969985962,-0.0315781831741333,0.5448915958404541,0.5072478652000427,-0.02791021019220352,0.5195094347000122,0.5468933582305908,-0.020231882110238075,0.6377129554748535,0.6296061277389526,0.023258337751030922,0.6021812558174133,0.5402854681015015,0.014597824774682522,0.5575852990150452,0.5357495546340942,0.013930675573647022,0.5337508320808411,0.5597012042999268,0.01721448078751564,Wrong
0.6511437296867371,0.8365588188171387,-4.0702457226871047e-07,0.5803108215332031,0.8162309527397156,-0.06341753154993057,0.5223088264465332,0.7740201950073242,-0.09022226929664612,0.4704000651836395,0.7309505939483643,-0.09963735193014145,0.44213101267814636,0.6872046589851379,-0.10108113288879395,0.5980352759361267,0.6187592148780823,-0.09684635698795319,0.5673131346702576,0.48975807428359985,-0.11168964952230453,0.5137376189231873,0.48936790227890015,-0.10731714218854904,0.4872206747531891,0.5218914151191711,-0.09867281466722488,0.6251187324523926,0.6112827062606812,-0.05583444610238075,0.5863584876060486,0.4736316204071045,-0.07442669570446014,0.5224944353103638,0.4865007996559143,-0.06694787740707397,0.49786633253097534,0.5256381034851074,-0.05622844398021698,0.6339931488037109,0.6140713095664978,-0.015058894641697407,0.6037445068359375,0.49099788069725037,-0.029855556786060333,0.5465126037597656,0.502894401550293,-0.027246925979852676,0.5209712386131287,0.5412268042564392,-0.020167063921689987,0.6355103254318237,0.6251180768013,0.023486873134970665,0.6027184128761292,0.5360371470451355,0.014903093688189983,0.5582277774810791,0.529635488986969,0.013673469424247742,0.53392094373703,0.551917314529419,0.01656072959303856,Wrong
0.6517561674118042,0.8418488502502441,-4.2233227759425063e-07,0.5820794105529785,0.8174318671226501,-0.06527357548475266,0.5244107246398926,0.7722190022468567,-0.0928405374288559,0.47192639112472534,0.7283206582069397,-0.10213826596736908,0.4448810815811157,0.6829707622528076,-0.10329443961381912,0.6038287878036499,0.6164824962615967,-0.10138294845819473,0.5706570148468018,0.4834391474723816,-0.11312341690063477,0.517996609210968,0.48605942726135254,-0.10561996698379517,0.4916960299015045,0.5215005278587341,-0.0953565314412117,0.6298646926879883,0.6113003492355347,-0.05810660496354103,0.5861102938652039,0.4727160334587097,-0.07372411340475082,0.523716390132904,0.4874995946884155,-0.06420250982046127,0.49954378604888916,0.5292667150497437,-0.05299294739961624,0.638457179069519,0.6168584227561951,-0.014523808844387531,0.6024422645568848,0.49602624773979187,-0.025873586535453796,0.5454776287078857,0.5108372569084167,-0.021328672766685486,0.520282506942749,0.5518637895584106,-0.014295719563961029,0.6400737166404724,0.6298091411590576,0.02659422717988491,0.603797435760498,0.5433074831962585,0.018170125782489777,0.5596165657043457,0.5399893522262573,0.016835317015647888,0.5362498760223389,0.5651803612709045,0.01950075663626194,Wrong
0.6409040093421936,0.852959156036377,-4.483774205255031e-07,0.5749343037605286,0.8264890909194946,-0.06256994605064392,0.5197404623031616,0.7793124318122864,-0.09002808481454849,0.46698498725891113,0.7312372922897339,-0.09957043826580048,0.4383465647697449,0.6828653216362,-0.10111195594072342,0.5946066379547119,0.6259238123893738,-0.10341262072324753,0.558742880821228,0.49465829133987427,-0.11262374371290207,0.508216917514801,0.4944990277290344,-0.09942834824323654,0.48143142461776733,0.5286338925361633,-0.08507723361253738,0.6229515671730042,0.6181442737579346,-0.062185220420360565,0.5755485892295837,0.47786206007003784,-0.07802998274564743,0.5137943625450134,0.4897304177284241,-0.06429780274629593,0.48904868960380554,0.5310980677604675,-0.04923629388213158,0.6327274441719055,0.624187707901001,-0.02008294314146042,0.5917335152626038,0.5008853673934937,-0.03350099176168442,0.5342568159103394,0.511900782585144,-0.025916868820786476,0.5086445212364197,0.5504478216171265,-0.015736956149339676,0.6346041560173035,0.6400261521339417,0.020038867369294167,0.5973288416862488,0.5482889413833618,0.010667935945093632,0.5523953437805176,0.5404664278030396,0.011569793336093426,0.5277698040008545,0.5638661980628967,0.016430407762527466,Wrong
0.6339241862297058,0.8501577973365784,-4.834828928323986e-07,0.565129280090332,0.8189713954925537,-0.060149189084768295,0.5101682543754578,0.7670758366584778,-0.08456040918827057,0.46073830127716064,0.7171131372451782,-0.09119720011949539,0.43691766262054443,0.6715489625930786,-0.08987591415643692,0.5922240614891052,0.6239522695541382,-0.09617773443460464,0.5541239976882935,0.495169073343277,-0.10296361893415451,0.5034892559051514,0.49388235807418823,-0.08987876772880554,0.47520366311073303,0.525741457939148,-0.07604562491178513,0.6201412081718445,0.616264820098877,-0.055064473301172256,0.5725765824317932,0.4777841567993164,-0.06806924194097519,0.510980486869812,0.48889052867889404,-0.055551640689373016,0.48493167757987976,0.5276723504066467,-0.04211386293172836,0.6295674443244934,0.6205264925956726,-0.012980042956769466,0.5883335471153259,0.49950316548347473,-0.023381434381008148,0.5317443609237671,0.5098283290863037,-0.01730847731232643,0.5059798955917358,0.5465585589408875,-0.00901587400585413,0.6305595636367798,0.6339854001998901,0.027187149971723557,0.5928174257278442,0.5444409251213074,0.01942426897585392,0.5486452579498291,0.535355269908905,0.01934196799993515,0.5239230990409851,0.5564481019973755,0.023108400404453278,Wrong
0.6322417855262756,0.8477566838264465,-5.170940653442813e-07,0.5620526075363159,0.8138274550437927,-0.06072106957435608,0.5085305571556091,0.7601159811019897,-0.08485276252031326,0.46083736419677734,0.7066766023635864,-0.0908505842089653,0.44289594888687134,0.6562621593475342,-0.08858268707990646,0.5964911580085754,0.6208149790763855,-0.09730424731969833,0.5598884224891663,0.4937625527381897,-0.10356265306472778,0.5090993642807007,0.49525225162506104,-0.08984795212745667,0.480465829372406,0.5281991958618164,-0.0758596733212471,0.6240605711936951,0.6126778721809387,-0.05626589059829712,0.5746201872825623,0.47638046741485596,-0.06858968734741211,0.5135865807533264,0.4908131957054138,-0.05548762530088425,0.4881944954395294,0.5314165353775024,-0.041840843856334686,0.6326965689659119,0.6165847182273865,-0.014207920990884304,0.5906690359115601,0.4949132800102234,-0.025332551449537277,0.5326753258705139,0.509454607963562,-0.017492463812232018,0.5064869523048401,0.5493263602256775,-0.007668584585189819,0.6319147348403931,0.6304094791412354,0.02589757926762104,0.5937396287918091,0.5399461388587952,0.016403550282120705,0.5487755537033081,0.5332676768302917,0.016915874555706978,0.5240978002548218,0.5568649172782898,0.021758610382676125,Wrong
0.6322417855262756,0.8477566838264465,-5.170940653442813e-07,0.5620526075363159,0.8138274550437927,-0.06072106957435608,0.5085305571556091,0.7601159811019897,-0.08485276252031326,0.46083736419677734,0.7066766023635864,-0.0908505842089653,0.44289594888687134,0.6562621593475342,-0.08858268707990646,0.5964911580085754,0.6208149790763855,-0.09730424731969833,0.5598884224891663,0.4937625527381897,-0.10356265306472778,0.5090993642807007,0.49525225162506104,-0.08984795212745667,0.480465829372406,0.5281991958618164,-0.0758596733212471,0.6240605711936951,0.6126778721809387,-0.05626589059829712,0.5746201872825623,0.47638046741485596,-0.06858968734741211,0.5135865807533264,0.4908131957054138,-0.05548762530088425,0.4881944954395294,0.5314165353775024,-0.041840843856334686,0.6326965689659119,0.6165847182273865,-0.014207920990884304,0.5906690359115601,0.4949132800102234,-0.025332551449537277,0.5326753258705139,0.509454607963562,-0.017492463812232018,0.5064869523048401,0.5493263602256775,-0.007668584585189819,0.6319147348403931,0.6304094791412354,0.02589757926762104,0.5937396287918091,0.5399461388587952,0.016403550282120705,0.5487755537033081,0.5332676768302917,0.016915874555706978,0.5240978002548218,0.5568649172782898,0.021758610382676125,Wrong
0.6308618783950806,0.8543899059295654,-5.679726200469304e-07,0.5615922808647156,0.8145332336425781,-0.05724100023508072,0.5092049837112427,0.7560349702835083,-0.07655897736549377,0.46274334192276,0.7004942297935486,-0.0772615373134613,0.44176772236824036,0.6535696387290955,-0.06946274638175964,0.5991218686103821,0.618426501750946,-0.08824604004621506,0.5582928657531738,0.4912339150905609,-0.08745571970939636,0.5082784295082092,0.4924444556236267,-0.06965850293636322,0.47806620597839355,0.5224791765213013,-0.05337866395711899,0.627596914768219,0.6128351092338562,-0.045236870646476746,0.574903130531311,0.47856783866882324,-0.05008573830127716,0.5160849094390869,0.4905458092689514,-0.034435439854860306,0.4890892505645752,0.5278321504592896,-0.0202480535954237,0.6364495754241943,0.6199290752410889,-0.0006448496715165675,0.5908936858177185,0.5028478503227234,-0.005781253334134817,0.5349299311637878,0.5150583386421204,0.002357646357268095,0.5080806016921997,0.5517468452453613,0.011415333487093449,0.6354596018791199,0.6364571452140808,0.0423722006380558,0.5969435572624207,0.5494600534439087,0.03778412938117981,0.5529049038887024,0.5418204665184021,0.03963282331824303,0.5266850590705872,0.5635515451431274,0.04490280896425247,Wrong
0.6308618783950806,0.8543899059295654,-5.679726200469304e-07,0.5615922808647156,0.8145332336425781,-0.05724100023508072,0.5092049837112427,0.7560349702835083,-0.07655897736549377,0.46274334192276,0.7004942297935486,-0.0772615373134613,0.44176772236824036,0.6535696387290955,-0.06946274638175964,0.5991218686103821,0.618426501750946,-0.08824604004621506,0.5582928657531738,0.4912339150905609,-0.08745571970939636,0.5082784295082092,0.4924444556236267,-0.06965850293636322,0.47806620597839355,0.5224791765213013,-0.05337866395711899,0.627596914768219,0.6128351092338562,-0.045236870646476746,0.574903130531311,0.47856783866882324,-0.05008573830127716,0.5160849094390869,0.4905458092689514,-0.034435439854860306,0.4890892505645752,0.5278321504592896,-0.0202480535954237,0.6364495754241943,0.6199290752410889,-0.0006448496715165675,0.5908936858177185,0.5028478503227234,-0.005781253334134817,0.5349299311637878,0.5150583386421204,0.002357646357268095,0.5080806016921997,0.5517468452453613,0.011415333487093449,0.6354596018791199,0.6364571452140808,0.0423722006380558,0.5969435572624207,0.5494600534439087,0.03778412938117981,0.5529049038887024,0.5418204665184021,0.03963282331824303,0.5266850590705872,0.5635515451431274,0.04490280896425247,Wrong
0.6308618783950806,0.8543899059295654,-5.679726200469304e-07,0.5615922808647156,0.8145332336425781,-0.05724100023508072,0.5092049837112427,0.7560349702835083,-0.07655897736549377,0.46274334192276,0.7004942297935486,-0.0772615373134613,0.44176772236824036,0.6535696387290955,-0.06946274638175964,0.5991218686103821,0.618426501750946,-0.08824604004621506,0.5582928657531738,0.4912339150905609,-0.08745571970939636,0.5082784295082092,0.4924444556236267,-0.06965850293636322,0.47806620597839355,0.5224791765213013,-0.05337866395711899,0.627596914768219,0.6128351092338562,-0.045236870646476746,0.574903130531311,0.47856783866882324,-0.05008573830127716,0.5160849094390869,0.4905458092689514,-0.034435439854860306,0.4890892505645752,0.5278321504592896,-0.0202480535954237,0.6364495754241943,0.6199290752410889,-0.0006448496715165675,0.5908936858177185,0.5028478503227234,-0.005781253334134817,0.5349299311637878,0.5150583386421204,0.002357646357268095,0.5080806016921997,0.5517468452453613,0.011415333487093449,0.6354596018791199,0.6364571452140808,0.0423722006380558,0.5969435572624207,0.5494600534439087,0.03778412938117981,0.5529049038887024,0.5418204665184021,0.03963282331824303,0.5266850590705872,0.5635515451431274,0.04490280896425247,Wrong
0.6308618783950806,0.8543899059295654,-5.679726200469304e-07,0.5615922808647156,0.8145332336425781,-0.05724100023508072,0.5092049837112427,0.7560349702835083,-0.07655897736549377,0.46274334192276,0.7004942297935486,-0.0772615373134613,0.44176772236824036,0.6535696387290955,-0.06946274638175964,0.5991218686103821,0.618426501750946,-0.08824604004621506,0.5582928657531738,0.4912339150905609,-0.08745571970939636,0.5082784295082092,0.4924444556236267,-0.06965850293636322,0.47806620597839355,0.5224791765213013,-0.05337866395711899,0.627596914768219,0.6128351092338562,-0.045236870646476746,0.574903130531311,0.47856783866882324,-0.05008573830127716,0.5160849094390869,0.4905458092689514,-0.034435439854860306,0.4890892505645752,0.5278321504592896,-0.0202480535954237,0.6364495754241943,0.6199290752410889,-0.0006448496715165675,0.5908936858177185,0.5028478503227234,-0.005781253334134817,0.5349299311637878,0.5150583386421204,0.002357646357268095,0.5080806016921997,0.5517468452453613,0.011415333487093449,0.6354596018791199,0.6364571452140808,0.0423722006380558,0.5969435572624207,0.5494600534439087,0.03778412938117981,0.5529049038887024,0.5418204665184021,0.03963282331824303,0.5266850590705872,0.5635515451431274,0.04490280896425247,Wrong
0.6308618783950806,0.8543899059295654,-5.679726200469304e-07,0.5615922808647156,0.8145332336425781,-0.05724100023508072,0.5092049837112427,0.7560349702835083,-0.07655897736549377,0.46274334192276,0.7004942297935486,-0.0772615373134613,0.44176772236824036,0.6535696387290955,-0.06946274638175964,0.5991218686103821,0.618426501750946,-0.08824604004621506,0.5582928657531738,0.4912339150905609,-0.08745571970939636,0.5082784295082092,0.4924444556236267,-0.06965850293636322,0.47806620597839355,0.5224791765213013,-0.05337866395711899,0.627596914768219,0.6128351092338562,-0.045236870646476746,0.574903130531311,0.47856783866882324,-0.05008573830127716,0.5160849094390869,0.4905458092689514,-0.034435439854860306,0.4890892505645752,0.5278321504592896,-0.0202480535954237,0.6364495754241943,0.6199290752410889,-0.0006448496715165675,0.5908936858177185,0.5028478503227234,-0.005781253334134817,0.5349299311637878,0.5150583386421204,0.002357646357268095,0.5080806016921997,0.5517468452453613,0.011415333487093449,0.6354596018791199,0.6364571452140808,0.0423722006380558,0.5969435572624207,0.5494600534439087,0.03778412938117981,0.5529049038887024,0.5418204665184021,0.03963282331824303,0.5266850590705872,0.5635515451431274,0.04490280896425247,Wrong
0.6308618783950806,0.8543899059295654,-5.679726200469304e-07,0.5615922808647156,0.8145332336425781,-0.05724100023508072,0.5092049837112427,0.7560349702835083,-0.07655897736549377,0.46274334192276,0.7004942297935486,-0.0772615373134613,0.44176772236824036,0.6535696387290955,-0.06946274638175964,0.5991218686103821,0.618426501750946,-0.08824604004621506,0.5582928657531738,0.4912339150905609,-0.08745571970939636,0.5082784295082092,0.4924444556236267,-0.06965850293636322,0.47806620597839355,0.5224791765213013,-0.05337866395711899,0.627596914768219,0.6128351092338562,-0.045236870646476746,0.574903130531311,0.47856783866882324,-0.05008573830127716,0.5160849094390869,0.4905458092689514,-0.034435439854860306,0.4890892505645752,0.5278321504592896,-0.0202480535954237,0.6364495754241943,0.6199290752410889,-0.0006448496715165675,0.5908936858177185,0.5028478503227234,-0.005781253334134817,0.5349299311637878,0.5150583386421204,0.002357646357268095,0.5080806016921997,0.5517468452453613,0.011415333487093449,0.6354596018791199,0.6364571452140808,0.0423722006380558,0.5969435572624207,0.5494600534439087,0.03778412938117981,0.5529049038887024,0.5418204665184021,0.03963282331824303,0.5266850590705872,0.5635515451431274,0.04490280896425247,Wrong
0.6308618783950806,0.8543899059295654,-5.679726200469304e-07,0.5615922808647156,0.8145332336425781,-0.05724100023508072,0.5092049837112427,0.7560349702835083,-0.07655897736549377,0.46274334192276,0.7004942297935486,-0.0772615373134613,0.44176772236824036,0.6535696387290955,-0.06946274638175964,0.5991218686103821,0.618426501750946,-0.08824604004621506,0.5582928657531738,0.4912339150905609,-0.08745571970939636,0.5082784295082092,0.4924444556236267,-0.06965850293636322,0.47806620597839355,0.5224791765213013,-0.05337866395711899,0.627596914768219,0.6128351092338562,-0.045236870646476746,0.574903130531311,0.47856783866882324,-0.05008573830127716,0.5160849094390869,0.4905458092689514,-0.034435439854860306,0.4890892505645752,0.5278321504592896,-0.0202480535954237,0.6364495754241943,0.6199290752410889,-0.0006448496715165675,0.5908936858177185,0.5028478503227234,-0.005781253334134817,0.5349299311637878,0.5150583386421204,0.002357646357268095,0.5080806016921997,0.5517468452453613,0.011415333487093449,0.6354596018791199,0.6364571452140808,0.0423722006380558,0.5969435572624207,0.5494600534439087,0.03778412938117981,0.5529049038887024,0.5418204665184021,0.03963282331824303,0.5266850590705872,0.5635515451431274,0.04490280896425247,Wrong
0.6283714771270752,0.8708531856536865,-1.590800167150519e-07,0.5510756969451904,0.8434175848960876,-0.07256809622049332,0.4948367774486542,0.7783036231994629,-0.09060633182525635,0.4590631425380707,0.7232792973518372,-0.08719129860401154,0.45207250118255615,0.685034990310669,-0.07888231426477432,0.5764619708061218,0.6423660516738892,-0.09773387759923935,0.5479347705841064,0.5045729875564575,-0.10769032686948776,0.5308453440666199,0.42908328771591187,-0.10998415946960449,0.5222769379615784,0.3623781204223633,-0.11096953600645065,0.6038964986801147,0.6398305892944336,-0.052466440945863724,0.5379046201705933,0.5471981167793274,-0.05640123412013054,0.4954913854598999,0.5215045213699341,-0.05113716423511505,0.47582799196243286,0.4994710385799408,-0.04759189486503601,0.6131814122200012,0.6447216868400574,-0.00882125273346901,0.5386079549789429,0.5905981659889221,-0.018788406625390053,0.5094978213310242,0.6336434483528137,-0.021947599947452545,0.5050437450408936,0.6691299676895142,-0.019623462110757828,0.6126807928085327,0.6492763161659241,0.030369756743311882,0.5553567409515381,0.6133632063865662,0.01420105341821909,0.5278610587120056,0.636712908744812,0.006006412208080292,0.5172356367111206,0.6635569334030151,0.006328437943011522,Wrong
0.6300393342971802,0.8647810816764832,-2.6050426527035597e-07,0.542802095413208,0.8412554264068604,-0.05961189791560173,0.4855682849884033,0.7681728601455688,-0.07907994836568832,0.45717862248420715,0.69807368516922,-0.07973629981279373,0.465457022190094,0.6577838659286499,-0.07134195417165756,0.5717518925666809,0.6488244533538818,-0.08322204649448395,0.5173125863075256,0.5797595977783203,-0.08493473380804062,0.4846850335597992,0.6062880158424377,-0.07641314715147018,0.46991780400276184,0.6370611190795898,-0.06832155585289001,0.600193440914154,0.6323530673980713,-0.04296942800283432,0.5331567525863647,0.5326324701309204,-0.044418830424547195,0.4891011118888855,0.46988821029663086,-0.03828015923500061,0.4553207755088806,0.43005940318107605,-0.0357985645532608,0.6161982417106628,0.6345322132110596,-0.002058034297078848,0.5599468350410461,0.5537289977073669,0.0005074140499345958,0.5219486951828003,0.5068179368972778,0.0055128964595496655,0.49665534496307373,0.4789867699146271,0.008374802768230438,0.6218497157096863,0.6480502486228943,0.03536820039153099,0.5889078378677368,0.5770717859268188,0.03828893229365349,0.5701583623886108,0.5307850241661072,0.04189304634928703,0.5563991665840149,0.4927665591239929,0.04493136331439018,Wrong
0.6260086894035339,0.8638497591018677,-3.168614171045192e-07,0.5400465130805969,0.8376966118812561,-0.0577768050134182,0.4848329424858093,0.7648255825042725,-0.07247433811426163,0.455390989780426,0.697941780090332,-0.06715673953294754,0.4610595107078552,0.6563248634338379,-0.05411456897854805,0.5706873536109924,0.6431359052658081,-0.07956646382808685,0.5099397301673889,0.5767605304718018,-0.07341442257165909,0.47211623191833496,0.5895938873291016,-0.06363765150308609,0.45218002796173096,0.6004711985588074,-0.05735963582992554,0.5968262553215027,0.6312874555587769,-0.03757934272289276,0.5240970849990845,0.5356127619743347,-0.032519515603780746,0.4775988459587097,0.4824756979942322,-0.02794743701815605,0.4422772526741028,0.4500121474266052,-0.02889026515185833,0.6116403341293335,0.6354303359985352,0.006025186739861965,0.5543596148490906,0.5552597641944885,0.011749840341508389,0.515343427658081,0.5084215998649597,0.011351379565894604,0.49050047993659973,0.47988083958625793,0.008597003296017647,0.6188230514526367,0.6471312642097473,0.04689367488026619,0.5908480286598206,0.5732324123382568,0.049211639910936356,0.5752836465835571,0.5244565606117249,0.0482640378177166,0.565193772315979,0.4836013615131378,0.04694358631968498,Wrong
0.6280789971351624,0.8661462068557739,-3.302572224583855e-07,0.5421733856201172,0.8387860655784607,-0.06239290535449982,0.48572349548339844,0.7643229961395264,-0.08073247969150543,0.4532739520072937,0.6984941959381104,-0.07899630069732666,0.45729315280914307,0.6554811000823975,-0.07122940570116043,0.5732597708702087,0.6384333968162537,-0.08828768134117126,0.5100806951522827,0.5507165789604187,-0.0842575877904892,0.4724249243736267,0.5430781245231628,-0.07778921723365784,0.4543885886669159,0.535430371761322,-0.07398629933595657,0.6017119288444519,0.6305701732635498,-0.045075222849845886,0.5278362035751343,0.533553957939148,-0.03947847709059715,0.4760943353176117,0.47794604301452637,-0.03622477874159813,0.43767377734184265,0.4397846460342407,-0.0384177528321743,0.6163748502731323,0.636431097984314,-0.00022741609427612275,0.5604661107063293,0.558689296245575,0.006399375852197409,0.526333212852478,0.5289314985275269,0.006364626344293356,0.5059533715248108,0.5141212940216064,0.004002047702670097,0.6191837787628174,0.6465767621994019,0.04143854230642319,0.5866973996162415,0.5716086626052856,0.04554205760359764,0.5660156607627869,0.524847149848938,0.04705144837498665,0.5519971251487732,0.48903965950012207,0.047531966120004654,Wrong
0.6280789971351624,0.8661462068557739,-3.302572224583855e-07,0.5421733856201172,0.8387860655784607,-0.06239290535449982,0.48572349548339844,0.7643229961395264,-0.08073247969150543,0.4532739520072937,0.6984941959381104,-0.07899630069732666,0.45729315280914307,0.6554811000823975,-0.07122940570116043,0.5732597708702087,0.6384333968162537,-0.08828768134117126,0.5100806951522827,0.5507165789604187,-0.0842575877904892,0.4724249243736267,0.5430781245231628,-0.07778921723365784,0.4543885886669159,0.535430371761322,-0.07398629933595657,0.6017119288444519,0.6305701732635498,-0.045075222849845886,0.5278362035751343,0.533553957939148,-0.03947847709059715,0.4760943353176117,0.47794604301452637,-0.03622477874159813,0.43767377734184265,0.4397846460342407,-0.0384177528321743,0.6163748502731323,0.636431097984314,-0.00022741609427612275,0.5604661107063293,0.558689296245575,0.006399375852197409,0.526333212852478,0.5289314985275269,0.006364626344293356,0.5059533715248108,0.5141212940216064,0.004002047702670097,0.6191837787628174,0.6465767621994019,0.04143854230642319,0.5866973996162415,0.5716086626052856,0.04554205760359764,0.5660156607627869,0.524847149848938,0.04705144837498665,0.5519971251487732,0.48903965950012207,0.047531966120004654,Wrong
0.6280789971351624,0.8661462068557739,-3.302572224583855e-07,0.5421733856201172,0.8387860655784607,-0.06239290535449982,0.48572349548339844,0.7643229961395264,-0.08073247969150543,0.4532739520072937,0.6984941959381104,-0.07899630069732666,0.45729315280914307,0.6554811000823975,-0.07122940570116043,0.5732597708702087,0.6384333968162537,-0.08828768134117126,0.5100806951522827,0.5507165789604187,-0.0842575877904892,0.4724249243736267,0.5430781245231628,-0.07778921723365784,0.4543885886669159,0.535430371761322,-0.07398629933595657,0.6017119288444519,0.6305701732635498,-0.045075222849845886,0.5278362035751343,0.533553957939148,-0.03947847709059715,0.4760943353176117,0.47794604301452637,-0.03622477874159813,0.43767377734184265,0.4397846460342407,-0.0384177528321743,0.6163748502731323,0.636431097984314,-0.00022741609427612275,0.5604661107063293,0.558689296245575,0.006399375852197409,0.526333212852478,0.5289314985275269,0.006364626344293356,0.5059533715248108,0.5141212940216064,0.004002047702670097,0.6191837787628174,0.6465767621994019,0.04143854230642319,0.5866973996162415,0.5716086626052856,0.04554205760359764,0.5660156607627869,0.524847149848938,0.04705144837498665,0.5519971251487732,0.48903965950012207,0.047531966120004654,Wrong
0.6280789971351624,0.8661462068557739,-3.302572224583855e-07,0.5421733856201172,0.8387860655784607,-0.06239290535449982,0.48572349548339844,0.7643229961395264,-0.08073247969150543,0.4532739520072937,0.6984941959381104,-0.07899630069732666,0.45729315280914307,0.6554811000823975,-0.07122940570116043,0.5732597708702087,0.6384333968162537,-0.08828768134117126,0.5100806951522827,0.5507165789604187,-0.0842575877904892,0.4724249243736267,0.5430781245231628,-0.07778921723365784,0.4543885886669159,0.535430371761322,-0.07398629933595657,0.6017119288444519,0.6305701732635498,-0.045075222849845886,0.5278362035751343,0.533553957939148,-0.03947847709059715,0.4760943353176117,0.47794604301452637,-0.03622477874159813,0.43767377734184265,0.4397846460342407,-0.0384177528321743,0.6163748502731323,0.636431097984314,-0.00022741609427612275,0.5604661107063293,0.558689296245575,0.006399375852197409,0.526333212852478,0.5289314985275269,0.006364626344293356,0.5059533715248108,0.5141212940216064,0.004002047702670097,0.6191837787628174,0.6465767621994019,0.04143854230642319,0.5866973996162415,0.5716086626052856,0.04554205760359764,0.5660156607627869,0.524847149848938,0.04705144837498665,0.5519971251487732,0.48903965950012207,0.047531966120004654,Wrong
0.6271885633468628,0.8672962188720703,-3.200621563337336e-07,0.5454834699630737,0.838024914264679,-0.062255777418613434,0.4919070303440094,0.7669413089752197,-0.08165293186903,0.45728829503059387,0.7052116394042969,-0.0806286409497261,0.4539545178413391,0.6631104350090027,-0.073560431599617,0.5791897773742676,0.6400395631790161,-0.0923960730433464,0.5136293768882751,0.5484952330589294,-0.09368383884429932,0.47175583243370056,0.5304825305938721,-0.0920945256948471,0.44978952407836914,0.514914333820343,-0.0910048559308052,0.6060295701026917,0.6342296004295349,-0.047861792147159576,0.5297846794128418,0.5376655459403992,-0.04317030310630798,0.4784654974937439,0.48311173915863037,-0.0403093583881855,0.4411420524120331,0.44597119092941284,-0.042825665324926376,0.6199281215667725,0.6398501396179199,-0.001605836907401681,0.5641750693321228,0.5546636581420898,0.006603830493986607,0.5270193815231323,0.5101069211959839,0.008217026479542255,0.5054359436035156,0.481139600276947,0.006264457944780588,0.6220585703849792,0.6494916081428528,0.04122317209839821,0.5914918184280396,0.5748520493507385,0.04732994735240936,0.572681188583374,0.5253676176071167,0.05013372376561165,0.5611962676048279,0.4855011999607086,0.05149543285369873,Wrong
0.6271885633468628,0.8672962188720703,-3.200621563337336e-07,0.5454834699630737,0.838024914264679,-0.062255777418613434,0.4919070303440094,0.7669413089752197,-0.08165293186903,0.45728829503059387,0.7052116394042969,-0.0806286409497261,0.4539545178413391,0.6631104350090027,-0.073560431599617,0.5791897773742676,0.6400395631790161,-0.0923960730433464,0.5136293768882751,0.5484952330589294,-0.09368383884429932,0.47175583243370056,0.5304825305938721,-0.0920945256948471,0.44978952407836914,0.514914333820343,-0.0910048559308052,0.6060295701026917,0.6342296004295349,-0.047861792147159576,0.5297846794128418,0.5376655459403992,-0.04317030310630798,0.4784654974937439,0.48311173915863037,-0.0403093583881855,0.4411420524120331,0.44597119092941284,-0.042825665324926376,0.6199281215667725,0.6398501396179199,-0.001605836907401681,0.5641750693321228,0.5546636581420898,0.006603830493986607,0.5270193815231323,0.5101069211959839,0.008217026479542255,0.5054359436035156,0.481139600276947,0.006264457944780588,0.6220585703849792,0.6494916081428528,0.04122317209839821,0.5914918184280396,0.5748520493507385,0.04732994735240936,0.572681188583374,0.5253676176071167,0.05013372376561165,0.5611962676048279,0.4855011999607086,0.05149543285369873,Wrong
0.6271885633468628,0.8672962188720703,-3.200621563337336e-07,0.5454834699630737,0.838024914264679,-0.062255777418613434,0.4919070303440094,0.7669413089752197,-0.08165293186903,0.45728829503059387,0.7052116394042969,-0.0806286409497261,0.4539545178413391,0.6631104350090027,-0.073560431599617,0.5791897773742676,0.6400395631790161,-0.0923960730433464,0.5136293768882751,0.5484952330589294,-0.09368383884429932,0.47175583243370056,0.5304825305938721,-0.0920945256948471,0.44978952407836914,0.514914333820343,-0.0910048559308052,0.6060295701026917,0.6342296004295349,-0.047861792147159576,0.5297846794128418,0.5376655459403992,-0.04317030310630798,0.4784654974937439,0.48311173915863037,-0.0403093583881855,0.4411420524120331,0.44597119092941284,-0.042825665324926376,0.6199281215667725,0.6398501396179199,-0.001605836907401681,0.5641750693321228,0.5546636581420898,0.006603830493986607,0.5270193815231323,0.5101069211959839,0.008217026479542255,0.5054359436035156,0.481139600276947,0.006264457944780588,0.6220585703849792,0.6494916081428528,0.04122317209839821,0.5914918184280396,0.5748520493507385,0.04732994735240936,0.572681188583374,0.5253676176071167,0.05013372376561165,0.5611962676048279,0.4855011999607086,0.05149543285369873,Wrong
0.6302287578582764,0.8610451221466064,-1.1224467044712583e-07,0.5542067885398865,0.8480861186981201,-0.061999544501304626,0.49621379375457764,0.7795693278312683,-0.07737009972333908,0.46576881408691406,0.7070732116699219,-0.0727989599108696,0.4617868661880493,0.6560849547386169,-0.06005309894680977,0.5789855718612671,0.6540309190750122,-0.07792326807975769,0.49554455280303955,0.5762115716934204,-0.08466129750013351,0.44540780782699585,0.5421494245529175,-0.09004624933004379,0.413443922996521,0.5085899233818054,-0.09317915141582489,0.6089710593223572,0.6346225142478943,-0.038611095398664474,0.5477978587150574,0.5253315567970276,-0.0438772588968277,0.5074639320373535,0.4553171396255493,-0.04515306279063225,0.4802207350730896,0.4008106589317322,-0.04701508209109306,0.6213151216506958,0.6324260234832764,0.0005718813627026975,0.5748084783554077,0.5570878982543945,-0.0017467549769207835,0.5516447424888611,0.5433976054191589,0.0006864850874990225,0.5394052267074585,0.538546621799469,0.004717156756669283,0.6233142614364624,0.6419432163238525,0.035554639995098114,0.5916216969490051,0.5816177129745483,0.03702762350440025,0.5778999328613281,0.5585442781448364,0.04245162755250931,0.5668869614601135,0.5454537868499756,0.048457637429237366,Wrong
0.6170127391815186,0.8612691164016724,-1.8151902736462944e-07,0.5559991002082825,0.8499978184700012,-0.06550969928503036,0.5007506608963013,0.7866408824920654,-0.08917529881000519,0.4600498676300049,0.7215078473091125,-0.09467310458421707,0.45347243547439575,0.6719090938568115,-0.09270089119672775,0.5822004079818726,0.6550077795982361,-0.08654312044382095,0.4984009861946106,0.5987799167633057,-0.09946177899837494,0.44281113147735596,0.5835817456245422,-0.10786238312721252,0.4060916006565094,0.5635470151901245,-0.11394458264112473,0.6029792428016663,0.6276021003723145,-0.05286777764558792,0.5408676862716675,0.5334685444831848,-0.0696256160736084,0.503075361251831,0.46193844079971313,-0.07740264385938644,0.4729612469673157,0.40057143568992615,-0.08356016874313354,0.6098314523696899,0.6229698061943054,-0.019433612003922462,0.5692258477210999,0.5404462814331055,-0.030422767624258995,0.5499399900436401,0.49193090200424194,-0.03177466243505478,0.5355386734008789,0.44954702258110046,-0.031649742275476456,0.6103697419166565,0.6384400725364685,0.009561233222484589,0.588397204875946,0.5716744065284729,0.004824014380574226,0.5795878171920776,0.533632218837738,0.008343870751559734,0.5680141448974609,0.5021368265151978,0.0120878666639328,Wrong
0.6170127391815186,0.8612691164016724,-1.8151902736462944e-07,0.5559991002082825,0.8499978184700012,-0.06550969928503036,0.5007506608963013,0.7866408824920654,-0.08917529881000519,0.4600498676300049,0.7215078473091125,-0.09467310458421707,0.45347243547439575,0.6719090938568115,-0.09270089119672775,0.5822004079818726,0.6550077795982361,-0.08654312044382095,0.4984009861946106,0.5987799167633057,-0.09946177899837494,0.44281113147735596,0.5835817456245422,-0.10786238312721252,0.4060916006565094,0.5635470151901245,-0.11394458264112473,0.6029792428016663,0.6276021003723145,-0.05286777764558792,0.5408676862716675,0.5334685444831848,-0.0696256160736084,0.503075361251831,0.46193844079971313,-0.07740264385938644,0.4729612469673157,0.40057143568992615,-0.08356016874313354,0.6098314523696899,0.6229698061943054,-0.019433612003922462,0.5692258477210999,0.5404462814331055,-0.030422767624258995,0.5499399900436401,0.49193090200424194,-0.03177466243505478,0.5355386734008789,0.44954702258110046,-0.031649742275476456,0.6103697419166565,0.6384400725364685,0.009561233222484589,0.588397204875946,0.5716744065284729,0.004824014380574226,0.5795878171920776,0.533632218837738,0.008343870751559734,0.5680141448974609,0.5021368265151978,0.0120878666639328,Wrong
0.6230610609054565,0.8634529113769531,-1.4727986297202733e-07,0.5586811900138855,0.8504354953765869,-0.06217430531978607,0.5021204948425293,0.7885027527809143,-0.08228207379579544,0.46000611782073975,0.7253144383430481,-0.0840831845998764,0.45065659284591675,0.6756894588470459,-0.07882923632860184,0.5769801735877991,0.6488354802131653,-0.07834213972091675,0.4937498867511749,0.5871985554695129,-0.09212808310985565,0.43751558661460876,0.565231442451477,-0.1036311462521553,0.3990755081176758,0.5415921211242676,-0.11045129597187042,0.6002147793769836,0.6287486553192139,-0.04295286536216736,0.5430294275283813,0.5296558141708374,-0.056100353598594666,0.5038742423057556,0.46299993991851807,-0.06263275444507599,0.47232967615127563,0.40723174810409546,-0.06736616045236588,0.6091351509094238,0.6289312243461609,-0.008353753946721554,0.5708474516868591,0.5401859879493713,-0.01830040104687214,0.5465656518936157,0.4837612509727478,-0.022808026522397995,0.5277301669120789,0.4355599880218506,-0.024103723466396332,0.6115948557853699,0.6458381414413452,0.022512856870889664,0.5893808007240295,0.5785127282142639,0.02049987018108368,0.5774655342102051,0.5413087606430054,0.023669827729463577,0.5639021992683411,0.5118623971939087,0.02700054831802845,Wrong
0.6230610609054565,0.8634529113769531,-1.4727986297202733e-07,0.5586811900138855,0.8504354953765869,-0.06217430531978607,0.5021204948425293,0.7885027527809143,-0.08228207379579544,0.46000611782073975,0.7253144383430481,-0.0840831845998764,0.45065659284591675,0.6756894588470459,-0.07882923632860184,0.5769801735877991,0.6488354802131653,-0.07834213972091675,0.4937498867511749,0.5871985554695129,-0.09212808310985565,0.43751558661460876,0.565231442451477,-0.1036311462521553,0.3990755081176758,0.5415921211242676,-0.11045129597187042,0.6002147793769836,0.6287486553192139,-0.04295286536216736,0.5430294275283813,0.5296558141708374,-0.056100353598594666,0.5038742423057556,0.46299993991851807,-0.06263275444507599,0.47232967615127563,0.40723174810409546,-0.06736616045236588,0.6091351509094238,0.6289312243461609,-0.008353753946721554,0.5708474516868591,0.5401859879493713,-0.01830040104687214,0.5465656518936157,0.4837612509727478,-0.022808026522397995,0.5277301669120789,0.4355599880218506,-0.024103723466396332,0.6115948557853699,0.6458381414413452,0.022512856870889664,0.5893808007240295,0.5785127282142639,0.02049987018108368,0.5774655342102051,0.5413087606430054,0.023669827729463577,0.5639021992683411,0.5118623971939087,0.02700054831802845,Wrong
0.6230610609054565,0.8634529113769531,-1.4727986297202733e-07,0.5586811900138855,0.8504354953765869,-0.06217430531978607,0.5021204948425293,0.7885027527809143,-0.08228207379579544,0.46000611782073975,0.7253144383430481,-0.0840831845998764,0.45065659284591675,0.6756894588470459,-0.07882923632860184,0.5769801735877991,0.6488354802131653,-0.07834213972091675,0.4937498867511749,0.5871985554695129,-0.09212808310985565,0.43751558661460876,0.565231442451477,-0.1036311462521553,0.3990755081176758,0.5415921211242676,-0.11045129597187042,0.6002147793769836,0.6287486553192139,-0.04295286536216736,0.5430294275283813,0.5296558141708374,-0.056100353598594666,0.5038742423057556,0.46299993991851807,-0.06263275444507599,0.47232967615127563,0.40723174810409546,-0.06736616045236588,0.6091351509094238,0.6289312243461609,-0.008353753946721554,0.5708474516868591,0.5401859879493713,-0.01830040104687214,0.5465656518936157,0.4837612509727478,-0.022808026522397995,0.5277301669120789,0.4355599880218506,-0.024103723466396332,0.6115948557853699,0.6458381414413452,0.022512856870889664,0.5893808007240295,0.5785127282142639,0.02049987018108368,0.5774655342102051,0.5413087606430054,0.023669827729463577,0.5639021992683411,0.5118623971939087,0.02700054831802845,Wrong
0.6235170960426331,0.8683961033821106,-3.6582758866643417e-07,0.5521936416625977,0.8534705638885498,-0.05349902808666229,0.4922347068786621,0.784083366394043,-0.07330658286809921,0.45310747623443604,0.7114642262458801,-0.07690399885177612,0.4490671753883362,0.6678733229637146,-0.07489525526762009,0.5780746340751648,0.6603578925132751,-0.0799185037612915,0.49261191487312317,0.5957100987434387,-0.09303315728902817,0.43681618571281433,0.5749304294586182,-0.10134395956993103,0.39941614866256714,0.551654040813446,-0.1066831722855568,0.6043095588684082,0.6340733766555786,-0.04773847758769989,0.5380220413208008,0.5489316582679749,-0.060745153576135635,0.49409908056259155,0.5004750490188599,-0.06471570581197739,0.4610336422920227,0.46161574125289917,-0.06813742965459824,0.6139246225357056,0.6292521357536316,-0.014883083291351795,0.5655355453491211,0.5380621552467346,-0.028294529765844345,0.5313409566879272,0.47817543148994446,-0.03487783670425415,0.5061305165290833,0.42749297618865967,-0.038018032908439636,0.6145842671394348,0.6424680948257446,0.016170838847756386,0.5917543172836304,0.5703518390655518,0.00992243830114603,0.5797819495201111,0.5265855193138123,0.009387295693159103,0.5674662590026855,0.48903048038482666,0.009803774766623974,Wrong
0.6173182129859924,0.8612371683120728,-1.5544792120181228e-07,0.5515468120574951,0.849172055721283,-0.058811433613300323,0.4947611391544342,0.789075493812561,-0.08334001153707504,0.45540177822113037,0.7222244739532471,-0.09167949855327606,0.44865140318870544,0.6734234094619751,-0.09360527247190475,0.5752204060554504,0.6570987701416016,-0.0813608169555664,0.4938312768936157,0.5982471108436584,-0.09536049515008926,0.44090044498443604,0.5782269239425659,-0.10366540402173996,0.40489262342453003,0.5547096729278564,-0.10961995273828506,0.5990439653396606,0.6292309761047363,-0.050609298050403595,0.5372552275657654,0.53300541639328,-0.06947752088308334,0.4996452331542969,0.46851229667663574,-0.07697557657957077,0.47010716795921326,0.4148831367492676,-0.08252433687448502,0.6076351404190063,0.6253681182861328,-0.019720537588000298,0.5623719692230225,0.5358580946922302,-0.03550868481397629,0.5325976014137268,0.4769783616065979,-0.04006674513220787,0.5100331902503967,0.42817211151123047,-0.041592489928007126,0.6096959710121155,0.6419650316238403,0.008118083700537682,0.5878856778144836,0.570620596408844,0.0009484579786658287,0.5764385461807251,0.5297642946243286,0.0019587913993746042,0.564702033996582,0.4951778054237366,0.003416992723941803,Wrong
0.6161282658576965,0.8634613156318665,-2.909782494953106e-07,0.5477224588394165,0.8491635918617249,-0.05753019079566002,0.49042436480522156,0.7789362072944641,-0.07957611978054047,0.45097965002059937,0.7087987661361694,-0.08522555232048035,0.4512181580066681,0.6661713719367981,-0.08405378460884094,0.5779714584350586,0.6573851704597473,-0.08098940551280975,0.4965457618236542,0.5988366007804871,-0.09178955852985382,0.4453028440475464,0.5965436697006226,-0.09681235253810883,0.41341298818588257,0.5920485854148865,-0.10048668831586838,0.6020587682723999,0.6303237676620483,-0.048375703394412994,0.534796953201294,0.5384855270385742,-0.06372498720884323,0.49337029457092285,0.47744274139404297,-0.06909701973199844,0.46153590083122253,0.4275093972682953,-0.07361798733472824,0.6106025576591492,0.6262782216072083,-0.015154696069657803,0.5653699636459351,0.5397573113441467,-0.02598337084054947,0.5338202714920044,0.4775562882423401,-0.027347678318619728,0.5115016102790833,0.425132691860199,-0.027600998058915138,0.6107255816459656,0.6419404745101929,0.015008728951215744,0.5892269015312195,0.5699442625045776,0.011940723285079002,0.5782164335250854,0.526398777961731,0.015504250302910805,0.5679652094841003,0.4887017011642456,0.018531406298279762,Wrong
0.6161282658576965,0.8634613156318665,-2.909782494953106e-07,0.5477224588394165,0.8491635918617249,-0.05753019079566002,0.49042436480522156,0.7789362072944641,-0.07957611978054047,0.45097965002059937,0.7087987661361694,-0.08522555232048035,0.4512181580066681,0.6661713719367981,-0.08405378460884094,0.5779714584350586,0.6573851704597473,-0.08098940551280975,0.4965457618236542,0.5988366007804871,-0.09178955852985382,0.4453028440475464,0.5965436697006226,-0.09681235253810883,0.41341298818588257,0.5920485854148865,-0.10048668831586838,0.6020587682723999,0.6303237676620483,-0.048375703394412994,0.534796953201294,0.5384855270385742,-0.06372498720884323,0.49337029457092285,0.47744274139404297,-0.06909701973199844,0.46153590083122253,0.4275093972682953,-0.07361798733472824,0.6106025576591492,0.6262782216072083,-0.015154696069657803,0.5653699636459351,0.5397573113441467,-0.02598337084054947,0.5338202714920044,0.4775562882423401,-0.027347678318619728,0.5115016102790833,0.425132691860199,-0.027600998058915138,0.6107255816459656,0.6419404745101929,0.015008728951215744,0.5892269015312195,0.5699442625045776,0.011940723285079002,0.5782164335250854,0.526398777961731,0.015504250302910805,0.5679652094841003,0.4887017011642456,0.018531406298279762,Wrong
0.31429409980773926,0.7720125913619995,7.186135349002143e-07,0.3840021789073944,0.7390268445014954,-0.06660067290067673,0.44172367453575134,0.6595243215560913,-0.07711771130561829,0.48492005467414856,0.5931895971298218,-0.06847334653139114,0.4993301331996918,0.552622377872467,-0.051146041601896286,0.3273158073425293,0.5447759032249451,-0.07632701098918915,0.3943742513656616,0.44548526406288147,-0.09632540494203568,0.43122509121894836,0.3936610817909241,-0.10753220319747925,0.45243263244628906,0.3477388322353363,-0.11076930910348892,0.3207991123199463,0.52716463804245,-0.038143813610076904,0.39691612124443054,0.4211271405220032,-0.05603440850973129,0.442089706659317,0.3540607690811157,-0.06421808153390884,0.4669254422187805,0.2969767451286316,-0.06644736975431442,0.32376235723495483,0.5176423788070679,-0.0033867182210087776,0.40016767382621765,0.47127342224121094,-0.024742592126131058,0.42225515842437744,0.5217064619064331,-0.03428643196821213,0.4185827970504761,0.5606393814086914,-0.031080033630132675,0.32688748836517334,0.5135148167610168,0.02666698396205902,0.37136396765708923,0.47951540350914,0.008922860026359558,0.3867436349391937,0.4810672104358673,-0.002856683684512973,0.37836095690727234,0.4823460280895233,-0.004784376360476017,Wrong
0.3205203711986542,0.7390685677528381,7.560695394204231e-07,0.3976764678955078,0.6945186853408813,-0.048527467995882034,0.4481878876686096,0.5941120386123657,-0.05998324975371361,0.461370587348938,0.4943501949310303,-0.06001049280166626,0.44857296347618103,0.42383304238319397,-0.05582117661833763,0.3603503704071045,0.5219899415969849,-0.047072071582078934,0.45167696475982666,0.45860642194747925,-0.06260210275650024,0.5035416483879089,0.43800365924835205,-0.07124996930360794,0.5431411266326904,0.4154796302318573,-0.07505916059017181,0.34190788865089417,0.4909292161464691,-0.023892387747764587,0.4278097450733185,0.3983961045742035,-0.034330498427152634,0.4766518771648407,0.35775381326675415,-0.03861960023641586,0.5098453164100647,0.3230664134025574,-0.04087211936712265,0.33331215381622314,0.47870317101478577,-0.004460589028894901,0.4129350483417511,0.4093424379825592,-0.01941734552383423,0.45647430419921875,0.41025152802467346,-0.02762468159198761,0.4796904921531677,0.4103613793849945,-0.02988838590681553,0.3336727023124695,0.47491294145584106,0.011754481121897697,0.3806615471839905,0.4183904826641083,-0.0006567980162799358,0.3972967863082886,0.41226738691329956,-0.006764708086848259,0.3982143998146057,0.4072415828704834,-0.008984806016087532,Wrong
0.31990915536880493,0.7395574450492859,7.933941787996446e-07,0.3990553319454193,0.6972533464431763,-0.04486644268035889,0.45704978704452515,0.6111408472061157,-0.055099718272686005,0.48164209723472595,0.525217592716217,-0.054992806166410446,0.47260069847106934,0.46643227338790894,-0.050333183258771896,0.3593418300151825,0.5189988017082214,-0.044041913002729416,0.45277026295661926,0.45666468143463135,-0.058872073888778687,0.5057267546653748,0.4365001916885376,-0.06766410917043686,0.5457432270050049,0.4151664972305298,-0.07151228189468384,0.34116464853286743,0.4895991086959839,-0.022767648100852966,0.42638474702835083,0.39493808150291443,-0.033452510833740234,0.4768410921096802,0.35552674531936646,-0.03878988325595856,0.510999321937561,0.321574866771698,-0.041735466569662094,0.33247828483581543,0.47813311219215393,-0.004606007598340511,0.4067108929157257,0.40862181782722473,-0.019854525104165077,0.4385339021682739,0.42015495896339417,-0.026806455105543137,0.45042431354522705,0.4283481538295746,-0.027316948398947716,0.33184194564819336,0.47455352544784546,0.010503443889319897,0.3748795688152313,0.41527068614959717,-0.0008197574643418193,0.39057183265686035,0.4074122905731201,-0.0053935847245156765,0.3905194103717804,0.4022129774093628,-0.006193895358592272,Wrong
0.3169907331466675,0.7400939464569092,7.751303314762481e-07,0.39540809392929077,0.6961814165115356,-0.048870429396629333,0.4491501450538635,0.6013438701629639,-0.05962608754634857,0.4677274227142334,0.5071211457252502,-0.058539170771837234,0.45969462394714355,0.43875759840011597,-0.052867792546749115,0.35233578085899353,0.5165730118751526,-0.04601655900478363,0.44848737120628357,0.4571720063686371,-0.06066439673304558,0.5030121207237244,0.4390641450881958,-0.06960301101207733,0.5438687801361084,0.41885849833488464,-0.07397615164518356,0.3379112482070923,0.4882351756095886,-0.022045111283659935,0.42557448148727417,0.39586278796195984,-0.03223656490445137,0.47620290517807007,0.35689330101013184,-0.03791505843400955,0.5110192894935608,0.3219459652900696,-0.041704434901475906,0.3337364196777344,0.4779711067676544,-0.0016465761000290513,0.4144881069660187,0.40690216422080994,-0.016214238479733467,0.45620495080947876,0.40914496779441833,-0.024926863610744476,0.47704586386680603,0.40878841280937195,-0.028094377368688583,0.33706480264663696,0.47443777322769165,0.015508890151977539,0.3826756179332733,0.4185168743133545,0.0027972296811640263,0.39897775650024414,0.4105510413646698,-0.004067739471793175,0.3996540307998657,0.4027999937534332,-0.007050087209790945,Wrong
0.3169907331466675,0.7400939464569092,7.751303314762481e-07,0.39540809392929077,0.6961814165115356,-0.048870429396629333,0.4491501450538635,0.6013438701629639,-0.05962608754634857,0.4677274227142334,0.5071211457252502,-0.058539170771837234,0.45969462394714355,0.43875759840011597,-0.052867792546749115,0.35233578085899353,0.5165730118751526,-0.04601655900478363,0.44848737120628357,0.4571720063686371,-0.06066439673304558,0.5030121207237244,0.4390641450881958,-0.06960301101207733,0.5438687801361084,0.41885849833488464,-0.07397615164518356,0.3379112482070923,0.4882351756095886,-0.022045111283659935,0.42557448148727417,0.39586278796195984,-0.03223656490445137,0.47620290517807007,0.35689330101013184,-0.03791505843400955,0.5110192894935608,0.3219459652900696,-0.041704434901475906,0.3337364196777344,0.4779711067676544,-0.0016465761000290513,0.4144881069660187,0.40690216422080994,-0.016214238479733467,0.45620495080947876,0.40914496779441833,-0.024926863610744476,0.47704586386680603,0.40878841280937195,-0.028094377368688583,0.33706480264663696,0.47443777322769165,0.015508890151977539,0.3826756179332733,0.4185168743133545,0.0027972296811640263,0.39897775650024414,0.4105510413646698,-0.004067739471793175,0.3996540307998657,0.4027999937534332,-0.007050087209790945,Wrong
0.3133920431137085,0.7363300919532776,7.751835937597207e-07,0.3912578523159027,0.7000290751457214,-0.04831237345933914,0.45091712474823,0.6124402284622192,-0.05949312821030617,0.47690272331237793,0.5265184640884399,-0.05845591053366661,0.4714808762073517,0.46553176641464233,-0.052815161645412445,0.35070115327835083,0.5172755718231201,-0.05204795300960541,0.44839176535606384,0.45416975021362305,-0.06620264798402786,0.5025296211242676,0.4338533878326416,-0.0739133432507515,0.5427314043045044,0.41245752573013306,-0.0775231122970581,0.3345468044281006,0.4882470667362213,-0.028404055163264275,0.42441368103027344,0.3942077159881592,-0.03889366239309311,0.47655338048934937,0.3536561131477356,-0.044606857001781464,0.5127880573272705,0.3176056742668152,-0.048376064747571945,0.32931792736053467,0.47621792554855347,-0.007466861978173256,0.4130104184150696,0.4056304395198822,-0.02114664763212204,0.4588977098464966,0.405285120010376,-0.030187029391527176,0.48368439078330994,0.401867151260376,-0.03412872180342674,0.33127307891845703,0.4710473418235779,0.010438526049256325,0.37639284133911133,0.41442185640335083,-0.0015865035820752382,0.3938451409339905,0.40200725197792053,-0.008464938960969448,0.39614495635032654,0.3897619843482971,-0.01171586662530899,Wrong
0.31583407521247864,0.7384425401687622,7.768017553644313e-07,0.3956034779548645,0.6985740065574646,-0.043708883225917816,0.45602160692214966,0.6056028008460999,-0.0522993840277195,0.4825305938720703,0.5191640257835388,-0.04967484995722771,0.47372323274612427,0.4580373466014862,-0.04237109050154686,0.35297903418540955,0.5151907205581665,-0.04426025226712227,0.449185311794281,0.4498332738876343,-0.056146033108234406,0.5033765435218811,0.42655569314956665,-0.06274871528148651,0.5430444478988647,0.40314847230911255,-0.06582153588533401,0.33510822057724,0.48748981952667236,-0.02307749167084694,0.4244745969772339,0.3922151029109955,-0.03142016753554344,0.4749537408351898,0.350624680519104,-0.03629352152347565,0.5096345543861389,0.3141971826553345,-0.039773836731910706,0.32757675647735596,0.4760408401489258,-0.004534952808171511,0.4153520464897156,0.40580713748931885,-0.017314936965703964,0.4591165781021118,0.41063129901885986,-0.025535551831126213,0.48068463802337646,0.4116959571838379,-0.028865871950984,0.3274436295032501,0.4718374013900757,0.01123368926346302,0.37690797448158264,0.41892266273498535,-0.00032543123234063387,0.3971756398677826,0.4111403524875641,-0.006839179899543524,0.40122097730636597,0.40344488620758057,-0.009815404191613197,Wrong
0.34452733397483826,0.7686620950698853,9.261145237360324e-07,0.4011443853378296,0.7433876395225525,-0.0881166011095047,0.45125553011894226,0.6656369566917419,-0.12123724818229675,0.5090668201446533,0.5906046628952026,-0.13438740372657776,0.5726823210716248,0.5564688444137573,-0.14182639122009277,0.34220263361930847,0.5292234420776367,-0.09050509333610535,0.4064134359359741,0.41750186681747437,-0.11338832229375839,0.4397048354148865,0.34916040301322937,-0.12924103438854218,0.4571708142757416,0.2946851849555969,-0.1377546191215515,0.3308471143245697,0.5109705924987793,-0.046562690287828445,0.3935885429382324,0.386353999376297,-0.06435628980398178,0.4370223879814148,0.3176444172859192,-0.07385537028312683,0.46275898814201355,0.26555854082107544,-0.07909735292196274,0.33640238642692566,0.508682131767273,-0.007362733129411936,0.40009254217147827,0.4122976064682007,-0.02748062089085579,0.4403334856033325,0.406095027923584,-0.03978044167160988,0.4595535695552826,0.4102371037006378,-0.04391958564519882,0.34672659635543823,0.5102088451385498,0.025284184142947197,0.399015873670578,0.4616447687149048,0.004358797799795866,0.42837274074554443,0.47367846965789795,-0.007658711168915033,0.4420679211616516,0.491814523935318,-0.011460470966994762,Wrong
0.34452733397483826,0.7686620950698853,9.261145237360324e-07,0.4011443853378296,0.7433876395225525,-0.0881166011095047,0.45125553011894226,0.6656369566917419,-0.12123724818229675,0.5090668201446533,0.5906046628952026,-0.13438740372657776,0.5726823210716248,0.5564688444137573,-0.14182639122009277,0.34220263361930847,0.5292234420776367,-0.09050509333610535,0.4064134359359741,0.41750186681747437,-0.11338832229375839,0.4397048354148865,0.34916040301322937,-0.12924103438854218,0.4571708142757416,0.2946851849555969,-0.1377546191215515,0.3308471143245697,0.5109705924987793,-0.046562690287828445,0.3935885429382324,0.386353999376297,-0.06435628980398178,0.4370223879814148,0.3176444172859192,-0.07385537028312683,0.46275898814201355,0.26555854082107544,-0.07909735292196274,0.33640238642692566,0.508682131767273,-0.007362733129411936,0.40009254217147827,0.4122976064682007,-0.02748062089085579,0.4403334856033325,0.406095027923584,-0.03978044167160988,0.4595535695552826,0.4102371037006378,-0.04391958564519882,0.34672659635543823,0.5102088451385498,0.025284184142947197,0.399015873670578,0.4616447687149048,0.004358797799795866,0.42837274074554443,0.47367846965789795,-0.007658711168915033,0.4420679211616516,0.491814523935318,-0.011460470966994762,Wrong
0.3362189829349518,0.7633973360061646,9.040046506925137e-07,0.3976837992668152,0.7385751008987427,-0.08656315505504608,0.4489717483520508,0.6593313217163086,-0.11954423785209656,0.5057308077812195,0.5846700072288513,-0.13261625170707703,0.569975733757019,0.5519929528236389,-0.1402626931667328,0.34174811840057373,0.530458390712738,-0.09679905325174332,0.40620195865631104,0.40684446692466736,-0.11792732030153275,0.43854573369026184,0.3329765200614929,-0.13039998710155487,0.4575241208076477,0.27265316247940063,-0.13714049756526947,0.32542747259140015,0.5096186995506287,-0.052238691598176956,0.3915630877017975,0.3850662112236023,-0.06708231568336487,0.43571358919143677,0.32101672887802124,-0.07172644138336182,0.46147000789642334,0.2706138491630554,-0.07419253140687943,0.3271915018558502,0.5061130523681641,-0.011582804843783379,0.3922889530658722,0.41268986463546753,-0.028872258961200714,0.42963775992393494,0.4190007746219635,-0.0371122770011425,0.4465702176094055,0.43372637033462524,-0.03883685916662216,0.33448803424835205,0.5065009593963623,0.02252187393605709,0.38723844289779663,0.4624616503715515,0.0036037650424987078,0.4161696135997772,0.48492974042892456,-0.006838465575128794,0.42917659878730774,0.5147669315338135,-0.00976713839918375,Wrong
0.3362189829349518,0.7633973360061646,9.040046506925137e-07,0.3976837992668152,0.7385751008987427,-0.08656315505504608,0.4489717483520508,0.6593313217163086,-0.11954423785209656,0.5057308077812195,0.5846700072288513,-0.13261625170707703,0.569975733757019,0.5519929528236389,-0.1402626931667328,0.34174811840057373,0.530458390712738,-0.09679905325174332,0.40620195865631104,0.40684446692466736,-0.11792732030153275,0.43854573369026184,0.3329765200614929,-0.13039998710155487,0.4575241208076477,0.27265316247940063,-0.13714049756526947,0.32542747259140015,0.5096186995506287,-0.052238691598176956,0.3915630877017975,0.3850662112236023,-0.06708231568336487,0.43571358919143677,0.32101672887802124,-0.07172644138336182,0.46147000789642334,0.2706138491630554,-0.07419253140687943,0.3271915018558502,0.5061130523681641,-0.011582804843783379,0.3922889530658722,0.41268986463546753,-0.028872258961200714,0.42963775992393494,0.4190007746219635,-0.0371122770011425,0.4465702176094055,0.43372637033462524,-0.03883685916662216,0.33448803424835205,0.5065009593963623,0.02252187393605709,0.38723844289779663,0.4624616503715515,0.0036037650424987078,0.4161696135997772,0.48492974042892456,-0.006838465575128794,0.42917659878730774,0.5147669315338135,-0.00976713839918375,Wrong
0.33713072538375854,0.761242151260376,8.903184607333969e-07,0.3978763222694397,0.7365084886550903,-0.0858844742178917,0.4494950473308563,0.6577775478363037,-0.1191679909825325,0.5065304636955261,0.5842476487159729,-0.1328415870666504,0.5694212317466736,0.5491442680358887,-0.14120343327522278,0.3420487642288208,0.5263523459434509,-0.09585964679718018,0.40846678614616394,0.4020983576774597,-0.11703584343194962,0.44198039174079895,0.3290160298347473,-0.12959447503089905,0.4617784023284912,0.2686883211135864,-0.1362966150045395,0.3277724087238312,0.506534218788147,-0.051575399935245514,0.39778655767440796,0.3877614736557007,-0.0657738670706749,0.4413156807422638,0.3281966745853424,-0.06983056664466858,0.46518486738204956,0.2804950475692749,-0.07184096425771713,0.33121946454048157,0.5023514628410339,-0.011296696029603481,0.3980827331542969,0.41322821378707886,-0.02688463404774666,0.43114811182022095,0.4170082211494446,-0.033515460789203644,0.44365882873535156,0.4273362457752228,-0.034327562898397446,0.33997929096221924,0.501020610332489,0.02232140116393566,0.39280927181243896,0.45666539669036865,0.006155714392662048,0.4193691909313202,0.4738536775112152,-0.0024933533277362585,0.4292958080768585,0.4980809688568115,-0.004435567185282707,Wrong
0.33713072538375854,0.761242151260376,8.903184607333969e-07,0.3978763222694397,0.7365084886550903,-0.0858844742178917,0.4494950473308563,0.6577775478363037,-0.1191679909825325,0.5065304636955261,0.5842476487159729,-0.1328415870666504,0.5694212317466736,0.5491442680358887,-0.14120343327522278,0.3420487642288208,0.5263523459434509,-0.09585964679718018,0.40846678614616394,0.4020983576774597,-0.11703584343194962,0.44198039174079895,0.3290160298347473,-0.12959447503089905,0.4617784023284912,0.2686883211135864,-0.1362966150045395,0.3277724087238312,0.506534218788147,-0.051575399935245514,0.39778655767440796,0.3877614736557007,-0.0657738670706749,0.4413156807422638,0.3281966745853424,-0.06983056664466858,0.46518486738204956,0.2804950475692749,-0.07184096425771713,0.33121946454048157,0.5023514628410339,-0.011296696029603481,0.3980827331542969,0.41322821378707886,-0.02688463404774666,0.43114811182022095,0.4170082211494446,-0.033515460789203644,0.44365882873535156,0.4273362457752228,-0.034327562898397446,0.33997929096221924,0.501020610332489,0.02232140116393566,0.39280927181243896,0.45666539669036865,0.006155714392662048,0.4193691909313202,0.4738536775112152,-0.0024933533277362585,0.4292958080768585,0.4980809688568115,-0.004435567185282707,Wrong
0.3365679085254669,0.7593533992767334,8.353409839401138e-07,0.3984512984752655,0.7353384494781494,-0.08436238765716553,0.45188456773757935,0.6556658744812012,-0.11718207597732544,0.5104868412017822,0.5821613073348999,-0.13054832816123962,0.5742637515068054,0.5502011179924011,-0.13871726393699646,0.3450888991355896,0.5293605327606201,-0.09794294089078903,0.40773752331733704,0.41936081647872925,-0.12315795570611954,0.43845334649086,0.3517794907093048,-0.13889606297016144,0.4548945128917694,0.2945930063724518,-0.14723537862300873,0.3310578465461731,0.5050280690193176,-0.055328257381916046,0.39500126242637634,0.381788045167923,-0.07381555438041687,0.436723530292511,0.31238216161727905,-0.08153606951236725,0.46122151613235474,0.2560787796974182,-0.0858704149723053,0.33398520946502686,0.4983772039413452,-0.016283754259347916,0.395810604095459,0.40605321526527405,-0.03480986878275871,0.4322517514228821,0.39799579977989197,-0.04454943910241127,0.44975724816322327,0.39964771270751953,-0.04762112721800804,0.3413752317428589,0.49778443574905396,0.016407588496804237,0.3921623229980469,0.45891040563583374,-0.0013275014935061336,0.41850629448890686,0.47340741753578186,-0.010717642493546009,0.43047717213630676,0.4945245683193207,-0.013368271291255951,Wrong
0.3365679085254669,0.7593533992767334,8.353409839401138e-07,0.3984512984752655,0.7353384494781494,-0.08436238765716553,0.45188456773757935,0.6556658744812012,-0.11718207597732544,0.5104868412017822,0.5821613073348999,-0.13054832816123962,0.5742637515068054,0.5502011179924011,-0.13871726393699646,0.3450888991355896,0.5293605327606201,-0.09794294089078903,0.40773752331733704,0.41936081647872925,-0.12315795570611954,0.43845334649086,0.3517794907093048,-0.13889606297016144,0.4548945128917694,0.2945930063724518,-0.14723537862300873,0.3310578465461731,0.5050280690193176,-0.055328257381916046,0.39500126242637634,0.381788045167923,-0.07381555438041687,0.436723530292511,0.31238216161727905,-0.08153606951236725,0.46122151613235474,0.2560787796974182,-0.0858704149723053,0.33398520946502686,0.4983772039413452,-0.016283754259347916,0.395810604095459,0.40605321526527405,-0.03480986878275871,0.4322517514228821,0.39799579977989197,-0.04454943910241127,0.44975724816322327,0.39964771270751953,-0.04762112721800804,0.3413752317428589,0.49778443574905396,0.016407588496804237,0.3921623229980469,0.45891040563583374,-0.0013275014935061336,0.41850629448890686,0.47340741753578186,-0.010717642493546009,0.43047717213630676,0.4945245683193207,-0.013368271291255951,Wrong
0.3358902335166931,0.7660726308822632,8.446484685009636e-07,0.3967492878437042,0.7389121055603027,-0.08489127457141876,0.45041054487228394,0.6570338606834412,-0.11500517278909683,0.5080103278160095,0.5825845003128052,-0.12538836896419525,0.572843074798584,0.5505620837211609,-0.13025926053524017,0.3377034664154053,0.5234564542770386,-0.09088201820850372,0.4076978266239166,0.40160977840423584,-0.10980154573917389,0.44217079877853394,0.3290480971336365,-0.12151160836219788,0.4624747931957245,0.26830703020095825,-0.12828677892684937,0.3268055319786072,0.50164395570755,-0.04631426930427551,0.3934941589832306,0.37734702229499817,-0.05776286870241165,0.4369737207889557,0.3162843585014343,-0.06112964078783989,0.4614679515361786,0.2684739828109741,-0.06342647224664688,0.33231982588768005,0.49797892570495605,-0.0060048783197999,0.3943067789077759,0.40428251028060913,-0.020377574488520622,0.4280528426170349,0.40982282161712646,-0.0283488929271698,0.44100648164749146,0.42392632365226746,-0.030534138903021812,0.34200578927993774,0.49820587038993835,0.027708034962415695,0.39139610528945923,0.45477476716041565,0.011628221720457077,0.4167301058769226,0.47284531593322754,0.001368832541629672,0.4260702431201935,0.49891459941864014,-0.002168568316847086,Wrong
0.3358902335166931,0.7660726308822632,8.446484685009636e-07,0.3967492878437042,0.7389121055603027,-0.08489127457141876,0.45041054487228394,0.6570338606834412,-0.11500517278909683,0.5080103278160095,0.5825845003128052,-0.12538836896419525,0.572843074798584,0.5505620837211609,-0.13025926053524017,0.3377034664154053,0.5234564542770386,-0.09088201820850372,0.4076978266239166,0.40160977840423584,-0.10980154573917389,0.44217079877853394,0.3290480971336365,-0.12151160836219788,0.4624747931957245,0.26830703020095825,-0.12828677892684937,0.3268055319786072,0.50164395570755,-0.04631426930427551,0.3934941589832306,0.37734702229499817,-0.05776286870241165,0.4369737207889557,0.3162843585014343,-0.06112964078783989,0.4614679515361786,0.2684739828109741,-0.06342647224664688,0.33231982588768005,0.49797892570495605,-0.0060048783197999,0.3943067789077759,0.40428251028060913,-0.020377574488520622,0.4280528426170349,0.40982282161712646,-0.0283488929271698,0.44100648164749146,0.42392632365226746,-0.030534138903021812,0.34200578927993774,0.49820587038993835,0.027708034962415695,0.39139610528945923,0.45477476716041565,0.011628221720457077,0.4167301058769226,0.47284531593322754,0.001368832541629672,0.4260702431201935,0.49891459941864014,-0.002168568316847086,Wrong
0.3358902335166931,0.7660726308822632,8.446484685009636e-07,0.3967492878437042,0.7389121055603027,-0.08489127457141876,0.45041054487228394,0.6570338606834412,-0.11500517278909683,0.5080103278160095,0.5825845003128052,-0.12538836896419525,0.572843074798584,0.5505620837211609,-0.13025926053524017,0.3377034664154053,0.5234564542770386,-0.09088201820850372,0.4076978266239166,0.40160977840423584,-0.10980154573917389,0.44217079877853394,0.3290480971336365,-0.12151160836219788,0.4624747931957245,0.26830703020095825,-0.12828677892684937,0.3268055319786072,0.50164395570755,-0.04631426930427551,0.3934941589832306,0.37734702229499817,-0.05776286870241165,0.4369737207889557,0.3162843585014343,-0.06112964078783989,0.4614679515361786,0.2684739828109741,-0.06342647224664688,0.33231982588768005,0.49797892570495605,-0.0060048783197999,0.3943067789077759,0.40428251028060913,-0.020377574488520622,0.4280528426170349,0.40982282161712646,-0.0283488929271698,0.44100648164749146,0.42392632365226746,-0.030534138903021812,0.34200578927993774,0.49820587038993835,0.027708034962415695,0.39139610528945923,0.45477476716041565,0.011628221720457077,0.4167301058769226,0.47284531593322754,0.001368832541629672,0.4260702431201935,0.49891459941864014,-0.002168568316847086,Wrong
0.3358902335166931,0.7660726308822632,8.446484685009636e-07,0.3967492878437042,0.7389121055603027,-0.08489127457141876,0.45041054487228394,0.6570338606834412,-0.11500517278909683,0.5080103278160095,0.5825845003128052,-0.12538836896419525,0.572843074798584,0.5505620837211609,-0.13025926053524017,0.3377034664154053,0.5234564542770386,-0.09088201820850372,0.4076978266239166,0.40160977840423584,-0.10980154573917389,0.44217079877853394,0.3290480971336365,-0.12151160836219788,0.4624747931957245,0.26830703020095825,-0.12828677892684937,0.3268055319786072,0.50164395570755,-0.04631426930427551,0.3934941589832306,0.37734702229499817,-0.05776286870241165,0.4369737207889557,0.3162843585014343,-0.06112964078783989,0.4614679515361786,0.2684739828109741,-0.06342647224664688,0.33231982588768005,0.49797892570495605,-0.0060048783197999,0.3943067789077759,0.40428251028060913,-0.020377574488520622,0.4280528426170349,0.40982282161712646,-0.0283488929271698,0.44100648164749146,0.42392632365226746,-0.030534138903021812,0.34200578927993774,0.49820587038993835,0.027708034962415695,0.39139610528945923,0.45477476716041565,0.011628221720457077,0.4167301058769226,0.47284531593322754,0.001368832541629672,0.4260702431201935,0.49891459941864014,-0.002168568316847086,Wrong
0.31744855642318726,0.7492385506629944,9.361655770590005e-07,0.391440749168396,0.7179815173149109,-0.08157062530517578,0.4518168568611145,0.6357462406158447,-0.11089037358760834,0.5100180506706238,0.5587876439094543,-0.12025989592075348,0.5692613124847412,0.5237429141998291,-0.1236283928155899,0.3394501507282257,0.5262334942817688,-0.10020633041858673,0.4407119154930115,0.43210604786872864,-0.12149737775325775,0.4936736822128296,0.38338178396224976,-0.13102023303508759,0.5313248038291931,0.3371526896953583,-0.13542835414409637,0.32325077056884766,0.4983215034008026,-0.056200869381427765,0.39240989089012146,0.36518895626068115,-0.07450024783611298,0.42871329188346863,0.2974526882171631,-0.07881481200456619,0.4484051465988159,0.23833557963371277,-0.0807202160358429,0.3245483636856079,0.4938904941082001,-0.014347978867590427,0.3818359076976776,0.3917026221752167,-0.03130973130464554,0.40554770827293396,0.394696980714798,-0.03374102711677551,0.41011613607406616,0.40369778871536255,-0.03094589151442051,0.33329468965530396,0.494796484708786,0.021547654643654823,0.37234407663345337,0.43648606538772583,0.006969574373215437,0.3904874622821808,0.4366670846939087,0.0020163918379694223,0.3947737514972687,0.44253405928611755,0.002729984000325203,Wrong
0.3500500023365021,0.7724083065986633,4.5229006673253025e-07,0.44535964727401733,0.745682418346405,-0.03529305011034012,0.5201714634895325,0.6861248016357422,-0.05821732431650162,0.5959905982017517,0.6578778028488159,-0.07604557275772095,0.6596896648406982,0.6614453792572021,-0.09555061906576157,0.44248077273368835,0.5428162217140198,-0.06926994770765305,0.4962908923625946,0.4109385013580322,-0.09055757522583008,0.5223520398139954,0.33417487144470215,-0.1028786301612854,0.5398386120796204,0.27129387855529785,-0.11425355076789856,0.39038175344467163,0.5209043025970459,-0.06618572771549225,0.4069596529006958,0.3618263304233551,-0.08978292346000671,0.4145377278327942,0.266845703125,-0.10914232581853867,0.4176834225654602,0.19631686806678772,-0.12656456232070923,0.3450475037097931,0.5273665189743042,-0.06258091330528259,0.33830463886260986,0.3843488097190857,-0.08847691118717194,0.33286187052726746,0.2970573306083679,-0.11101005971431732,0.32495176792144775,0.23213937878608704,-0.12827159464359283,0.3130825161933899,0.5526076555252075,-0.0600457563996315,0.29013970494270325,0.4634249806404114,-0.08490786701440811,0.27260321378707886,0.4063858687877655,-0.10042762756347656,0.2581028640270233,0.3582301735877991,-0.11158781498670578,Wrong
0.3500500023365021,0.7724083065986633,4.5229006673253025e-07,0.44535964727401733,0.745682418346405,-0.03529305011034012,0.5201714634895325,0.6861248016357422,-0.05821732431650162,0.5959905982017517,0.6578778028488159,-0.07604557275772095,0.6596896648406982,0.6614453792572021,-0.09555061906576157,0.44248077273368835,0.5428162217140198,-0.06926994770765305,0.4962908923625946,0.4109385013580322,-0.09055757522583008,0.5223520398139954,0.33417487144470215,-0.1028786301612854,0.5398386120796204,0.27129387855529785,-0.11425355076789856,0.39038175344467163,0.5209043025970459,-0.06618572771549225,0.4069596529006958,0.3618263304233551,-0.08978292346000671,0.4145377278327942,0.266845703125,-0.10914232581853867,0.4176834225654602,0.19631686806678772,-0.12656456232070923,0.3450475037097931,0.5273665189743042,-0.06258091330528259,0.33830463886260986,0.3843488097190857,-0.08847691118717194,0.33286187052726746,0.2970573306083679,-0.11101005971431732,0.32495176792144775,0.23213937878608704,-0.12827159464359283,0.3130825161933899,0.5526076555252075,-0.0600457563996315,0.29013970494270325,0.4634249806404114,-0.08490786701440811,0.27260321378707886,0.4063858687877655,-0.10042762756347656,0.2581028640270233,0.3582301735877991,-0.11158781498670578,Wrong
0.3500500023365021,0.7724083065986633,4.5229006673253025e-07,0.44535964727401733,0.745682418346405,-0.03529305011034012,0.5201714634895325,0.6861248016357422,-0.05821732431650162,0.5959905982017517,0.6578778028488159,-0.07604557275772095,0.6596896648406982,0.6614453792572021,-0.09555061906576157,0.44248077273368835,0.5428162217140198,-0.06926994770765305,0.4962908923625946,0.4109385013580322,-0.09055757522583008,0.5223520398139954,0.33417487144470215,-0.1028786301612854,0.5398386120796204,0.27129387855529785,-0.11425355076789856,0.39038175344467163,0.5209043025970459,-0.06618572771549225,0.4069596529006958,0.3618263304233551,-0.08978292346000671,0.4145377278327942,0.266845703125,-0.10914232581853867,0.4176834225654602,0.19631686806678772,-0.12656456232070923,0.3450475037097931,0.5273665189743042,-0.06258091330528259,0.33830463886260986,0.3843488097190857,-0.08847691118717194,0.33286187052726746,0.2970573306083679,-0.11101005971431732,0.32495176792144775,0.23213937878608704,-0.12827159464359283,0.3130825161933899,0.5526076555252075,-0.0600457563996315,0.29013970494270325,0.4634249806404114,-0.08490786701440811,0.27260321378707886,0.4063858687877655,-0.10042762756347656,0.2581028640270233,0.3582301735877991,-0.11158781498670578,Wrong
0.3512378931045532,0.7692307233810425,4.4008154986840964e-07,0.4456554353237152,0.740856409072876,-0.0309921745210886,0.5199990272521973,0.6818118095397949,-0.05140144005417824,0.5958741903305054,0.6538834571838379,-0.06807054579257965,0.6583734750747681,0.6548230051994324,-0.08675997704267502,0.4459083378314972,0.5358243584632874,-0.059658393263816833,0.4978741705417633,0.40868332982063293,-0.07894521951675415,0.5221823453903198,0.33244162797927856,-0.09086756408214569,0.5385092496871948,0.2697616517543793,-0.10232679545879364,0.3941103518009186,0.5142220258712769,-0.05927899107336998,0.4095197319984436,0.3586258590221405,-0.08007340133190155,0.41643843054771423,0.26581239700317383,-0.09903208166360855,0.42015790939331055,0.19746875762939453,-0.11668961495161057,0.34742531180381775,0.5216891765594482,-0.05861388146877289,0.3395951986312866,0.3811231255531311,-0.08198090642690659,0.33416521549224854,0.29496240615844727,-0.10342885553836823,0.3274916112422943,0.2321600615978241,-0.12060201913118362,0.31197279691696167,0.5491715669631958,-0.059003982692956924,0.28820836544036865,0.46113306283950806,-0.0823255330324173,0.2718402147293091,0.4028390645980835,-0.09695778042078018,0.2598933279514313,0.3546715974807739,-0.10781244933605194,Wrong
0.3512378931045532,0.7692307233810425,4.4008154986840964e-07,0.4456554353237152,0.740856409072876,-0.0309921745210886,0.5199990272521973,0.6818118095397949,-0.05140144005417824,0.5958741903305054,0.6538834571838379,-0.06807054579257965,0.6583734750747681,0.6548230051994324,-0.08675997704267502,0.4459083378314972,0.5358243584632874,-0.059658393263816833,0.4978741705417633,0.40868332982063293,-0.07894521951675415,0.5221823453903198,0.33244162797927856,-0.09086756408214569,0.5385092496871948,0.2697616517543793,-0.10232679545879364,0.3941103518009186,0.5142220258712769,-0.05927899107336998,0.4095197319984436,0.3586258590221405,-0.08007340133190155,0.41643843054771423,0.26581239700317383,-0.09903208166360855,0.42015790939331055,0.19746875762939453,-0.11668961495161057,0.34742531180381775,0.5216891765594482,-0.05861388146877289,0.3395951986312866,0.3811231255531311,-0.08198090642690659,0.33416521549224854,0.29496240615844727,-0.10342885553836823,0.3274916112422943,0.2321600615978241,-0.12060201913118362,0.31197279691696167,0.5491715669631958,-0.059003982692956924,0.28820836544036865,0.46113306283950806,-0.0823255330324173,0.2718402147293091,0.4028390645980835,-0.09695778042078018,0.2598933279514313,0.3546715974807739,-0.10781244933605194,Wrong
0.3512378931045532,0.7692307233810425,4.4008154986840964e-07,0.4456554353237152,0.740856409072876,-0.0309921745210886,0.5199990272521973,0.6818118095397949,-0.05140144005417824,0.5958741903305054,0.6538834571838379,-0.06807054579257965,0.6583734750747681,0.6548230051994324,-0.08675997704267502,0.4459083378314972,0.5358243584632874,-0.059658393263816833,0.4978741705417633,0.40868332982063293,-0.07894521951675415,0.5221823453903198,0.33244162797927856,-0.09086756408214569,0.5385092496871948,0.2697616517543793,-0.10232679545879364,0.3941103518009186,0.5142220258712769,-0.05927899107336998,0.4095197319984436,0.3586258590221405,-0.08007340133190155,0.41643843054771423,0.26581239700317383,-0.09903208166360855,0.42015790939331055,0.19746875762939453,-0.11668961495161057,0.34742531180381775,0.5216891765594482,-0.05861388146877289,0.3395951986312866,0.3811231255531311,-0.08198090642690659,0.33416521549224854,0.29496240615844727,-0.10342885553836823,0.3274916112422943,0.2321600615978241,-0.12060201913118362,0.31197279691696167,0.5491715669631958,-0.059003982692956924,0.28820836544036865,0.46113306283950806,-0.0823255330324173,0.2718402147293091,0.4028390645980835,-0.09695778042078018,0.2598933279514313,0.3546715974807739,-0.10781244933605194,Wrong
0.3512378931045532,0.7692307233810425,4.4008154986840964e-07,0.4456554353237152,0.740856409072876,-0.0309921745210886,0.5199990272521973,0.6818118095397949,-0.05140144005417824,0.5958741903305054,0.6538834571838379,-0.06807054579257965,0.6583734750747681,0.6548230051994324,-0.08675997704267502,0.4459083378314972,0.5358243584632874,-0.059658393263816833,0.4978741705417633,0.40868332982063293,-0.07894521951675415,0.5221823453903198,0.33244162797927856,-0.09086756408214569,0.5385092496871948,0.2697616517543793,-0.10232679545879364,0.3941103518009186,0.5142220258712769,-0.05927899107336998,0.4095197319984436,0.3586258590221405,-0.08007340133190155,0.41643843054771423,0.26581239700317383,-0.09903208166360855,0.42015790939331055,0.19746875762939453,-0.11668961495161057,0.34742531180381775,0.5216891765594482,-0.05861388146877289,0.3395951986312866,0.3811231255531311,-0.08198090642690659,0.33416521549224854,0.29496240615844727,-0.10342885553836823,0.3274916112422943,0.2321600615978241,-0.12060201913118362,0.31197279691696167,0.5491715669631958,-0.059003982692956924,0.28820836544036865,0.46113306283950806,-0.0823255330324173,0.2718402147293091,0.4028390645980835,-0.09695778042078018,0.2598933279514313,0.3546715974807739,-0.10781244933605194,Wrong
0.3512378931045532,0.7692307233810425,4.4008154986840964e-07,0.4456554353237152,0.740856409072876,-0.0309921745210886,0.5199990272521973,0.6818118095397949,-0.05140144005417824,0.5958741903305054,0.6538834571838379,-0.06807054579257965,0.6583734750747681,0.6548230051994324,-0.08675997704267502,0.4459083378314972,0.5358243584632874,-0.059658393263816833,0.4978741705417633,0.40868332982063293,-0.07894521951675415,0.5221823453903198,0.33244162797927856,-0.09086756408214569,0.5385092496871948,0.2697616517543793,-0.10232679545879364,0.3941103518009186,0.5142220258712769,-0.05927899107336998,0.4095197319984436,0.3586258590221405,-0.08007340133190155,0.41643843054771423,0.26581239700317383,-0.09903208166360855,0.42015790939331055,0.19746875762939453,-0.11668961495161057,0.34742531180381775,0.5216891765594482,-0.05861388146877289,0.3395951986312866,0.3811231255531311,-0.08198090642690659,0.33416521549224854,0.29496240615844727,-0.10342885553836823,0.3274916112422943,0.2321600615978241,-0.12060201913118362,0.31197279691696167,0.5491715669631958,-0.059003982692956924,0.28820836544036865,0.46113306283950806,-0.0823255330324173,0.2718402147293091,0.4028390645980835,-0.09695778042078018,0.2598933279514313,0.3546715974807739,-0.10781244933605194,Wrong
0.3512378931045532,0.7692307233810425,4.4008154986840964e-07,0.4456554353237152,0.740856409072876,-0.0309921745210886,0.5199990272521973,0.6818118095397949,-0.05140144005417824,0.5958741903305054,0.6538834571838379,-0.06807054579257965,0.6583734750747681,0.6548230051994324,-0.08675997704267502,0.4459083378314972,0.5358243584632874,-0.059658393263816833,0.4978741705417633,0.40868332982063293,-0.07894521951675415,0.5221823453903198,0.33244162797927856,-0.09086756408214569,0.5385092496871948,0.2697616517543793,-0.10232679545879364,0.3941103518009186,0.5142220258712769,-0.05927899107336998,0.4095197319984436,0.3586258590221405,-0.08007340133190155,0.41643843054771423,0.26581239700317383,-0.09903208166360855,0.42015790939331055,0.19746875762939453,-0.11668961495161057,0.34742531180381775,0.5216891765594482,-0.05861388146877289,0.3395951986312866,0.3811231255531311,-0.08198090642690659,0.33416521549224854,0.29496240615844727,-0.10342885553836823,0.3274916112422943,0.2321600615978241,-0.12060201913118362,0.31197279691696167,0.5491715669631958,-0.059003982692956924,0.28820836544036865,0.46113306283950806,-0.0823255330324173,0.2718402147293091,0.4028390645980835,-0.09695778042078018,0.2598933279514313,0.3546715974807739,-0.10781244933605194,Wrong
0.3512378931045532,0.7692307233810425,4.4008154986840964e-07,0.4456554353237152,0.740856409072876,-0.0309921745210886,0.5199990272521973,0.6818118095397949,-0.05140144005417824,0.5958741903305054,0.6538834571838379,-0.06807054579257965,0.6583734750747681,0.6548230051994324,-0.08675997704267502,0.4459083378314972,0.5358243584632874,-0.059658393263816833,0.4978741705417633,0.40868332982063293,-0.07894521951675415,0.5221823453903198,0.33244162797927856,-0.09086756408214569,0.5385092496871948,0.2697616517543793,-0.10232679545879364,0.3941103518009186,0.5142220258712769,-0.05927899107336998,0.4095197319984436,0.3586258590221405,-0.08007340133190155,0.41643843054771423,0.26581239700317383,-0.09903208166360855,0.42015790939331055,0.19746875762939453,-0.11668961495161057,0.34742531180381775,0.5216891765594482,-0.05861388146877289,0.3395951986312866,0.3811231255531311,-0.08198090642690659,0.33416521549224854,0.29496240615844727,-0.10342885553836823,0.3274916112422943,0.2321600615978241,-0.12060201913118362,0.31197279691696167,0.5491715669631958,-0.059003982692956924,0.28820836544036865,0.46113306283950806,-0.0823255330324173,0.2718402147293091,0.4028390645980835,-0.09695778042078018,0.2598933279514313,0.3546715974807739,-0.10781244933605194,Wrong
0.3512378931045532,0.7692307233810425,4.4008154986840964e-07,0.4456554353237152,0.740856409072876,-0.0309921745210886,0.5199990272521973,0.6818118095397949,-0.05140144005417824,0.5958741903305054,0.6538834571838379,-0.06807054579257965,0.6583734750747681,0.6548230051994324,-0.08675997704267502,0.4459083378314972,0.5358243584632874,-0.059658393263816833,0.4978741705417633,0.40868332982063293,-0.07894521951675415,0.5221823453903198,0.33244162797927856,-0.09086756408214569,0.5385092496871948,0.2697616517543793,-0.10232679545879364,0.3941103518009186,0.5142220258712769,-0.05927899107336998,0.4095197319984436,0.3586258590221405,-0.08007340133190155,0.41643843054771423,0.26581239700317383,-0.09903208166360855,0.42015790939331055,0.19746875762939453,-0.11668961495161057,0.34742531180381775,0.5216891765594482,-0.05861388146877289,0.3395951986312866,0.3811231255531311,-0.08198090642690659,0.33416521549224854,0.29496240615844727,-0.10342885553836823,0.3274916112422943,0.2321600615978241,-0.12060201913118362,0.31197279691696167,0.5491715669631958,-0.059003982692956924,0.28820836544036865,0.46113306283950806,-0.0823255330324173,0.2718402147293091,0.4028390645980835,-0.09695778042078018,0.2598933279514313,0.3546715974807739,-0.10781244933605194,Wrong
0.3496910333633423,0.7686988115310669,4.6784560936430353e-07,0.4442567229270935,0.7428183555603027,-0.028826983645558357,0.5185233354568481,0.6803179979324341,-0.04542708396911621,0.5929486751556396,0.6444171667098999,-0.058120813220739365,0.6547725796699524,0.6399770975112915,-0.07261209189891815,0.4485105574131012,0.5290777087211609,-0.051113490015268326,0.49938589334487915,0.4062340557575226,-0.0653403103351593,0.523168683052063,0.3321489691734314,-0.07476287335157394,0.5378580093383789,0.27076253294944763,-0.08474927395582199,0.3962620198726654,0.5038677453994751,-0.04971745237708092,0.4119556248188019,0.35545116662979126,-0.06390535831451416,0.42109954357147217,0.26668819785118103,-0.08033757656812668,0.425180584192276,0.20014765858650208,-0.0966111496090889,0.34794744849205017,0.5103257298469543,-0.04815118387341499,0.34075140953063965,0.3744596838951111,-0.06672066450119019,0.3367795944213867,0.2911466956138611,-0.08792748302221298,0.3298986852169037,0.22887739539146423,-0.10545261949300766,0.3102976083755493,0.5389752984046936,-0.047444771975278854,0.28722548484802246,0.45549729466438293,-0.06890911608934402,0.27113077044487,0.3986448049545288,-0.08400560915470123,0.2586973011493683,0.35099363327026367,-0.09497866034507751,Wrong
