x0,y0,z0,x1,y1,z1,x2,y2,z2,x3,y3,z3,x4,y4,z4,x5,y5,z5,x6,y6,z6,x7,y7,z7,x8,y8,z8,x9,y9,z9,x10,y10,z10,x11,y11,z11,x12,y12,z12,x13,y13,z13,x14,y14,z14,x15,y15,z15,x16,y16,z16,x17,y17,z17,x18,y18,z18,x19,y19,z19,x20,y20,z20,label
0.3715786635875702,0.8973798751831055,-6.72444912197534e-07,0.3780823051929474,0.7522116899490356,-0.04484926164150238,0.42116779088974,0.6050173044204712,-0.06114523485302925,0.46148398518562317,0.4891577959060669,-0.07319977134466171,0.4713403880596161,0.40765127539634705,-0.07252271473407745,0.547851026058197,0.6449680924415588,-0.013235135935246944,0.6232604384422302,0.630059003829956,-0.0503569170832634,0.5616552233695984,0.6909847259521484,-0.06301224231719971,0.5111960768699646,0.7088587284088135,-0.06466200947761536,0.5764269828796387,0.7274340391159058,-0.003577945986762643,0.6365376710891724,0.7197989821434021,-0.05119835212826729,0.549185037612915,0.7759965658187866,-0.06414930522441864,0.5068214535713196,0.7708158493041992,-0.062042634934186935,0.583904504776001,0.8102446794509888,-0.0004858396714553237,0.6426035165786743,0.8064417243003845,-0.04447429999709129,0.5622096657752991,0.8406496644020081,-0.028035180643200874,0.5136986374855042,0.8311197757720947,-0.00529105169698596,0.5743556618690491,0.8888907432556152,-0.0008571363869123161,0.6302254796028137,0.8921550512313843,-0.027240773662924767,0.5729311108589172,0.8965895771980286,-0.010498295538127422,0.5337567925453186,0.8741372227668762,0.010228794068098068,Oblique Thumb
0.3715786635875702,0.8973798751831055,-6.72444912197534e-07,0.3780823051929474,0.7522116899490356,-0.04484926164150238,0.42116779088974,0.6050173044204712,-0.06114523485302925,0.46148398518562317,0.4891577959060669,-0.07319977134466171,0.4713403880596161,0.40765127539634705,-0.07252271473407745,0.547851026058197,0.6449680924415588,-0.013235135935246944,0.6232604384422302,0.630059003829956,-0.0503569170832634,0.5616552233695984,0.6909847259521484,-0.06301224231719971,0.5111960768699646,0.7088587284088135,-0.06466200947761536,0.5764269828796387,0.7274340391159058,-0.003577945986762643,0.6365376710891724,0.7197989821434021,-0.05119835212826729,0.549185037612915,0.7759965658187866,-0.06414930522441864,0.5068214535713196,0.7708158493041992,-0.062042634934186935,0.583904504776001,0.8102446794509888,-0.0004858396714553237,0.6426035165786743,0.8064417243003845,-0.04447429999709129,0.5622096657752991,0.8406496644020081,-0.028035180643200874,0.5136986374855042,0.8311197757720947,-0.00529105169698596,0.5743556618690491,0.8888907432556152,-0.0008571363869123161,0.6302254796028137,0.8921550512313843,-0.027240773662924767,0.5729311108589172,0.8965895771980286,-0.010498295538127422,0.5337567925453186,0.8741372227668762,0.010228794068098068,Oblique Thumb
0.3715786635875702,0.8973798751831055,-6.72444912197534e-07,0.3780823051929474,0.7522116899490356,-0.04484926164150238,0.42116779088974,0.6050173044204712,-0.06114523485302925,0.46148398518562317,0.4891577959060669,-0.07319977134466171,0.4713403880596161,0.40765127539634705,-0.07252271473407745,0.547851026058197,0.6449680924415588,-0.013235135935246944,0.6232604384422302,0.630059003829956,-0.0503569170832634,0.5616552233695984,0.6909847259521484,-0.06301224231719971,0.5111960768699646,0.7088587284088135,-0.06466200947761536,0.5764269828796387,0.7274340391159058,-0.003577945986762643,0.6365376710891724,0.7197989821434021,-0.05119835212826729,0.549185037612915,0.7759965658187866,-0.06414930522441864,0.5068214535713196,0.7708158493041992,-0.062042634934186935,0.583904504776001,0.8102446794509888,-0.0004858396714553237,0.6426035165786743,0.8064417243003845,-0.04447429999709129,0.5622096657752991,0.8406496644020081,-0.028035180643200874,0.5136986374855042,0.8311197757720947,-0.00529105169698596,0.5743556618690491,0.8888907432556152,-0.0008571363869123161,0.6302254796028137,0.8921550512313843,-0.027240773662924767,0.5729311108589172,0.8965895771980286,-0.010498295538127422,0.5337567925453186,0.8741372227668762,0.010228794068098068,Oblique Thumb
0.3715786635875702,0.8973798751831055,-6.72444912197534e-07,0.3780823051929474,0.7522116899490356,-0.04484926164150238,0.42116779088974,0.6050173044204712,-0.06114523485302925,0.46148398518562317,0.4891577959060669,-0.07319977134466171,0.4713403880596161,0.40765127539634705,-0.07252271473407745,0.547851026058197,0.6449680924415588,-0.013235135935246944,0.6232604384422302,0.630059003829956,-0.0503569170832634,0.5616552233695984,0.6909847259521484,-0.06301224231719971,0.5111960768699646,0.7088587284088135,-0.06466200947761536,0.5764269828796387,0.7274340391159058,-0.003577945986762643,0.6365376710891724,0.7197989821434021,-0.05119835212826729,0.549185037612915,0.7759965658187866,-0.06414930522441864,0.5068214535713196,0.7708158493041992,-0.062042634934186935,0.583904504776001,0.8102446794509888,-0.0004858396714553237,0.6426035165786743,0.8064417243003845,-0.04447429999709129,0.5622096657752991,0.8406496644020081,-0.028035180643200874,0.5136986374855042,0.8311197757720947,-0.00529105169698596,0.5743556618690491,0.8888907432556152,-0.0008571363869123161,0.6302254796028137,0.8921550512313843,-0.027240773662924767,0.5729311108589172,0.8965895771980286,-0.010498295538127422,0.5337567925453186,0.8741372227668762,0.010228794068098068,Oblique Thumb
0.3715786635875702,0.8973798751831055,-6.72444912197534e-07,0.3780823051929474,0.7522116899490356,-0.04484926164150238,0.42116779088974,0.6050173044204712,-0.06114523485302925,0.46148398518562317,0.4891577959060669,-0.07319977134466171,0.4713403880596161,0.40765127539634705,-0.07252271473407745,0.547851026058197,0.6449680924415588,-0.013235135935246944,0.6232604384422302,0.630059003829956,-0.0503569170832634,0.5616552233695984,0.6909847259521484,-0.06301224231719971,0.5111960768699646,0.7088587284088135,-0.06466200947761536,0.5764269828796387,0.7274340391159058,-0.003577945986762643,0.6365376710891724,0.7197989821434021,-0.05119835212826729,0.549185037612915,0.7759965658187866,-0.06414930522441864,0.5068214535713196,0.7708158493041992,-0.062042634934186935,0.583904504776001,0.8102446794509888,-0.0004858396714553237,0.6426035165786743,0.8064417243003845,-0.04447429999709129,0.5622096657752991,0.8406496644020081,-0.028035180643200874,0.5136986374855042,0.8311197757720947,-0.00529105169698596,0.5743556618690491,0.8888907432556152,-0.0008571363869123161,0.6302254796028137,0.8921550512313843,-0.027240773662924767,0.5729311108589172,0.8965895771980286,-0.010498295538127422,0.5337567925453186,0.8741372227668762,0.010228794068098068,Oblique Thumb
0.3715786635875702,0.8973798751831055,-6.72444912197534e-07,0.3780823051929474,0.7522116899490356,-0.04484926164150238,0.42116779088974,0.6050173044204712,-0.06114523485302925,0.46148398518562317,0.4891577959060669,-0.07319977134466171,0.4713403880596161,0.40765127539634705,-0.07252271473407745,0.547851026058197,0.6449680924415588,-0.013235135935246944,0.6232604384422302,0.630059003829956,-0.0503569170832634,0.5616552233695984,0.6909847259521484,-0.06301224231719971,0.5111960768699646,0.7088587284088135,-0.06466200947761536,0.5764269828796387,0.7274340391159058,-0.003577945986762643,0.6365376710891724,0.7197989821434021,-0.05119835212826729,0.549185037612915,0.7759965658187866,-0.06414930522441864,0.5068214535713196,0.7708158493041992,-0.062042634934186935,0.583904504776001,0.8102446794509888,-0.0004858396714553237,0.6426035165786743,0.8064417243003845,-0.04447429999709129,0.5622096657752991,0.8406496644020081,-0.028035180643200874,0.5136986374855042,0.8311197757720947,-0.00529105169698596,0.5743556618690491,0.8888907432556152,-0.0008571363869123161,0.6302254796028137,0.8921550512313843,-0.027240773662924767,0.5729311108589172,0.8965895771980286,-0.010498295538127422,0.5337567925453186,0.8741372227668762,0.010228794068098068,Oblique Thumb
0.3715786635875702,0.8973798751831055,-6.72444912197534e-07,0.3780823051929474,0.7522116899490356,-0.04484926164150238,0.42116779088974,0.6050173044204712,-0.06114523485302925,0.46148398518562317,0.4891577959060669,-0.07319977134466171,0.4713403880596161,0.40765127539634705,-0.07252271473407745,0.547851026058197,0.6449680924415588,-0.013235135935246944,0.6232604384422302,0.630059003829956,-0.0503569170832634,0.5616552233695984,0.6909847259521484,-0.06301224231719971,0.5111960768699646,0.7088587284088135,-0.06466200947761536,0.5764269828796387,0.7274340391159058,-0.003577945986762643,0.6365376710891724,0.7197989821434021,-0.05119835212826729,0.549185037612915,0.7759965658187866,-0.06414930522441864,0.5068214535713196,0.7708158493041992,-0.062042634934186935,0.583904504776001,0.8102446794509888,-0.0004858396714553237,0.6426035165786743,0.8064417243003845,-0.04447429999709129,0.5622096657752991,0.8406496644020081,-0.028035180643200874,0.5136986374855042,0.8311197757720947,-0.00529105169698596,0.5743556618690491,0.8888907432556152,-0.0008571363869123161,0.6302254796028137,0.8921550512313843,-0.027240773662924767,0.5729311108589172,0.8965895771980286,-0.010498295538127422,0.5337567925453186,0.8741372227668762,0.010228794068098068,Oblique Thumb
0.3715786635875702,0.8973798751831055,-6.72444912197534e-07,0.3780823051929474,0.7522116899490356,-0.04484926164150238,0.42116779088974,0.6050173044204712,-0.06114523485302925,0.46148398518562317,0.4891577959060669,-0.07319977134466171,0.4713403880596161,0.40765127539634705,-0.07252271473407745,0.547851026058197,0.6449680924415588,-0.013235135935246944,0.6232604384422302,0.630059003829956,-0.0503569170832634,0.5616552233695984,0.6909847259521484,-0.06301224231719971,0.5111960768699646,0.7088587284088135,-0.06466200947761536,0.5764269828796387,0.7274340391159058,-0.003577945986762643,0.6365376710891724,0.7197989821434021,-0.05119835212826729,0.549185037612915,0.7759965658187866,-0.06414930522441864,0.5068214535713196,0.7708158493041992,-0.062042634934186935,0.583904504776001,0.8102446794509888,-0.0004858396714553237,0.6426035165786743,0.8064417243003845,-0.04447429999709129,0.5622096657752991,0.8406496644020081,-0.028035180643200874,0.5136986374855042,0.8311197757720947,-0.00529105169698596,0.5743556618690491,0.8888907432556152,-0.0008571363869123161,0.6302254796028137,0.8921550512313843,-0.027240773662924767,0.5729311108589172,0.8965895771980286,-0.010498295538127422,0.5337567925453186,0.8741372227668762,0.010228794068098068,Oblique Thumb
0.3715786635875702,0.8973798751831055,-6.72444912197534e-07,0.3780823051929474,0.7522116899490356,-0.04484926164150238,0.42116779088974,0.6050173044204712,-0.06114523485302925,0.46148398518562317,0.4891577959060669,-0.07319977134466171,0.4713403880596161,0.40765127539634705,-0.07252271473407745,0.547851026058197,0.6449680924415588,-0.013235135935246944,0.6232604384422302,0.630059003829956,-0.0503569170832634,0.5616552233695984,0.6909847259521484,-0.06301224231719971,0.5111960768699646,0.7088587284088135,-0.06466200947761536,0.5764269828796387,0.7274340391159058,-0.003577945986762643,0.6365376710891724,0.7197989821434021,-0.05119835212826729,0.549185037612915,0.7759965658187866,-0.06414930522441864,0.5068214535713196,0.7708158493041992,-0.062042634934186935,0.583904504776001,0.8102446794509888,-0.0004858396714553237,0.6426035165786743,0.8064417243003845,-0.04447429999709129,0.5622096657752991,0.8406496644020081,-0.028035180643200874,0.5136986374855042,0.8311197757720947,-0.00529105169698596,0.5743556618690491,0.8888907432556152,-0.0008571363869123161,0.6302254796028137,0.8921550512313843,-0.027240773662924767,0.5729311108589172,0.8965895771980286,-0.010498295538127422,0.5337567925453186,0.8741372227668762,0.010228794068098068,Oblique Thumb
0.36508047580718994,0.9098145961761475,-6.958536573620222e-07,0.37347686290740967,0.7591531276702881,-0.043811697512865067,0.41784119606018066,0.6086474061012268,-0.05974766984581947,0.45902734994888306,0.49141600728034973,-0.07168035209178925,0.4688822627067566,0.40971916913986206,-0.06986531615257263,0.5447684526443481,0.6504552960395813,-0.011952011846005917,0.622530460357666,0.637988805770874,-0.04966341331601143,0.5557244420051575,0.6986424922943115,-0.0611521452665329,0.5055488348007202,0.7142044305801392,-0.062030211091041565,0.5720604658126831,0.7350382208824158,-0.0035734663251787424,0.6347405910491943,0.7297007441520691,-0.05294331535696983,0.5423118472099304,0.7839032411575317,-0.06464879959821701,0.5028906464576721,0.7741456627845764,-0.061635572463274,0.5784162878990173,0.8192535638809204,-0.0018975338898599148,0.6390870809555054,0.8185102939605713,-0.04686083644628525,0.5554214119911194,0.8508750200271606,-0.027133187279105186,0.5100841522216797,0.8367990851402283,-0.0024291754234582186,0.5680986642837524,0.898517370223999,-0.003667729441076517,0.6246873140335083,0.9035877585411072,-0.028172951191663742,0.5656630396842957,0.9087033271789551,-0.008414956741034985,0.5297161340713501,0.8835513591766357,0.0137376943603158,Oblique Thumb
0.3602900207042694,0.9091891050338745,-6.693575755889469e-07,0.37168848514556885,0.7559553980827332,-0.04411360248923302,0.41401776671409607,0.6100393533706665,-0.061490438878536224,0.4555663466453552,0.4932383894920349,-0.07496186345815659,0.46630021929740906,0.4091513156890869,-0.07487203925848007,0.5432227849960327,0.6521185636520386,-0.011755701154470444,0.6206641793251038,0.6416435241699219,-0.04977579414844513,0.5539013743400574,0.7011794447898865,-0.06305824965238571,0.5032678842544556,0.7161266803741455,-0.06534653156995773,0.5695056915283203,0.7376675009727478,-0.0027604475617408752,0.6315631866455078,0.7329890131950378,-0.05310557037591934,0.5394721627235413,0.7857601642608643,-0.0675920769572258,0.49904757738113403,0.7756633162498474,-0.06688083708286285,0.5748553276062012,0.8222724199295044,-0.00010729151108535007,0.6349874138832092,0.8212785720825195,-0.045223720371723175,0.5518927574157715,0.852556049823761,-0.02635854110121727,0.5054717063903809,0.8391697406768799,-0.002458597533404827,0.5638524889945984,0.9012850522994995,-0.0008660472230985761,0.621073305606842,0.9065827131271362,-0.02515607513487339,0.5619137287139893,0.9116404056549072,-0.004994567018002272,0.5253384113311768,0.8874517679214478,0.01738838292658329,Oblique Thumb
0.36462724208831787,0.9053999781608582,-6.671708092653716e-07,0.37157484889030457,0.7563525438308716,-0.047049373388290405,0.4142524003982544,0.6081369519233704,-0.06512483209371567,0.4568583369255066,0.4938468933105469,-0.0785055160522461,0.46695399284362793,0.4128307104110718,-0.07824251800775528,0.5426024794578552,0.6509294509887695,-0.017056740820407867,0.6191290020942688,0.6400756239891052,-0.05647021904587746,0.5539569854736328,0.7004822492599487,-0.06948341429233551,0.503637969493866,0.7178504467010498,-0.07149966061115265,0.5703305602073669,0.7364768981933594,-0.007854675874114037,0.6308885216712952,0.7319477796554565,-0.06064840406179428,0.5401290059089661,0.7865003347396851,-0.0744318887591362,0.49986743927001953,0.7793981432914734,-0.0727752298116684,0.576589047908783,0.8208403587341309,-0.00530167855322361,0.6353678703308105,0.8207697868347168,-0.05421198159456253,0.5516026020050049,0.8521985411643982,-0.03529810532927513,0.5040231943130493,0.8400985598564148,-0.010443827137351036,0.5658798813819885,0.9000876545906067,-0.006347115617245436,0.6216298341751099,0.9074718952178955,-0.03477872163057327,0.5619158148765564,0.9124619960784912,-0.01619795523583889,0.5235915184020996,0.8871999382972717,0.005767895840108395,Oblique Thumb
0.3622491955757141,0.9093503952026367,-6.654759090451989e-07,0.3663753271102905,0.7603185176849365,-0.04554392024874687,0.41330626606941223,0.6098566055297852,-0.06298558413982391,0.4558277130126953,0.494152307510376,-0.07607900351285934,0.46786001324653625,0.41052013635635376,-0.07648171484470367,0.5433744192123413,0.6467264890670776,-0.016129039227962494,0.6214333176612854,0.6400379538536072,-0.0555269792675972,0.5564830899238586,0.7006190419197083,-0.06872054189443588,0.5057082772254944,0.7176680564880371,-0.07040386646986008,0.5710554122924805,0.734664261341095,-0.008009563200175762,0.6343152523040771,0.7334953546524048,-0.0585501492023468,0.5411937832832336,0.7882902026176453,-0.07018959522247314,0.4996558725833893,0.7836785316467285,-0.0665508434176445,0.5777177214622498,0.8187656402587891,-0.006804308854043484,0.63617342710495,0.8241832852363586,-0.055105093866586685,0.549950897693634,0.8561283349990845,-0.0363229401409626,0.5033134818077087,0.8448073267936707,-0.011186418123543262,0.5685957074165344,0.8991244435310364,-0.008917552419006824,0.6227151155471802,0.9077339172363281,-0.03617101162672043,0.5611032247543335,0.9145346879959106,-0.016707809641957283,0.5243614315986633,0.8905894756317139,0.005821866448968649,Oblique Thumb
0.3629004955291748,0.9066326022148132,-7.082882120812428e-07,0.3667985796928406,0.7614348530769348,-0.047602180391550064,0.4153329133987427,0.612539529800415,-0.06613131612539291,0.45685070753097534,0.4947025179862976,-0.07985259592533112,0.46614834666252136,0.411234974861145,-0.0807037279009819,0.5421996712684631,0.6518459320068359,-0.02119721658527851,0.6197357177734375,0.6405272483825684,-0.06012722849845886,0.5529758334159851,0.7026594877243042,-0.07210028171539307,0.5031059980392456,0.7176204323768616,-0.07321641594171524,0.5686540603637695,0.7371063232421875,-0.011933054774999619,0.630126416683197,0.7313001155853271,-0.06141034513711929,0.5388158559799194,0.7862862944602966,-0.07259473949670792,0.4996834695339203,0.7759869694709778,-0.06923086941242218,0.5755524635314941,0.8201009035110474,-0.009459608234465122,0.6328893899917603,0.8209717273712158,-0.056271541863679886,0.5485368371009827,0.853038489818573,-0.03849596530199051,0.5030302405357361,0.8384208083152771,-0.01480891089886427,0.5671501755714417,0.8987482786178589,-0.01053103432059288,0.6207427978515625,0.9065304398536682,-0.03817543759942055,0.5615466237068176,0.9113632440567017,-0.0209602452814579,0.523777961730957,0.8857191205024719,-0.0001396372972521931,Oblique Thumb
0.3629004955291748,0.9066326022148132,-7.082882120812428e-07,0.3667985796928406,0.7614348530769348,-0.047602180391550064,0.4153329133987427,0.612539529800415,-0.06613131612539291,0.45685070753097534,0.4947025179862976,-0.07985259592533112,0.46614834666252136,0.411234974861145,-0.0807037279009819,0.5421996712684631,0.6518459320068359,-0.02119721658527851,0.6197357177734375,0.6405272483825684,-0.06012722849845886,0.5529758334159851,0.7026594877243042,-0.07210028171539307,0.5031059980392456,0.7176204323768616,-0.07321641594171524,0.5686540603637695,0.7371063232421875,-0.011933054774999619,0.630126416683197,0.7313001155853271,-0.06141034513711929,0.5388158559799194,0.7862862944602966,-0.07259473949670792,0.4996834695339203,0.7759869694709778,-0.06923086941242218,0.5755524635314941,0.8201009035110474,-0.009459608234465122,0.6328893899917603,0.8209717273712158,-0.056271541863679886,0.5485368371009827,0.853038489818573,-0.03849596530199051,0.5030302405357361,0.8384208083152771,-0.01480891089886427,0.5671501755714417,0.8987482786178589,-0.01053103432059288,0.6207427978515625,0.9065304398536682,-0.03817543759942055,0.5615466237068176,0.9113632440567017,-0.0209602452814579,0.523777961730957,0.8857191205024719,-0.0001396372972521931,Oblique Thumb
0.360687255859375,0.9086641669273376,-6.564279715348675e-07,0.36660292744636536,0.7603350281715393,-0.045383553951978683,0.41437023878097534,0.607620120048523,-0.06264112889766693,0.45622891187667847,0.49207133054733276,-0.07549887895584106,0.4662465453147888,0.4087505042552948,-0.07560978084802628,0.5443136692047119,0.6481390595436096,-0.016738535836338997,0.6222089529037476,0.6407995820045471,-0.05562732368707657,0.5567054748535156,0.7012044787406921,-0.06934110075235367,0.5066654682159424,0.7179549932479858,-0.07173820585012436,0.5719301700592041,0.7346766591072083,-0.008823891170322895,0.6339623928070068,0.7339420318603516,-0.06023944169282913,0.5420535802841187,0.7871342301368713,-0.07385092973709106,0.5008974075317383,0.7812727093696594,-0.07166141271591187,0.5785418152809143,0.8185544013977051,-0.00744249252602458,0.634831964969635,0.8230413198471069,-0.05506567284464836,0.5502261519432068,0.8537827134132385,-0.037758298218250275,0.5038475394248962,0.8414222002029419,-0.013936428353190422,0.5691911578178406,0.8973333835601807,-0.009444874711334705,0.6215523481369019,0.9074785709381104,-0.036402665078639984,0.560951292514801,0.9134724140167236,-0.017915325239300728,0.5243266820907593,0.8888760805130005,0.003786608809605241,Oblique Thumb
0.360687255859375,0.9086641669273376,-6.564279715348675e-07,0.36660292744636536,0.7603350281715393,-0.045383553951978683,0.41437023878097534,0.607620120048523,-0.06264112889766693,0.45622891187667847,0.49207133054733276,-0.07549887895584106,0.4662465453147888,0.4087505042552948,-0.07560978084802628,0.5443136692047119,0.6481390595436096,-0.016738535836338997,0.6222089529037476,0.6407995820045471,-0.05562732368707657,0.5567054748535156,0.7012044787406921,-0.06934110075235367,0.5066654682159424,0.7179549932479858,-0.07173820585012436,0.5719301700592041,0.7346766591072083,-0.008823891170322895,0.6339623928070068,0.7339420318603516,-0.06023944169282913,0.5420535802841187,0.7871342301368713,-0.07385092973709106,0.5008974075317383,0.7812727093696594,-0.07166141271591187,0.5785418152809143,0.8185544013977051,-0.00744249252602458,0.634831964969635,0.8230413198471069,-0.05506567284464836,0.5502261519432068,0.8537827134132385,-0.037758298218250275,0.5038475394248962,0.8414222002029419,-0.013936428353190422,0.5691911578178406,0.8973333835601807,-0.009444874711334705,0.6215523481369019,0.9074785709381104,-0.036402665078639984,0.560951292514801,0.9134724140167236,-0.017915325239300728,0.5243266820907593,0.8888760805130005,0.003786608809605241,Oblique Thumb
0.3619943857192993,0.9076312184333801,-6.504386647065985e-07,0.36851054430007935,0.7583543658256531,-0.04580988734960556,0.4134787917137146,0.6080352663993835,-0.06360916048288345,0.45491039752960205,0.490700900554657,-0.07684604078531265,0.4660615921020508,0.4083740711212158,-0.07713672518730164,0.5422808527946472,0.6480507850646973,-0.017401885241270065,0.6202763319015503,0.641072690486908,-0.055728450417518616,0.554876983165741,0.7010189890861511,-0.06768183410167694,0.5042699575424194,0.7166360020637512,-0.06867830455303192,0.5685907602310181,0.7350655794143677,-0.008580711670219898,0.6325138211250305,0.733657956123352,-0.059008363634347916,0.5400099158287048,0.7863801717758179,-0.071089968085289,0.4989418685436249,0.779129147529602,-0.0679793506860733,0.5748885869979858,0.8191513419151306,-0.006339718587696552,0.6333858966827393,0.8230669498443604,-0.0530431754887104,0.5489124059677124,0.8541288375854492,-0.034029796719551086,0.5032841563224792,0.8410067558288574,-0.00928390771150589,0.5656514167785645,0.8989048600196838,-0.0075191110372543335,0.6212359070777893,0.9061160087585449,-0.0332387238740921,0.5613059997558594,0.9132274985313416,-0.013650487177073956,0.5255760550498962,0.8895341157913208,0.008573749102652073,Oblique Thumb
0.3610028922557831,0.910273015499115,-6.523044930872857e-07,0.36968737840652466,0.760208010673523,-0.04312072694301605,0.4110695421695709,0.6110588908195496,-0.059825703501701355,0.4541402757167816,0.4964998960494995,-0.07263325899839401,0.4666537642478943,0.41444987058639526,-0.07197843492031097,0.5430498123168945,0.6485004425048828,-0.010960746556520462,0.6187787055969238,0.6400012373924255,-0.04982932657003403,0.5547881722450256,0.698880136013031,-0.06380905956029892,0.503600001335144,0.7168480753898621,-0.06620113551616669,0.5713018178939819,0.7345826625823975,-0.003161756554618478,0.6318739056587219,0.7333030700683594,-0.0554695725440979,0.5402573347091675,0.7870346307754517,-0.07005371898412704,0.4978863596916199,0.7826806902885437,-0.06849286705255508,0.5776062607765198,0.8194105625152588,-0.0017651073867455125,0.6341396570205688,0.8225346803665161,-0.049017246812582016,0.5506445169448853,0.8532165884971619,-0.030191294848918915,0.5035732388496399,0.8413107395172119,-0.005376423709094524,0.5670000314712524,0.8991655111312866,-0.0037159554194658995,0.6214436292648315,0.9070900678634644,-0.029262784868478775,0.5609778165817261,0.9125478267669678,-0.009056522510945797,0.5249846577644348,0.8877573609352112,0.0138098718598485,Oblique Thumb
0.364778071641922,0.9032189846038818,-6.538677439493767e-07,0.37003976106643677,0.7581595182418823,-0.04726000875234604,0.41520020365715027,0.6065401434898376,-0.06487688422203064,0.45661166310310364,0.4911353588104248,-0.0775037556886673,0.4661776125431061,0.41024625301361084,-0.07682342082262039,0.5456052422523499,0.6483922004699707,-0.017709070816636086,0.6186976432800293,0.6392751932144165,-0.056721363216638565,0.553925096988678,0.7001950144767761,-0.07064827531576157,0.5045806765556335,0.7190762162208557,-0.07360879331827164,0.5744484066963196,0.7341704964637756,-0.008416068740189075,0.6325000524520874,0.7324513792991638,-0.06041877344250679,0.5421616435050964,0.7862874269485474,-0.07432401925325394,0.5016581416130066,0.7805184721946716,-0.07296538352966309,0.5811755061149597,0.8179331421852112,-0.00579109089449048,0.63534015417099,0.8222407102584839,-0.05412541702389717,0.5520141124725342,0.8528661727905273,-0.03680182993412018,0.5045218467712402,0.8400852680206299,-0.013304227031767368,0.5711413025856018,0.89570552110672,-0.006761341355741024,0.621930718421936,0.907095730304718,-0.034912269562482834,0.5621663331985474,0.912175714969635,-0.017647724598646164,0.5249043107032776,0.8857302665710449,0.0030488416086882353,Oblique Thumb
0.364778071641922,0.9032189846038818,-6.538677439493767e-07,0.37003976106643677,0.7581595182418823,-0.04726000875234604,0.41520020365715027,0.6065401434898376,-0.06487688422203064,0.45661166310310364,0.4911353588104248,-0.0775037556886673,0.4661776125431061,0.41024625301361084,-0.07682342082262039,0.5456052422523499,0.6483922004699707,-0.017709070816636086,0.6186976432800293,0.6392751932144165,-0.056721363216638565,0.553925096988678,0.7001950144767761,-0.07064827531576157,0.5045806765556335,0.7190762162208557,-0.07360879331827164,0.5744484066963196,0.7341704964637756,-0.008416068740189075,0.6325000524520874,0.7324513792991638,-0.06041877344250679,0.5421616435050964,0.7862874269485474,-0.07432401925325394,0.5016581416130066,0.7805184721946716,-0.07296538352966309,0.5811755061149597,0.8179331421852112,-0.00579109089449048,0.63534015417099,0.8222407102584839,-0.05412541702389717,0.5520141124725342,0.8528661727905273,-0.03680182993412018,0.5045218467712402,0.8400852680206299,-0.013304227031767368,0.5711413025856018,0.89570552110672,-0.006761341355741024,0.621930718421936,0.907095730304718,-0.034912269562482834,0.5621663331985474,0.912175714969635,-0.017647724598646164,0.5249043107032776,0.8857302665710449,0.0030488416086882353,Oblique Thumb
0.3638659715652466,0.9035941958427429,-6.737124067512923e-07,0.3702099323272705,0.7573732137680054,-0.04527072235941887,0.413812518119812,0.6068444848060608,-0.06288088113069534,0.45651987195014954,0.4918808341026306,-0.07604003697633743,0.46689316630363464,0.41052550077438354,-0.07591300457715988,0.5453181862831116,0.647540807723999,-0.01561351865530014,0.6201411485671997,0.6396358609199524,-0.05423753336071968,0.554368793964386,0.698422908782959,-0.06788519769906998,0.5038681626319885,0.715491771697998,-0.07060021907091141,0.5734146237373352,0.733759343624115,-0.007531595416367054,0.6324747204780579,0.7315124273300171,-0.058833930641412735,0.540840208530426,0.7840538024902344,-0.0721142366528511,0.5000336170196533,0.7780267596244812,-0.07033702731132507,0.5788599848747253,0.8187236785888672,-0.005953436717391014,0.6351166367530823,0.8221038579940796,-0.05325853079557419,0.5513150691986084,0.8519439101219177,-0.034429941326379776,0.5045666694641113,0.8386629223823547,-0.010125900618731976,0.5669047832489014,0.8979176878929138,-0.007849762216210365,0.6206111311912537,0.9074358940124512,-0.03507445752620697,0.5601871013641357,0.9119172692298889,-0.01618427038192749,0.5230607986450195,0.8854578733444214,0.0056356159038841724,Oblique Thumb
0.3638659715652466,0.9035941958427429,-6.737124067512923e-07,0.3702099323272705,0.7573732137680054,-0.04527072235941887,0.413812518119812,0.6068444848060608,-0.06288088113069534,0.45651987195014954,0.4918808341026306,-0.07604003697633743,0.46689316630363464,0.41052550077438354,-0.07591300457715988,0.5453181862831116,0.647540807723999,-0.01561351865530014,0.6201411485671997,0.6396358609199524,-0.05423753336071968,0.554368793964386,0.698422908782959,-0.06788519769906998,0.5038681626319885,0.715491771697998,-0.07060021907091141,0.5734146237373352,0.733759343624115,-0.007531595416367054,0.6324747204780579,0.7315124273300171,-0.058833930641412735,0.540840208530426,0.7840538024902344,-0.0721142366528511,0.5000336170196533,0.7780267596244812,-0.07033702731132507,0.5788599848747253,0.8187236785888672,-0.005953436717391014,0.6351166367530823,0.8221038579940796,-0.05325853079557419,0.5513150691986084,0.8519439101219177,-0.034429941326379776,0.5045666694641113,0.8386629223823547,-0.010125900618731976,0.5669047832489014,0.8979176878929138,-0.007849762216210365,0.6206111311912537,0.9074358940124512,-0.03507445752620697,0.5601871013641357,0.9119172692298889,-0.01618427038192749,0.5230607986450195,0.8854578733444214,0.0056356159038841724,Oblique Thumb
0.3610185980796814,0.9057539105415344,-6.507617626994033e-07,0.3690528869628906,0.7563454508781433,-0.04728539660573006,0.4139011800289154,0.6078785061836243,-0.06518275290727615,0.45454177260398865,0.4925931692123413,-0.07845237851142883,0.46602681279182434,0.41036710143089294,-0.07834114134311676,0.5387111902236938,0.6506469249725342,-0.01778075471520424,0.6173191666603088,0.638756275177002,-0.058235056698322296,0.5522899031639099,0.6996894478797913,-0.07215915620326996,0.50052410364151,0.7177149653434753,-0.07431630790233612,0.5659533143043518,0.736138105392456,-0.007699364796280861,0.6298694014549255,0.731982946395874,-0.061115458607673645,0.5385698676109314,0.7871350646018982,-0.07552886754274368,0.49629735946655273,0.7795957922935486,-0.07383809983730316,0.5724017024040222,0.8206909894943237,-0.004266394767910242,0.6349694132804871,0.8204479813575745,-0.05262959003448486,0.5513964891433716,0.8533232808113098,-0.03381885215640068,0.5032317638397217,0.8407856225967407,-0.00888177752494812,0.5630006790161133,0.8988113403320312,-0.004388842266052961,0.6207097768783569,0.9055021405220032,-0.03142639249563217,0.5619296431541443,0.9115440845489502,-0.012317373417317867,0.5244293212890625,0.886553168296814,0.009903046302497387,Oblique Thumb
0.36742502450942993,0.8992441296577454,-6.485792027888237e-07,0.36682528257369995,0.7575903534889221,-0.0462859645485878,0.41410645842552185,0.6103492379188538,-0.06360147148370743,0.4548966884613037,0.501316487789154,-0.07600513100624084,0.4701637923717499,0.4252018332481384,-0.0761665403842926,0.5411312580108643,0.649412989616394,-0.021539947018027306,0.6154018640518188,0.640406608581543,-0.06073393672704697,0.5510185360908508,0.6972383260726929,-0.07302034646272659,0.49924641847610474,0.715139627456665,-0.07398280501365662,0.5675866603851318,0.7359083294868469,-0.013201429508626461,0.6304543018341064,0.7318903803825378,-0.06407470256090164,0.5391728281974792,0.7854178547859192,-0.07472267746925354,0.49618247151374817,0.7828232049942017,-0.06968222558498383,0.5748259425163269,0.818493664264679,-0.011549851857125759,0.6334617137908936,0.820887565612793,-0.059153180569410324,0.5489314794540405,0.8533259630203247,-0.040140360593795776,0.502566397190094,0.8431671261787415,-0.014808090403676033,0.5668749213218689,0.8979834914207458,-0.013312982395291328,0.621496856212616,0.9034892320632935,-0.041268832981586456,0.5616345405578613,0.9113563299179077,-0.022527728229761124,0.5247076749801636,0.8892824053764343,-0.00020666419004555792,Oblique Thumb
0.36742502450942993,0.8992441296577454,-6.485792027888237e-07,0.36682528257369995,0.7575903534889221,-0.0462859645485878,0.41410645842552185,0.6103492379188538,-0.06360147148370743,0.4548966884613037,0.501316487789154,-0.07600513100624084,0.4701637923717499,0.4252018332481384,-0.0761665403842926,0.5411312580108643,0.649412989616394,-0.021539947018027306,0.6154018640518188,0.640406608581543,-0.06073393672704697,0.5510185360908508,0.6972383260726929,-0.07302034646272659,0.49924641847610474,0.715139627456665,-0.07398280501365662,0.5675866603851318,0.7359083294868469,-0.013201429508626461,0.6304543018341064,0.7318903803825378,-0.06407470256090164,0.5391728281974792,0.7854178547859192,-0.07472267746925354,0.49618247151374817,0.7828232049942017,-0.06968222558498383,0.5748259425163269,0.818493664264679,-0.011549851857125759,0.6334617137908936,0.820887565612793,-0.059153180569410324,0.5489314794540405,0.8533259630203247,-0.040140360593795776,0.502566397190094,0.8431671261787415,-0.014808090403676033,0.5668749213218689,0.8979834914207458,-0.013312982395291328,0.621496856212616,0.9034892320632935,-0.041268832981586456,0.5616345405578613,0.9113563299179077,-0.022527728229761124,0.5247076749801636,0.8892824053764343,-0.00020666419004555792,Oblique Thumb
0.36228621006011963,0.9108994603157043,-7.284859293577028e-07,0.37072157859802246,0.7564788460731506,-0.043630704283714294,0.4164745807647705,0.6051099896430969,-0.0607309527695179,0.45991209149360657,0.48780328035354614,-0.07408683747053146,0.4684016704559326,0.40390723943710327,-0.07401633262634277,0.5475801229476929,0.6448066830635071,-0.013484381139278412,0.6272075772285461,0.6388133764266968,-0.05234643071889877,0.5589303374290466,0.7002904415130615,-0.0648670643568039,0.506801426410675,0.7153578996658325,-0.06647159904241562,0.5755295157432556,0.731852650642395,-0.006830435711890459,0.6386778950691223,0.7294779419898987,-0.05918782204389572,0.5440899133682251,0.7855282425880432,-0.07231629639863968,0.5027170777320862,0.7788845300674438,-0.07009035348892212,0.5820794105529785,0.8168339729309082,-0.006749195512384176,0.6410242319107056,0.8209006786346436,-0.055607445538043976,0.5533270239830017,0.8530254364013672,-0.03654111921787262,0.5050608515739441,0.8406534194946289,-0.011594249866902828,0.5715002417564392,0.8969285488128662,-0.009996120817959309,0.6268096566200256,0.9092084765434265,-0.03819072246551514,0.563889741897583,0.9149725437164307,-0.01925189420580864,0.5251829028129578,0.8894619941711426,0.002774725900962949,Oblique Thumb
0.36075150966644287,0.9021250009536743,-6.896249260535114e-07,0.3622243404388428,0.7556995749473572,-0.049090251326560974,0.4114306569099426,0.6021440625190735,-0.0668550357222557,0.45465418696403503,0.48612266778945923,-0.07971080392599106,0.46398264169692993,0.40364277362823486,-0.07932094484567642,0.5424325466156006,0.6466878652572632,-0.018132058903574944,0.6203261613845825,0.6364265084266663,-0.057721421122550964,0.5545863509178162,0.6982758045196533,-0.07139051705598831,0.5036807060241699,0.7161028385162354,-0.07395467162132263,0.5715545415878296,0.7324957251548767,-0.008830338716506958,0.6343070268630981,0.7294275760650635,-0.06204715371131897,0.5433301329612732,0.7851770520210266,-0.07582991570234299,0.5012694597244263,0.7783921957015991,-0.07361577451229095,0.5786475539207458,0.8165311217308044,-0.006637732498347759,0.6374342441558838,0.8197627067565918,-0.0569431409239769,0.5533902645111084,0.8531249165534973,-0.03987130895256996,0.5045362710952759,0.8412789106369019,-0.015727752819657326,0.5700687766075134,0.8959978222846985,-0.00817705038934946,0.6252882480621338,0.9064237475395203,-0.038352515548467636,0.5657115578651428,0.9133301377296448,-0.021788081154227257,0.5261685252189636,0.8884311318397522,-0.0010293899103999138,Oblique Thumb
0.36075150966644287,0.9021250009536743,-6.896249260535114e-07,0.3622243404388428,0.7556995749473572,-0.049090251326560974,0.4114306569099426,0.6021440625190735,-0.0668550357222557,0.45465418696403503,0.48612266778945923,-0.07971080392599106,0.46398264169692993,0.40364277362823486,-0.07932094484567642,0.5424325466156006,0.6466878652572632,-0.018132058903574944,0.6203261613845825,0.6364265084266663,-0.057721421122550964,0.5545863509178162,0.6982758045196533,-0.07139051705598831,0.5036807060241699,0.7161028385162354,-0.07395467162132263,0.5715545415878296,0.7324957251548767,-0.008830338716506958,0.6343070268630981,0.7294275760650635,-0.06204715371131897,0.5433301329612732,0.7851770520210266,-0.07582991570234299,0.5012694597244263,0.7783921957015991,-0.07361577451229095,0.5786475539207458,0.8165311217308044,-0.006637732498347759,0.6374342441558838,0.8197627067565918,-0.0569431409239769,0.5533902645111084,0.8531249165534973,-0.03987130895256996,0.5045362710952759,0.8412789106369019,-0.015727752819657326,0.5700687766075134,0.8959978222846985,-0.00817705038934946,0.6252882480621338,0.9064237475395203,-0.038352515548467636,0.5657115578651428,0.9133301377296448,-0.021788081154227257,0.5261685252189636,0.8884311318397522,-0.0010293899103999138,Oblique Thumb
0.36075150966644287,0.9021250009536743,-6.896249260535114e-07,0.3622243404388428,0.7556995749473572,-0.049090251326560974,0.4114306569099426,0.6021440625190735,-0.0668550357222557,0.45465418696403503,0.48612266778945923,-0.07971080392599106,0.46398264169692993,0.40364277362823486,-0.07932094484567642,0.5424325466156006,0.6466878652572632,-0.018132058903574944,0.6203261613845825,0.6364265084266663,-0.057721421122550964,0.5545863509178162,0.6982758045196533,-0.07139051705598831,0.5036807060241699,0.7161028385162354,-0.07395467162132263,0.5715545415878296,0.7324957251548767,-0.008830338716506958,0.6343070268630981,0.7294275760650635,-0.06204715371131897,0.5433301329612732,0.7851770520210266,-0.07582991570234299,0.5012694597244263,0.7783921957015991,-0.07361577451229095,0.5786475539207458,0.8165311217308044,-0.006637732498347759,0.6374342441558838,0.8197627067565918,-0.0569431409239769,0.5533902645111084,0.8531249165534973,-0.03987130895256996,0.5045362710952759,0.8412789106369019,-0.015727752819657326,0.5700687766075134,0.8959978222846985,-0.00817705038934946,0.6252882480621338,0.9064237475395203,-0.038352515548467636,0.5657115578651428,0.9133301377296448,-0.021788081154227257,0.5261685252189636,0.8884311318397522,-0.0010293899103999138,Oblique Thumb
0.35722729563713074,0.9003236889839172,-6.797179707973555e-07,0.36907505989074707,0.7501513361930847,-0.04214126616716385,0.4160594046115875,0.6008169651031494,-0.05646583065390587,0.4633796811103821,0.48844653367996216,-0.06670058518648148,0.4759882688522339,0.40763503313064575,-0.06325781345367432,0.545386552810669,0.6446647047996521,-0.0071112713776528835,0.6194456219673157,0.6359192728996277,-0.04508200287818909,0.5532776713371277,0.6948773264884949,-0.059618644416332245,0.5022549629211426,0.7126162052154541,-0.06280145049095154,0.5726324319839478,0.7320129871368408,0.0012744590640068054,0.6332563757896423,0.7298308610916138,-0.05007565766572952,0.5402016639709473,0.7833811640739441,-0.06499852240085602,0.49788346886634827,0.7796236872673035,-0.06388340145349503,0.577311098575592,0.8175134658813477,0.0032858015038073063,0.6336655616760254,0.8210464119911194,-0.04350196197628975,0.5490914583206177,0.8511056900024414,-0.025085875764489174,0.5015539526939392,0.8386726379394531,-0.0005339335184544325,0.5648748874664307,0.8970261812210083,0.0020546026062220335,0.6188380718231201,0.9076068997383118,-0.02318544313311577,0.5579097270965576,0.9117186665534973,-0.003414551727473736,0.5219212770462036,0.8850910067558289,0.019010910764336586,Oblique Thumb
0.3552730083465576,0.9043368697166443,-7.353443720603536e-07,0.36073148250579834,0.7526549696922302,-0.04071483016014099,0.41198158264160156,0.6091963052749634,-0.058933891355991364,0.4573940634727478,0.49610358476638794,-0.07435683906078339,0.47165071964263916,0.4130380153656006,-0.07856038212776184,0.5369595885276794,0.6516991257667542,-0.022440042346715927,0.6227824091911316,0.640125572681427,-0.05926204472780228,0.555102527141571,0.6997981071472168,-0.06875153630971909,0.5028470158576965,0.7123326659202576,-0.06828941404819489,0.5623167157173157,0.7393611073493958,-0.01720321550965309,0.6291359663009644,0.7349892258644104,-0.0635376125574112,0.5346705913543701,0.7885696887969971,-0.07242146134376526,0.4930940866470337,0.7776886224746704,-0.06843956559896469,0.569089412689209,0.8238768577575684,-0.017687777057290077,0.6319884061813354,0.8222717642784119,-0.06079430505633354,0.5434860587120056,0.8556184768676758,-0.040184784680604935,0.4966686964035034,0.8421952724456787,-0.016064593568444252,0.5603788495063782,0.9057068228721619,-0.021243326365947723,0.6199541091918945,0.9104493856430054,-0.04604325070977211,0.5579643249511719,0.9170178771018982,-0.025850264355540276,0.5196306109428406,0.8933051824569702,-0.0040077827870845795,Oblique Thumb
0.3656810522079468,0.8917317390441895,-6.63798232380941e-07,0.37099871039390564,0.7532286643981934,-0.04702640697360039,0.42333486676216125,0.6084374189376831,-0.065332792699337,0.4664316177368164,0.49925297498703003,-0.07828616350889206,0.4814285933971405,0.4225133955478668,-0.07943017780780792,0.5468602776527405,0.6503046154975891,-0.028705015778541565,0.624170184135437,0.6411126852035522,-0.06666189432144165,0.5589558482170105,0.7016820311546326,-0.07738085091114044,0.5057873725891113,0.717615008354187,-0.07741671800613403,0.5730183124542236,0.7388233542442322,-0.01947598159313202,0.6356166005134583,0.7350243926048279,-0.0685783326625824,0.5439008474349976,0.7908090353012085,-0.07899000495672226,0.4998396933078766,0.7848936319351196,-0.07463761419057846,0.579335629940033,0.823202908039093,-0.016108404844999313,0.636641263961792,0.8253799676895142,-0.06250999122858047,0.5518821477890015,0.8583962917327881,-0.04444466158747673,0.5037219524383545,0.8455047607421875,-0.020412642508745193,0.5698970556259155,0.9029741287231445,-0.015984639525413513,0.6235151290893555,0.9106289148330688,-0.044166140258312225,0.5643252730369568,0.9173020124435425,-0.0262899249792099,0.52587890625,0.8928272724151611,-0.004759083967655897,Oblique Thumb
0.3656810522079468,0.8917317390441895,-6.63798232380941e-07,0.37099871039390564,0.7532286643981934,-0.04702640697360039,0.42333486676216125,0.6084374189376831,-0.065332792699337,0.4664316177368164,0.49925297498703003,-0.07828616350889206,0.4814285933971405,0.4225133955478668,-0.07943017780780792,0.5468602776527405,0.6503046154975891,-0.028705015778541565,0.624170184135437,0.6411126852035522,-0.06666189432144165,0.5589558482170105,0.7016820311546326,-0.07738085091114044,0.5057873725891113,0.717615008354187,-0.07741671800613403,0.5730183124542236,0.7388233542442322,-0.01947598159313202,0.6356166005134583,0.7350243926048279,-0.0685783326625824,0.5439008474349976,0.7908090353012085,-0.07899000495672226,0.4998396933078766,0.7848936319351196,-0.07463761419057846,0.579335629940033,0.823202908039093,-0.016108404844999313,0.636641263961792,0.8253799676895142,-0.06250999122858047,0.5518821477890015,0.8583962917327881,-0.04444466158747673,0.5037219524383545,0.8455047607421875,-0.020412642508745193,0.5698970556259155,0.9029741287231445,-0.015984639525413513,0.6235151290893555,0.9106289148330688,-0.044166140258312225,0.5643252730369568,0.9173020124435425,-0.0262899249792099,0.52587890625,0.8928272724151611,-0.004759083967655897,Oblique Thumb
0.3656810522079468,0.8917317390441895,-6.63798232380941e-07,0.37099871039390564,0.7532286643981934,-0.04702640697360039,0.42333486676216125,0.6084374189376831,-0.065332792699337,0.4664316177368164,0.49925297498703003,-0.07828616350889206,0.4814285933971405,0.4225133955478668,-0.07943017780780792,0.5468602776527405,0.6503046154975891,-0.028705015778541565,0.624170184135437,0.6411126852035522,-0.06666189432144165,0.5589558482170105,0.7016820311546326,-0.07738085091114044,0.5057873725891113,0.717615008354187,-0.07741671800613403,0.5730183124542236,0.7388233542442322,-0.01947598159313202,0.6356166005134583,0.7350243926048279,-0.0685783326625824,0.5439008474349976,0.7908090353012085,-0.07899000495672226,0.4998396933078766,0.7848936319351196,-0.07463761419057846,0.579335629940033,0.823202908039093,-0.016108404844999313,0.636641263961792,0.8253799676895142,-0.06250999122858047,0.5518821477890015,0.8583962917327881,-0.04444466158747673,0.5037219524383545,0.8455047607421875,-0.020412642508745193,0.5698970556259155,0.9029741287231445,-0.015984639525413513,0.6235151290893555,0.9106289148330688,-0.044166140258312225,0.5643252730369568,0.9173020124435425,-0.0262899249792099,0.52587890625,0.8928272724151611,-0.004759083967655897,Oblique Thumb
0.362873911857605,0.8876837491989136,-6.176379088174144e-07,0.37020665407180786,0.7509457468986511,-0.048678427934646606,0.42137184739112854,0.6111907958984375,-0.0673844963312149,0.4637192487716675,0.5008918046951294,-0.0805516466498375,0.4794728755950928,0.42323964834213257,-0.0818249061703682,0.5448470115661621,0.650935173034668,-0.024937327951192856,0.6209012866020203,0.642704427242279,-0.06472823023796082,0.556659460067749,0.7023681402206421,-0.07801935821771622,0.5052859783172607,0.7196250557899475,-0.07957811653614044,0.5702733993530273,0.7394117712974548,-0.014173176139593124,0.6338207721710205,0.7371984124183655,-0.06389987468719482,0.5426474809646606,0.7890022993087769,-0.07577641308307648,0.5001937747001648,0.7815421223640442,-0.07229477912187576,0.5757495164871216,0.8230923414230347,-0.009878422133624554,0.6343954801559448,0.827419638633728,-0.05704174563288689,0.5501805543899536,0.8566418886184692,-0.03902900218963623,0.5033470392227173,0.8432657122612,-0.01460554450750351,0.5660074353218079,0.9020668864250183,-0.009018564596772194,0.62073814868927,0.9107080101966858,-0.03698626905679703,0.5620666146278381,0.9146155714988708,-0.018473679199814796,0.5246443748474121,0.8895519971847534,0.0037165458779782057,Oblique Thumb
0.3725818693637848,0.8848572373390198,-6.009194635225867e-07,0.36582955718040466,0.7534175515174866,-0.05193952098488808,0.4218897223472595,0.6119205951690674,-0.07251951843500137,0.46415388584136963,0.5095189809799194,-0.08733711391687393,0.48119881749153137,0.4336109757423401,-0.09160053730010986,0.543672502040863,0.6526831388473511,-0.03788580745458603,0.6226322650909424,0.6419313549995422,-0.07857535034418106,0.5569894909858704,0.7012467384338379,-0.09058050066232681,0.5052186846733093,0.7181440591812134,-0.09107328206300735,0.5685411095619202,0.7392114996910095,-0.028516924008727074,0.6356693506240845,0.7373591661453247,-0.08011989295482635,0.545202910900116,0.7885329723358154,-0.09019065648317337,0.5009142756462097,0.7829428911209106,-0.08432667702436447,0.5763996243476868,0.8209748268127441,-0.025729915127158165,0.6388081312179565,0.825977087020874,-0.07585091143846512,0.5519106984138489,0.8571000695228577,-0.058959875255823135,0.5028076767921448,0.8459946513175964,-0.03445301577448845,0.5711452960968018,0.898341715335846,-0.026537684723734856,0.6255146861076355,0.9088565111160278,-0.05910330265760422,0.5661672353744507,0.9157716035842896,-0.043280307203531265,0.5258253812789917,0.8941001892089844,-0.022198665887117386,Oblique Thumb
0.3533072769641876,0.904319167137146,5.992457090542302e-07,0.3645540475845337,0.7479933500289917,-0.04211512207984924,0.4124557375907898,0.6052963733673096,-0.05786701291799545,0.45338568091392517,0.48623353242874146,-0.07249926775693893,0.4794218838214874,0.4063555896282196,-0.08615046739578247,0.5823593139648438,0.6633681058883667,0.017392313107848167,0.6808137893676758,0.6409124135971069,0.020957713946700096,0.7360714077949524,0.6372426152229309,0.008428742177784443,0.7828627824783325,0.6306805610656738,-0.0062375981360673904,0.6066717505455017,0.7329997420310974,0.02395380102097988,0.7133712768554688,0.7110321521759033,0.03893205150961876,0.7751320600509644,0.6999395489692688,0.03006749041378498,0.8242982625961304,0.6877544522285461,0.01640758477151394,0.6111286282539368,0.8019251227378845,0.021154489368200302,0.7089266777038574,0.7785303592681885,0.033060841262340546,0.7646859884262085,0.7647306323051453,0.019806286320090294,0.8112611770629883,0.7460789084434509,0.0031274319626390934,0.5978000164031982,0.8797866106033325,0.011249604634940624,0.6763144135475159,0.863890528678894,0.014876476489007473,0.7170466780662537,0.8454484939575195,0.007372230291366577,0.7542990446090698,0.8229838609695435,-0.0028558128979057074,Oblique Thumb
0.3538144826889038,0.9143363833427429,6.21119113475288e-07,0.3613782525062561,0.7610158920288086,-0.047111645340919495,0.4070588946342468,0.6199359893798828,-0.0644184947013855,0.44628483057022095,0.5014568567276001,-0.07845401763916016,0.4704674482345581,0.4169904887676239,-0.09109794348478317,0.5741365551948547,0.669469952583313,0.006818183697760105,0.6685782074928284,0.6413221955299377,0.0063988142646849155,0.7239187955856323,0.6356472969055176,-0.008989362046122551,0.7715120315551758,0.6276080012321472,-0.02564714103937149,0.6003068089485168,0.7371561527252197,0.015186094678938389,0.7025047540664673,0.7119689583778381,0.02329413592815399,0.7656351923942566,0.6985517740249634,0.009551163762807846,0.8155942559242249,0.6850398182868958,-0.007291037123650312,0.6046179533004761,0.8040558695793152,0.014588968828320503,0.698789119720459,0.7839109301567078,0.02013864926993847,0.754391074180603,0.7711294293403625,0.0030935739632695913,0.8013023734092712,0.7531172633171082,-0.015633471310138702,0.5905535817146301,0.8794137239456177,0.007152913138270378,0.6650360226631165,0.8691858053207397,0.005725307855755091,0.7055321931838989,0.8518251180648804,-0.004662632942199707,0.743145227432251,0.8289357423782349,-0.016662679612636566,Wrong
0.359645277261734,0.9130276441574097,6.134185923656332e-07,0.3670167922973633,0.75511234998703,-0.04223031550645828,0.414764404296875,0.6126934289932251,-0.056128084659576416,0.455396831035614,0.4943137764930725,-0.06737472862005234,0.47594133019447327,0.41169214248657227,-0.07726243138313293,0.5769977569580078,0.6699716448783875,0.012569944374263287,0.6734103560447693,0.6464588046073914,0.014727910980582237,0.7294101715087891,0.6418411731719971,0.001654967782087624,0.7771391272544861,0.6346282362937927,-0.013029033318161964,0.6027481555938721,0.7379226684570312,0.020466303452849388,0.7067064642906189,0.7144302725791931,0.031968019902706146,0.7699124217033386,0.7017946243286133,0.02122032269835472,0.8206778764724731,0.6893657445907593,0.0070017483085393906,0.6075716018676758,0.8053398132324219,0.019782032817602158,0.7021540403366089,0.7830979824066162,0.028448643162846565,0.7589238286018372,0.7705507278442383,0.013763021677732468,0.806318998336792,0.7535920739173889,-0.0029834089800715446,0.5944685339927673,0.8820428252220154,0.012598472647368908,0.6696366667747498,0.8679443597793579,0.014081333763897419,0.7109664082527161,0.850347638130188,0.006224700715392828,0.748466432094574,0.827907919883728,-0.003538174321874976,Wrong
0.3565026819705963,0.9136111736297607,6.07016886533529e-07,0.36594632267951965,0.754804253578186,-0.043400127440690994,0.41254985332489014,0.6134243011474609,-0.0557294562458992,0.4535108208656311,0.49575307965278625,-0.06546680629253387,0.478600412607193,0.4163716733455658,-0.07374931871891022,0.5756875276565552,0.6686336994171143,0.02008827216923237,0.6733379364013672,0.6457648873329163,0.025553813204169273,0.7292064428329468,0.6413931250572205,0.01420880388468504,0.7763356566429138,0.634893536567688,0.0006367781315930188,0.6013676524162292,0.7391519546508789,0.029476402327418327,0.7071347832679749,0.715408205986023,0.04552864283323288,0.7703635692596436,0.7026107907295227,0.03663661703467369,0.819252610206604,0.6895599961280823,0.023160241544246674,0.6073203682899475,0.8073602914810181,0.02916903793811798,0.7035000920295715,0.7837293744087219,0.04100654274225235,0.7587246894836426,0.7701224684715271,0.02573556639254093,0.804435133934021,0.7519036531448364,0.008132921531796455,0.5957099199295044,0.8842308521270752,0.021938364952802658,0.6724914312362671,0.8700043559074402,0.024640124291181564,0.7131820321083069,0.8511505126953125,0.014770505018532276,0.7500928640365601,0.826146125793457,0.0030390294268727303,Wrong
0.3565026819705963,0.9136111736297607,6.07016886533529e-07,0.36594632267951965,0.754804253578186,-0.043400127440690994,0.41254985332489014,0.6134243011474609,-0.0557294562458992,0.4535108208656311,0.49575307965278625,-0.06546680629253387,0.478600412607193,0.4163716733455658,-0.07374931871891022,0.5756875276565552,0.6686336994171143,0.02008827216923237,0.6733379364013672,0.6457648873329163,0.025553813204169273,0.7292064428329468,0.6413931250572205,0.01420880388468504,0.7763356566429138,0.634893536567688,0.0006367781315930188,0.6013676524162292,0.7391519546508789,0.029476402327418327,0.7071347832679749,0.715408205986023,0.04552864283323288,0.7703635692596436,0.7026107907295227,0.03663661703467369,0.819252610206604,0.6895599961280823,0.023160241544246674,0.6073203682899475,0.8073602914810181,0.02916903793811798,0.7035000920295715,0.7837293744087219,0.04100654274225235,0.7587246894836426,0.7701224684715271,0.02573556639254093,0.804435133934021,0.7519036531448364,0.008132921531796455,0.5957099199295044,0.8842308521270752,0.021938364952802658,0.6724914312362671,0.8700043559074402,0.024640124291181564,0.7131820321083069,0.8511505126953125,0.014770505018532276,0.7500928640365601,0.826146125793457,0.0030390294268727303,Wrong
0.35656726360321045,0.9110554456710815,6.623972694796976e-07,0.36358341574668884,0.7582274079322815,-0.04766133055090904,0.4118208885192871,0.6175414323806763,-0.06448157876729965,0.4512629508972168,0.5009064674377441,-0.07752202451229095,0.47374260425567627,0.41730356216430664,-0.08913174271583557,0.5762043595314026,0.6701686978340149,0.006162183824926615,0.6716292500495911,0.6442186236381531,0.007230483926832676,0.7279376983642578,0.6399214267730713,-0.006431298330426216,0.7743678092956543,0.6339999437332153,-0.021496862173080444,0.6008800268173218,0.7395822405815125,0.015132418833673,0.7043117880821228,0.7144199013710022,0.025295281782746315,0.7687441110610962,0.7007759213447571,0.013121873140335083,0.8186430931091309,0.6869226098060608,-0.002404110739007592,0.606026828289032,0.8068291544914246,0.015008770860731602,0.7010412216186523,0.7849352359771729,0.021726522594690323,0.7573223114013672,0.7713482975959778,0.004417007323354483,0.8034666180610657,0.7523008584976196,-0.014494081027805805,0.5941357612609863,0.8820911049842834,0.008075802586972713,0.6701169013977051,0.8687267303466797,0.006609298288822174,0.7118880152702332,0.8521238565444946,-0.004323721397668123,0.7493331432342529,0.8291382789611816,-0.016605284065008163,Wrong
0.3526362478733063,0.9158240556716919,6.386592872331676e-07,0.35993966460227966,0.7584487795829773,-0.044854532927274704,0.40807271003723145,0.6180484890937805,-0.05935792997479439,0.44983240962028503,0.49994441866874695,-0.0709351897239685,0.47474366426467896,0.41701164841651917,-0.08073494583368301,0.5736666917800903,0.6714814305305481,0.016514888033270836,0.6698781251907349,0.645393967628479,0.020990269258618355,0.7249566912651062,0.640632688999176,0.00919854175299406,0.7713696956634521,0.6334040760993958,-0.004500133451074362,0.5991120338439941,0.7395925521850586,0.026332836598157883,0.7030429840087891,0.7148056626319885,0.04142899811267853,0.764744758605957,0.7018985152244568,0.033737704157829285,0.8136627078056335,0.6885956525802612,0.02171727456152439,0.6041878461837769,0.8058704137802124,0.026745907962322235,0.6989821195602417,0.7835135459899902,0.03877566382288933,0.7539570331573486,0.7715343236923218,0.02803492359817028,0.7998374104499817,0.75507652759552,0.01392280776053667,0.5913596153259277,0.8818138837814331,0.019939105957746506,0.6675530076026917,0.8684765696525574,0.024066969752311707,0.7077633142471313,0.8510178327560425,0.01838671788573265,0.7446491718292236,0.8285475969314575,0.010132856667041779,Wrong
0.3571851849555969,0.9171890020370483,5.860243277311383e-07,0.360676109790802,0.764653205871582,-0.04532705247402191,0.4053104817867279,0.6224355697631836,-0.06097188964486122,0.4472348690032959,0.503781795501709,-0.07337580621242523,0.4703407287597656,0.42033445835113525,-0.0843084380030632,0.5737370848655701,0.6696174144744873,0.007641437463462353,0.6667856574058533,0.6440126895904541,0.006862619426101446,0.7220027446746826,0.6398133039474487,-0.00861215591430664,0.7686440944671631,0.6336719989776611,-0.025053605437278748,0.6005648374557495,0.7383792400360107,0.016561957076191902,0.7018779516220093,0.7128254771232605,0.024992331862449646,0.7641299962997437,0.701135516166687,0.012055201455950737,0.81263267993927,0.6883390545845032,-0.00415395200252533,0.6053065657615662,0.8057684898376465,0.016685228794813156,0.6984413266181946,0.7842022776603699,0.021041227504611015,0.7549445629119873,0.7720366716384888,0.0032965270802378654,0.8002496957778931,0.7536550164222717,-0.015218659304082394,0.5919566750526428,0.881629228591919,0.010397222824394703,0.6672848463058472,0.8706470727920532,0.008032218553125858,0.7082818746566772,0.8538904190063477,-0.003036042908206582,0.7442398071289062,0.830657958984375,-0.015140989795327187,Wrong
0.3571851849555969,0.9171890020370483,5.860243277311383e-07,0.360676109790802,0.764653205871582,-0.04532705247402191,0.4053104817867279,0.6224355697631836,-0.06097188964486122,0.4472348690032959,0.503781795501709,-0.07337580621242523,0.4703407287597656,0.42033445835113525,-0.0843084380030632,0.5737370848655701,0.6696174144744873,0.007641437463462353,0.6667856574058533,0.6440126895904541,0.006862619426101446,0.7220027446746826,0.6398133039474487,-0.00861215591430664,0.7686440944671631,0.6336719989776611,-0.025053605437278748,0.6005648374557495,0.7383792400360107,0.016561957076191902,0.7018779516220093,0.7128254771232605,0.024992331862449646,0.7641299962997437,0.701135516166687,0.012055201455950737,0.81263267993927,0.6883390545845032,-0.00415395200252533,0.6053065657615662,0.8057684898376465,0.016685228794813156,0.6984413266181946,0.7842022776603699,0.021041227504611015,0.7549445629119873,0.7720366716384888,0.0032965270802378654,0.8002496957778931,0.7536550164222717,-0.015218659304082394,0.5919566750526428,0.881629228591919,0.010397222824394703,0.6672848463058472,0.8706470727920532,0.008032218553125858,0.7082818746566772,0.8538904190063477,-0.003036042908206582,0.7442398071289062,0.830657958984375,-0.015140989795327187,Wrong
0.3549519181251526,0.9140676259994507,5.314834083947062e-07,0.36390256881713867,0.7574187517166138,-0.04192519187927246,0.4129435420036316,0.6144556999206543,-0.05568753927946091,0.4567405581474304,0.4983072876930237,-0.06728718429803848,0.480465292930603,0.4167657196521759,-0.07782438397407532,0.578274130821228,0.6707384586334229,0.012327589094638824,0.6743090152740479,0.6444272398948669,0.011412900872528553,0.7284588813781738,0.6413019895553589,-0.004241346847265959,0.776516854763031,0.6356314420700073,-0.020889146253466606,0.6045316457748413,0.7381701469421387,0.01909708045423031,0.7093840837478638,0.7171512842178345,0.02687794342637062,0.7710158228874207,0.7053758502006531,0.013914183713495731,0.8212053775787354,0.6928988099098206,-0.0019940894562751055,0.6083094477653503,0.8055898547172546,0.017028504982590675,0.7052804231643677,0.7862407565116882,0.021728314459323883,0.7603576183319092,0.7735751867294312,0.005810926202684641,0.8058791160583496,0.7571623921394348,-0.01134608406573534,0.5931739807128906,0.8826538920402527,0.008508006110787392,0.6704957485198975,0.8718234300613403,0.007837130688130856,0.7115386128425598,0.8540867567062378,-0.0011062528938055038,0.7488901019096375,0.8324618339538574,-0.011852571740746498,Wrong
0.3586737811565399,0.9130973219871521,5.974059149593813e-07,0.3665800094604492,0.7504172921180725,-0.04404497891664505,0.41618484258651733,0.6070919632911682,-0.05571050941944122,0.4585544466972351,0.48989155888557434,-0.06479524075984955,0.48169487714767456,0.4094383418560028,-0.07261024415493011,0.577888548374176,0.6676269769668579,0.021496383473277092,0.6763471364974976,0.6448650360107422,0.02704314887523651,0.7319989800453186,0.6412419080734253,0.015122618526220322,0.7797948122024536,0.6359853744506836,0.0007686034659855068,0.6025259494781494,0.7379761934280396,0.031104283407330513,0.7100825309753418,0.7175821661949158,0.04686712101101875,0.7725753784179688,0.7054319381713867,0.03715498372912407,0.8222836256027222,0.6936211585998535,0.0228402279317379,0.6079809665679932,0.805597186088562,0.030881019309163094,0.7048449516296387,0.7860605120658875,0.042433712631464005,0.7600730657577515,0.7723697423934937,0.026904098689556122,0.8057673573493958,0.7550055980682373,0.008850640617311,0.5955636501312256,0.8833779096603394,0.023569831624627113,0.6726879477500916,0.8709142804145813,0.026541685685515404,0.7131964564323425,0.8523855805397034,0.017015531659126282,0.7502248287200928,0.8283740282058716,0.005029386840760708,Wrong
0.3585343658924103,0.9036484956741333,5.933752049713803e-07,0.36771827936172485,0.7440225481987,-0.041674744337797165,0.41546955704689026,0.6017817854881287,-0.05575251951813698,0.4567474126815796,0.48607003688812256,-0.06730853766202927,0.4814419150352478,0.4064350426197052,-0.07756125926971436,0.5768625736236572,0.6625291109085083,0.013525542803108692,0.6744306087493896,0.6438376903533936,0.016498008742928505,0.7292270660400391,0.6420791149139404,0.003801672486588359,0.776921272277832,0.637016773223877,-0.011059087701141834,0.6026518940925598,0.7341495752334595,0.020916370674967766,0.7085464596748352,0.7132714986801147,0.03261711075901985,0.7713431119918823,0.7031644582748413,0.020639238879084587,0.8213647603988647,0.6931753754615784,0.004808970261365175,0.6072809100151062,0.8038986921310425,0.019714122638106346,0.7043042182922363,0.7808974981307983,0.02742454968392849,0.7604647874832153,0.7682726383209229,0.009321452118456364,0.8069820404052734,0.7516486644744873,-0.01023183111101389,0.5940566658973694,0.8830529451370239,0.01234461460262537,0.6716366410255432,0.8689004182815552,0.01202371995896101,0.7128769755363464,0.8498005867004395,0.0013504092348739505,0.7502733469009399,0.824760913848877,-0.010829978622496128,Wrong
0.3589562475681305,0.9094280004501343,6.06624439569714e-07,0.36592110991477966,0.7490484714508057,-0.04453190043568611,0.41391631960868835,0.60752934217453,-0.058625876903533936,0.45524102449417114,0.4899962246417999,-0.07023107260465622,0.48066389560699463,0.41052424907684326,-0.08057064563035965,0.5766459703445435,0.6667479276657104,0.015959542244672775,0.674022912979126,0.6448710560798645,0.01910119317471981,0.7299339771270752,0.6414356231689453,0.006817137822508812,0.7772326469421387,0.6367040872573853,-0.007169106975197792,0.6017970442771912,0.7371059656143188,0.025329062715172768,0.7086679339408875,0.7160947918891907,0.03963911160826683,0.7716830968856812,0.7046435475349426,0.031396325677633286,0.8215830326080322,0.6936328411102295,0.018678750842809677,0.6069819331169128,0.8054888248443604,0.025016073137521744,0.7039738297462463,0.7837699055671692,0.03553292900323868,0.7593755722045898,0.7709201574325562,0.021822191774845123,0.8055546283721924,0.7550198435783386,0.005519920494407415,0.5946775078773499,0.8831310868263245,0.017613111063838005,0.6717517375946045,0.8685746192932129,0.01950751803815365,0.712472677230835,0.8501781225204468,0.010700836777687073,0.7502636909484863,0.8278411030769348,-7.787640788592398e-05,Wrong
0.3598913550376892,0.9083839654922485,6.46611113097606e-07,0.36760130524635315,0.7483741044998169,-0.04553671553730965,0.4143052101135254,0.6065816879272461,-0.060053713619709015,0.45478594303131104,0.49074384570121765,-0.07149536907672882,0.4790363907814026,0.4110526144504547,-0.08135592192411423,0.5775871276855469,0.6650077104568481,0.016070537269115448,0.6743435859680176,0.6442099809646606,0.020374616608023643,0.7302041053771973,0.6409856081008911,0.008458351716399193,0.7768471837043762,0.6352766156196594,-0.005295551847666502,0.6016441583633423,0.7360226511955261,0.02616378664970398,0.7071793675422668,0.714260995388031,0.04067810997366905,0.7703593373298645,0.7021493911743164,0.03184190019965172,0.8193739652633667,0.6908884644508362,0.018804898485541344,0.6075236201286316,0.8042277693748474,0.026761848479509354,0.7027157545089722,0.7820057272911072,0.03881428763270378,0.7584383487701416,0.7686333656311035,0.02635633759200573,0.8044328689575195,0.7526888847351074,0.010660496540367603,0.5964390635490417,0.8825423717498779,0.020093759521842003,0.6727907657623291,0.8670347929000854,0.023881372064352036,0.7130281925201416,0.848394513130188,0.01708880253136158,0.7491797804832458,0.825724720954895,0.007720143999904394,Wrong
0.3586925268173218,0.9104969501495361,6.055379344616085e-07,0.3664838373661041,0.7483213543891907,-0.03988528996706009,0.41458845138549805,0.6067246794700623,-0.04965430498123169,0.4580179452896118,0.49021461606025696,-0.05757324770092964,0.4819640517234802,0.41182461380958557,-0.0642179548740387,0.5753666162490845,0.6656509637832642,0.027067897841334343,0.6724450588226318,0.6444208025932312,0.034825533628463745,0.7282266020774841,0.641204297542572,0.025053661316633224,0.7750520706176758,0.6358537077903748,0.012741525657474995,0.6014597415924072,0.7364710569381714,0.03603244945406914,0.7079004049301147,0.7157490253448486,0.05547783896327019,0.7711291909217834,0.7043684720993042,0.04970753565430641,0.8205456137657166,0.692180871963501,0.03862471133470535,0.6074297428131104,0.8044719099998474,0.03527206555008888,0.7038286924362183,0.7825291752815247,0.049580127000808716,0.7592743635177612,0.7695547342300415,0.0373561829328537,0.8049992322921753,0.752012312412262,0.022046921774744987,0.5953130722045898,0.8812294006347656,0.02769043855369091,0.6719426512718201,0.8686028718948364,0.03260905668139458,0.7124254107475281,0.8511162400245667,0.025128953158855438,0.7494055032730103,0.8279904127120972,0.015208427794277668,Wrong
0.3586925268173218,0.9104969501495361,6.055379344616085e-07,0.3664838373661041,0.7483213543891907,-0.03988528996706009,0.41458845138549805,0.6067246794700623,-0.04965430498123169,0.4580179452896118,0.49021461606025696,-0.05757324770092964,0.4819640517234802,0.41182461380958557,-0.0642179548740387,0.5753666162490845,0.6656509637832642,0.027067897841334343,0.6724450588226318,0.6444208025932312,0.034825533628463745,0.7282266020774841,0.641204297542572,0.025053661316633224,0.7750520706176758,0.6358537077903748,0.012741525657474995,0.6014597415924072,0.7364710569381714,0.03603244945406914,0.7079004049301147,0.7157490253448486,0.05547783896327019,0.7711291909217834,0.7043684720993042,0.04970753565430641,0.8205456137657166,0.692180871963501,0.03862471133470535,0.6074297428131104,0.8044719099998474,0.03527206555008888,0.7038286924362183,0.7825291752815247,0.049580127000808716,0.7592743635177612,0.7695547342300415,0.0373561829328537,0.8049992322921753,0.752012312412262,0.022046921774744987,0.5953130722045898,0.8812294006347656,0.02769043855369091,0.6719426512718201,0.8686028718948364,0.03260905668139458,0.7124254107475281,0.8511162400245667,0.025128953158855438,0.7494055032730103,0.8279904127120972,0.015208427794277668,Wrong
0.35843759775161743,0.9099229574203491,5.464684704747924e-07,0.36361709237098694,0.7512956857681274,-0.04241936281323433,0.4132050573825836,0.608299195766449,-0.05483764037489891,0.4560352861881256,0.49163392186164856,-0.0644930750131607,0.47978538274765015,0.4129198491573334,-0.07261773943901062,0.5762680172920227,0.6657488942146301,0.013310885056853294,0.673305332660675,0.6435409784317017,0.014526339247822762,0.7289471626281738,0.6408063173294067,0.0014577358961105347,0.7761447429656982,0.6368987560272217,-0.012932134792208672,0.6017850637435913,0.7359687685966492,0.021377626806497574,0.7084095478057861,0.7146598696708679,0.032946664839982986,0.7709276080131531,0.7036672830581665,0.02367999590933323,0.8209343552589417,0.6923303604125977,0.010570572689175606,0.6069959998130798,0.8049861788749695,0.020238518714904785,0.7043138146400452,0.7825722098350525,0.027754265815019608,0.7597275972366333,0.7697483897209167,0.01291726902127266,0.8056886196136475,0.7535520792007446,-0.0035578906536102295,0.5941203832626343,0.8837557435035706,0.012494758702814579,0.6716305017471313,0.8681528568267822,0.012043824419379234,0.7126895189285278,0.8499120473861694,0.002507498487830162,0.749963641166687,0.8270056843757629,-0.008333707228302956,Wrong
0.36268094182014465,0.9086885452270508,5.818580461891543e-07,0.3678770959377289,0.7493098974227905,-0.04782756790518761,0.4164581298828125,0.6069856882095337,-0.061163365840911865,0.4592156410217285,0.49025991559028625,-0.07073286920785904,0.4824816584587097,0.41063442826271057,-0.07878497987985611,0.5794075727462769,0.667717695236206,0.012689929455518723,0.6772676706314087,0.6447229981422424,0.01545800268650055,0.7326593995094299,0.6419702172279358,0.0024684800300747156,0.7801973819732666,0.6375489830970764,-0.012184737250208855,0.6035786271095276,0.7374959588050842,0.024448230862617493,0.7108088731765747,0.7156333327293396,0.03729819506406784,0.7735697031021118,0.7045640349388123,0.026935109868645668,0.8234810829162598,0.6948855519294739,0.01234709657728672,0.6083239912986755,0.8048974871635437,0.026432622224092484,0.7045685648918152,0.7847245335578918,0.03562752529978752,0.7591792345046997,0.7722469568252563,0.019566940143704414,0.8055634498596191,0.7570247650146484,0.0015062597813084722,0.5961373448371887,0.8827674984931946,0.021220481023192406,0.6721826791763306,0.8705078363418579,0.022621681913733482,0.7119863629341125,0.8520432710647583,0.012339267879724503,0.7493184804916382,0.8283805251121521,2.8767093681381084e-05,Wrong
0.35704031586647034,0.9077636003494263,5.511739686880901e-07,0.36606070399284363,0.7490924596786499,-0.0408792570233345,0.41676071286201477,0.6074678897857666,-0.052453234791755676,0.4593513011932373,0.490543931722641,-0.061686307191848755,0.4828892946243286,0.409810334444046,-0.06959663331508636,0.5793935656547546,0.6690248250961304,0.016932351514697075,0.6763712167739868,0.6450931429862976,0.0202301274985075,0.7312871813774109,0.6412968635559082,0.00814034417271614,0.7783215641975403,0.6346421241760254,-0.005665148608386517,0.6043403744697571,0.7377358675003052,0.025067640468478203,0.709882378578186,0.7166606187820435,0.03832674399018288,0.7724004983901978,0.7048935294151306,0.029903890565037727,0.8215863704681396,0.692261278629303,0.017405284568667412,0.6083586812019348,0.805200457572937,0.0241069532930851,0.7049645781517029,0.7843201756477356,0.03387101739645004,0.7604362368583679,0.7721035480499268,0.02077355980873108,0.8065896034240723,0.7554560899734497,0.0053270068019628525,0.594510555267334,0.8821603059768677,0.01653215102851391,0.6712943911552429,0.8707915544509888,0.01855139061808586,0.7122601866722107,0.8525484800338745,0.010657285340130329,0.7497026324272156,0.8288670182228088,0.0008420951198786497,Wrong
0.3580044209957123,0.9099432229995728,5.706602337340883e-07,0.3650445342063904,0.7521397471427917,-0.045107800513505936,0.4160917401313782,0.6094964742660522,-0.058652203530073166,0.459719717502594,0.49245747923851013,-0.06910272687673569,0.4833604097366333,0.4122422933578491,-0.07817629724740982,0.5784808397293091,0.6672561764717102,0.011949458159506321,0.675810694694519,0.6452797055244446,0.013493477366864681,0.7314401865005493,0.6427062153816223,0.0004894330631941557,0.7789672613143921,0.6382870078086853,-0.014100071974098682,0.6030474305152893,0.7370241284370422,0.02095479518175125,0.7097490429878235,0.7170318961143494,0.03213534131646156,0.7725616097450256,0.7053534984588623,0.022274751216173172,0.8228966593742371,0.6938356161117554,0.008628291077911854,0.607581615447998,0.8051477670669556,0.020497888326644897,0.7050610780715942,0.7850699424743652,0.027805600315332413,0.7609227895736694,0.7717530131340027,0.012324010021984577,0.8079623579978943,0.7550963163375854,-0.004838777706027031,0.5948261618614197,0.8823380470275879,0.013152893632650375,0.6720893383026123,0.8686586618423462,0.012979195453226566,0.7132619023323059,0.8510423898696899,0.002939776983112097,0.7516474723815918,0.8289265632629395,-0.008711745031177998,Wrong
0.3545489013195038,0.9084255695343018,5.390753585743369e-07,0.36319658160209656,0.7498430609703064,-0.04248505458235741,0.4151803255081177,0.6070977449417114,-0.055987611413002014,0.45900946855545044,0.4915967285633087,-0.06704383343458176,0.4823383688926697,0.4121655821800232,-0.07648255676031113,0.5797733068466187,0.6699526309967041,0.013785894960165024,0.6778751611709595,0.6469221115112305,0.015124093741178513,0.7326498031616211,0.6443748474121094,0.002105097519233823,0.7795180082321167,0.6405169367790222,-0.012263675220310688,0.6040710806846619,0.7390419244766235,0.02158503048121929,0.7116051912307739,0.7189358472824097,0.03331809863448143,0.7733347415924072,0.7079054713249207,0.024818310514092445,0.8225601315498352,0.6967475414276123,0.012346575036644936,0.6081006526947021,0.8068869113922119,0.020161490887403488,0.7056218385696411,0.7878018617630005,0.028574058786034584,0.7602046132087708,0.7757005095481873,0.015778211876749992,0.8055424690246582,0.7597637176513672,0.000618869555182755,0.5945009589195251,0.884431004524231,0.01188922580331564,0.6720798015594482,0.8722730875015259,0.012942059896886349,0.712186336517334,0.8543908596038818,0.005163562949746847,0.7490889430046082,0.8319858908653259,-0.004535152576863766,Wrong
0.3545489013195038,0.9084255695343018,5.390753585743369e-07,0.36319658160209656,0.7498430609703064,-0.04248505458235741,0.4151803255081177,0.6070977449417114,-0.055987611413002014,0.45900946855545044,0.4915967285633087,-0.06704383343458176,0.4823383688926697,0.4121655821800232,-0.07648255676031113,0.5797733068466187,0.6699526309967041,0.013785894960165024,0.6778751611709595,0.6469221115112305,0.015124093741178513,0.7326498031616211,0.6443748474121094,0.002105097519233823,0.7795180082321167,0.6405169367790222,-0.012263675220310688,0.6040710806846619,0.7390419244766235,0.02158503048121929,0.7116051912307739,0.7189358472824097,0.03331809863448143,0.7733347415924072,0.7079054713249207,0.024818310514092445,0.8225601315498352,0.6967475414276123,0.012346575036644936,0.6081006526947021,0.8068869113922119,0.020161490887403488,0.7056218385696411,0.7878018617630005,0.028574058786034584,0.7602046132087708,0.7757005095481873,0.015778211876749992,0.8055424690246582,0.7597637176513672,0.000618869555182755,0.5945009589195251,0.884431004524231,0.01188922580331564,0.6720798015594482,0.8722730875015259,0.012942059896886349,0.712186336517334,0.8543908596038818,0.005163562949746847,0.7490889430046082,0.8319858908653259,-0.004535152576863766,Wrong
0.3545489013195038,0.9084255695343018,5.390753585743369e-07,0.36319658160209656,0.7498430609703064,-0.04248505458235741,0.4151803255081177,0.6070977449417114,-0.055987611413002014,0.45900946855545044,0.4915967285633087,-0.06704383343458176,0.4823383688926697,0.4121655821800232,-0.07648255676031113,0.5797733068466187,0.6699526309967041,0.013785894960165024,0.6778751611709595,0.6469221115112305,0.015124093741178513,0.7326498031616211,0.6443748474121094,0.002105097519233823,0.7795180082321167,0.6405169367790222,-0.012263675220310688,0.6040710806846619,0.7390419244766235,0.02158503048121929,0.7116051912307739,0.7189358472824097,0.03331809863448143,0.7733347415924072,0.7079054713249207,0.024818310514092445,0.8225601315498352,0.6967475414276123,0.012346575036644936,0.6081006526947021,0.8068869113922119,0.020161490887403488,0.7056218385696411,0.7878018617630005,0.028574058786034584,0.7602046132087708,0.7757005095481873,0.015778211876749992,0.8055424690246582,0.7597637176513672,0.000618869555182755,0.5945009589195251,0.884431004524231,0.01188922580331564,0.6720798015594482,0.8722730875015259,0.012942059896886349,0.712186336517334,0.8543908596038818,0.005163562949746847,0.7490889430046082,0.8319858908653259,-0.004535152576863766,Wrong
0.3545489013195038,0.9084255695343018,5.390753585743369e-07,0.36319658160209656,0.7498430609703064,-0.04248505458235741,0.4151803255081177,0.6070977449417114,-0.055987611413002014,0.45900946855545044,0.4915967285633087,-0.06704383343458176,0.4823383688926697,0.4121655821800232,-0.07648255676031113,0.5797733068466187,0.6699526309967041,0.013785894960165024,0.6778751611709595,0.6469221115112305,0.015124093741178513,0.7326498031616211,0.6443748474121094,0.002105097519233823,0.7795180082321167,0.6405169367790222,-0.012263675220310688,0.6040710806846619,0.7390419244766235,0.02158503048121929,0.7116051912307739,0.7189358472824097,0.03331809863448143,0.7733347415924072,0.7079054713249207,0.024818310514092445,0.8225601315498352,0.6967475414276123,0.012346575036644936,0.6081006526947021,0.8068869113922119,0.020161490887403488,0.7056218385696411,0.7878018617630005,0.028574058786034584,0.7602046132087708,0.7757005095481873,0.015778211876749992,0.8055424690246582,0.7597637176513672,0.000618869555182755,0.5945009589195251,0.884431004524231,0.01188922580331564,0.6720798015594482,0.8722730875015259,0.012942059896886349,0.712186336517334,0.8543908596038818,0.005163562949746847,0.7490889430046082,0.8319858908653259,-0.004535152576863766,Wrong
0.3545489013195038,0.9084255695343018,5.390753585743369e-07,0.36319658160209656,0.7498430609703064,-0.04248505458235741,0.4151803255081177,0.6070977449417114,-0.055987611413002014,0.45900946855545044,0.4915967285633087,-0.06704383343458176,0.4823383688926697,0.4121655821800232,-0.07648255676031113,0.5797733068466187,0.6699526309967041,0.013785894960165024,0.6778751611709595,0.6469221115112305,0.015124093741178513,0.7326498031616211,0.6443748474121094,0.002105097519233823,0.7795180082321167,0.6405169367790222,-0.012263675220310688,0.6040710806846619,0.7390419244766235,0.02158503048121929,0.7116051912307739,0.7189358472824097,0.03331809863448143,0.7733347415924072,0.7079054713249207,0.024818310514092445,0.8225601315498352,0.6967475414276123,0.012346575036644936,0.6081006526947021,0.8068869113922119,0.020161490887403488,0.7056218385696411,0.7878018617630005,0.028574058786034584,0.7602046132087708,0.7757005095481873,0.015778211876749992,0.8055424690246582,0.7597637176513672,0.000618869555182755,0.5945009589195251,0.884431004524231,0.01188922580331564,0.6720798015594482,0.8722730875015259,0.012942059896886349,0.712186336517334,0.8543908596038818,0.005163562949746847,0.7490889430046082,0.8319858908653259,-0.004535152576863766,Wrong
0.3545489013195038,0.9084255695343018,5.390753585743369e-07,0.36319658160209656,0.7498430609703064,-0.04248505458235741,0.4151803255081177,0.6070977449417114,-0.055987611413002014,0.45900946855545044,0.4915967285633087,-0.06704383343458176,0.4823383688926697,0.4121655821800232,-0.07648255676031113,0.5797733068466187,0.6699526309967041,0.013785894960165024,0.6778751611709595,0.6469221115112305,0.015124093741178513,0.7326498031616211,0.6443748474121094,0.002105097519233823,0.7795180082321167,0.6405169367790222,-0.012263675220310688,0.6040710806846619,0.7390419244766235,0.02158503048121929,0.7116051912307739,0.7189358472824097,0.03331809863448143,0.7733347415924072,0.7079054713249207,0.024818310514092445,0.8225601315498352,0.6967475414276123,0.012346575036644936,0.6081006526947021,0.8068869113922119,0.020161490887403488,0.7056218385696411,0.7878018617630005,0.028574058786034584,0.7602046132087708,0.7757005095481873,0.015778211876749992,0.8055424690246582,0.7597637176513672,0.000618869555182755,0.5945009589195251,0.884431004524231,0.01188922580331564,0.6720798015594482,0.8722730875015259,0.012942059896886349,0.712186336517334,0.8543908596038818,0.005163562949746847,0.7490889430046082,0.8319858908653259,-0.004535152576863766,Wrong
0.3545489013195038,0.9084255695343018,5.390753585743369e-07,0.36319658160209656,0.7498430609703064,-0.04248505458235741,0.4151803255081177,0.6070977449417114,-0.055987611413002014,0.45900946855545044,0.4915967285633087,-0.06704383343458176,0.4823383688926697,0.4121655821800232,-0.07648255676031113,0.5797733068466187,0.6699526309967041,0.013785894960165024,0.6778751611709595,0.6469221115112305,0.015124093741178513,0.7326498031616211,0.6443748474121094,0.002105097519233823,0.7795180082321167,0.6405169367790222,-0.012263675220310688,0.6040710806846619,0.7390419244766235,0.02158503048121929,0.7116051912307739,0.7189358472824097,0.03331809863448143,0.7733347415924072,0.7079054713249207,0.024818310514092445,0.8225601315498352,0.6967475414276123,0.012346575036644936,0.6081006526947021,0.8068869113922119,0.020161490887403488,0.7056218385696411,0.7878018617630005,0.028574058786034584,0.7602046132087708,0.7757005095481873,0.015778211876749992,0.8055424690246582,0.7597637176513672,0.000618869555182755,0.5945009589195251,0.884431004524231,0.01188922580331564,0.6720798015594482,0.8722730875015259,0.012942059896886349,0.712186336517334,0.8543908596038818,0.005163562949746847,0.7490889430046082,0.8319858908653259,-0.004535152576863766,Wrong
0.3545489013195038,0.9084255695343018,5.390753585743369e-07,0.36319658160209656,0.7498430609703064,-0.04248505458235741,0.4151803255081177,0.6070977449417114,-0.055987611413002014,0.45900946855545044,0.4915967285633087,-0.06704383343458176,0.4823383688926697,0.4121655821800232,-0.07648255676031113,0.5797733068466187,0.6699526309967041,0.013785894960165024,0.6778751611709595,0.6469221115112305,0.015124093741178513,0.7326498031616211,0.6443748474121094,0.002105097519233823,0.7795180082321167,0.6405169367790222,-0.012263675220310688,0.6040710806846619,0.7390419244766235,0.02158503048121929,0.7116051912307739,0.7189358472824097,0.03331809863448143,0.7733347415924072,0.7079054713249207,0.024818310514092445,0.8225601315498352,0.6967475414276123,0.012346575036644936,0.6081006526947021,0.8068869113922119,0.020161490887403488,0.7056218385696411,0.7878018617630005,0.028574058786034584,0.7602046132087708,0.7757005095481873,0.015778211876749992,0.8055424690246582,0.7597637176513672,0.000618869555182755,0.5945009589195251,0.884431004524231,0.01188922580331564,0.6720798015594482,0.8722730875015259,0.012942059896886349,0.712186336517334,0.8543908596038818,0.005163562949746847,0.7490889430046082,0.8319858908653259,-0.004535152576863766,Wrong
0.3545489013195038,0.9084255695343018,5.390753585743369e-07,0.36319658160209656,0.7498430609703064,-0.04248505458235741,0.4151803255081177,0.6070977449417114,-0.055987611413002014,0.45900946855545044,0.4915967285633087,-0.06704383343458176,0.4823383688926697,0.4121655821800232,-0.07648255676031113,0.5797733068466187,0.6699526309967041,0.013785894960165024,0.6778751611709595,0.6469221115112305,0.015124093741178513,0.7326498031616211,0.6443748474121094,0.002105097519233823,0.7795180082321167,0.6405169367790222,-0.012263675220310688,0.6040710806846619,0.7390419244766235,0.02158503048121929,0.7116051912307739,0.7189358472824097,0.03331809863448143,0.7733347415924072,0.7079054713249207,0.024818310514092445,0.8225601315498352,0.6967475414276123,0.012346575036644936,0.6081006526947021,0.8068869113922119,0.020161490887403488,0.7056218385696411,0.7878018617630005,0.028574058786034584,0.7602046132087708,0.7757005095481873,0.015778211876749992,0.8055424690246582,0.7597637176513672,0.000618869555182755,0.5945009589195251,0.884431004524231,0.01188922580331564,0.6720798015594482,0.8722730875015259,0.012942059896886349,0.712186336517334,0.8543908596038818,0.005163562949746847,0.7490889430046082,0.8319858908653259,-0.004535152576863766,Wrong
0.3571062982082367,0.9062390923500061,5.597147492153454e-07,0.36508798599243164,0.7480235695838928,-0.04370057210326195,0.4132416844367981,0.6066556572914124,-0.05941273644566536,0.4570862948894501,0.49179476499557495,-0.0727786272764206,0.4834216833114624,0.41397881507873535,-0.08450939506292343,0.5807181596755981,0.667892575263977,0.012393064796924591,0.6774492263793945,0.6463330388069153,0.01357048749923706,0.7320119142532349,0.6432453393936157,-0.00011699296737788245,0.7789508700370789,0.6377929449081421,-0.015386860817670822,0.6045799255371094,0.7377942800521851,0.019970998167991638,0.709925651550293,0.7165704369544983,0.03148442506790161,0.7712050676345825,0.7057100534439087,0.021486705169081688,0.8202278017997742,0.6940107345581055,0.007430769968777895,0.608487606048584,0.8062764406204224,0.018308281898498535,0.7055549025535583,0.7843515872955322,0.026166804134845734,0.7604916095733643,0.7710003852844238,0.011480840854346752,0.8055763244628906,0.7534595727920532,-0.005300619173794985,0.5948622226715088,0.8854036331176758,0.009797157719731331,0.6722366809844971,0.8703407645225525,0.010085131973028183,0.7130047082901001,0.8518829941749573,0.0009286401909776032,0.7502915263175964,0.828768789768219,-0.009923756122589111,Wrong
0.3571062982082367,0.9062390923500061,5.597147492153454e-07,0.36508798599243164,0.7480235695838928,-0.04370057210326195,0.4132416844367981,0.6066556572914124,-0.05941273644566536,0.4570862948894501,0.49179476499557495,-0.0727786272764206,0.4834216833114624,0.41397881507873535,-0.08450939506292343,0.5807181596755981,0.667892575263977,0.012393064796924591,0.6774492263793945,0.6463330388069153,0.01357048749923706,0.7320119142532349,0.6432453393936157,-0.00011699296737788245,0.7789508700370789,0.6377929449081421,-0.015386860817670822,0.6045799255371094,0.7377942800521851,0.019970998167991638,0.709925651550293,0.7165704369544983,0.03148442506790161,0.7712050676345825,0.7057100534439087,0.021486705169081688,0.8202278017997742,0.6940107345581055,0.007430769968777895,0.608487606048584,0.8062764406204224,0.018308281898498535,0.7055549025535583,0.7843515872955322,0.026166804134845734,0.7604916095733643,0.7710003852844238,0.011480840854346752,0.8055763244628906,0.7534595727920532,-0.005300619173794985,0.5948622226715088,0.8854036331176758,0.009797157719731331,0.6722366809844971,0.8703407645225525,0.010085131973028183,0.7130047082901001,0.8518829941749573,0.0009286401909776032,0.7502915263175964,0.828768789768219,-0.009923756122589111,Wrong
0.3571062982082367,0.9062390923500061,5.597147492153454e-07,0.36508798599243164,0.7480235695838928,-0.04370057210326195,0.4132416844367981,0.6066556572914124,-0.05941273644566536,0.4570862948894501,0.49179476499557495,-0.0727786272764206,0.4834216833114624,0.41397881507873535,-0.08450939506292343,0.5807181596755981,0.667892575263977,0.012393064796924591,0.6774492263793945,0.6463330388069153,0.01357048749923706,0.7320119142532349,0.6432453393936157,-0.00011699296737788245,0.7789508700370789,0.6377929449081421,-0.015386860817670822,0.6045799255371094,0.7377942800521851,0.019970998167991638,0.709925651550293,0.7165704369544983,0.03148442506790161,0.7712050676345825,0.7057100534439087,0.021486705169081688,0.8202278017997742,0.6940107345581055,0.007430769968777895,0.608487606048584,0.8062764406204224,0.018308281898498535,0.7055549025535583,0.7843515872955322,0.026166804134845734,0.7604916095733643,0.7710003852844238,0.011480840854346752,0.8055763244628906,0.7534595727920532,-0.005300619173794985,0.5948622226715088,0.8854036331176758,0.009797157719731331,0.6722366809844971,0.8703407645225525,0.010085131973028183,0.7130047082901001,0.8518829941749573,0.0009286401909776032,0.7502915263175964,0.828768789768219,-0.009923756122589111,Wrong
0.38009852170944214,0.87568598985672,-2.1543209882679548e-08,0.4896402060985565,0.8307003378868103,-0.01131074596196413,0.5409609079360962,0.7188529968261719,-0.013150034472346306,0.5406257510185242,0.5856816172599792,-0.010696718469262123,0.5512824058532715,0.49785083532333374,-0.0053705922327935696,0.4657415747642517,0.6010398268699646,-0.015302412211894989,0.4923381209373474,0.5097389817237854,-0.012792074121534824,0.5038452744483948,0.5614216327667236,-0.007952529937028885,0.5002706050872803,0.6093086004257202,-0.0034396962728351355,0.4011881947517395,0.5905420184135437,-0.006750183179974556,0.44113436341285706,0.5172508955001831,0.009081831201910973,0.4572804868221283,0.5610758066177368,0.017065877094864845,0.4531051516532898,0.6008648872375488,0.016756447032094002,0.34928098320961,0.6022362112998962,0.0027203571517020464,0.38922300934791565,0.5327655076980591,0.01677664928138256,0.40508219599723816,0.5695976614952087,0.02571735344827175,0.3998003900051117,0.6115856766700745,0.025372233241796494,0.3068477213382721,0.6220389008522034,0.012165159918367863,0.3413337171077728,0.5594884157180786,0.022099068388342857,0.35623031854629517,0.5879579186439514,0.0328119695186615,0.35599616169929504,0.6212813854217529,0.03893154859542847,Wrong
0.3746810257434845,0.8804054856300354,5.8295629656868186e-08,0.4888108968734741,0.8312762975692749,-0.007336652372032404,0.5362361669540405,0.717914342880249,-0.007788786664605141,0.538946270942688,0.5873997211456299,-0.005072000436484814,0.5452168583869934,0.4989185333251953,0.00021427970204968005,0.46216973662376404,0.5963307023048401,-0.006194759160280228,0.4888281524181366,0.5114847421646118,0.0006603080546483397,0.4992831349372864,0.56700199842453,0.006460293661803007,0.49454963207244873,0.6131340861320496,0.0111166313290596,0.39614179730415344,0.5873470306396484,0.0014268492814153433,0.43736398220062256,0.5154711008071899,0.02173064649105072,0.4538060128688812,0.5608155727386475,0.030631309375166893,0.44853803515434265,0.6002721786499023,0.030358994379639626,0.34192192554473877,0.6030731201171875,0.01019570417702198,0.38369616866111755,0.5331879258155823,0.02800765074789524,0.40154361724853516,0.5708116888999939,0.03614743426442146,0.3961390554904938,0.6134284138679504,0.03459643945097923,0.29978159070014954,0.6263765692710876,0.019285624846816063,0.33463796973228455,0.5647579431533813,0.03222648799419403,0.3504883646965027,0.5933331251144409,0.04341607540845871,0.3504752814769745,0.627949059009552,0.04929510876536369,Wrong
0.3760059177875519,0.8797871470451355,3.477894239267698e-08,0.4899987578392029,0.8300480842590332,-0.012320250272750854,0.5360504388809204,0.7172852754592896,-0.014668404124677181,0.5356470942497253,0.5853874683380127,-0.01277158409357071,0.5444114208221436,0.49790817499160767,-0.0077648949809372425,0.45625418424606323,0.6013259291648865,-0.013503401540219784,0.4881523549556732,0.5143146514892578,-0.010609005577862263,0.5015607476234436,0.5676782131195068,-0.0058825998567044735,0.496951162815094,0.6148822903633118,-0.0014645879855379462,0.3917759358882904,0.591681957244873,-0.004327470902353525,0.43700841069221497,0.5178002715110779,0.010799211449921131,0.45615097880363464,0.5623100996017456,0.018109826371073723,0.45216619968414307,0.6031181812286377,0.0178690105676651,0.3406561017036438,0.6047123670578003,0.005552527494728565,0.38504737615585327,0.5346003770828247,0.019402332603931427,0.40413758158683777,0.5712855458259583,0.027622781693935394,0.39966881275177,0.614014744758606,0.027179207652807236,0.29979845881462097,0.6260491609573364,0.015284949913620949,0.3378255069255829,0.5637905597686768,0.025101805105805397,0.35520094633102417,0.5909953117370605,0.035227689892053604,0.3561192452907562,0.6243996024131775,0.04106336832046509,Wrong
0.37354642152786255,0.8791769742965698,6.41016200120248e-08,0.48688894510269165,0.830209493637085,-0.012659240514039993,0.5350303649902344,0.7168277502059937,-0.01644287258386612,0.536862850189209,0.5847345590591431,-0.015445010736584663,0.5428957343101501,0.49454766511917114,-0.011506974697113037,0.4574110209941864,0.5944337844848633,-0.01910255290567875,0.49106454849243164,0.5111588835716248,-0.013992557302117348,0.5032384991645813,0.5661758184432983,-0.006899612955749035,0.49706631898880005,0.6108113527297974,-0.0015480906004086137,0.3917798101902008,0.5860865116119385,-0.010098823346197605,0.43954914808273315,0.5157300233840942,0.006755409296602011,0.4574374556541443,0.5613287687301636,0.01576145552098751,0.45102259516716003,0.6012439131736755,0.015627071261405945,0.3388110101222992,0.6025934219360352,0.00023712893016636372,0.385756254196167,0.5338981747627258,0.014876828528940678,0.4043971300125122,0.5713450908660889,0.023891104385256767,0.39799627661705017,0.6135194897651672,0.023159349337220192,0.2971697449684143,0.6264657974243164,0.010623328387737274,0.3376425802707672,0.5649012923240662,0.020590536296367645,0.3542902171611786,0.592552125453949,0.031083928421139717,0.3536073863506317,0.6254570484161377,0.03657899796962738,Wrong
0.37294477224349976,0.8773411512374878,6.667815455330128e-08,0.4875260591506958,0.829897940158844,-0.00988858938217163,0.5336736440658569,0.7147970199584961,-0.011052785441279411,0.533859372138977,0.5816793441772461,-0.007920335978269577,0.5415454506874084,0.49380263686180115,-0.0016129352152347565,0.45565149188041687,0.6028086543083191,-0.015365042723715305,0.48686596751213074,0.513099193572998,-0.011800562031567097,0.5013072490692139,0.5658884048461914,-0.005736905615776777,0.49710822105407715,0.6137739419937134,-0.000261080072959885,0.38975512981414795,0.5909672379493713,-0.006561181508004665,0.4364783465862274,0.5164742469787598,0.009640902280807495,0.4570087790489197,0.5590882897377014,0.018015356734395027,0.45332494378089905,0.599224328994751,0.018253538757562637,0.33791783452033997,0.6030483245849609,0.0036307494156062603,0.3837967813014984,0.5348799228668213,0.019572664052248,0.4046362042427063,0.5701789855957031,0.028918476775288582,0.4012976884841919,0.6114187240600586,0.028581704944372177,0.29770222306251526,0.6243765950202942,0.013864153996109962,0.33789312839508057,0.5681622624397278,0.02586311474442482,0.35765179991722107,0.5933651924133301,0.0366036482155323,0.3607466220855713,0.6240713000297546,0.042345575988292694,Wrong
0.37294477224349976,0.8773411512374878,6.667815455330128e-08,0.4875260591506958,0.829897940158844,-0.00988858938217163,0.5336736440658569,0.7147970199584961,-0.011052785441279411,0.533859372138977,0.5816793441772461,-0.007920335978269577,0.5415454506874084,0.49380263686180115,-0.0016129352152347565,0.45565149188041687,0.6028086543083191,-0.015365042723715305,0.48686596751213074,0.513099193572998,-0.011800562031567097,0.5013072490692139,0.5658884048461914,-0.005736905615776777,0.49710822105407715,0.6137739419937134,-0.000261080072959885,0.38975512981414795,0.5909672379493713,-0.006561181508004665,0.4364783465862274,0.5164742469787598,0.009640902280807495,0.4570087790489197,0.5590882897377014,0.018015356734395027,0.45332494378089905,0.599224328994751,0.018253538757562637,0.33791783452033997,0.6030483245849609,0.0036307494156062603,0.3837967813014984,0.5348799228668213,0.019572664052248,0.4046362042427063,0.5701789855957031,0.028918476775288582,0.4012976884841919,0.6114187240600586,0.028581704944372177,0.29770222306251526,0.6243765950202942,0.013864153996109962,0.33789312839508057,0.5681622624397278,0.02586311474442482,0.35765179991722107,0.5933651924133301,0.0366036482155323,0.3607466220855713,0.6240713000297546,0.042345575988292694,Wrong
0.3702371120452881,0.8768462538719177,6.041471323214864e-08,0.4848274290561676,0.8311770558357239,-0.010909113101661205,0.5338348150253296,0.7168797850608826,-0.013786778785288334,0.5365743041038513,0.5843065977096558,-0.011718670837581158,0.542493462562561,0.494001179933548,-0.0070153167471289635,0.4564276933670044,0.5982735753059387,-0.01898033544421196,0.4907214343547821,0.5131059885025024,-0.012255124747753143,0.5015846490859985,0.5695403814315796,-0.0044915759935975075,0.4948083162307739,0.6142751574516296,0.0013056854950264096,0.390228807926178,0.5865539908409119,-0.009423084557056427,0.4400404393672943,0.5174230337142944,0.010362896136939526,0.45686936378479004,0.5635402202606201,0.02025357075035572,0.44963890314102173,0.6026121973991394,0.020317325368523598,0.33721673488616943,0.6010537147521973,0.001970805460587144,0.38604259490966797,0.5346778631210327,0.020425355061888695,0.40330758690834045,0.5724434852600098,0.02957047149538994,0.3961739242076874,0.6138109564781189,0.028030747547745705,0.2961300015449524,0.6226872205734253,0.013567445799708366,0.33629322052001953,0.5632702112197876,0.027009494602680206,0.35145628452301025,0.5914251804351807,0.03791189566254616,0.35065940022468567,0.6241324543952942,0.0430244505405426,Wrong
0.3702371120452881,0.8768462538719177,6.041471323214864e-08,0.4848274290561676,0.8311770558357239,-0.010909113101661205,0.5338348150253296,0.7168797850608826,-0.013786778785288334,0.5365743041038513,0.5843065977096558,-0.011718670837581158,0.542493462562561,0.494001179933548,-0.0070153167471289635,0.4564276933670044,0.5982735753059387,-0.01898033544421196,0.4907214343547821,0.5131059885025024,-0.012255124747753143,0.5015846490859985,0.5695403814315796,-0.0044915759935975075,0.4948083162307739,0.6142751574516296,0.0013056854950264096,0.390228807926178,0.5865539908409119,-0.009423084557056427,0.4400404393672943,0.5174230337142944,0.010362896136939526,0.45686936378479004,0.5635402202606201,0.02025357075035572,0.44963890314102173,0.6026121973991394,0.020317325368523598,0.33721673488616943,0.6010537147521973,0.001970805460587144,0.38604259490966797,0.5346778631210327,0.020425355061888695,0.40330758690834045,0.5724434852600098,0.02957047149538994,0.3961739242076874,0.6138109564781189,0.028030747547745705,0.2961300015449524,0.6226872205734253,0.013567445799708366,0.33629322052001953,0.5632702112197876,0.027009494602680206,0.35145628452301025,0.5914251804351807,0.03791189566254616,0.35065940022468567,0.6241324543952942,0.0430244505405426,Wrong
0.3702371120452881,0.8768462538719177,6.041471323214864e-08,0.4848274290561676,0.8311770558357239,-0.010909113101661205,0.5338348150253296,0.7168797850608826,-0.013786778785288334,0.5365743041038513,0.5843065977096558,-0.011718670837581158,0.542493462562561,0.494001179933548,-0.0070153167471289635,0.4564276933670044,0.5982735753059387,-0.01898033544421196,0.4907214343547821,0.5131059885025024,-0.012255124747753143,0.5015846490859985,0.5695403814315796,-0.0044915759935975075,0.4948083162307739,0.6142751574516296,0.0013056854950264096,0.390228807926178,0.5865539908409119,-0.009423084557056427,0.4400404393672943,0.5174230337142944,0.010362896136939526,0.45686936378479004,0.5635402202606201,0.02025357075035572,0.44963890314102173,0.6026121973991394,0.020317325368523598,0.33721673488616943,0.6010537147521973,0.001970805460587144,0.38604259490966797,0.5346778631210327,0.020425355061888695,0.40330758690834045,0.5724434852600098,0.02957047149538994,0.3961739242076874,0.6138109564781189,0.028030747547745705,0.2961300015449524,0.6226872205734253,0.013567445799708366,0.33629322052001953,0.5632702112197876,0.027009494602680206,0.35145628452301025,0.5914251804351807,0.03791189566254616,0.35065940022468567,0.6241324543952942,0.0430244505405426,Wrong
0.3702371120452881,0.8768462538719177,6.041471323214864e-08,0.4848274290561676,0.8311770558357239,-0.010909113101661205,0.5338348150253296,0.7168797850608826,-0.013786778785288334,0.5365743041038513,0.5843065977096558,-0.011718670837581158,0.542493462562561,0.494001179933548,-0.0070153167471289635,0.4564276933670044,0.5982735753059387,-0.01898033544421196,0.4907214343547821,0.5131059885025024,-0.012255124747753143,0.5015846490859985,0.5695403814315796,-0.0044915759935975075,0.4948083162307739,0.6142751574516296,0.0013056854950264096,0.390228807926178,0.5865539908409119,-0.009423084557056427,0.4400404393672943,0.5174230337142944,0.010362896136939526,0.45686936378479004,0.5635402202606201,0.02025357075035572,0.44963890314102173,0.6026121973991394,0.020317325368523598,0.33721673488616943,0.6010537147521973,0.001970805460587144,0.38604259490966797,0.5346778631210327,0.020425355061888695,0.40330758690834045,0.5724434852600098,0.02957047149538994,0.3961739242076874,0.6138109564781189,0.028030747547745705,0.2961300015449524,0.6226872205734253,0.013567445799708366,0.33629322052001953,0.5632702112197876,0.027009494602680206,0.35145628452301025,0.5914251804351807,0.03791189566254616,0.35065940022468567,0.6241324543952942,0.0430244505405426,Wrong
0.37457141280174255,0.8800264596939087,4.905179817882299e-09,0.4876546859741211,0.8302065134048462,-0.013287779875099659,0.5359154939651489,0.7188512086868286,-0.016602352261543274,0.5365862250328064,0.5853403806686401,-0.015331362374126911,0.5422080755233765,0.49624869227409363,-0.010940104722976685,0.45964235067367554,0.6010716557502747,-0.0180328618735075,0.49042344093322754,0.5101644396781921,-0.016011614352464676,0.5014619827270508,0.5640753507614136,-0.010927406139671803,0.49605727195739746,0.6111502051353455,-0.006316662300378084,0.3962072730064392,0.5901070237159729,-0.00903991237282753,0.43959710001945496,0.5172036290168762,0.005725922994315624,0.4556093215942383,0.5635141730308533,0.013958215713500977,0.4501364231109619,0.6041204333305359,0.013926404528319836,0.3444342613220215,0.6025620698928833,0.0007535086479038,0.3874850571155548,0.5343157649040222,0.01425353903323412,0.40294256806373596,0.5728941559791565,0.02387375384569168,0.3968430459499359,0.6157751083374023,0.024018343538045883,0.3019711375236511,0.6241322159767151,0.010312682949006557,0.3380271792411804,0.5634341239929199,0.020006949082016945,0.35223451256752014,0.5923534035682678,0.030895857140421867,0.3514823317527771,0.6259210705757141,0.037089791148900986,Wrong
0.37457141280174255,0.8800264596939087,4.905179817882299e-09,0.4876546859741211,0.8302065134048462,-0.013287779875099659,0.5359154939651489,0.7188512086868286,-0.016602352261543274,0.5365862250328064,0.5853403806686401,-0.015331362374126911,0.5422080755233765,0.49624869227409363,-0.010940104722976685,0.45964235067367554,0.6010716557502747,-0.0180328618735075,0.49042344093322754,0.5101644396781921,-0.016011614352464676,0.5014619827270508,0.5640753507614136,-0.010927406139671803,0.49605727195739746,0.6111502051353455,-0.006316662300378084,0.3962072730064392,0.5901070237159729,-0.00903991237282753,0.43959710001945496,0.5172036290168762,0.005725922994315624,0.4556093215942383,0.5635141730308533,0.013958215713500977,0.4501364231109619,0.6041204333305359,0.013926404528319836,0.3444342613220215,0.6025620698928833,0.0007535086479038,0.3874850571155548,0.5343157649040222,0.01425353903323412,0.40294256806373596,0.5728941559791565,0.02387375384569168,0.3968430459499359,0.6157751083374023,0.024018343538045883,0.3019711375236511,0.6241322159767151,0.010312682949006557,0.3380271792411804,0.5634341239929199,0.020006949082016945,0.35223451256752014,0.5923534035682678,0.030895857140421867,0.3514823317527771,0.6259210705757141,0.037089791148900986,Wrong
0.3775923252105713,0.8933491706848145,4.145618959228159e-07,0.4959047734737396,0.8318194150924683,-0.010757895186543465,0.5688156485557556,0.7363300323486328,-0.00875064730644226,0.632329523563385,0.6619006395339966,-0.002035578014329076,0.6776521801948547,0.6011715531349182,0.007527480833232403,0.4747990369796753,0.5878568887710571,-0.013642508536577225,0.49268558621406555,0.44274842739105225,0.003080258145928383,0.49874362349510193,0.3666857182979584,0.016672823578119278,0.49917393922805786,0.3081204295158386,0.024647898972034454,0.39955008029937744,0.5830250382423401,-0.004500759765505791,0.391579806804657,0.41681811213493347,0.015253555029630661,0.3950234055519104,0.33508604764938354,0.02659204974770546,0.39245617389678955,0.2787797152996063,0.03097064606845379,0.339724600315094,0.6096446514129639,0.007195367943495512,0.34542566537857056,0.49478402733802795,0.018548613414168358,0.3692190647125244,0.5316660404205322,0.028792329132556915,0.37650206685066223,0.5826306939125061,0.03643989935517311,0.29726162552833557,0.6508268713951111,0.018364192917943,0.3118267059326172,0.5886533260345459,0.02537395805120468,0.3345124423503876,0.614861786365509,0.03607885539531708,0.3474583029747009,0.6550278663635254,0.0468604639172554,Wrong
0.37945032119750977,0.8985257148742676,5.23643791439099e-07,0.4964045286178589,0.8441095948219299,-0.01802520453929901,0.5668063163757324,0.7460227608680725,-0.02012917771935463,0.6256243586540222,0.6627081036567688,-0.01712186634540558,0.6722448468208313,0.5973868370056152,-0.011070279404520988,0.47181421518325806,0.5965998768806458,-0.020663011819124222,0.488829106092453,0.44850561022758484,-0.008408211171627045,0.4941222667694092,0.3733763098716736,0.0028830855153501034,0.4935813844203949,0.3171229064464569,0.009610255248844624,0.3978479206562042,0.5885784029960632,-0.010258667171001434,0.3963525891304016,0.4227942228317261,0.0063688005320727825,0.4007354974746704,0.3403022289276123,0.01623164862394333,0.3988661766052246,0.2839369773864746,0.01975845918059349,0.3379713296890259,0.6128930449485779,0.0013893082505092025,0.345658540725708,0.4984208941459656,0.008771149441599846,0.3659474849700928,0.539463460445404,0.01481453888118267,0.3707383871078491,0.5925646424293518,0.019605303183197975,0.2955872416496277,0.6527173519134521,0.01193736121058464,0.3103025555610657,0.6011344194412231,0.014546888880431652,0.333305686712265,0.6296484470367432,0.0193641260266304,0.34551626443862915,0.6684654951095581,0.025430358946323395,Wrong
0.3827056884765625,0.8928515911102295,5.682714458998817e-07,0.4993796944618225,0.8407642245292664,-0.02012317255139351,0.5697216391563416,0.7448434829711914,-0.02351619116961956,0.6266891956329346,0.6594075560569763,-0.022180888801813126,0.6732978224754333,0.5946829915046692,-0.0179634690284729,0.471065491437912,0.5896613597869873,-0.0184570774435997,0.4881219267845154,0.4451141357421875,-0.007935364730656147,0.49339476227760315,0.3717183470726013,0.001510866335593164,0.49398505687713623,0.31808391213417053,0.0074241976253688335,0.3980183005332947,0.5818927884101868,-0.007641034200787544,0.39752399921417236,0.4206249415874481,0.007912295870482922,0.4033087491989136,0.3391458988189697,0.0175405852496624,0.40302807092666626,0.28360939025878906,0.02144589088857174,0.3394131064414978,0.6066873669624329,0.0036970782093703747,0.3461915850639343,0.49100229144096375,0.009641643613576889,0.3677295744419098,0.5304822325706482,0.016715802252292633,0.3731738328933716,0.5847463607788086,0.022994156926870346,0.29794031381607056,0.6466910243034363,0.013535973615944386,0.31206727027893066,0.5906386375427246,0.015491231344640255,0.33596640825271606,0.6173211932182312,0.021244440227746964,0.34874486923217773,0.6563295722007751,0.028517991304397583,Wrong
0.380147248506546,0.8946729302406311,5.044316253588477e-07,0.49785155057907104,0.8406784534454346,-0.017255404964089394,0.5687700510025024,0.7443782091140747,-0.020468488335609436,0.6281297206878662,0.6623873710632324,-0.01843888685107231,0.6743477582931519,0.5972663164138794,-0.01356962788850069,0.472730427980423,0.5977818965911865,-0.02498495578765869,0.49028098583221436,0.44848084449768066,-0.015038205310702324,0.49636009335517883,0.37216976284980774,-0.0047951857559382915,0.4962807595729828,0.313983678817749,0.001684469752945006,0.39933910965919495,0.5893830060958862,-0.014393448829650879,0.3979959785938263,0.42415595054626465,0.0005451496690511703,0.4019346237182617,0.3407808542251587,0.011448917910456657,0.3992413580417633,0.28268495202064514,0.01605522260069847,0.3399065434932709,0.6120099425315857,-0.002086448250338435,0.3491077721118927,0.49875879287719727,0.007080208510160446,0.3709740936756134,0.5351073741912842,0.017909172922372818,0.3764277696609497,0.5842698216438293,0.0257614403963089,0.29688602685928345,0.6495731472969055,0.008883883245289326,0.31234800815582275,0.5944045186042786,0.015054892748594284,0.33519721031188965,0.6186308264732361,0.02428344078361988,0.34727317094802856,0.6541601419448853,0.03341396152973175,Wrong
0.380147248506546,0.8946729302406311,5.044316253588477e-07,0.49785155057907104,0.8406784534454346,-0.017255404964089394,0.5687700510025024,0.7443782091140747,-0.020468488335609436,0.6281297206878662,0.6623873710632324,-0.01843888685107231,0.6743477582931519,0.5972663164138794,-0.01356962788850069,0.472730427980423,0.5977818965911865,-0.02498495578765869,0.49028098583221436,0.44848084449768066,-0.015038205310702324,0.49636009335517883,0.37216976284980774,-0.0047951857559382915,0.4962807595729828,0.313983678817749,0.001684469752945006,0.39933910965919495,0.5893830060958862,-0.014393448829650879,0.3979959785938263,0.42415595054626465,0.0005451496690511703,0.4019346237182617,0.3407808542251587,0.011448917910456657,0.3992413580417633,0.28268495202064514,0.01605522260069847,0.3399065434932709,0.6120099425315857,-0.002086448250338435,0.3491077721118927,0.49875879287719727,0.007080208510160446,0.3709740936756134,0.5351073741912842,0.017909172922372818,0.3764277696609497,0.5842698216438293,0.0257614403963089,0.29688602685928345,0.6495731472969055,0.008883883245289326,0.31234800815582275,0.5944045186042786,0.015054892748594284,0.33519721031188965,0.6186308264732361,0.02428344078361988,0.34727317094802856,0.6541601419448853,0.03341396152973175,Wrong
0.380147248506546,0.8946729302406311,5.044316253588477e-07,0.49785155057907104,0.8406784534454346,-0.017255404964089394,0.5687700510025024,0.7443782091140747,-0.020468488335609436,0.6281297206878662,0.6623873710632324,-0.01843888685107231,0.6743477582931519,0.5972663164138794,-0.01356962788850069,0.472730427980423,0.5977818965911865,-0.02498495578765869,0.49028098583221436,0.44848084449768066,-0.015038205310702324,0.49636009335517883,0.37216976284980774,-0.0047951857559382915,0.4962807595729828,0.313983678817749,0.001684469752945006,0.39933910965919495,0.5893830060958862,-0.014393448829650879,0.3979959785938263,0.42415595054626465,0.0005451496690511703,0.4019346237182617,0.3407808542251587,0.011448917910456657,0.3992413580417633,0.28268495202064514,0.01605522260069847,0.3399065434932709,0.6120099425315857,-0.002086448250338435,0.3491077721118927,0.49875879287719727,0.007080208510160446,0.3709740936756134,0.5351073741912842,0.017909172922372818,0.3764277696609497,0.5842698216438293,0.0257614403963089,0.29688602685928345,0.6495731472969055,0.008883883245289326,0.31234800815582275,0.5944045186042786,0.015054892748594284,0.33519721031188965,0.6186308264732361,0.02428344078361988,0.34727317094802856,0.6541601419448853,0.03341396152973175,Wrong
0.380147248506546,0.8946729302406311,5.044316253588477e-07,0.49785155057907104,0.8406784534454346,-0.017255404964089394,0.5687700510025024,0.7443782091140747,-0.020468488335609436,0.6281297206878662,0.6623873710632324,-0.01843888685107231,0.6743477582931519,0.5972663164138794,-0.01356962788850069,0.472730427980423,0.5977818965911865,-0.02498495578765869,0.49028098583221436,0.44848084449768066,-0.015038205310702324,0.49636009335517883,0.37216976284980774,-0.0047951857559382915,0.4962807595729828,0.313983678817749,0.001684469752945006,0.39933910965919495,0.5893830060958862,-0.014393448829650879,0.3979959785938263,0.42415595054626465,0.0005451496690511703,0.4019346237182617,0.3407808542251587,0.011448917910456657,0.3992413580417633,0.28268495202064514,0.01605522260069847,0.3399065434932709,0.6120099425315857,-0.002086448250338435,0.3491077721118927,0.49875879287719727,0.007080208510160446,0.3709740936756134,0.5351073741912842,0.017909172922372818,0.3764277696609497,0.5842698216438293,0.0257614403963089,0.29688602685928345,0.6495731472969055,0.008883883245289326,0.31234800815582275,0.5944045186042786,0.015054892748594284,0.33519721031188965,0.6186308264732361,0.02428344078361988,0.34727317094802856,0.6541601419448853,0.03341396152973175,Wrong
0.380147248506546,0.8946729302406311,5.044316253588477e-07,0.49785155057907104,0.8406784534454346,-0.017255404964089394,0.5687700510025024,0.7443782091140747,-0.020468488335609436,0.6281297206878662,0.6623873710632324,-0.01843888685107231,0.6743477582931519,0.5972663164138794,-0.01356962788850069,0.472730427980423,0.5977818965911865,-0.02498495578765869,0.49028098583221436,0.44848084449768066,-0.015038205310702324,0.49636009335517883,0.37216976284980774,-0.0047951857559382915,0.4962807595729828,0.313983678817749,0.001684469752945006,0.39933910965919495,0.5893830060958862,-0.014393448829650879,0.3979959785938263,0.42415595054626465,0.0005451496690511703,0.4019346237182617,0.3407808542251587,0.011448917910456657,0.3992413580417633,0.28268495202064514,0.01605522260069847,0.3399065434932709,0.6120099425315857,-0.002086448250338435,0.3491077721118927,0.49875879287719727,0.007080208510160446,0.3709740936756134,0.5351073741912842,0.017909172922372818,0.3764277696609497,0.5842698216438293,0.0257614403963089,0.29688602685928345,0.6495731472969055,0.008883883245289326,0.31234800815582275,0.5944045186042786,0.015054892748594284,0.33519721031188965,0.6186308264732361,0.02428344078361988,0.34727317094802856,0.6541601419448853,0.03341396152973175,Wrong
0.3769667148590088,0.8874914646148682,6.329283337436209e-07,0.4974810481071472,0.840361475944519,-0.021324405446648598,0.5705896615982056,0.7416974902153015,-0.023026281967759132,0.628993570804596,0.6598056554794312,-0.018401309847831726,0.6765222549438477,0.5956291556358337,-0.011087119579315186,0.47058868408203125,0.5863003134727478,-0.01671111397445202,0.4907682240009308,0.44695308804512024,0.0005217099096626043,0.4970782995223999,0.3695060610771179,0.014304712414741516,0.49672195315361023,0.31247401237487793,0.022469958290457726,0.39757323265075684,0.5785579681396484,-0.0022475288715213537,0.39887088537216187,0.424302339553833,0.02097732201218605,0.40212756395339966,0.3431866466999054,0.03407014161348343,0.39909273386001587,0.2851582169532776,0.0398862287402153,0.3386850357055664,0.6030266880989075,0.013266458176076412,0.34570252895355225,0.49436381459236145,0.028033319860696793,0.36493855714797974,0.5199548602104187,0.03762882947921753,0.3690958023071289,0.5591464042663574,0.04410405084490776,0.2976147532463074,0.6433391571044922,0.027128905057907104,0.3134065270423889,0.5875012874603271,0.037278566509485245,0.3356972634792328,0.610573410987854,0.04729247838258743,0.34706300497055054,0.6464875340461731,0.05677762255072594,Wrong
0.3828525245189667,0.9075958132743835,2.9492571229639e-07,0.4976746439933777,0.8499312400817871,-0.006491224281489849,0.5697084069252014,0.7609685063362122,-0.007167923729866743,0.6259540915489197,0.6725972890853882,-0.006481642834842205,0.6668764352798462,0.6052654981613159,-0.006690015085041523,0.4718615710735321,0.6030943393707275,-0.014758773148059845,0.4913959801197052,0.45288461446762085,-0.014409574680030346,0.49920549988746643,0.3733362555503845,-0.013975055888295174,0.5012366771697998,0.31261271238327026,-0.016287589445710182,0.40422528982162476,0.5895060300827026,-0.01707584597170353,0.39726245403289795,0.42330244183540344,-0.018756549805402756,0.3935694396495819,0.3369375765323639,-0.025596758350729942,0.39150911569595337,0.2729565501213074,-0.03433116897940636,0.3457750678062439,0.6071804761886597,-0.018325185403227806,0.3203507959842682,0.4609244465827942,-0.024685412645339966,0.3137012720108032,0.3776974678039551,-0.03727134317159653,0.30892205238342285,0.3171895444393158,-0.04939180240035057,0.30278968811035156,0.6488929986953735,-0.018995588645339012,0.2636396586894989,0.5550481677055359,-0.02773871272802353,0.24148473143577576,0.49482640624046326,-0.03531920164823532,0.22719955444335938,0.44602635502815247,-0.041132211685180664,Wrong
0.3809066414833069,0.9010807275772095,3.868958913244569e-07,0.49487578868865967,0.8463231325149536,-0.013199973851442337,0.5662558674812317,0.759975254535675,-0.01525881327688694,0.6209533214569092,0.6713835597038269,-0.015327626839280128,0.6594862937927246,0.6034796833992004,-0.015491217374801636,0.4658610224723816,0.5935154557228088,-0.011595780961215496,0.4857434034347534,0.4507412314414978,-0.011021752841770649,0.4934494197368622,0.37425440549850464,-0.011936848983168602,0.4969747066497803,0.31678375601768494,-0.015361818484961987,0.3968343436717987,0.5781431794166565,-0.011184855364263058,0.3909655511379242,0.42007312178611755,-0.012029645033180714,0.38849619030952454,0.3361305296421051,-0.019595688208937645,0.38819852471351624,0.2741644084453583,-0.028978632763028145,0.3375922441482544,0.5951961874961853,-0.010997398756444454,0.31577396392822266,0.45516449213027954,-0.016191957518458366,0.3099099397659302,0.37476813793182373,-0.027950281277298927,0.30709171295166016,0.3165936768054962,-0.03971942886710167,0.2935296893119812,0.637177050113678,-0.011278009973466396,0.2552608251571655,0.5473885536193848,-0.01957082189619541,0.23410308361053467,0.49011385440826416,-0.02666930854320526,0.22230935096740723,0.44463807344436646,-0.03215654939413071,Wrong
0.3802293539047241,0.9052292704582214,4.0346958485315554e-07,0.49472281336784363,0.8491258025169373,-0.013688508421182632,0.564561665058136,0.7612833976745605,-0.015893012285232544,0.6184573173522949,0.6714310050010681,-0.015952546149492264,0.658892035484314,0.6055232882499695,-0.016079260036349297,0.4638456702232361,0.5956998467445374,-0.012488683685660362,0.4843551516532898,0.4543018937110901,-0.012416936457157135,0.4920501410961151,0.3771284520626068,-0.01374076958745718,0.4953233003616333,0.319608211517334,-0.017242049798369408,0.39498457312583923,0.5784198045730591,-0.011057521216571331,0.39093324542045593,0.4208570718765259,-0.01195896789431572,0.3892413079738617,0.3346491754055023,-0.01971232332289219,0.388410359621048,0.27067193388938904,-0.029108883813023567,0.33579373359680176,0.594602108001709,-0.0097339553758502,0.3146212100982666,0.4549146294593811,-0.014886965043842793,0.3078519105911255,0.373422771692276,-0.027728093788027763,0.3031238317489624,0.3146655857563019,-0.04011992737650871,0.2921464443206787,0.6357201933860779,-0.008771983906626701,0.25508856773376465,0.5472524166107178,-0.01720065250992775,0.23437708616256714,0.491308331489563,-0.024983583018183708,0.22197386622428894,0.4472878575325012,-0.030814701691269875,Wrong
0.380525141954422,0.9029034376144409,4.070312513704266e-07,0.49371209740638733,0.8501909375190735,-0.01435119193047285,0.5643606781959534,0.7633296251296997,-0.017068253830075264,0.618257999420166,0.6734877824783325,-0.017724407836794853,0.6581162214279175,0.6068364977836609,-0.018599051982164383,0.4633307456970215,0.5948724746704102,-0.01303233951330185,0.4847773015499115,0.45305079221725464,-0.013409953564405441,0.49209722876548767,0.3754771947860718,-0.014917172491550446,0.49455785751342773,0.31834620237350464,-0.018470188602805138,0.3944063186645508,0.5782959461212158,-0.012072393670678139,0.39106523990631104,0.4214572608470917,-0.012958063744008541,0.3895650804042816,0.3351171612739563,-0.02094212919473648,0.3886464238166809,0.27141520380973816,-0.03050837852060795,0.3360496461391449,0.5953301787376404,-0.011388713493943214,0.3144553005695343,0.45579904317855835,-0.01674966886639595,0.30817529559135437,0.3747903108596802,-0.029842695221304893,0.30420029163360596,0.31591323018074036,-0.04242680221796036,0.2930782735347748,0.6366164684295654,-0.011178507469594479,0.25450074672698975,0.5473886728286743,-0.020353607833385468,0.23295852541923523,0.49049967527389526,-0.028717514127492905,0.22037675976753235,0.44575729966163635,-0.03491070494055748,Wrong
0.38162118196487427,0.898571789264679,4.1786404381127795e-07,0.4966881573200226,0.8477082848548889,-0.016286641359329224,0.5666426420211792,0.7620031833648682,-0.01940956339240074,0.6198773384094238,0.6720848083496094,-0.02036149613559246,0.6603305339813232,0.6062211394309998,-0.021527109667658806,0.46529412269592285,0.5913093090057373,-0.011966847814619541,0.48604100942611694,0.4512137174606323,-0.011917781084775925,0.4939601719379425,0.3748471140861511,-0.01391606219112873,0.49726101756095886,0.317271888256073,-0.018262598663568497,0.3961161971092224,0.5755377411842346,-0.010371551848948002,0.39140209555625916,0.4200223684310913,-0.010839072056114674,0.38986319303512573,0.3356575667858124,-0.019247302785515785,0.38907912373542786,0.27335649728775024,-0.029387231916189194,0.33707472681999207,0.5937957763671875,-0.009436363354325294,0.3159865140914917,0.4549074172973633,-0.01531780231744051,0.3102986812591553,0.3750879764556885,-0.028630495071411133,0.30643659830093384,0.31706488132476807,-0.04132465273141861,0.29350969195365906,0.6363952159881592,-0.009184818714857101,0.255806565284729,0.5469291806221008,-0.01941252127289772,0.23511406779289246,0.4899492859840393,-0.028206756338477135,0.22299683094024658,0.44454312324523926,-0.03462141752243042,Wrong
0.3819289207458496,0.9019818902015686,3.7010522646596655e-07,0.4971078336238861,0.8477451801300049,-0.012315906584262848,0.5674558877944946,0.7610054612159729,-0.014028284698724747,0.6225510239601135,0.6703096628189087,-0.013859161175787449,0.6638723611831665,0.6036732792854309,-0.013851918280124664,0.4669800102710724,0.5948947668075562,-0.01009605173021555,0.48615676164627075,0.45046237111091614,-0.008482549339532852,0.4937264323234558,0.37427064776420593,-0.008552600629627705,0.4972578287124634,0.31715214252471924,-0.011460617184638977,0.3979986608028412,0.580267608165741,-0.009332917630672455,0.3910161256790161,0.42064082622528076,-0.00917027983814478,0.3889496326446533,0.33698123693466187,-0.01587037555873394,0.3896062672138214,0.2752455770969391,-0.024683482944965363,0.339222252368927,0.5983771681785583,-0.008770807646214962,0.31624144315719604,0.4572398066520691,-0.0135728744789958,0.3112336993217468,0.37604933977127075,-0.02532884106040001,0.3092159032821655,0.31679773330688477,-0.037100162357091904,0.29653215408325195,0.6407731175422668,-0.008518943563103676,0.25830763578414917,0.5511682033538818,-0.016606664285063744,0.23817408084869385,0.4937553107738495,-0.024096312001347542,0.22720879316329956,0.44779086112976074,-0.029936861246824265,Wrong
0.3827388286590576,0.9017952680587769,4.0810928680912184e-07,0.49749094247817993,0.8487061262130737,-0.012917348183691502,0.5669398307800293,0.7618053555488586,-0.014370676130056381,0.6202670335769653,0.6716001629829407,-0.0134476562961936,0.6609510779380798,0.606093168258667,-0.012370890937745571,0.4654759168624878,0.5927756428718567,-0.0114507507532835,0.4871807396411896,0.4535079002380371,-0.009893232956528664,0.4949646592140198,0.37774115800857544,-0.009756354615092278,0.49772337079048157,0.32103264331817627,-0.012377426959574223,0.39603906869888306,0.5769285559654236,-0.009942593984305859,0.39268988370895386,0.4203525185585022,-0.010923441499471664,0.3917369842529297,0.33535242080688477,-0.017991019412875175,0.3907173275947571,0.2724016308784485,-0.026564275845885277,0.3369130492210388,0.5951211452484131,-0.008394252508878708,0.3148691654205322,0.45564764738082886,-0.014076787047088146,0.3084351420402527,0.37429577112197876,-0.026198353618383408,0.3037031292915344,0.3150600790977478,-0.037581317126750946,0.2941475212574005,0.6380391120910645,-0.007008072920143604,0.2563595771789551,0.549314022064209,-0.0151877636089921,0.23589330911636353,0.49285584688186646,-0.022606516256928444,0.22387680411338806,0.44806626439094543,-0.028046874329447746,Wrong
0.38325774669647217,0.8990160226821899,4.0841169379746134e-07,0.4976710379123688,0.8495924472808838,-0.015031817369163036,0.5671681761741638,0.7623735070228577,-0.017699267715215683,0.6197463274002075,0.6719003319740295,-0.01796211488544941,0.66065913438797,0.6058792471885681,-0.0182824544608593,0.4667186737060547,0.5937243103981018,-0.013102896511554718,0.4864989221096039,0.45143264532089233,-0.012425628490746021,0.4932763874530792,0.37537503242492676,-0.012878065928816795,0.49601471424102783,0.318541944026947,-0.015986092388629913,0.3978637754917145,0.5786744952201843,-0.0115297706797719,0.3917538821697235,0.42061546444892883,-0.012301083654165268,0.38997334241867065,0.3364350497722626,-0.019685735926032066,0.3899275064468384,0.2749573290348053,-0.028739022091031075,0.3389175534248352,0.5968977212905884,-0.010268834419548512,0.3160567879676819,0.4560387134552002,-0.016615962609648705,0.3108636438846588,0.37544360756874084,-0.02906969003379345,0.3080853819847107,0.31720584630966187,-0.040824856609106064,0.2959224581718445,0.6392471194267273,-0.009434813633561134,0.2570415139198303,0.5496256947517395,-0.019730355590581894,0.2357340157032013,0.49244824051856995,-0.028110332787036896,0.22312197089195251,0.4466140866279602,-0.034062158316373825,Wrong
0.38325774669647217,0.8990160226821899,4.0841169379746134e-07,0.4976710379123688,0.8495924472808838,-0.015031817369163036,0.5671681761741638,0.7623735070228577,-0.017699267715215683,0.6197463274002075,0.6719003319740295,-0.01796211488544941,0.66065913438797,0.6058792471885681,-0.0182824544608593,0.4667186737060547,0.5937243103981018,-0.013102896511554718,0.4864989221096039,0.45143264532089233,-0.012425628490746021,0.4932763874530792,0.37537503242492676,-0.012878065928816795,0.49601471424102783,0.318541944026947,-0.015986092388629913,0.3978637754917145,0.5786744952201843,-0.0115297706797719,0.3917538821697235,0.42061546444892883,-0.012301083654165268,0.38997334241867065,0.3364350497722626,-0.019685735926032066,0.3899275064468384,0.2749573290348053,-0.028739022091031075,0.3389175534248352,0.5968977212905884,-0.010268834419548512,0.3160567879676819,0.4560387134552002,-0.016615962609648705,0.3108636438846588,0.37544360756874084,-0.02906969003379345,0.3080853819847107,0.31720584630966187,-0.040824856609106064,0.2959224581718445,0.6392471194267273,-0.009434813633561134,0.2570415139198303,0.5496256947517395,-0.019730355590581894,0.2357340157032013,0.49244824051856995,-0.028110332787036896,0.22312197089195251,0.4466140866279602,-0.034062158316373825,Wrong
0.38067513704299927,0.9057913422584534,3.20136933851245e-07,0.49635210633277893,0.847000777721405,-0.00724169984459877,0.5678877830505371,0.7585760951042175,-0.006109702866524458,0.6225976347923279,0.669705867767334,-0.0035150235053151846,0.6628859639167786,0.6040735840797424,-0.0011442131362855434,0.467111736536026,0.5934988260269165,-0.007915468886494637,0.4886530041694641,0.4501878619194031,-0.005391915328800678,0.49573642015457153,0.3743082880973816,-0.004541160073131323,0.49817726016044617,0.31650689244270325,-0.006607126910239458,0.3981046676635742,0.5784704685211182,-0.00849989615380764,0.3918495178222656,0.42007336020469666,-0.008691206574440002,0.3887244760990143,0.33545660972595215,-0.015140000730752945,0.3881811499595642,0.2728247046470642,-0.023539645597338676,0.33901447057724,0.5962278842926025,-0.008570306934416294,0.3157808184623718,0.45511317253112793,-0.012717511504888535,0.309867262840271,0.37293872237205505,-0.024177629500627518,0.30686551332473755,0.31309863924980164,-0.03557068482041359,0.2951977849006653,0.6382101774215698,-0.008377838879823685,0.2573317289352417,0.5485555529594421,-0.014166145585477352,0.2374744415283203,0.491323858499527,-0.02023293264210224,0.22659102082252502,0.44645944237709045,-0.025162220001220703,Wrong
0.38067513704299927,0.9057913422584534,3.20136933851245e-07,0.49635210633277893,0.847000777721405,-0.00724169984459877,0.5678877830505371,0.7585760951042175,-0.006109702866524458,0.6225976347923279,0.669705867767334,-0.0035150235053151846,0.6628859639167786,0.6040735840797424,-0.0011442131362855434,0.467111736536026,0.5934988260269165,-0.007915468886494637,0.4886530041694641,0.4501878619194031,-0.005391915328800678,0.49573642015457153,0.3743082880973816,-0.004541160073131323,0.49817726016044617,0.31650689244270325,-0.006607126910239458,0.3981046676635742,0.5784704685211182,-0.00849989615380764,0.3918495178222656,0.42007336020469666,-0.008691206574440002,0.3887244760990143,0.33545660972595215,-0.015140000730752945,0.3881811499595642,0.2728247046470642,-0.023539645597338676,0.33901447057724,0.5962278842926025,-0.008570306934416294,0.3157808184623718,0.45511317253112793,-0.012717511504888535,0.309867262840271,0.37293872237205505,-0.024177629500627518,0.30686551332473755,0.31309863924980164,-0.03557068482041359,0.2951977849006653,0.6382101774215698,-0.008377838879823685,0.2573317289352417,0.5485555529594421,-0.014166145585477352,0.2374744415283203,0.491323858499527,-0.02023293264210224,0.22659102082252502,0.44645944237709045,-0.025162220001220703,Wrong
0.13888952136039734,0.849897027015686,9.903639011099585e-07,0.13308966159820557,0.6801194548606873,-0.048028312623500824,0.16661256551742554,0.5316717624664307,-0.07858403027057648,0.18779616057872772,0.4034750163555145,-0.10699726641178131,0.1876262128353119,0.304811954498291,-0.13598862290382385,0.3869878649711609,0.6016059517860413,-0.023018280044198036,0.4908607602119446,0.5922308564186096,-0.03798849135637283,0.5533753633499146,0.6037020087242126,-0.062427621334791183,0.6073087453842163,0.6135847568511963,-0.08451241999864578,0.4176144301891327,0.6774967312812805,-0.020054737105965614,0.5337640643119812,0.6790128350257874,-0.02315359003841877,0.6048622131347656,0.6832157969474792,-0.04203951358795166,0.6656476259231567,0.6903011798858643,-0.06249920278787613,0.41891834139823914,0.7493208646774292,-0.023920338600873947,0.5281055569648743,0.7497103810310364,-0.02635389007627964,0.5956418514251709,0.7483997344970703,-0.04661028832197189,0.6537569165229797,0.7414218187332153,-0.06770750880241394,0.39693188667297363,0.8208683729171753,-0.033976949751377106,0.48010289669036865,0.8290095925331116,-0.0396001897752285,0.5306493639945984,0.8222448825836182,-0.04863089323043823,0.5772340297698975,0.8056395649909973,-0.059144772589206696,Wrong
0.15795722603797913,0.8271645307540894,8.15520536434633e-07,0.163983553647995,0.6790611147880554,-0.04483436793088913,0.2008463442325592,0.5481659173965454,-0.07388191670179367,0.21622581779956818,0.43062934279441833,-0.10250110179185867,0.21975873410701752,0.3469008207321167,-0.13303828239440918,0.3894304037094116,0.6280966401100159,-0.0165645070374012,0.48683077096939087,0.622635006904602,-0.0240273829549551,0.5444756150245667,0.6291261315345764,-0.042239923030138016,0.5912981033325195,0.6305323839187622,-0.060211289674043655,0.4133378863334656,0.6970394849777222,-0.013238969258964062,0.5213642716407776,0.6986324191093445,-0.009581796824932098,0.586884081363678,0.7013469934463501,-0.025060435757040977,0.638607382774353,0.7034940123558044,-0.04355982318520546,0.4134058654308319,0.7655978798866272,-0.016441496089100838,0.5137957334518433,0.7625657916069031,-0.010489199310541153,0.5731072425842285,0.7616031765937805,-0.027700690552592278,0.6246064901351929,0.7541166543960571,-0.0478735975921154,0.3948388993740082,0.8345366716384888,-0.02606871724128723,0.47392573952674866,0.8376909494400024,-0.026495417580008507,0.5219665169715881,0.8279181122779846,-0.03432696685194969,0.5647183656692505,0.8083810806274414,-0.04451657086610794,Wrong
0.15795722603797913,0.8271645307540894,8.15520536434633e-07,0.163983553647995,0.6790611147880554,-0.04483436793088913,0.2008463442325592,0.5481659173965454,-0.07388191670179367,0.21622581779956818,0.43062934279441833,-0.10250110179185867,0.21975873410701752,0.3469008207321167,-0.13303828239440918,0.3894304037094116,0.6280966401100159,-0.0165645070374012,0.48683077096939087,0.622635006904602,-0.0240273829549551,0.5444756150245667,0.6291261315345764,-0.042239923030138016,0.5912981033325195,0.6305323839187622,-0.060211289674043655,0.4133378863334656,0.6970394849777222,-0.013238969258964062,0.5213642716407776,0.6986324191093445,-0.009581796824932098,0.586884081363678,0.7013469934463501,-0.025060435757040977,0.638607382774353,0.7034940123558044,-0.04355982318520546,0.4134058654308319,0.7655978798866272,-0.016441496089100838,0.5137957334518433,0.7625657916069031,-0.010489199310541153,0.5731072425842285,0.7616031765937805,-0.027700690552592278,0.6246064901351929,0.7541166543960571,-0.0478735975921154,0.3948388993740082,0.8345366716384888,-0.02606871724128723,0.47392573952674866,0.8376909494400024,-0.026495417580008507,0.5219665169715881,0.8279181122779846,-0.03432696685194969,0.5647183656692505,0.8083810806274414,-0.04451657086610794,Wrong
0.15795722603797913,0.8271645307540894,8.15520536434633e-07,0.163983553647995,0.6790611147880554,-0.04483436793088913,0.2008463442325592,0.5481659173965454,-0.07388191670179367,0.21622581779956818,0.43062934279441833,-0.10250110179185867,0.21975873410701752,0.3469008207321167,-0.13303828239440918,0.3894304037094116,0.6280966401100159,-0.0165645070374012,0.48683077096939087,0.622635006904602,-0.0240273829549551,0.5444756150245667,0.6291261315345764,-0.042239923030138016,0.5912981033325195,0.6305323839187622,-0.060211289674043655,0.4133378863334656,0.6970394849777222,-0.013238969258964062,0.5213642716407776,0.6986324191093445,-0.009581796824932098,0.586884081363678,0.7013469934463501,-0.025060435757040977,0.638607382774353,0.7034940123558044,-0.04355982318520546,0.4134058654308319,0.7655978798866272,-0.016441496089100838,0.5137957334518433,0.7625657916069031,-0.010489199310541153,0.5731072425842285,0.7616031765937805,-0.027700690552592278,0.6246064901351929,0.7541166543960571,-0.0478735975921154,0.3948388993740082,0.8345366716384888,-0.02606871724128723,0.47392573952674866,0.8376909494400024,-0.026495417580008507,0.5219665169715881,0.8279181122779846,-0.03432696685194969,0.5647183656692505,0.8083810806274414,-0.04451657086610794,Wrong
0.15795722603797913,0.8271645307540894,8.15520536434633e-07,0.163983553647995,0.6790611147880554,-0.04483436793088913,0.2008463442325592,0.5481659173965454,-0.07388191670179367,0.21622581779956818,0.43062934279441833,-0.10250110179185867,0.21975873410701752,0.3469008207321167,-0.13303828239440918,0.3894304037094116,0.6280966401100159,-0.0165645070374012,0.48683077096939087,0.622635006904602,-0.0240273829549551,0.5444756150245667,0.6291261315345764,-0.042239923030138016,0.5912981033325195,0.6305323839187622,-0.060211289674043655,0.4133378863334656,0.6970394849777222,-0.013238969258964062,0.5213642716407776,0.6986324191093445,-0.009581796824932098,0.586884081363678,0.7013469934463501,-0.025060435757040977,0.638607382774353,0.7034940123558044,-0.04355982318520546,0.4134058654308319,0.7655978798866272,-0.016441496089100838,0.5137957334518433,0.7625657916069031,-0.010489199310541153,0.5731072425842285,0.7616031765937805,-0.027700690552592278,0.6246064901351929,0.7541166543960571,-0.0478735975921154,0.3948388993740082,0.8345366716384888,-0.02606871724128723,0.47392573952674866,0.8376909494400024,-0.026495417580008507,0.5219665169715881,0.8279181122779846,-0.03432696685194969,0.5647183656692505,0.8083810806274414,-0.04451657086610794,Wrong
0.15795722603797913,0.8271645307540894,8.15520536434633e-07,0.163983553647995,0.6790611147880554,-0.04483436793088913,0.2008463442325592,0.5481659173965454,-0.07388191670179367,0.21622581779956818,0.43062934279441833,-0.10250110179185867,0.21975873410701752,0.3469008207321167,-0.13303828239440918,0.3894304037094116,0.6280966401100159,-0.0165645070374012,0.48683077096939087,0.622635006904602,-0.0240273829549551,0.5444756150245667,0.6291261315345764,-0.042239923030138016,0.5912981033325195,0.6305323839187622,-0.060211289674043655,0.4133378863334656,0.6970394849777222,-0.013238969258964062,0.5213642716407776,0.6986324191093445,-0.009581796824932098,0.586884081363678,0.7013469934463501,-0.025060435757040977,0.638607382774353,0.7034940123558044,-0.04355982318520546,0.4134058654308319,0.7655978798866272,-0.016441496089100838,0.5137957334518433,0.7625657916069031,-0.010489199310541153,0.5731072425842285,0.7616031765937805,-0.027700690552592278,0.6246064901351929,0.7541166543960571,-0.0478735975921154,0.3948388993740082,0.8345366716384888,-0.02606871724128723,0.47392573952674866,0.8376909494400024,-0.026495417580008507,0.5219665169715881,0.8279181122779846,-0.03432696685194969,0.5647183656692505,0.8083810806274414,-0.04451657086610794,Wrong
0.1570664346218109,0.8192919492721558,8.057529043981049e-07,0.16255241632461548,0.6745840311050415,-0.045891351997852325,0.19924971461296082,0.5447534918785095,-0.07717899233102798,0.2162640541791916,0.4264187514781952,-0.10711580514907837,0.22272764146327972,0.3403240740299225,-0.13867555558681488,0.3866536617279053,0.6267692446708679,-0.025033269077539444,0.48282039165496826,0.6200888156890869,-0.035645369440317154,0.5404420495033264,0.6286030411720276,-0.055564746260643005,0.5878300666809082,0.6330596804618835,-0.07424451410770416,0.4108178913593292,0.6941179037094116,-0.020903412252664566,0.5163826942443848,0.6930884122848511,-0.021065624430775642,0.580751359462738,0.6962437033653259,-0.03815304860472679,0.6313797235488892,0.7002806663513184,-0.057305194437503815,0.41129881143569946,0.7616205215454102,-0.022547056898474693,0.5116177201271057,0.7569993734359741,-0.01922687515616417,0.5712375640869141,0.7546831369400024,-0.03621416911482811,0.6231696605682373,0.7467698454856873,-0.05582113564014435,0.39313390851020813,0.8294026851654053,-0.030292894691228867,0.4734993278980255,0.8320571184158325,-0.03163541108369827,0.5204461812973022,0.82101970911026,-0.0383354052901268,0.5619130730628967,0.8006259799003601,-0.047308873385190964,Wrong
0.1570664346218109,0.8192919492721558,8.057529043981049e-07,0.16255241632461548,0.6745840311050415,-0.045891351997852325,0.19924971461296082,0.5447534918785095,-0.07717899233102798,0.2162640541791916,0.4264187514781952,-0.10711580514907837,0.22272764146327972,0.3403240740299225,-0.13867555558681488,0.3866536617279053,0.6267692446708679,-0.025033269077539444,0.48282039165496826,0.6200888156890869,-0.035645369440317154,0.5404420495033264,0.6286030411720276,-0.055564746260643005,0.5878300666809082,0.6330596804618835,-0.07424451410770416,0.4108178913593292,0.6941179037094116,-0.020903412252664566,0.5163826942443848,0.6930884122848511,-0.021065624430775642,0.580751359462738,0.6962437033653259,-0.03815304860472679,0.6313797235488892,0.7002806663513184,-0.057305194437503815,0.41129881143569946,0.7616205215454102,-0.022547056898474693,0.5116177201271057,0.7569993734359741,-0.01922687515616417,0.5712375640869141,0.7546831369400024,-0.03621416911482811,0.6231696605682373,0.7467698454856873,-0.05582113564014435,0.39313390851020813,0.8294026851654053,-0.030292894691228867,0.4734993278980255,0.8320571184158325,-0.03163541108369827,0.5204461812973022,0.82101970911026,-0.0383354052901268,0.5619130730628967,0.8006259799003601,-0.047308873385190964,Wrong
0.15577691793441772,0.8147183060646057,8.985653607851418e-07,0.16157618165016174,0.6621523499488831,-0.03426143899559975,0.19985434412956238,0.534849226474762,-0.05457397550344467,0.21443745493888855,0.41992810368537903,-0.07743214070796967,0.21920745074748993,0.33782243728637695,-0.1030876636505127,0.3850897550582886,0.610771656036377,0.016153927892446518,0.4846363067626953,0.6051616668701172,0.023867379873991013,0.5413618087768555,0.6117097735404968,0.012828284874558449,0.5871837139129639,0.6120789647102356,-0.001336646731942892,0.4079364836215973,0.6805997490882874,0.01677584834396839,0.5189754962921143,0.6764954924583435,0.03598495200276375,0.586779773235321,0.6792178153991699,0.0238630510866642,0.6364542245864868,0.6807423830032349,0.0062656826339662075,0.41051799058914185,0.7497768998146057,0.010620519518852234,0.5113706588745117,0.7394313812255859,0.03086388297379017,0.5715022683143616,0.736919641494751,0.016513489186763763,0.6226218938827515,0.7281239032745361,-0.003576073795557022,0.3937404751777649,0.8206108808517456,-0.0020106807351112366,0.47613590955734253,0.8151374459266663,0.007839585654437542,0.5242710113525391,0.8014737963676453,0.0036311594303697348,0.5667203664779663,0.7792045474052429,-0.005485618487000465,Wrong
0.15120065212249756,0.815845787525177,8.363143706446863e-07,0.1623724102973938,0.665655255317688,-0.04047924280166626,0.20400457084178925,0.5331947207450867,-0.06449397653341293,0.2189992219209671,0.41685202717781067,-0.08918694406747818,0.2204301357269287,0.33496174216270447,-0.11559024453163147,0.38598689436912537,0.6123126149177551,0.001253546797670424,0.4840516149997711,0.6050012707710266,0.0016109588323161006,0.5408363342285156,0.6119586825370789,-0.013370070606470108,0.5873111486434937,0.6132562756538391,-0.030204899609088898,0.4099348783493042,0.6809664964675903,0.0029535475187003613,0.5196946859359741,0.6756997108459473,0.012703805230557919,0.5866876244544983,0.6783559322357178,-0.0027741019148379564,0.6385285258293152,0.6799855828285217,-0.021794090047478676,0.41199344396591187,0.750227153301239,-0.0022075341548770666,0.5127994418144226,0.7392884492874146,0.008636041544377804,0.5734607577323914,0.736506998538971,-0.008829114958643913,0.6258251667022705,0.7277329564094543,-0.02963230386376381,0.39493152499198914,0.8216153383255005,-0.013839703984558582,0.47548654675483704,0.8168209195137024,-0.01089579425752163,0.5243383049964905,0.8030151128768921,-0.017940081655979156,0.5682748556137085,0.7817241549491882,-0.02811654657125473,Wrong
0.16103699803352356,0.8040637969970703,8.273967750938027e-07,0.1712552011013031,0.655590832233429,-0.035989370197057724,0.2077093869447708,0.5291143655776978,-0.05874117836356163,0.22299149632453918,0.41330185532569885,-0.08371677994728088,0.2274690568447113,0.33605489134788513,-0.11134860664606094,0.3891857862472534,0.6096651554107666,0.007341536693274975,0.4846923351287842,0.6063538193702698,0.009384660050272942,0.5411604046821594,0.6152330040931702,-0.004420318640768528,0.5870888829231262,0.618134617805481,-0.020356664434075356,0.4140762388706207,0.6800100207328796,0.007648739963769913,0.522750735282898,0.674801230430603,0.021392904222011566,0.5885460376739502,0.6772039532661438,0.008106389082968235,0.6390788555145264,0.6769580245018005,-0.009737941436469555,0.41687092185020447,0.7517943382263184,0.0012775392970070243,0.5161294937133789,0.7397198677062988,0.015351289883255959,0.5767034888267517,0.736549437046051,-0.0007777546416036785,0.6294291615486145,0.7254840135574341,-0.020893249660730362,0.3993161618709564,0.8244147300720215,-0.011392016895115376,0.4805683195590973,0.8191985487937927,-0.007749586831778288,0.5288722515106201,0.8052709102630615,-0.014528878033161163,0.5715892910957336,0.781448245048523,-0.02420572005212307,Wrong
0.16103699803352356,0.8040637969970703,8.273967750938027e-07,0.1712552011013031,0.655590832233429,-0.035989370197057724,0.2077093869447708,0.5291143655776978,-0.05874117836356163,0.22299149632453918,0.41330185532569885,-0.08371677994728088,0.2274690568447113,0.33605489134788513,-0.11134860664606094,0.3891857862472534,0.6096651554107666,0.007341536693274975,0.4846923351287842,0.6063538193702698,0.009384660050272942,0.5411604046821594,0.6152330040931702,-0.004420318640768528,0.5870888829231262,0.618134617805481,-0.020356664434075356,0.4140762388706207,0.6800100207328796,0.007648739963769913,0.522750735282898,0.674801230430603,0.021392904222011566,0.5885460376739502,0.6772039532661438,0.008106389082968235,0.6390788555145264,0.6769580245018005,-0.009737941436469555,0.41687092185020447,0.7517943382263184,0.0012775392970070243,0.5161294937133789,0.7397198677062988,0.015351289883255959,0.5767034888267517,0.736549437046051,-0.0007777546416036785,0.6294291615486145,0.7254840135574341,-0.020893249660730362,0.3993161618709564,0.8244147300720215,-0.011392016895115376,0.4805683195590973,0.8191985487937927,-0.007749586831778288,0.5288722515106201,0.8052709102630615,-0.014528878033161163,0.5715892910957336,0.781448245048523,-0.02420572005212307,Wrong
0.16103699803352356,0.8040637969970703,8.273967750938027e-07,0.1712552011013031,0.655590832233429,-0.035989370197057724,0.2077093869447708,0.5291143655776978,-0.05874117836356163,0.22299149632453918,0.41330185532569885,-0.08371677994728088,0.2274690568447113,0.33605489134788513,-0.11134860664606094,0.3891857862472534,0.6096651554107666,0.007341536693274975,0.4846923351287842,0.6063538193702698,0.009384660050272942,0.5411604046821594,0.6152330040931702,-0.004420318640768528,0.5870888829231262,0.618134617805481,-0.020356664434075356,0.4140762388706207,0.6800100207328796,0.007648739963769913,0.522750735282898,0.674801230430603,0.021392904222011566,0.5885460376739502,0.6772039532661438,0.008106389082968235,0.6390788555145264,0.6769580245018005,-0.009737941436469555,0.41687092185020447,0.7517943382263184,0.0012775392970070243,0.5161294937133789,0.7397198677062988,0.015351289883255959,0.5767034888267517,0.736549437046051,-0.0007777546416036785,0.6294291615486145,0.7254840135574341,-0.020893249660730362,0.3993161618709564,0.8244147300720215,-0.011392016895115376,0.4805683195590973,0.8191985487937927,-0.007749586831778288,0.5288722515106201,0.8052709102630615,-0.014528878033161163,0.5715892910957336,0.781448245048523,-0.02420572005212307,Wrong
0.1550116240978241,0.8168652057647705,8.146635650518874e-07,0.16480615735054016,0.6650859713554382,-0.03694339469075203,0.20557796955108643,0.5317615270614624,-0.06024781987071037,0.2238759845495224,0.41516628861427307,-0.08477970212697983,0.22806651890277863,0.33278489112854004,-0.11147374659776688,0.3874291479587555,0.6154159903526306,0.0034517247695475817,0.48574700951576233,0.6075477004051208,0.005736683029681444,0.5425747036933899,0.613161027431488,-0.008029713295400143,0.5893639326095581,0.6130545735359192,-0.0242176316678524,0.4117980897426605,0.6828997135162354,0.004285525064915419,0.5199900269508362,0.6803058385848999,0.016595179215073586,0.586167573928833,0.681938886642456,0.002687175991013646,0.6368780732154846,0.6819326281547546,-0.015556042082607746,0.4140019416809082,0.7508718967437744,-0.001169275608845055,0.5137637257575989,0.7423700094223022,0.013188463635742664,0.5740166306495667,0.7400938272476196,-0.0022113402374088764,0.6258648633956909,0.7306475043296814,-0.02240808494389057,0.39637625217437744,0.8207929730415344,-0.012878875248134136,0.47642961144447327,0.8186121582984924,-0.0065593235194683075,0.524586021900177,0.8060314059257507,-0.011567637324333191,0.5670041441917419,0.7849810123443604,-0.02079080045223236,Wrong
0.1550116240978241,0.8168652057647705,8.146635650518874e-07,0.16480615735054016,0.6650859713554382,-0.03694339469075203,0.20557796955108643,0.5317615270614624,-0.06024781987071037,0.2238759845495224,0.41516628861427307,-0.08477970212697983,0.22806651890277863,0.33278489112854004,-0.11147374659776688,0.3874291479587555,0.6154159903526306,0.0034517247695475817,0.48574700951576233,0.6075477004051208,0.005736683029681444,0.5425747036933899,0.613161027431488,-0.008029713295400143,0.5893639326095581,0.6130545735359192,-0.0242176316678524,0.4117980897426605,0.6828997135162354,0.004285525064915419,0.5199900269508362,0.6803058385848999,0.016595179215073586,0.586167573928833,0.681938886642456,0.002687175991013646,0.6368780732154846,0.6819326281547546,-0.015556042082607746,0.4140019416809082,0.7508718967437744,-0.001169275608845055,0.5137637257575989,0.7423700094223022,0.013188463635742664,0.5740166306495667,0.7400938272476196,-0.0022113402374088764,0.6258648633956909,0.7306475043296814,-0.02240808494389057,0.39637625217437744,0.8207929730415344,-0.012878875248134136,0.47642961144447327,0.8186121582984924,-0.0065593235194683075,0.524586021900177,0.8060314059257507,-0.011567637324333191,0.5670041441917419,0.7849810123443604,-0.02079080045223236,Wrong
0.1550116240978241,0.8168652057647705,8.146635650518874e-07,0.16480615735054016,0.6650859713554382,-0.03694339469075203,0.20557796955108643,0.5317615270614624,-0.06024781987071037,0.2238759845495224,0.41516628861427307,-0.08477970212697983,0.22806651890277863,0.33278489112854004,-0.11147374659776688,0.3874291479587555,0.6154159903526306,0.0034517247695475817,0.48574700951576233,0.6075477004051208,0.005736683029681444,0.5425747036933899,0.613161027431488,-0.008029713295400143,0.5893639326095581,0.6130545735359192,-0.0242176316678524,0.4117980897426605,0.6828997135162354,0.004285525064915419,0.5199900269508362,0.6803058385848999,0.016595179215073586,0.586167573928833,0.681938886642456,0.002687175991013646,0.6368780732154846,0.6819326281547546,-0.015556042082607746,0.4140019416809082,0.7508718967437744,-0.001169275608845055,0.5137637257575989,0.7423700094223022,0.013188463635742664,0.5740166306495667,0.7400938272476196,-0.0022113402374088764,0.6258648633956909,0.7306475043296814,-0.02240808494389057,0.39637625217437744,0.8207929730415344,-0.012878875248134136,0.47642961144447327,0.8186121582984924,-0.0065593235194683075,0.524586021900177,0.8060314059257507,-0.011567637324333191,0.5670041441917419,0.7849810123443604,-0.02079080045223236,Wrong
0.1550116240978241,0.8168652057647705,8.146635650518874e-07,0.16480615735054016,0.6650859713554382,-0.03694339469075203,0.20557796955108643,0.5317615270614624,-0.06024781987071037,0.2238759845495224,0.41516628861427307,-0.08477970212697983,0.22806651890277863,0.33278489112854004,-0.11147374659776688,0.3874291479587555,0.6154159903526306,0.0034517247695475817,0.48574700951576233,0.6075477004051208,0.005736683029681444,0.5425747036933899,0.613161027431488,-0.008029713295400143,0.5893639326095581,0.6130545735359192,-0.0242176316678524,0.4117980897426605,0.6828997135162354,0.004285525064915419,0.5199900269508362,0.6803058385848999,0.016595179215073586,0.586167573928833,0.681938886642456,0.002687175991013646,0.6368780732154846,0.6819326281547546,-0.015556042082607746,0.4140019416809082,0.7508718967437744,-0.001169275608845055,0.5137637257575989,0.7423700094223022,0.013188463635742664,0.5740166306495667,0.7400938272476196,-0.0022113402374088764,0.6258648633956909,0.7306475043296814,-0.02240808494389057,0.39637625217437744,0.8207929730415344,-0.012878875248134136,0.47642961144447327,0.8186121582984924,-0.0065593235194683075,0.524586021900177,0.8060314059257507,-0.011567637324333191,0.5670041441917419,0.7849810123443604,-0.02079080045223236,Wrong
0.15691208839416504,0.8265748023986816,8.478923518850934e-07,0.1674855351448059,0.6765365600585938,-0.04144195094704628,0.21012486517429352,0.5466251969337463,-0.06574776023626328,0.23185402154922485,0.43118125200271606,-0.09013615548610687,0.24160753190517426,0.34624573588371277,-0.1163531020283699,0.3878001570701599,0.6220493316650391,-0.0017676424467936158,0.48502904176712036,0.6156343221664429,-0.0017336353193968534,0.5420023798942566,0.6230456233024597,-0.017293747514486313,0.5892163515090942,0.6248116493225098,-0.034501269459724426,0.4103604853153229,0.6906442642211914,0.0006049202056601644,0.5175301432609558,0.6883988976478577,0.010670555755496025,0.583533763885498,0.6912714838981628,-0.005711737554520369,0.6341677904129028,0.692513644695282,-0.025742627680301666,0.4114747941493988,0.7591943740844727,-0.0036024374421685934,0.5103721618652344,0.7513682842254639,0.008307849988341331,0.5700926184654236,0.7493054270744324,-0.009621918201446533,0.6218353509902954,0.7404749393463135,-0.03150321915745735,0.39356446266174316,0.8289762735366821,-0.014268654398620129,0.4735100567340851,0.8273190855979919,-0.009798639453947544,0.5213514566421509,0.8160743713378906,-0.016838151961565018,0.5643149018287659,0.7978547811508179,-0.02766868658363819,Wrong
0.1648247241973877,0.8107201457023621,8.23815980766085e-07,0.17345252633094788,0.6631772518157959,-0.04220588132739067,0.2106245458126068,0.5378159284591675,-0.06960282474756241,0.23116427659988403,0.4234045743942261,-0.09735146164894104,0.239214688539505,0.3442726135253906,-0.12720273435115814,0.3914932608604431,0.616132915019989,-0.008251898922026157,0.48985278606414795,0.6153342723846436,-0.01318027637898922,0.5465729236602783,0.6234562993049622,-0.030790580436587334,0.5927921533584595,0.6253938674926758,-0.04856271296739578,0.4146120846271515,0.6850893497467041,-0.005832864437252283,0.5226758122444153,0.685271143913269,0.0003782387066166848,0.5885531306266785,0.688507616519928,-0.01611466147005558,0.6394256353378296,0.6904019117355347,-0.035427507013082504,0.4157523512840271,0.7554543018341064,-0.009911099448800087,0.5151636600494385,0.7481306195259094,-0.0012902223970741034,0.5742397308349609,0.7471398711204529,-0.01929515041410923,0.6255902647972107,0.7405982613563538,-0.04009721800684929,0.3967399299144745,0.827630877494812,-0.020368918776512146,0.47670549154281616,0.8268067836761475,-0.018206849694252014,0.5238488912582397,0.8158605694770813,-0.025294974446296692,0.5657529830932617,0.7972354888916016,-0.03520732372999191,Wrong
0.16001826524734497,0.8133850693702698,7.855605304030178e-07,0.1704576313495636,0.6673552989959717,-0.042154427617788315,0.2101714313030243,0.5391806364059448,-0.06949961185455322,0.2304133176803589,0.4213034212589264,-0.09696294367313385,0.23724539577960968,0.3393653929233551,-0.12625892460346222,0.38999053835868835,0.6167094111442566,-0.01102606114000082,0.4885697662830353,0.6144908666610718,-0.018635401502251625,0.5458235740661621,0.6230949759483337,-0.03787314146757126,0.5921586751937866,0.6266564130783081,-0.05651593580842018,0.41367021203041077,0.6839988231658936,-0.009015834890305996,0.5223703980445862,0.6842396855354309,-0.006394438911229372,0.5884016156196594,0.6874082088470459,-0.024670887738466263,0.6394017934799194,0.6888070702552795,-0.04484442621469498,0.41552120447158813,0.7538450360298157,-0.01338228303939104,0.5160632133483887,0.7479037642478943,-0.008342566899955273,0.5759396553039551,0.7466322183609009,-0.027338741347193718,0.6265804171562195,0.7388582825660706,-0.048141688108444214,0.397442489862442,0.8254798650741577,-0.023914802819490433,0.47692400217056274,0.8269347548484802,-0.024078864604234695,0.5250135064125061,0.8162403702735901,-0.031939104199409485,0.5672224164009094,0.7966242432594299,-0.04203500971198082,Wrong
0.1567898988723755,0.8236291408538818,8.051663940022991e-07,0.16683435440063477,0.6723375916481018,-0.04166499525308609,0.20937977731227875,0.54013991355896,-0.06723019480705261,0.23227129876613617,0.42101016640663147,-0.0929182693362236,0.2421630322933197,0.3382408022880554,-0.12002422660589218,0.39039093255996704,0.6171549558639526,-0.0024081647861748934,0.4893221855163574,0.6132067441940308,-0.005353465676307678,0.545286238193512,0.6232905983924866,-0.02242901735007763,0.5916267037391663,0.6285834908485413,-0.04013616591691971,0.41424882411956787,0.6865857243537903,0.00012296157365199178,0.5235041975975037,0.6846144795417786,0.008071367628872395,0.5896015167236328,0.6891164779663086,-0.007994581013917923,0.6410848498344421,0.6940292119979858,-0.02736710011959076,0.4154936373233795,0.7559061646461487,-0.004238115157932043,0.515379011631012,0.7489618062973022,0.00546933664008975,0.5755040645599365,0.7497966289520264,-0.011559591628611088,0.6273902654647827,0.7453791499137878,-0.03213163837790489,0.39631232619285583,0.8279924988746643,-0.015059084631502628,0.47561702132225037,0.8281532526016235,-0.011550383642315865,0.5225924849510193,0.8183545470237732,-0.01762724108994007,0.5652325749397278,0.8007026314735413,-0.027330975979566574,Wrong
0.1567898988723755,0.8236291408538818,8.051663940022991e-07,0.16683435440063477,0.6723375916481018,-0.04166499525308609,0.20937977731227875,0.54013991355896,-0.06723019480705261,0.23227129876613617,0.42101016640663147,-0.0929182693362236,0.2421630322933197,0.3382408022880554,-0.12002422660589218,0.39039093255996704,0.6171549558639526,-0.0024081647861748934,0.4893221855163574,0.6132067441940308,-0.005353465676307678,0.545286238193512,0.6232905983924866,-0.02242901735007763,0.5916267037391663,0.6285834908485413,-0.04013616591691971,0.41424882411956787,0.6865857243537903,0.00012296157365199178,0.5235041975975037,0.6846144795417786,0.008071367628872395,0.5896015167236328,0.6891164779663086,-0.007994581013917923,0.6410848498344421,0.6940292119979858,-0.02736710011959076,0.4154936373233795,0.7559061646461487,-0.004238115157932043,0.515379011631012,0.7489618062973022,0.00546933664008975,0.5755040645599365,0.7497966289520264,-0.011559591628611088,0.6273902654647827,0.7453791499137878,-0.03213163837790489,0.39631232619285583,0.8279924988746643,-0.015059084631502628,0.47561702132225037,0.8281532526016235,-0.011550383642315865,0.5225924849510193,0.8183545470237732,-0.01762724108994007,0.5652325749397278,0.8007026314735413,-0.027330975979566574,Wrong
0.155144602060318,0.8232412338256836,7.631792868778575e-07,0.16526412963867188,0.6730116605758667,-0.03978083282709122,0.20916377007961273,0.5389765501022339,-0.06425290554761887,0.2335226833820343,0.420938104391098,-0.08871868252754211,0.24297788739204407,0.33834007382392883,-0.1144227683544159,0.3910256028175354,0.6177606582641602,-0.005711298435926437,0.4897632598876953,0.6125050187110901,-0.009047784842550755,0.5459725856781006,0.6208239793777466,-0.02558126114308834,0.593062162399292,0.6247464418411255,-0.04318728297948837,0.415164589881897,0.6861852407455444,-0.004517603665590286,0.5244389176368713,0.6841737627983093,0.0022771735675632954,0.5895458459854126,0.6877029538154602,-0.013477371074259281,0.6418749094009399,0.6909089684486389,-0.032665953040122986,0.41583526134490967,0.7551098465919495,-0.009704994969069958,0.5165689587593079,0.7498279809951782,-0.0018361890688538551,0.5757369995117188,0.7497742772102356,-0.0198600385338068,0.6277010440826416,0.7424675822257996,-0.041094157844781876,0.3961584270000458,0.825916588306427,-0.02093411795794964,0.47571319341659546,0.8282927870750427,-0.01962427608668804,0.5219603776931763,0.8189136385917664,-0.027196651324629784,0.5638099312782288,0.800508439540863,-0.03781942278146744,Wrong
0.4544603228569031,0.9747295379638672,3.001646575739869e-07,0.5029467344284058,0.8498728275299072,-0.01796766370534897,0.48937803506851196,0.7316452860832214,-0.03138481080532074,0.467315137386322,0.6170070171356201,-0.04149840027093887,0.46629971265792847,0.5312414169311523,-0.0543888621032238,0.3569411337375641,0.7314688563346863,-0.03031301312148571,0.2607925236225128,0.6886157989501953,-0.03529106453061104,0.2053215056657791,0.6687760353088379,-0.03722617030143738,0.16589383780956268,0.6637806296348572,-0.04022066295146942,0.3215641975402832,0.790655255317688,-0.028391754254698753,0.2073812335729599,0.7450534105300903,-0.03117314912378788,0.14730803668498993,0.7201623320579529,-0.03420859947800636,0.10810282826423645,0.7067320942878723,-0.039147958159446716,0.3012242913246155,0.8579757213592529,-0.026273751631379128,0.19706851243972778,0.8111298084259033,-0.033963222056627274,0.13928551971912384,0.7861360311508179,-0.04061860218644142,0.0983683168888092,0.7725560069084167,-0.04665461927652359,0.3000505566596985,0.9234579205513,-0.023981474339962006,0.21683530509471893,0.8974674344062805,-0.03362427279353142,0.1713314801454544,0.883633017539978,-0.03849858418107033,0.13649676740169525,0.869324803352356,-0.04148811474442482,Wrong
0.4457390010356903,0.9989057779312134,1.7546953756664152e-07,0.48660022020339966,0.8664629459381104,-0.023600036278367043,0.4831636846065521,0.7347186803817749,-0.03577513247728348,0.4752046763896942,0.6168612837791443,-0.043584614992141724,0.4856838583946228,0.5276000499725342,-0.05415278673171997,0.33449864387512207,0.7239775657653809,-0.021092329174280167,0.24282380938529968,0.6832464933395386,-0.018531732261180878,0.18964140117168427,0.6675900816917419,-0.019869985058903694,0.14408595860004425,0.6599404811859131,-0.024645915254950523,0.3029929995536804,0.7899370193481445,-0.01778813824057579,0.19096361100673676,0.7473376393318176,-0.01621631532907486,0.12905509769916534,0.7182592749595642,-0.03048708476126194,0.083473801612854,0.7003840208053589,-0.047819677740335464,0.28524935245513916,0.8585761189460754,-0.013865538872778416,0.18056939542293549,0.8146547079086304,-0.01831790991127491,0.12292352318763733,0.7831058502197266,-0.03229932859539986,0.08112752437591553,0.760471522808075,-0.04704736918210983,0.28204792737960815,0.9257142543792725,-0.010793737135827541,0.19810006022453308,0.8908305764198303,-0.020731396973133087,0.14598320424556732,0.8713681101799011,-0.02749485708773136,0.10447311401367188,0.849392294883728,-0.033664654940366745,Wrong
0.4411395490169525,1.0187513828277588,1.5318903479055734e-08,0.4830835461616516,0.8794571161270142,-0.02460327185690403,0.4837445020675659,0.7333484888076782,-0.03401420637965202,0.4781515300273895,0.6110326051712036,-0.03897019848227501,0.4863303005695343,0.5175372958183289,-0.047284748405218124,0.34025469422340393,0.7218793034553528,-0.01743602752685547,0.24725551903247833,0.6830045580863953,-0.014481790363788605,0.1968613862991333,0.6693829298019409,-0.018026042729616165,0.15293321013450623,0.6570565104484558,-0.024670852348208427,0.3093854784965515,0.7901899814605713,-0.014625655487179756,0.19913531839847565,0.7531207203865051,-0.011588655412197113,0.13603538274765015,0.7259529829025269,-0.029751533642411232,0.0893370509147644,0.7109887599945068,-0.051222700625658035,0.2922896444797516,0.8583082556724548,-0.011904900893568993,0.18890056014060974,0.818617582321167,-0.01682497188448906,0.12830647826194763,0.7873684763908386,-0.03764702007174492,0.08516204357147217,0.7644362449645996,-0.05833395570516586,0.2866736948490143,0.9240407943725586,-0.009971252642571926,0.20411963760852814,0.8961169719696045,-0.02109077386558056,0.1502082794904709,0.8771904110908508,-0.031238902360200882,0.10816490650177002,0.8551672697067261,-0.04087189584970474,Wrong
0.44365328550338745,0.9912346601486206,7.857186545834338e-08,0.4851069748401642,0.8605327606201172,-0.01807272434234619,0.47876328229904175,0.7350901961326599,-0.030537258833646774,0.4686983823776245,0.621059775352478,-0.04055584594607353,0.4819648265838623,0.5357328653335571,-0.05329427868127823,0.3308910131454468,0.7292869091033936,-0.022954776883125305,0.2400543987751007,0.680101752281189,-0.029104070737957954,0.18519002199172974,0.6628782749176025,-0.03632967174053192,0.1410999745130539,0.6549383401870728,-0.04403676465153694,0.2962542772293091,0.7935190200805664,-0.023590276017785072,0.1834346204996109,0.7444863319396973,-0.027470597997307777,0.122066929936409,0.7196770310401917,-0.04060612991452217,0.07773482799530029,0.6998513340950012,-0.05611063167452812,0.2784460484981537,0.860180139541626,-0.024004464969038963,0.17194479703903198,0.8137081861495972,-0.03192048892378807,0.11400078237056732,0.7850468754768372,-0.04479999840259552,0.07111942768096924,0.7625244855880737,-0.05822031944990158,0.2772316336631775,0.9251546263694763,-0.0249156653881073,0.1952241063117981,0.8965581655502319,-0.035367995500564575,0.14735865592956543,0.8795626163482666,-0.04192471131682396,0.10943865776062012,0.8608793616294861,-0.04791858047246933,Wrong
0.44079193472862244,1.015936255455017,9.086706143079937e-08,0.48568597435951233,0.8799550533294678,-0.01850096695125103,0.48204469680786133,0.7369775772094727,-0.024501962587237358,0.4736713767051697,0.6161549091339111,-0.026949264109134674,0.4841328263282776,0.5264517068862915,-0.03246871754527092,0.33724236488342285,0.7196352481842041,-0.007203732151538134,0.2468785047531128,0.681420624256134,0.0015634656883776188,0.19484718143939972,0.6672177314758301,0.0023949441965669394,0.1503320187330246,0.6573589444160461,-0.0013494939776137471,0.30536386370658875,0.7873629331588745,-0.004774751141667366,0.19689489901065826,0.7498951554298401,0.005160358734428883,0.13685919344425201,0.7198330760002136,-0.007782721891999245,0.09389755129814148,0.7025026679039001,-0.025195946916937828,0.2889453172683716,0.8571913242340088,-0.0019182052928954363,0.18692515790462494,0.8177230954170227,-0.00044333722325973213,0.13140007853507996,0.7857809066772461,-0.016131097450852394,0.09328529238700867,0.7630879282951355,-0.033128079026937485,0.2866622805595398,0.9248223900794983,0.0003411032375879586,0.20623888075351715,0.8979918956756592,-0.006174037698656321,0.1571233570575714,0.8793042898178101,-0.01347593404352665,0.12008535861968994,0.8573550581932068,-0.02046295627951622,Wrong
0.44214051961898804,1.0262070894241333,6.28846024142149e-08,0.4852675795555115,0.8842838406562805,-0.022535059601068497,0.48444390296936035,0.7374269366264343,-0.03173741325736046,0.47972363233566284,0.6137762069702148,-0.03574102371931076,0.4862767457962036,0.5183609127998352,-0.04275642707943916,0.34044644236564636,0.7250795364379883,-0.02079675905406475,0.24567356705665588,0.6818809509277344,-0.012296335771679878,0.1946292370557785,0.6673101782798767,-0.008620789274573326,0.1504630595445633,0.6562782526016235,-0.009967136196792126,0.31269505620002747,0.792239248752594,-0.016171084716916084,0.2022007256746292,0.7528314590454102,-0.006432877853512764,0.14430798590183258,0.7226014137268066,-0.016118738800287247,0.10058179497718811,0.7080571055412292,-0.031114991754293442,0.2982727289199829,0.8598905205726624,-0.010815797373652458,0.191395103931427,0.8220098614692688,-0.009562458842992783,0.1336134374141693,0.7868503332138062,-0.024026334285736084,0.09231752157211304,0.7623081803321838,-0.04043039306998253,0.2975168228149414,0.9253284931182861,-0.0060517750680446625,0.2117948979139328,0.8984879851341248,-0.013694162480533123,0.1588411033153534,0.8784061670303345,-0.021211763843894005,0.11756643652915955,0.8550635576248169,-0.02845650166273117,Wrong
0.4438910484313965,1.0086183547973633,1.013268935423639e-08,0.48810428380966187,0.8757354617118835,-0.02155122347176075,0.4845743179321289,0.7415080666542053,-0.03393053635954857,0.4759189486503601,0.6226671934127808,-0.04380236938595772,0.48704132437705994,0.5323053598403931,-0.057377997785806656,0.33528831601142883,0.7245531678199768,-0.017679762095212936,0.24355173110961914,0.6848023533821106,-0.0212737787514925,0.19210730493068695,0.6701799035072327,-0.02997976541519165,0.14736922085285187,0.6583666801452637,-0.04033763334155083,0.3021145761013031,0.7904891967773438,-0.018533213064074516,0.18740342557430267,0.7486751079559326,-0.02202705107629299,0.12427599728107452,0.7216260433197021,-0.042009927332401276,0.07817739248275757,0.703416109085083,-0.06403547525405884,0.2852979302406311,0.8574445843696594,-0.0194645244628191,0.1747356504201889,0.8134846687316895,-0.02871195785701275,0.11552098393440247,0.7828068137168884,-0.04850008711218834,0.07357922196388245,0.7603464126586914,-0.06789914518594742,0.2822592258453369,0.924309253692627,-0.021108822897076607,0.19618920981884003,0.8961278796195984,-0.03419303894042969,0.14388060569763184,0.8778092265129089,-0.044203296303749084,0.10353967547416687,0.8588495850563049,-0.05357707291841507,Wrong
0.4519292712211609,0.9973782896995544,1.3630045714307926e-07,0.49393153190612793,0.8644231557846069,-0.0191714596003294,0.48545822501182556,0.7319865226745605,-0.0287115927785635,0.4761371612548828,0.6143101453781128,-0.03440534323453903,0.488864004611969,0.5291274189949036,-0.04267032817006111,0.3381357192993164,0.7244889140129089,-0.02005830593407154,0.24624556303024292,0.6784228086471558,-0.01752675510942936,0.19276534020900726,0.6621919870376587,-0.01858692243695259,0.14753633737564087,0.6530678272247314,-0.023160094395279884,0.30438730120658875,0.7900923490524292,-0.017690159380435944,0.19287648797035217,0.7442021369934082,-0.015804605558514595,0.13300009071826935,0.7159662246704102,-0.02754347398877144,0.08787950873374939,0.6964693069458008,-0.04268573597073555,0.28652575612068176,0.8587579131126404,-0.014441807754337788,0.18181024491786957,0.8138383626937866,-0.018635213375091553,0.12550118565559387,0.781216561794281,-0.0316811166703701,0.08331325650215149,0.75724858045578,-0.045525677502155304,0.284100741147995,0.9241259694099426,-0.011533324606716633,0.1997235119342804,0.8892992734909058,-0.02096347138285637,0.14803367853164673,0.8692448139190674,-0.027782496064901352,0.10667020082473755,0.8462943434715271,-0.03391434997320175,Wrong
0.45279890298843384,0.9968512058258057,2.1011982198615442e-07,0.49528154730796814,0.8638440370559692,-0.025359274819493294,0.48827075958251953,0.7320767045021057,-0.03705563023686409,0.4795885980129242,0.6137471795082092,-0.043342508375644684,0.490833044052124,0.5259882211685181,-0.05213198810815811,0.3394770622253418,0.7222380042076111,-0.023606793954968452,0.2489832043647766,0.6762362718582153,-0.02005167491734028,0.1959981918334961,0.6586178541183472,-0.020714282989501953,0.15096591413021088,0.6503949165344238,-0.024638209491968155,0.3071249723434448,0.7887569665908813,-0.01716994121670723,0.19833269715309143,0.7435806393623352,-0.012955565936863422,0.13875634968280792,0.7149938941001892,-0.024184970185160637,0.09427917003631592,0.6992508172988892,-0.03869173675775528,0.2904322147369385,0.857781708240509,-0.010108430869877338,0.1883876770734787,0.8151254653930664,-0.011903281323611736,0.13160447776317596,0.7813758850097656,-0.024919550865888596,0.09004133939743042,0.757979154586792,-0.03872385621070862,0.28854551911354065,0.9243549108505249,-0.0038821150083094835,0.2052946388721466,0.8915687799453735,-0.011811582371592522,0.15308912098407745,0.8711506724357605,-0.018192894756793976,0.11211502552032471,0.8483723402023315,-0.023790650069713593,Wrong
0.45279890298843384,0.9968512058258057,2.1011982198615442e-07,0.49528154730796814,0.8638440370559692,-0.025359274819493294,0.48827075958251953,0.7320767045021057,-0.03705563023686409,0.4795885980129242,0.6137471795082092,-0.043342508375644684,0.490833044052124,0.5259882211685181,-0.05213198810815811,0.3394770622253418,0.7222380042076111,-0.023606793954968452,0.2489832043647766,0.6762362718582153,-0.02005167491734028,0.1959981918334961,0.6586178541183472,-0.020714282989501953,0.15096591413021088,0.6503949165344238,-0.024638209491968155,0.3071249723434448,0.7887569665908813,-0.01716994121670723,0.19833269715309143,0.7435806393623352,-0.012955565936863422,0.13875634968280792,0.7149938941001892,-0.024184970185160637,0.09427917003631592,0.6992508172988892,-0.03869173675775528,0.2904322147369385,0.857781708240509,-0.010108430869877338,0.1883876770734787,0.8151254653930664,-0.011903281323611736,0.13160447776317596,0.7813758850097656,-0.024919550865888596,0.09004133939743042,0.757979154586792,-0.03872385621070862,0.28854551911354065,0.9243549108505249,-0.0038821150083094835,0.2052946388721466,0.8915687799453735,-0.011811582371592522,0.15308912098407745,0.8711506724357605,-0.018192894756793976,0.11211502552032471,0.8483723402023315,-0.023790650069713593,Wrong
0.45279890298843384,0.9968512058258057,2.1011982198615442e-07,0.49528154730796814,0.8638440370559692,-0.025359274819493294,0.48827075958251953,0.7320767045021057,-0.03705563023686409,0.4795885980129242,0.6137471795082092,-0.043342508375644684,0.490833044052124,0.5259882211685181,-0.05213198810815811,0.3394770622253418,0.7222380042076111,-0.023606793954968452,0.2489832043647766,0.6762362718582153,-0.02005167491734028,0.1959981918334961,0.6586178541183472,-0.020714282989501953,0.15096591413021088,0.6503949165344238,-0.024638209491968155,0.3071249723434448,0.7887569665908813,-0.01716994121670723,0.19833269715309143,0.7435806393623352,-0.012955565936863422,0.13875634968280792,0.7149938941001892,-0.024184970185160637,0.09427917003631592,0.6992508172988892,-0.03869173675775528,0.2904322147369385,0.857781708240509,-0.010108430869877338,0.1883876770734787,0.8151254653930664,-0.011903281323611736,0.13160447776317596,0.7813758850097656,-0.024919550865888596,0.09004133939743042,0.757979154586792,-0.03872385621070862,0.28854551911354065,0.9243549108505249,-0.0038821150083094835,0.2052946388721466,0.8915687799453735,-0.011811582371592522,0.15308912098407745,0.8711506724357605,-0.018192894756793976,0.11211502552032471,0.8483723402023315,-0.023790650069713593,Wrong
0.45987626910209656,0.9930964708328247,9.372089238013359e-08,0.4996456503868103,0.8588167428970337,-0.014417557045817375,0.4904934763908386,0.7335188388824463,-0.023153070360422134,0.48022013902664185,0.621282696723938,-0.030883748084306717,0.4879593253135681,0.5357522964477539,-0.041243620216846466,0.33973032236099243,0.7256196141242981,-0.008059575222432613,0.2484111487865448,0.6729950904846191,-0.009511697106063366,0.19400964677333832,0.6548574566841125,-0.015990450978279114,0.150380477309227,0.6461969017982483,-0.024226203560829163,0.30660390853881836,0.7899419069290161,-0.010757527314126492,0.19506806135177612,0.7377456426620483,-0.010094024240970612,0.13462147116661072,0.7122694849967957,-0.023133687674999237,0.09027135372161865,0.6915951371192932,-0.03910183534026146,0.2904761731624603,0.8584374785423279,-0.013957046903669834,0.1844111531972885,0.8091071844100952,-0.01908385567367077,0.12420205771923065,0.7797293663024902,-0.03218964859843254,0.07932800054550171,0.7565251588821411,-0.04629579186439514,0.29172155261039734,0.9260013103485107,-0.017802493646740913,0.2070009708404541,0.8969157934188843,-0.02767997607588768,0.15663206577301025,0.8796147108078003,-0.03495988994836807,0.11699560284614563,0.859653651714325,-0.041694022715091705,Wrong
0.4528970420360565,0.9982140064239502,4.824363841748891e-08,0.5017719268798828,0.8647764921188354,-0.01651264913380146,0.4934904873371124,0.7371039986610413,-0.026211395859718323,0.480074405670166,0.6211469769477844,-0.03393279388546944,0.48796945810317993,0.5362606644630432,-0.044540636241436005,0.344807893037796,0.7283154726028442,-0.018351037055253983,0.25299739837646484,0.674481987953186,-0.022167546674609184,0.19692319631576538,0.6542217135429382,-0.02815147489309311,0.15052039921283722,0.6457628607749939,-0.03535118326544762,0.3085610866546631,0.7923534512519836,-0.01951168291270733,0.19606667757034302,0.7378138899803162,-0.020987067371606827,0.13414037227630615,0.7116595506668091,-0.03298141807317734,0.087421715259552,0.6919476389884949,-0.04785722866654396,0.2887233793735504,0.860344409942627,-0.020566251128911972,0.182522714138031,0.8072445392608643,-0.02763551101088524,0.12332043051719666,0.7766146659851074,-0.03953938186168671,0.07849520444869995,0.7554712295532227,-0.052334293723106384,0.2851713299751282,0.9275685548782349,-0.022116124629974365,0.19982892274856567,0.891882598400116,-0.033879730850458145,0.14964456856250763,0.871920108795166,-0.04082299396395683,0.10991725325584412,0.8527898788452148,-0.04675395414233208,Wrong
0.4494492709636688,0.9864206314086914,1.6950554027062026e-07,0.5007040500640869,0.8572169542312622,-0.018269585445523262,0.49375277757644653,0.7305995225906372,-0.028563598170876503,0.48238927125930786,0.6187440156936646,-0.03613359481096268,0.4882490038871765,0.5362523198127747,-0.04630567878484726,0.34863075613975525,0.7212947607040405,-0.020672189071774483,0.2561226487159729,0.6731529831886292,-0.025161374360322952,0.200982928276062,0.65644371509552,-0.029917744919657707,0.15781529247760773,0.6500021815299988,-0.03602273017168045,0.31066638231277466,0.7815924286842346,-0.020466508343815804,0.19837406277656555,0.7312976717948914,-0.025093624368309975,0.13881008327007294,0.7079488635063171,-0.034310705959796906,0.09622064232826233,0.6915035843849182,-0.044714804738759995,0.288525253534317,0.8492292761802673,-0.020649144425988197,0.18428003787994385,0.8002058267593384,-0.03108145110309124,0.1247403472661972,0.7716800570487976,-0.04102352261543274,0.07994219660758972,0.752777099609375,-0.04994991049170494,0.28473910689353943,0.9163462519645691,-0.02124735713005066,0.20184741914272308,0.8873156309127808,-0.0351749062538147,0.15143294632434845,0.872809886932373,-0.04227374121546745,0.11105930805206299,0.8561549782752991,-0.04673866927623749,Wrong
0.4494492709636688,0.9864206314086914,1.6950554027062026e-07,0.5007040500640869,0.8572169542312622,-0.018269585445523262,0.49375277757644653,0.7305995225906372,-0.028563598170876503,0.48238927125930786,0.6187440156936646,-0.03613359481096268,0.4882490038871765,0.5362523198127747,-0.04630567878484726,0.34863075613975525,0.7212947607040405,-0.020672189071774483,0.2561226487159729,0.6731529831886292,-0.025161374360322952,0.200982928276062,0.65644371509552,-0.029917744919657707,0.15781529247760773,0.6500021815299988,-0.03602273017168045,0.31066638231277466,0.7815924286842346,-0.020466508343815804,0.19837406277656555,0.7312976717948914,-0.025093624368309975,0.13881008327007294,0.7079488635063171,-0.034310705959796906,0.09622064232826233,0.6915035843849182,-0.044714804738759995,0.288525253534317,0.8492292761802673,-0.020649144425988197,0.18428003787994385,0.8002058267593384,-0.03108145110309124,0.1247403472661972,0.7716800570487976,-0.04102352261543274,0.07994219660758972,0.752777099609375,-0.04994991049170494,0.28473910689353943,0.9163462519645691,-0.02124735713005066,0.20184741914272308,0.8873156309127808,-0.0351749062538147,0.15143294632434845,0.872809886932373,-0.04227374121546745,0.11105930805206299,0.8561549782752991,-0.04673866927623749,Wrong
0.4494492709636688,0.9864206314086914,1.6950554027062026e-07,0.5007040500640869,0.8572169542312622,-0.018269585445523262,0.49375277757644653,0.7305995225906372,-0.028563598170876503,0.48238927125930786,0.6187440156936646,-0.03613359481096268,0.4882490038871765,0.5362523198127747,-0.04630567878484726,0.34863075613975525,0.7212947607040405,-0.020672189071774483,0.2561226487159729,0.6731529831886292,-0.025161374360322952,0.200982928276062,0.65644371509552,-0.029917744919657707,0.15781529247760773,0.6500021815299988,-0.03602273017168045,0.31066638231277466,0.7815924286842346,-0.020466508343815804,0.19837406277656555,0.7312976717948914,-0.025093624368309975,0.13881008327007294,0.7079488635063171,-0.034310705959796906,0.09622064232826233,0.6915035843849182,-0.044714804738759995,0.288525253534317,0.8492292761802673,-0.020649144425988197,0.18428003787994385,0.8002058267593384,-0.03108145110309124,0.1247403472661972,0.7716800570487976,-0.04102352261543274,0.07994219660758972,0.752777099609375,-0.04994991049170494,0.28473910689353943,0.9163462519645691,-0.02124735713005066,0.20184741914272308,0.8873156309127808,-0.0351749062538147,0.15143294632434845,0.872809886932373,-0.04227374121546745,0.11105930805206299,0.8561549782752991,-0.04673866927623749,Wrong
0.45368263125419617,0.9820684790611267,3.3336844396103515e-09,0.49925822019577026,0.8572552800178528,-0.02043231762945652,0.49407893419265747,0.7329131364822388,-0.033721234649419785,0.4796866774559021,0.6217749118804932,-0.044583290815353394,0.4823266565799713,0.5384238958358765,-0.05777786672115326,0.3498787581920624,0.7196217775344849,-0.029178859665989876,0.2526566684246063,0.6706984043121338,-0.04045271873474121,0.19442398846149445,0.6546847820281982,-0.04954615980386734,0.15035779774188995,0.6501243710517883,-0.0575282983481884,0.31174036860466003,0.7812969088554382,-0.030160978436470032,0.20045073330402374,0.7281465530395508,-0.0372106097638607,0.13860641419887543,0.7052384614944458,-0.04770195111632347,0.09378325939178467,0.6887390613555908,-0.0598890595138073,0.29168298840522766,0.8480523824691772,-0.03177423030138016,0.18590354919433594,0.7995083332061768,-0.04247874394059181,0.12489749491214752,0.7743691802024841,-0.052738431841135025,0.0790763795375824,0.7576402425765991,-0.06317829340696335,0.2874659299850464,0.9149588942527771,-0.03438682481646538,0.20292967557907104,0.8898487091064453,-0.04882218316197395,0.15357503294944763,0.8758803606033325,-0.05660624802112579,0.11533235013484955,0.8613736033439636,-0.06216324493288994,Wrong
0.4561781585216522,0.9603607654571533,-1.3779804852731559e-08,0.49942219257354736,0.8394607901573181,-0.018688242882490158,0.4907286763191223,0.7145856618881226,-0.028774674981832504,0.4807417690753937,0.6057534217834473,-0.038071393966674805,0.48428910970687866,0.5256165266036987,-0.0496763177216053,0.34876561164855957,0.6941890120506287,-0.016400430351495743,0.25992950797080994,0.6415734887123108,-0.03128375485539436,0.20555302500724792,0.6218067407608032,-0.04824604094028473,0.16433672606945038,0.6148255467414856,-0.06122804060578346,0.3071712553501129,0.7524971961975098,-0.018009111285209656,0.20531010627746582,0.6974458694458008,-0.02675814926624298,0.14531239867210388,0.6684378981590271,-0.042332328855991364,0.10067449510097504,0.6495717167854309,-0.05774562433362007,0.28467780351638794,0.8169832229614258,-0.02131044492125511,0.18960392475128174,0.7644293308258057,-0.03134641796350479,0.13462699949741364,0.734876811504364,-0.043783366680145264,0.09243771433830261,0.7147830128669739,-0.05547572299838066,0.27815958857536316,0.8840932250022888,-0.025908127427101135,0.20320865511894226,0.8504776358604431,-0.03663377836346626,0.16092868149280548,0.8281248807907104,-0.04258698597550392,0.128095805644989,0.8074679374694824,-0.047344107180833817,Wrong
0.4438738524913788,0.9547710418701172,5.396429614279441e-08,0.49660634994506836,0.8218461275100708,-0.011898014694452286,0.4949127435684204,0.6910082101821899,-0.016721157357096672,0.48478496074676514,0.5760578513145447,-0.019862694665789604,0.4905468821525574,0.49278682470321655,-0.02611791156232357,0.3508676588535309,0.6675722599029541,-0.00661114975810051,0.26027756929397583,0.6195741891860962,-0.0035349675454199314,0.20590540766716003,0.6013637781143188,-0.0060418592765927315,0.16087962687015533,0.5930227637290955,-0.01149817556142807,0.31300491094589233,0.7276059985160828,-0.007753058802336454,0.2059556245803833,0.6761876940727234,-0.003518048208206892,0.14782863855361938,0.6474698781967163,-0.016408678144216537,0.10513529181480408,0.6296891570091248,-0.033078812062740326,0.2913513779640198,0.7951635122299194,-0.008259174413979053,0.19028399884700775,0.7439562082290649,-0.011682330630719662,0.1357063502073288,0.7108539938926697,-0.02548721618950367,0.09557917714118958,0.6903596520423889,-0.04052531346678734,0.284971684217453,0.8647325038909912,-0.008717207238078117,0.2060743123292923,0.8250464200973511,-0.01815398968756199,0.15809404850006104,0.802769660949707,-0.025231871753931046,0.11939021944999695,0.7809987664222717,-0.031856026500463486,Wrong
0.444698691368103,0.9541406631469727,1.6431866356469982e-07,0.497803658246994,0.8195412158966064,-0.016330793499946594,0.49315890669822693,0.6836334466934204,-0.021736452355980873,0.4813159108161926,0.5648230910301208,-0.022970279678702354,0.4828367829322815,0.47895491123199463,-0.027322007343173027,0.3502862751483917,0.6624317169189453,-0.014682729728519917,0.25479498505592346,0.6214815974235535,-0.00635455222800374,0.2011663019657135,0.6044284701347351,-0.0038067169953137636,0.1569451093673706,0.5957462787628174,-0.005572888534516096,0.31783172488212585,0.725037157535553,-0.010649621486663818,0.2102438509464264,0.6808826923370361,-0.0014103420544415712,0.1528039276599884,0.6503806114196777,-0.01031777635216713,0.10981503129005432,0.6362829208374023,-0.023556241765618324,0.2992401719093323,0.7923640012741089,-0.005241689272224903,0.19607758522033691,0.7521504163742065,-0.004881099797785282,0.14167174696922302,0.7175438404083252,-0.017424769699573517,0.10151529312133789,0.6955837607383728,-0.03079928644001484,0.29358547925949097,0.8610274791717529,0.00029520501266233623,0.2116238921880722,0.8267462253570557,-0.005395875312387943,0.1632186770439148,0.8056581020355225,-0.010267753154039383,0.12556618452072144,0.7848246693611145,-0.014917533844709396,Wrong
0.444698691368103,0.9541406631469727,1.6431866356469982e-07,0.497803658246994,0.8195412158966064,-0.016330793499946594,0.49315890669822693,0.6836334466934204,-0.021736452355980873,0.4813159108161926,0.5648230910301208,-0.022970279678702354,0.4828367829322815,0.47895491123199463,-0.027322007343173027,0.3502862751483917,0.6624317169189453,-0.014682729728519917,0.25479498505592346,0.6214815974235535,-0.00635455222800374,0.2011663019657135,0.6044284701347351,-0.0038067169953137636,0.1569451093673706,0.5957462787628174,-0.005572888534516096,0.31783172488212585,0.725037157535553,-0.010649621486663818,0.2102438509464264,0.6808826923370361,-0.0014103420544415712,0.1528039276599884,0.6503806114196777,-0.01031777635216713,0.10981503129005432,0.6362829208374023,-0.023556241765618324,0.2992401719093323,0.7923640012741089,-0.005241689272224903,0.19607758522033691,0.7521504163742065,-0.004881099797785282,0.14167174696922302,0.7175438404083252,-0.017424769699573517,0.10151529312133789,0.6955837607383728,-0.03079928644001484,0.29358547925949097,0.8610274791717529,0.00029520501266233623,0.2116238921880722,0.8267462253570557,-0.005395875312387943,0.1632186770439148,0.8056581020355225,-0.010267753154039383,0.12556618452072144,0.7848246693611145,-0.014917533844709396,Wrong
0.44454753398895264,0.9169536828994751,2.981551858738385e-07,0.5035640001296997,0.791012704372406,-0.016273856163024902,0.4934394359588623,0.6636132001876831,-0.02234715409576893,0.47800397872924805,0.5512455105781555,-0.024698633700609207,0.47907912731170654,0.46946680545806885,-0.029956284910440445,0.3524106740951538,0.6573850512504578,-0.01538061909377575,0.2585075795650482,0.611409604549408,-0.009729736484587193,0.20387901365756989,0.594846248626709,-0.00703413737937808,0.16091041266918182,0.5904370546340942,-0.007622922770678997,0.3165329396724701,0.7197778224945068,-0.01064964011311531,0.20984706282615662,0.671209990978241,-0.004636548459529877,0.15485447645187378,0.6445975303649902,-0.007215665187686682,0.11795425415039062,0.6355695128440857,-0.012679888866841793,0.2961874306201935,0.7883076667785645,-0.005220972467213869,0.19858120381832123,0.739711582660675,-0.006886254530400038,0.1476137489080429,0.7083079814910889,-0.009443314746022224,0.11312896013259888,0.6933000087738037,-0.012531260959804058,0.2958047688007355,0.8544672727584839,0.00010555102926446125,0.21758289635181427,0.8137704133987427,-0.004533867351710796,0.17176420986652374,0.7934350967407227,-0.0037685667630285025,0.1371048390865326,0.7755046486854553,-0.002365934895351529,Wrong
0.4464012086391449,0.971941351890564,2.658061077909224e-07,0.5020012855529785,0.8210599422454834,-0.011026067659258842,0.4968870282173157,0.6707944869995117,-0.014689445495605469,0.48641711473464966,0.5553220510482788,-0.01570701412856579,0.4826655983924866,0.458305299282074,-0.021282847970724106,0.3637351095676422,0.6530234217643738,-0.013414617627859116,0.2627043128013611,0.6037607192993164,-0.0014043232658877969,0.1972360759973526,0.5847535729408264,0.005070101469755173,0.1446569263935089,0.5649142265319824,0.00517429132014513,0.34110432863235474,0.7178359627723694,-0.014188538305461407,0.24447321891784668,0.6661880612373352,-0.004061172250658274,0.19100575149059296,0.6244837641716003,-0.01309122983366251,0.14506274461746216,0.6098836660385132,-0.02623143047094345,0.3310159742832184,0.7923251390457153,-0.012344803661108017,0.23558351397514343,0.7443569898605347,-0.012839744798839092,0.18032458424568176,0.7143981456756592,-0.025556618347764015,0.137640118598938,0.7004404664039612,-0.03837834671139717,0.32931971549987793,0.8664674758911133,-0.00942204613238573,0.24926312267780304,0.8273320198059082,-0.01644652709364891,0.1970086246728897,0.8051213026046753,-0.020860670134425163,0.1578521728515625,0.7880196571350098,-0.024671941995620728,Wrong
0.4110347330570221,0.9575024247169495,7.223171394343808e-08,0.44553446769714355,0.8849877119064331,-0.08256348222494125,0.448701411485672,0.7844730019569397,-0.11310508102178574,0.46244651079177856,0.6795490980148315,-0.12891681492328644,0.4728580713272095,0.5970177054405212,-0.13316109776496887,0.34547701478004456,0.6477012634277344,-0.044355541467666626,0.4514363706111908,0.5825079679489136,-0.07979953289031982,0.47680267691612244,0.6440377831459045,-0.10506443679332733,0.4617035388946533,0.6876462697982788,-0.11507001519203186,0.3492991030216217,0.6441413164138794,-0.008382406085729599,0.4509086012840271,0.5865986347198486,-0.0391656868159771,0.47044095396995544,0.6533942222595215,-0.05457053333520889,0.4528188407421112,0.6965689659118652,-0.05826737359166145,0.3659403324127197,0.6544087529182434,0.017324291169643402,0.454451322555542,0.6053298711776733,-0.012242213822901249,0.4687337875366211,0.6666436791419983,-0.01643516682088375,0.4494169056415558,0.703922688961029,-0.01129735354334116,0.3833930790424347,0.6706401109695435,0.03649827837944031,0.45477494597435,0.6222161054611206,0.02010636031627655,0.47017520666122437,0.6615615487098694,0.020315021276474,0.4548666477203369,0.6896342039108276,0.02605835162103176,Wrong
0.4110347330570221,0.9575024247169495,7.223171394343808e-08,0.44553446769714355,0.8849877119064331,-0.08256348222494125,0.448701411485672,0.7844730019569397,-0.11310508102178574,0.46244651079177856,0.6795490980148315,-0.12891681492328644,0.4728580713272095,0.5970177054405212,-0.13316109776496887,0.34547701478004456,0.6477012634277344,-0.044355541467666626,0.4514363706111908,0.5825079679489136,-0.07979953289031982,0.47680267691612244,0.6440377831459045,-0.10506443679332733,0.4617035388946533,0.6876462697982788,-0.11507001519203186,0.3492991030216217,0.6441413164138794,-0.008382406085729599,0.4509086012840271,0.5865986347198486,-0.0391656868159771,0.47044095396995544,0.6533942222595215,-0.05457053333520889,0.4528188407421112,0.6965689659118652,-0.05826737359166145,0.3659403324127197,0.6544087529182434,0.017324291169643402,0.454451322555542,0.6053298711776733,-0.012242213822901249,0.4687337875366211,0.6666436791419983,-0.01643516682088375,0.4494169056415558,0.703922688961029,-0.01129735354334116,0.3833930790424347,0.6706401109695435,0.03649827837944031,0.45477494597435,0.6222161054611206,0.02010636031627655,0.47017520666122437,0.6615615487098694,0.020315021276474,0.4548666477203369,0.6896342039108276,0.02605835162103176,Wrong
0.4110347330570221,0.9575024247169495,7.223171394343808e-08,0.44553446769714355,0.8849877119064331,-0.08256348222494125,0.448701411485672,0.7844730019569397,-0.11310508102178574,0.46244651079177856,0.6795490980148315,-0.12891681492328644,0.4728580713272095,0.5970177054405212,-0.13316109776496887,0.34547701478004456,0.6477012634277344,-0.044355541467666626,0.4514363706111908,0.5825079679489136,-0.07979953289031982,0.47680267691612244,0.6440377831459045,-0.10506443679332733,0.4617035388946533,0.6876462697982788,-0.11507001519203186,0.3492991030216217,0.6441413164138794,-0.008382406085729599,0.4509086012840271,0.5865986347198486,-0.0391656868159771,0.47044095396995544,0.6533942222595215,-0.05457053333520889,0.4528188407421112,0.6965689659118652,-0.05826737359166145,0.3659403324127197,0.6544087529182434,0.017324291169643402,0.454451322555542,0.6053298711776733,-0.012242213822901249,0.4687337875366211,0.6666436791419983,-0.01643516682088375,0.4494169056415558,0.703922688961029,-0.01129735354334116,0.3833930790424347,0.6706401109695435,0.03649827837944031,0.45477494597435,0.6222161054611206,0.02010636031627655,0.47017520666122437,0.6615615487098694,0.020315021276474,0.4548666477203369,0.6896342039108276,0.02605835162103176,Wrong
0.4110347330570221,0.9575024247169495,7.223171394343808e-08,0.44553446769714355,0.8849877119064331,-0.08256348222494125,0.448701411485672,0.7844730019569397,-0.11310508102178574,0.46244651079177856,0.6795490980148315,-0.12891681492328644,0.4728580713272095,0.5970177054405212,-0.13316109776496887,0.34547701478004456,0.6477012634277344,-0.044355541467666626,0.4514363706111908,0.5825079679489136,-0.07979953289031982,0.47680267691612244,0.6440377831459045,-0.10506443679332733,0.4617035388946533,0.6876462697982788,-0.11507001519203186,0.3492991030216217,0.6441413164138794,-0.008382406085729599,0.4509086012840271,0.5865986347198486,-0.0391656868159771,0.47044095396995544,0.6533942222595215,-0.05457053333520889,0.4528188407421112,0.6965689659118652,-0.05826737359166145,0.3659403324127197,0.6544087529182434,0.017324291169643402,0.454451322555542,0.6053298711776733,-0.012242213822901249,0.4687337875366211,0.6666436791419983,-0.01643516682088375,0.4494169056415558,0.703922688961029,-0.01129735354334116,0.3833930790424347,0.6706401109695435,0.03649827837944031,0.45477494597435,0.6222161054611206,0.02010636031627655,0.47017520666122437,0.6615615487098694,0.020315021276474,0.4548666477203369,0.6896342039108276,0.02605835162103176,Wrong
0.4110347330570221,0.9575024247169495,7.223171394343808e-08,0.44553446769714355,0.8849877119064331,-0.08256348222494125,0.448701411485672,0.7844730019569397,-0.11310508102178574,0.46244651079177856,0.6795490980148315,-0.12891681492328644,0.4728580713272095,0.5970177054405212,-0.13316109776496887,0.34547701478004456,0.6477012634277344,-0.044355541467666626,0.4514363706111908,0.5825079679489136,-0.07979953289031982,0.47680267691612244,0.6440377831459045,-0.10506443679332733,0.4617035388946533,0.6876462697982788,-0.11507001519203186,0.3492991030216217,0.6441413164138794,-0.008382406085729599,0.4509086012840271,0.5865986347198486,-0.0391656868159771,0.47044095396995544,0.6533942222595215,-0.05457053333520889,0.4528188407421112,0.6965689659118652,-0.05826737359166145,0.3659403324127197,0.6544087529182434,0.017324291169643402,0.454451322555542,0.6053298711776733,-0.012242213822901249,0.4687337875366211,0.6666436791419983,-0.01643516682088375,0.4494169056415558,0.703922688961029,-0.01129735354334116,0.3833930790424347,0.6706401109695435,0.03649827837944031,0.45477494597435,0.6222161054611206,0.02010636031627655,0.47017520666122437,0.6615615487098694,0.020315021276474,0.4548666477203369,0.6896342039108276,0.02605835162103176,Wrong
0.4110347330570221,0.9575024247169495,7.223171394343808e-08,0.44553446769714355,0.8849877119064331,-0.08256348222494125,0.448701411485672,0.7844730019569397,-0.11310508102178574,0.46244651079177856,0.6795490980148315,-0.12891681492328644,0.4728580713272095,0.5970177054405212,-0.13316109776496887,0.34547701478004456,0.6477012634277344,-0.044355541467666626,0.4514363706111908,0.5825079679489136,-0.07979953289031982,0.47680267691612244,0.6440377831459045,-0.10506443679332733,0.4617035388946533,0.6876462697982788,-0.11507001519203186,0.3492991030216217,0.6441413164138794,-0.008382406085729599,0.4509086012840271,0.5865986347198486,-0.0391656868159771,0.47044095396995544,0.6533942222595215,-0.05457053333520889,0.4528188407421112,0.6965689659118652,-0.05826737359166145,0.3659403324127197,0.6544087529182434,0.017324291169643402,0.454451322555542,0.6053298711776733,-0.012242213822901249,0.4687337875366211,0.6666436791419983,-0.01643516682088375,0.4494169056415558,0.703922688961029,-0.01129735354334116,0.3833930790424347,0.6706401109695435,0.03649827837944031,0.45477494597435,0.6222161054611206,0.02010636031627655,0.47017520666122437,0.6615615487098694,0.020315021276474,0.4548666477203369,0.6896342039108276,0.02605835162103176,Wrong
0.4110347330570221,0.9575024247169495,7.223171394343808e-08,0.44553446769714355,0.8849877119064331,-0.08256348222494125,0.448701411485672,0.7844730019569397,-0.11310508102178574,0.46244651079177856,0.6795490980148315,-0.12891681492328644,0.4728580713272095,0.5970177054405212,-0.13316109776496887,0.34547701478004456,0.6477012634277344,-0.044355541467666626,0.4514363706111908,0.5825079679489136,-0.07979953289031982,0.47680267691612244,0.6440377831459045,-0.10506443679332733,0.4617035388946533,0.6876462697982788,-0.11507001519203186,0.3492991030216217,0.6441413164138794,-0.008382406085729599,0.4509086012840271,0.5865986347198486,-0.0391656868159771,0.47044095396995544,0.6533942222595215,-0.05457053333520889,0.4528188407421112,0.6965689659118652,-0.05826737359166145,0.3659403324127197,0.6544087529182434,0.017324291169643402,0.454451322555542,0.6053298711776733,-0.012242213822901249,0.4687337875366211,0.6666436791419983,-0.01643516682088375,0.4494169056415558,0.703922688961029,-0.01129735354334116,0.3833930790424347,0.6706401109695435,0.03649827837944031,0.45477494597435,0.6222161054611206,0.02010636031627655,0.47017520666122437,0.6615615487098694,0.020315021276474,0.4548666477203369,0.6896342039108276,0.02605835162103176,Wrong
0.4110347330570221,0.9575024247169495,7.223171394343808e-08,0.44553446769714355,0.8849877119064331,-0.08256348222494125,0.448701411485672,0.7844730019569397,-0.11310508102178574,0.46244651079177856,0.6795490980148315,-0.12891681492328644,0.4728580713272095,0.5970177054405212,-0.13316109776496887,0.34547701478004456,0.6477012634277344,-0.044355541467666626,0.4514363706111908,0.5825079679489136,-0.07979953289031982,0.47680267691612244,0.6440377831459045,-0.10506443679332733,0.4617035388946533,0.6876462697982788,-0.11507001519203186,0.3492991030216217,0.6441413164138794,-0.008382406085729599,0.4509086012840271,0.5865986347198486,-0.0391656868159771,0.47044095396995544,0.6533942222595215,-0.05457053333520889,0.4528188407421112,0.6965689659118652,-0.05826737359166145,0.3659403324127197,0.6544087529182434,0.017324291169643402,0.454451322555542,0.6053298711776733,-0.012242213822901249,0.4687337875366211,0.6666436791419983,-0.01643516682088375,0.4494169056415558,0.703922688961029,-0.01129735354334116,0.3833930790424347,0.6706401109695435,0.03649827837944031,0.45477494597435,0.6222161054611206,0.02010636031627655,0.47017520666122437,0.6615615487098694,0.020315021276474,0.4548666477203369,0.6896342039108276,0.02605835162103176,Wrong
0.4110347330570221,0.9575024247169495,7.223171394343808e-08,0.44553446769714355,0.8849877119064331,-0.08256348222494125,0.448701411485672,0.7844730019569397,-0.11310508102178574,0.46244651079177856,0.6795490980148315,-0.12891681492328644,0.4728580713272095,0.5970177054405212,-0.13316109776496887,0.34547701478004456,0.6477012634277344,-0.044355541467666626,0.4514363706111908,0.5825079679489136,-0.07979953289031982,0.47680267691612244,0.6440377831459045,-0.10506443679332733,0.4617035388946533,0.6876462697982788,-0.11507001519203186,0.3492991030216217,0.6441413164138794,-0.008382406085729599,0.4509086012840271,0.5865986347198486,-0.0391656868159771,0.47044095396995544,0.6533942222595215,-0.05457053333520889,0.4528188407421112,0.6965689659118652,-0.05826737359166145,0.3659403324127197,0.6544087529182434,0.017324291169643402,0.454451322555542,0.6053298711776733,-0.012242213822901249,0.4687337875366211,0.6666436791419983,-0.01643516682088375,0.4494169056415558,0.703922688961029,-0.01129735354334116,0.3833930790424347,0.6706401109695435,0.03649827837944031,0.45477494597435,0.6222161054611206,0.02010636031627655,0.47017520666122437,0.6615615487098694,0.020315021276474,0.4548666477203369,0.6896342039108276,0.02605835162103176,Wrong
0.4110347330570221,0.9575024247169495,7.223171394343808e-08,0.44553446769714355,0.8849877119064331,-0.08256348222494125,0.448701411485672,0.7844730019569397,-0.11310508102178574,0.46244651079177856,0.6795490980148315,-0.12891681492328644,0.4728580713272095,0.5970177054405212,-0.13316109776496887,0.34547701478004456,0.6477012634277344,-0.044355541467666626,0.4514363706111908,0.5825079679489136,-0.07979953289031982,0.47680267691612244,0.6440377831459045,-0.10506443679332733,0.4617035388946533,0.6876462697982788,-0.11507001519203186,0.3492991030216217,0.6441413164138794,-0.008382406085729599,0.4509086012840271,0.5865986347198486,-0.0391656868159771,0.47044095396995544,0.6533942222595215,-0.05457053333520889,0.4528188407421112,0.6965689659118652,-0.05826737359166145,0.3659403324127197,0.6544087529182434,0.017324291169643402,0.454451322555542,0.6053298711776733,-0.012242213822901249,0.4687337875366211,0.6666436791419983,-0.01643516682088375,0.4494169056415558,0.703922688961029,-0.01129735354334116,0.3833930790424347,0.6706401109695435,0.03649827837944031,0.45477494597435,0.6222161054611206,0.02010636031627655,0.47017520666122437,0.6615615487098694,0.020315021276474,0.4548666477203369,0.6896342039108276,0.02605835162103176,Wrong
0.4110347330570221,0.9575024247169495,7.223171394343808e-08,0.44553446769714355,0.8849877119064331,-0.08256348222494125,0.448701411485672,0.7844730019569397,-0.11310508102178574,0.46244651079177856,0.6795490980148315,-0.12891681492328644,0.4728580713272095,0.5970177054405212,-0.13316109776496887,0.34547701478004456,0.6477012634277344,-0.044355541467666626,0.4514363706111908,0.5825079679489136,-0.07979953289031982,0.47680267691612244,0.6440377831459045,-0.10506443679332733,0.4617035388946533,0.6876462697982788,-0.11507001519203186,0.3492991030216217,0.6441413164138794,-0.008382406085729599,0.4509086012840271,0.5865986347198486,-0.0391656868159771,0.47044095396995544,0.6533942222595215,-0.05457053333520889,0.4528188407421112,0.6965689659118652,-0.05826737359166145,0.3659403324127197,0.6544087529182434,0.017324291169643402,0.454451322555542,0.6053298711776733,-0.012242213822901249,0.4687337875366211,0.6666436791419983,-0.01643516682088375,0.4494169056415558,0.703922688961029,-0.01129735354334116,0.3833930790424347,0.6706401109695435,0.03649827837944031,0.45477494597435,0.6222161054611206,0.02010636031627655,0.47017520666122437,0.6615615487098694,0.020315021276474,0.4548666477203369,0.6896342039108276,0.02605835162103176,Wrong
0.2903033494949341,0.8570537567138672,-6.45971567792003e-07,0.2913813889026642,0.7127233743667603,-0.04756765812635422,0.3458622694015503,0.56553715467453,-0.07112609595060349,0.3909083306789398,0.4510906934738159,-0.08974415063858032,0.40903180837631226,0.36707034707069397,-0.09820795804262161,0.4596567451953888,0.6122285723686218,-0.044394154101610184,0.542945384979248,0.6212581992149353,-0.08066850900650024,0.4748409390449524,0.6759531497955322,-0.08803685754537582,0.42587047815322876,0.6852104067802429,-0.08720280230045319,0.48108547925949097,0.6955579519271851,-0.036542218178510666,0.5546281933784485,0.7012917399406433,-0.08460032939910889,0.46199703216552734,0.7495280504226685,-0.09131278842687607,0.4178507328033447,0.7424324154853821,-0.08542489260435104,0.48929715156555176,0.7738567590713501,-0.03373928368091583,0.5523250699043274,0.7777155041694641,-0.07545854151248932,0.4675494134426117,0.8070482015609741,-0.05628227815032005,0.42349526286125183,0.7930142879486084,-0.0338754877448082,0.4858311712741852,0.844170093536377,-0.034757982939481735,0.5362798571586609,0.8551399111747742,-0.05898725241422653,0.4767587184906006,0.8623483777046204,-0.042880579829216,0.4418089985847473,0.8419116139411926,-0.025317911058664322,Wrong
0.3093279004096985,0.8521636724472046,-6.948018835828407e-07,0.3163815140724182,0.7118643522262573,-0.04136265069246292,0.36654239892959595,0.5747982859611511,-0.06069587171077728,0.4140496850013733,0.4654516577720642,-0.07553758472204208,0.4302055835723877,0.3869151175022125,-0.07984019070863724,0.4768284857273102,0.6203842163085938,-0.031233832240104675,0.549568772315979,0.6238864660263062,-0.06361367553472519,0.48264190554618835,0.6732391715049744,-0.0703069195151329,0.4385334849357605,0.6795657277107239,-0.07003728300333023,0.4983364939689636,0.6997876763343811,-0.023853791877627373,0.5613816976547241,0.7030297517776489,-0.06704004853963852,0.4701973497867584,0.7454056143760681,-0.07246780395507812,0.43324410915374756,0.7344874143600464,-0.06735138595104218,0.5040078163146973,0.7743015289306641,-0.021249372512102127,0.559751570224762,0.7798689603805542,-0.060755059123039246,0.4764185845851898,0.803499698638916,-0.04001544788479805,0.4368360638618469,0.7875536680221558,-0.017412755638360977,0.4963444769382477,0.842576801776886,-0.021834570914506912,0.5419435501098633,0.8542096614837646,-0.04400862380862236,0.48230060935020447,0.8570173978805542,-0.025944413617253304,0.45148205757141113,0.8350805044174194,-0.007511071860790253,Oblique Thumb
0.30063676834106445,0.867367684841156,-6.189937380440824e-07,0.3090207576751709,0.7260727286338806,-0.042830243706703186,0.35622483491897583,0.5880745649337769,-0.0630965530872345,0.40498316287994385,0.4768444001674652,-0.07918936759233475,0.4219062328338623,0.3979152739048004,-0.08496825397014618,0.47047704458236694,0.6308248043060303,-0.03066899999976158,0.5452532172203064,0.6318824291229248,-0.06272906810045242,0.4800874590873718,0.6795186996459961,-0.0691203847527504,0.4356394410133362,0.6849286556243896,-0.06770657747983932,0.4905222952365875,0.7107251882553101,-0.021820850670337677,0.5543429851531982,0.711711585521698,-0.0614997074007988,0.46684372425079346,0.7523484230041504,-0.06577885150909424,0.43012672662734985,0.7420734763145447,-0.06020259112119675,0.4957522451877594,0.7864388227462769,-0.0183708593249321,0.5538426637649536,0.7885313034057617,-0.055344387888908386,0.4733228385448456,0.8118416666984558,-0.03606391325592995,0.43200188875198364,0.7979086637496948,-0.014467481523752213,0.48872771859169006,0.8540830612182617,-0.018453480675816536,0.5372028946876526,0.8628364205360413,-0.04005303233861923,0.48021233081817627,0.8645729422569275,-0.023891903460025787,0.44669070839881897,0.8455110788345337,-0.006488393992185593,Oblique Thumb
0.29592710733413696,0.8696262836456299,-6.198802680046356e-07,0.30773258209228516,0.7269420623779297,-0.04152711480855942,0.3567381501197815,0.5887093544006348,-0.0604592002928257,0.40377920866012573,0.479041188955307,-0.0754932388663292,0.41982781887054443,0.4001479148864746,-0.08015774190425873,0.47088485956192017,0.6318693161010742,-0.026316702365875244,0.545721709728241,0.6315774917602539,-0.05885125324130058,0.48168498277664185,0.6807747483253479,-0.06712901592254639,0.4362887144088745,0.6882680058479309,-0.06684388965368271,0.49118563532829285,0.7111031413078308,-0.017877617850899696,0.5551563501358032,0.7120322585105896,-0.058691203594207764,0.46773695945739746,0.7549256086349487,-0.06449457257986069,0.4288710355758667,0.7464487552642822,-0.059438932687044144,0.4953826665878296,0.7859486937522888,-0.014932958409190178,0.552635133266449,0.7884316444396973,-0.051872316747903824,0.47317183017730713,0.8132233619689941,-0.033420369029045105,0.43048790097236633,0.8009412884712219,-0.01205416489392519,0.4870140850543976,0.8539992570877075,-0.015511921606957912,0.5359706878662109,0.862646222114563,-0.03637272119522095,0.480069100856781,0.8647540807723999,-0.020138932392001152,0.4465530812740326,0.8465099334716797,-0.0025558217894285917,Oblique Thumb
0.29848480224609375,0.8671528100967407,-6.227366498023912e-07,0.3057034909725189,0.7261703610420227,-0.04165356233716011,0.35794949531555176,0.5880732536315918,-0.061607476323843,0.40575724840164185,0.4787836968898773,-0.0779685229063034,0.42237645387649536,0.40038183331489563,-0.08447865396738052,0.4684513807296753,0.6324305534362793,-0.03262956812977791,0.5472092032432556,0.6348352432250977,-0.06525595486164093,0.48010826110839844,0.6815022826194763,-0.07053087651729584,0.43525320291519165,0.6845025420188904,-0.06788340210914612,0.48733845353126526,0.7114353775978088,-0.025210991501808167,0.5529198050498962,0.7148376703262329,-0.06401892751455307,0.4657510221004486,0.7523826956748962,-0.06666960567235947,0.43221592903137207,0.7393157482147217,-0.06003621965646744,0.4942137598991394,0.7872902154922485,-0.023433534428477287,0.5534708499908447,0.7907047867774963,-0.05992487445473671,0.4724574387073517,0.8128507733345032,-0.04159020259976387,0.4332737922668457,0.7975977063179016,-0.02079441025853157,0.4904176592826843,0.8527830839157104,-0.025119557976722717,0.5370496511459351,0.861333966255188,-0.04650282859802246,0.48084473609924316,0.8649810552597046,-0.03188559412956238,0.4487498104572296,0.8484073877334595,-0.01576138101518154,Oblique Thumb
0.29975712299346924,0.869306743144989,-5.933970896876417e-07,0.30933114886283875,0.7255859971046448,-0.0398663766682148,0.35961392521858215,0.5888975858688354,-0.06122444570064545,0.40557318925857544,0.4803485572338104,-0.07934113591909409,0.42437291145324707,0.39832672476768494,-0.08893385529518127,0.4692888557910919,0.6338064074516296,-0.03814612701535225,0.5466185212135315,0.6306593418121338,-0.06971299648284912,0.47926855087280273,0.6787806153297424,-0.07645542174577713,0.43518733978271484,0.688720703125,-0.07623790204524994,0.4888710379600525,0.7122531533241272,-0.0314939022064209,0.5575754642486572,0.7107899785041809,-0.07177210599184036,0.46962979435920715,0.7519353032112122,-0.07786402851343155,0.43213456869125366,0.7457411289215088,-0.07443390041589737,0.49594685435295105,0.7865132093429565,-0.02881729230284691,0.5557492971420288,0.786150336265564,-0.0644058808684349,0.4733336567878723,0.8090245127677917,-0.04639202728867531,0.43197065591812134,0.7971102595329285,-0.02668682672083378,0.4929116368293762,0.8518068790435791,-0.0294894240796566,0.5398178100585938,0.8587033748626709,-0.05018160119652748,0.48321986198425293,0.8619198799133301,-0.034529343247413635,0.44990605115890503,0.844892144203186,-0.01825803890824318,Oblique Thumb
0.29975712299346924,0.869306743144989,-5.933970896876417e-07,0.30933114886283875,0.7255859971046448,-0.0398663766682148,0.35961392521858215,0.5888975858688354,-0.06122444570064545,0.40557318925857544,0.4803485572338104,-0.07934113591909409,0.42437291145324707,0.39832672476768494,-0.08893385529518127,0.4692888557910919,0.6338064074516296,-0.03814612701535225,0.5466185212135315,0.6306593418121338,-0.06971299648284912,0.47926855087280273,0.6787806153297424,-0.07645542174577713,0.43518733978271484,0.688720703125,-0.07623790204524994,0.4888710379600525,0.7122531533241272,-0.0314939022064209,0.5575754642486572,0.7107899785041809,-0.07177210599184036,0.46962979435920715,0.7519353032112122,-0.07786402851343155,0.43213456869125366,0.7457411289215088,-0.07443390041589737,0.49594685435295105,0.7865132093429565,-0.02881729230284691,0.5557492971420288,0.786150336265564,-0.0644058808684349,0.4733336567878723,0.8090245127677917,-0.04639202728867531,0.43197065591812134,0.7971102595329285,-0.02668682672083378,0.4929116368293762,0.8518068790435791,-0.0294894240796566,0.5398178100585938,0.8587033748626709,-0.05018160119652748,0.48321986198425293,0.8619198799133301,-0.034529343247413635,0.44990605115890503,0.844892144203186,-0.01825803890824318,Oblique Thumb
0.29881608486175537,0.8652240037918091,-6.192516934788728e-07,0.31118685007095337,0.7222520112991333,-0.040025897324085236,0.3585194945335388,0.5876759886741638,-0.058781638741493225,0.40607360005378723,0.4785749614238739,-0.073581762611866,0.4244449734687805,0.4023289978504181,-0.07760751992464066,0.4725206196308136,0.6282574534416199,-0.025438852608203888,0.5466576814651489,0.630558431148529,-0.05725777521729469,0.48264992237091064,0.6786697506904602,-0.0633351057767868,0.43730735778808594,0.6842427849769592,-0.06151886284351349,0.4934164881706238,0.7096823453903198,-0.017546389251947403,0.556246817111969,0.7113634943962097,-0.05724463239312172,0.4668932855129242,0.7529812455177307,-0.0617796815931797,0.42982304096221924,0.7426527738571167,-0.05630084127187729,0.4972669780254364,0.7855374217033386,-0.014877567999064922,0.5540663003921509,0.7883158922195435,-0.05185874179005623,0.47386303544044495,0.8114438056945801,-0.031890906393527985,0.43298768997192383,0.7980836033821106,-0.009848597459495068,0.4869994819164276,0.8544092178344727,-0.015328113920986652,0.5371710658073425,0.8617315888404846,-0.0361306294798851,0.4791022837162018,0.863322377204895,-0.018226787447929382,0.44597724080085754,0.8447667360305786,0.0003372039645910263,Oblique Thumb
0.3010123074054718,0.8699830770492554,-5.683010613211081e-07,0.3167612552642822,0.7231923937797546,-0.04068013280630112,0.3601202964782715,0.58704674243927,-0.062120456248521805,0.4072016477584839,0.475786030292511,-0.0798533707857132,0.4240642189979553,0.3966800272464752,-0.08738876134157181,0.47597771883010864,0.6329849362373352,-0.027578063309192657,0.5464863777160645,0.6330821514129639,-0.05795599892735481,0.4809045195579529,0.6788922548294067,-0.0648718774318695,0.4357534945011139,0.6850447058677673,-0.06423243880271912,0.49530574679374695,0.7118609547615051,-0.018889660015702248,0.5582557320594788,0.7120553255081177,-0.05630108714103699,0.47036367654800415,0.7508878111839294,-0.06173550337553024,0.43379002809524536,0.7410581707954407,-0.0579741932451725,0.4996252655982971,0.7866246700286865,-0.015033361501991749,0.5568522214889526,0.7871013283729553,-0.04794289171695709,0.47792309522628784,0.8084889054298401,-0.028423069044947624,0.43547898530960083,0.7962940335273743,-0.008005472831428051,0.491347074508667,0.8527407646179199,-0.014877088367938995,0.5395532846450806,0.8596843481063843,-0.03365721553564072,0.48419189453125,0.8603448867797852,-0.01690302975475788,0.4508271813392639,0.8443790674209595,0.0002228441007900983,Oblique Thumb
0.3013133406639099,0.873519778251648,-6.352410650833917e-07,0.31912052631378174,0.7261857986450195,-0.03937116265296936,0.3591480851173401,0.5887773036956787,-0.060053784400224686,0.4059107303619385,0.47382718324661255,-0.07728595286607742,0.4237729609012604,0.39501020312309265,-0.08379314094781876,0.4767416715621948,0.63189697265625,-0.0247600469738245,0.5485180020332336,0.6289215087890625,-0.05609194189310074,0.4817018210887909,0.6745136380195618,-0.06343689560890198,0.4366823136806488,0.6800543665885925,-0.06302142143249512,0.49654945731163025,0.7106221318244934,-0.015843315050005913,0.5603325366973877,0.7104232907295227,-0.05435461550951004,0.4701228439807892,0.7487238049507141,-0.05945857614278793,0.4349626898765564,0.7365084290504456,-0.05544580891728401,0.4996741712093353,0.7851995825767517,-0.011789231561124325,0.5578885078430176,0.7873556613922119,-0.04602215439081192,0.47846025228500366,0.8076095581054688,-0.02528710477054119,0.43738076090812683,0.7931090593338013,-0.0036489474587142467,0.48994436860084534,0.8509349822998047,-0.011191172525286674,0.5388706922531128,0.8593703508377075,-0.03009827248752117,0.48337334394454956,0.8592402935028076,-0.012065497227013111,0.451302170753479,0.8413697481155396,0.006149332970380783,Oblique Thumb
0.30326157808303833,0.8644614219665527,-6.31551245078299e-07,0.31201082468032837,0.7223626375198364,-0.040134184062480927,0.3613237738609314,0.5851110219955444,-0.059693168848752975,0.40728843212127686,0.47465279698371887,-0.07615000009536743,0.4246005713939667,0.3957427442073822,-0.08301457017660141,0.471753865480423,0.6308045983314514,-0.029327016323804855,0.5491300225257874,0.6309383511543274,-0.062488801777362823,0.48327404260635376,0.6774814128875732,-0.07023292034864426,0.43872174620628357,0.6822378635406494,-0.06957699358463287,0.49068474769592285,0.7098681926727295,-0.02237161621451378,0.5574684143066406,0.7106744050979614,-0.06319426745176315,0.4696740210056305,0.7499245405197144,-0.06872354447841644,0.4330277442932129,0.7385205030441284,-0.06373530626296997,0.496652215719223,0.7852030992507935,-0.020717617124319077,0.5566443800926208,0.7867329716682434,-0.057711631059646606,0.4760386347770691,0.8096072673797607,-0.03998527675867081,0.43530967831611633,0.7946183681488037,-0.019390253350138664,0.49181821942329407,0.851029634475708,-0.02244753949344158,0.5388615727424622,0.8596423864364624,-0.04377220943570137,0.48342353105545044,0.8624995350837708,-0.028868816792964935,0.45099979639053345,0.8441917896270752,-0.012502746656537056,Oblique Thumb
0.30708467960357666,0.8590177297592163,-6.431756673919153e-07,0.31173771619796753,0.7133800387382507,-0.037470120936632156,0.36297130584716797,0.5771532654762268,-0.05472022667527199,0.4077177047729492,0.47274380922317505,-0.06887324899435043,0.4257035255432129,0.3956569731235504,-0.07314576208591461,0.47168612480163574,0.6254495978355408,-0.026364367455244064,0.5492687225341797,0.6264382600784302,-0.057842597365379333,0.48333579301834106,0.6752496361732483,-0.06402893364429474,0.4360673427581787,0.681052029132843,-0.062316082417964935,0.4916870892047882,0.706363320350647,-0.020940838381648064,0.5587486028671265,0.7063754200935364,-0.061789754778146744,0.4704277813434601,0.7488240003585815,-0.06700602173805237,0.42988693714141846,0.7413899898529053,-0.06135019287467003,0.49755778908729553,0.7808083295822144,-0.02050124481320381,0.5564057230949402,0.7829694747924805,-0.05786926671862602,0.4750418961048126,0.8081072568893433,-0.03914976119995117,0.43212658166885376,0.7960208654403687,-0.01775394193828106,0.492409348487854,0.8493593335151672,-0.023080134764313698,0.5409717559814453,0.860154390335083,-0.04429515078663826,0.4834569990634918,0.8632152676582336,-0.027819912880659103,0.4494619369506836,0.8434926271438599,-0.010374152101576328,Oblique Thumb
0.30708467960357666,0.8590177297592163,-6.431756673919153e-07,0.31173771619796753,0.7133800387382507,-0.037470120936632156,0.36297130584716797,0.5771532654762268,-0.05472022667527199,0.4077177047729492,0.47274380922317505,-0.06887324899435043,0.4257035255432129,0.3956569731235504,-0.07314576208591461,0.47168612480163574,0.6254495978355408,-0.026364367455244064,0.5492687225341797,0.6264382600784302,-0.057842597365379333,0.48333579301834106,0.6752496361732483,-0.06402893364429474,0.4360673427581787,0.681052029132843,-0.062316082417964935,0.4916870892047882,0.706363320350647,-0.020940838381648064,0.5587486028671265,0.7063754200935364,-0.061789754778146744,0.4704277813434601,0.7488240003585815,-0.06700602173805237,0.42988693714141846,0.7413899898529053,-0.06135019287467003,0.49755778908729553,0.7808083295822144,-0.02050124481320381,0.5564057230949402,0.7829694747924805,-0.05786926671862602,0.4750418961048126,0.8081072568893433,-0.03914976119995117,0.43212658166885376,0.7960208654403687,-0.01775394193828106,0.492409348487854,0.8493593335151672,-0.023080134764313698,0.5409717559814453,0.860154390335083,-0.04429515078663826,0.4834569990634918,0.8632152676582336,-0.027819912880659103,0.4494619369506836,0.8434926271438599,-0.010374152101576328,Oblique Thumb
0.30537766218185425,0.8570845127105713,-6.039477966623963e-07,0.3104889392852783,0.7182998657226562,-0.04312402009963989,0.36332225799560547,0.5809292197227478,-0.06415995210409164,0.40883490443229675,0.4728267192840576,-0.08097846806049347,0.4278115928173065,0.39358359575271606,-0.08821449428796768,0.47467297315597534,0.6244450807571411,-0.038884587585926056,0.5518884658813477,0.6276107430458069,-0.07321631908416748,0.48742079734802246,0.6767700910568237,-0.07935080677270889,0.44233405590057373,0.6824912428855896,-0.0770852267742157,0.4932442307472229,0.7056008577346802,-0.03138025477528572,0.558646023273468,0.7089148759841919,-0.07331518828868866,0.471894770860672,0.750287652015686,-0.0773528441786766,0.4343666434288025,0.7396562695503235,-0.07082682847976685,0.49926018714904785,0.7827620506286621,-0.028996888548135757,0.5574929714202881,0.7857768535614014,-0.0675949677824974,0.47566014528274536,0.8101012706756592,-0.04908563196659088,0.435278058052063,0.7948112487792969,-0.02765459567308426,0.49438562989234924,0.8500977158546448,-0.03000672347843647,0.5394167304039001,0.8603256940841675,-0.05296723544597626,0.48140180110931396,0.8630593419075012,-0.037902332842350006,0.44895637035369873,0.8427254557609558,-0.021112099289894104,Oblique Thumb
0.2996442914009094,0.8656076192855835,-6.621366424042208e-07,0.31233498454093933,0.7197617888450623,-0.038639821112155914,0.360842764377594,0.5821218490600586,-0.05727732181549072,0.4074409008026123,0.4732893705368042,-0.07290849834680557,0.4235737919807434,0.3941606283187866,-0.07829518616199493,0.47310537099838257,0.6270636320114136,-0.024228811264038086,0.5489880442619324,0.625482976436615,-0.057516325265169144,0.48503294587135315,0.6753431558609009,-0.06652534753084183,0.4394218921661377,0.6829617619514465,-0.06680891662836075,0.4945865571498871,0.7064818739891052,-0.017892878502607346,0.5588752031326294,0.708603024482727,-0.059660959988832474,0.4705445170402527,0.7519142031669617,-0.06577068567276001,0.43125760555267334,0.7426002621650696,-0.06102244183421135,0.49893704056739807,0.7813364863395691,-0.016818895936012268,0.5564652681350708,0.7858273386955261,-0.054753780364990234,0.4762292802333832,0.810675859451294,-0.035637978464365005,0.4329395890235901,0.7975390553474426,-0.013735499233007431,0.48987895250320435,0.849869966506958,-0.018988268449902534,0.5397923588752747,0.8609375357627869,-0.04055298864841461,0.4834202229976654,0.8633279204368591,-0.02343432419002056,0.44946831464767456,0.8437116146087646,-0.005107779521495104,Oblique Thumb
0.29882392287254333,0.8639737367630005,-6.367343416968652e-07,0.3082437217235565,0.7220231890678406,-0.04217904061079025,0.3601144552230835,0.5825273990631104,-0.06209423765540123,0.40806353092193604,0.4710484743118286,-0.0782189592719078,0.42338284850120544,0.3918418288230896,-0.08411423861980438,0.4707203507423401,0.626507043838501,-0.03136277571320534,0.5503895282745361,0.6281515955924988,-0.06505400687456131,0.48518508672714233,0.6765813827514648,-0.07223083823919296,0.4393865466117859,0.6812639236450195,-0.07095041126012802,0.49047061800956726,0.7071577906608582,-0.023576360195875168,0.5581108927726746,0.7096474766731262,-0.06477487087249756,0.4694598615169525,0.7490473985671997,-0.06873408704996109,0.4318538010120392,0.7363752722740173,-0.06227872520685196,0.49585333466529846,0.7827650904655457,-0.02140011265873909,0.5561025142669678,0.7864961624145508,-0.05946299433708191,0.4760379493236542,0.8088700175285339,-0.040793150663375854,0.43480023741722107,0.7923508286476135,-0.01907639019191265,0.4895320236682892,0.84943687915802,-0.022734234109520912,0.5381003618240356,0.8606554269790649,-0.04491882771253586,0.4833729863166809,0.8626718521118164,-0.029597299173474312,0.4506658613681793,0.8413887023925781,-0.01258784718811512,Oblique Thumb
0.2973335087299347,0.8681277632713318,-6.644979748671176e-07,0.31106477975845337,0.7200703620910645,-0.03936947137117386,0.3561525344848633,0.5821068286895752,-0.0574629083275795,0.40595242381095886,0.4701662063598633,-0.07258284837007523,0.42279890179634094,0.3924524784088135,-0.07669335603713989,0.47429022192955017,0.6264787912368774,-0.016147911548614502,0.5490149259567261,0.628010094165802,-0.0476696714758873,0.480717271566391,0.671276330947876,-0.05607565864920616,0.43519145250320435,0.6735652685165405,-0.056250520050525665,0.4949215352535248,0.7060026526451111,-0.007973577827215195,0.5571863055229187,0.7075163125991821,-0.04535946622490883,0.46675777435302734,0.7443758249282837,-0.05034218356013298,0.4328029155731201,0.731875479221344,-0.0459044985473156,0.49832257628440857,0.7813293933868408,-0.005920675117522478,0.5549635291099548,0.784736692905426,-0.04082713648676872,0.4750688672065735,0.8047878742218018,-0.022048335522413254,0.4346734583377838,0.7901853919029236,-0.0011806049151346087,0.48788243532180786,0.848839282989502,-0.007321498356759548,0.5367658138275146,0.8561321496963501,-0.026498060673475266,0.480618417263031,0.8562999963760376,-0.00990959070622921,0.4484423100948334,0.8379083871841431,0.007428831420838833,Oblique Thumb
0.29680871963500977,0.8593465089797974,-6.113928066042718e-07,0.3043849468231201,0.7179913520812988,-0.04354238137602806,0.35585516691207886,0.5806189179420471,-0.06324034929275513,0.40464887022972107,0.47089648246765137,-0.07900147885084152,0.4222433567047119,0.3914221227169037,-0.08367490768432617,0.47216275334358215,0.623485803604126,-0.024740535765886307,0.5490415692329407,0.6254333853721619,-0.057987622916698456,0.4812791049480438,0.6749144196510315,-0.06477734446525574,0.4335367977619171,0.6797049045562744,-0.06298400461673737,0.49270543456077576,0.7037953734397888,-0.01645965315401554,0.5543047785758972,0.7071514129638672,-0.05712045356631279,0.4653850793838501,0.7477748990058899,-0.06264292448759079,0.43075013160705566,0.7338268756866455,-0.05721171572804451,0.4968234896659851,0.7801743149757385,-0.014286089688539505,0.5536413192749023,0.7850111126899719,-0.052714526653289795,0.4721994996070862,0.8094593286514282,-0.0347253791987896,0.43219074606895447,0.7936476469039917,-0.013319166377186775,0.4875924289226532,0.8494271039962769,-0.015544108115136623,0.5357904434204102,0.8580101728439331,-0.03789423033595085,0.4786125123500824,0.86053466796875,-0.021900836378335953,0.44668954610824585,0.8396861553192139,-0.003938557580113411,Oblique Thumb
0.29680871963500977,0.8593465089797974,-6.113928066042718e-07,0.3043849468231201,0.7179913520812988,-0.04354238137602806,0.35585516691207886,0.5806189179420471,-0.06324034929275513,0.40464887022972107,0.47089648246765137,-0.07900147885084152,0.4222433567047119,0.3914221227169037,-0.08367490768432617,0.47216275334358215,0.623485803604126,-0.024740535765886307,0.5490415692329407,0.6254333853721619,-0.057987622916698456,0.4812791049480438,0.6749144196510315,-0.06477734446525574,0.4335367977619171,0.6797049045562744,-0.06298400461673737,0.49270543456077576,0.7037953734397888,-0.01645965315401554,0.5543047785758972,0.7071514129638672,-0.05712045356631279,0.4653850793838501,0.7477748990058899,-0.06264292448759079,0.43075013160705566,0.7338268756866455,-0.05721171572804451,0.4968234896659851,0.7801743149757385,-0.014286089688539505,0.5536413192749023,0.7850111126899719,-0.052714526653289795,0.4721994996070862,0.8094593286514282,-0.0347253791987896,0.43219074606895447,0.7936476469039917,-0.013319166377186775,0.4875924289226532,0.8494271039962769,-0.015544108115136623,0.5357904434204102,0.8580101728439331,-0.03789423033595085,0.4786125123500824,0.86053466796875,-0.021900836378335953,0.44668954610824585,0.8396861553192139,-0.003938557580113411,Oblique Thumb
0.29680871963500977,0.8593465089797974,-6.113928066042718e-07,0.3043849468231201,0.7179913520812988,-0.04354238137602806,0.35585516691207886,0.5806189179420471,-0.06324034929275513,0.40464887022972107,0.47089648246765137,-0.07900147885084152,0.4222433567047119,0.3914221227169037,-0.08367490768432617,0.47216275334358215,0.623485803604126,-0.024740535765886307,0.5490415692329407,0.6254333853721619,-0.057987622916698456,0.4812791049480438,0.6749144196510315,-0.06477734446525574,0.4335367977619171,0.6797049045562744,-0.06298400461673737,0.49270543456077576,0.7037953734397888,-0.01645965315401554,0.5543047785758972,0.7071514129638672,-0.05712045356631279,0.4653850793838501,0.7477748990058899,-0.06264292448759079,0.43075013160705566,0.7338268756866455,-0.05721171572804451,0.4968234896659851,0.7801743149757385,-0.014286089688539505,0.5536413192749023,0.7850111126899719,-0.052714526653289795,0.4721994996070862,0.8094593286514282,-0.0347253791987896,0.43219074606895447,0.7936476469039917,-0.013319166377186775,0.4875924289226532,0.8494271039962769,-0.015544108115136623,0.5357904434204102,0.8580101728439331,-0.03789423033595085,0.4786125123500824,0.86053466796875,-0.021900836378335953,0.44668954610824585,0.8396861553192139,-0.003938557580113411,Oblique Thumb
0.2971033453941345,0.863674521446228,-6.091300406296796e-07,0.31304287910461426,0.7166733741760254,-0.04047006368637085,0.35596659779548645,0.5808204412460327,-0.060843270272016525,0.40308600664138794,0.4703025221824646,-0.07805635780096054,0.4171583354473114,0.38910797238349915,-0.08506452292203903,0.47404471039772034,0.6245068311691284,-0.021355414763092995,0.5468605160713196,0.6258572340011597,-0.05323633924126625,0.4795375168323517,0.6724122166633606,-0.06246144697070122,0.4334377646446228,0.6789655089378357,-0.06348344683647156,0.4941263496875763,0.7042368054389954,-0.013479680754244328,0.5562624931335449,0.7075660824775696,-0.05447794497013092,0.4661461412906647,0.7468221187591553,-0.06330228596925735,0.42915013432502747,0.7365968823432922,-0.06112745776772499,0.4971046447753906,0.7811631560325623,-0.01075216755270958,0.5539190173149109,0.7850326299667358,-0.047228410840034485,0.47321808338165283,0.8062315583229065,-0.029393170028924942,0.4300047755241394,0.7925474643707275,-0.009097306989133358,0.4858258366584778,0.8499584197998047,-0.011501667089760303,0.5353847146034241,0.8578448295593262,-0.0318814292550087,0.47780129313468933,0.8581517338752747,-0.01498960517346859,0.44356635212898254,0.8409691452980042,0.002709637861698866,Oblique Thumb
0.2946791648864746,0.8633937239646912,-5.730619818677951e-07,0.3084484934806824,0.7191384434700012,-0.042238663882017136,0.3538740575313568,0.5823482871055603,-0.06309900432825089,0.40097758173942566,0.4721015691757202,-0.0804591104388237,0.4179016351699829,0.3902895748615265,-0.08792620897293091,0.4712899625301361,0.6261560320854187,-0.025441104546189308,0.5452955365180969,0.6270350813865662,-0.05945403501391411,0.47895336151123047,0.6733744144439697,-0.07019606232643127,0.43216201663017273,0.680398166179657,-0.0716642513871193,0.490376740694046,0.7065048217773438,-0.017003605142235756,0.5555562376976013,0.7085798382759094,-0.05960264429450035,0.46632710099220276,0.7491888403892517,-0.06946831196546555,0.42663776874542236,0.7413052916526794,-0.0672965869307518,0.49399441480636597,0.7837009429931641,-0.013815592974424362,0.5536730885505676,0.7857401371002197,-0.05048264190554619,0.4726737141609192,0.8087453246116638,-0.033215027302503586,0.4287795424461365,0.7961686849594116,-0.013201252557337284,0.4849955141544342,0.8510923385620117,-0.014351459220051765,0.5331611037254333,0.8595999479293823,-0.034752245992422104,0.4752654731273651,0.8594416379928589,-0.01843002811074257,0.441142201423645,0.842769980430603,-0.0011388538405299187,Oblique Thumb
0.2966284453868866,0.8700399994850159,-6.494074114016257e-07,0.30820488929748535,0.7247392535209656,-0.04016072675585747,0.35410231351852417,0.5851537585258484,-0.06197424978017807,0.4023103415966034,0.47355878353118896,-0.0797172486782074,0.4193429946899414,0.39205363392829895,-0.0877365916967392,0.47058960795402527,0.6287299394607544,-0.03935445100069046,0.5476220846176147,0.629175066947937,-0.0697140023112297,0.4795507490634918,0.677096962928772,-0.07434273511171341,0.43448278307914734,0.6842656135559082,-0.07259700447320938,0.49086353182792664,0.7088971734046936,-0.0314575657248497,0.5564776062965393,0.7107924222946167,-0.07074035704135895,0.46735644340515137,0.7505630254745483,-0.0755164623260498,0.42991212010383606,0.7399234175682068,-0.07144107669591904,0.49584466218948364,0.785570502281189,-0.027072880417108536,0.5554909110069275,0.7870869040489197,-0.06072113662958145,0.4750661849975586,0.8084527254104614,-0.040039148181676865,0.4335765540599823,0.7935240268707275,-0.0191009733825922,0.48867231607437134,0.8512638211250305,-0.026022715494036674,0.5380745530128479,0.8598223328590393,-0.044997744262218475,0.4819166958332062,0.8608144521713257,-0.027186231687664986,0.44809049367904663,0.8417038917541504,-0.009430387057363987,Oblique Thumb
0.29736143350601196,0.8705849051475525,-7.180582315413631e-07,0.31340140104293823,0.7226861715316772,-0.03924745321273804,0.35613173246383667,0.5853778123855591,-0.05735963210463524,0.4045037031173706,0.4718581438064575,-0.07138657569885254,0.42091119289398193,0.3939264416694641,-0.07398868352174759,0.47362735867500305,0.6247189044952393,-0.023155950009822845,0.5455651879310608,0.6272965669631958,-0.0553743802011013,0.47800499200820923,0.6746477484703064,-0.06202634796500206,0.4320978820323944,0.6810029149055481,-0.061111487448215485,0.4959896504878998,0.7063515186309814,-0.014184528961777687,0.557083249092102,0.7078952789306641,-0.05670376121997833,0.46362122893333435,0.7500041127204895,-0.06276334077119827,0.4265441596508026,0.739416241645813,-0.05837466940283775,0.500046968460083,0.7844752073287964,-0.009980341419577599,0.5559729933738708,0.7883029580116272,-0.048189617693424225,0.47262072563171387,0.8102279901504517,-0.02677207626402378,0.43213731050491333,0.7944148778915405,-0.003746245987713337,0.48898884654045105,0.8550194501876831,-0.008854922838509083,0.5384241938591003,0.8647168278694153,-0.029407747089862823,0.47827544808387756,0.8635007739067078,-0.010334476828575134,0.44680505990982056,0.8405399322509766,0.00888355914503336,Oblique Thumb
0.29736143350601196,0.8705849051475525,-7.180582315413631e-07,0.31340140104293823,0.7226861715316772,-0.03924745321273804,0.35613173246383667,0.5853778123855591,-0.05735963210463524,0.4045037031173706,0.4718581438064575,-0.07138657569885254,0.42091119289398193,0.3939264416694641,-0.07398868352174759,0.47362735867500305,0.6247189044952393,-0.023155950009822845,0.5455651879310608,0.6272965669631958,-0.0553743802011013,0.47800499200820923,0.6746477484703064,-0.06202634796500206,0.4320978820323944,0.6810029149055481,-0.061111487448215485,0.4959896504878998,0.7063515186309814,-0.014184528961777687,0.557083249092102,0.7078952789306641,-0.05670376121997833,0.46362122893333435,0.7500041127204895,-0.06276334077119827,0.4265441596508026,0.739416241645813,-0.05837466940283775,0.500046968460083,0.7844752073287964,-0.009980341419577599,0.5559729933738708,0.7883029580116272,-0.048189617693424225,0.47262072563171387,0.8102279901504517,-0.02677207626402378,0.43213731050491333,0.7944148778915405,-0.003746245987713337,0.48898884654045105,0.8550194501876831,-0.008854922838509083,0.5384241938591003,0.8647168278694153,-0.029407747089862823,0.47827544808387756,0.8635007739067078,-0.010334476828575134,0.44680505990982056,0.8405399322509766,0.00888355914503336,Oblique Thumb
0.29860174655914307,0.8718184232711792,-6.939299623809347e-07,0.31105637550354004,0.7234978079795837,-0.04056414216756821,0.35836073756217957,0.583690345287323,-0.05952092260122299,0.40625375509262085,0.46988898515701294,-0.07493703812360764,0.42172887921333313,0.38948363065719604,-0.0795629471540451,0.4724180996417999,0.6287521719932556,-0.022626196965575218,0.5475550293922424,0.6265910267829895,-0.05552484467625618,0.4823184907436371,0.6751274466514587,-0.06378068774938583,0.437654048204422,0.6823192238807678,-0.06386444717645645,0.4941372573375702,0.708899736404419,-0.014543554745614529,0.5574263334274292,0.7093533277511597,-0.056274283677339554,0.46678999066352844,0.752191960811615,-0.062494948506355286,0.4300031363964081,0.7410514950752258,-0.05796269699931145,0.49865105748176575,0.7853491306304932,-0.011874718591570854,0.5560065507888794,0.7874754667282104,-0.049324240535497665,0.47451791167259216,0.8118256330490112,-0.029233766719698906,0.4334854483604431,0.7971643209457397,-0.0069864727556705475,0.4891204535961151,0.855586588382721,-0.012582593597471714,0.5394473671913147,0.8632410168647766,-0.03248228877782822,0.4822155833244324,0.8654168844223022,-0.0142052685841918,0.450547456741333,0.8462235927581787,0.004518738016486168,Oblique Thumb
0.2998339533805847,0.867805540561676,-7.289968948498426e-07,0.3127923011779785,0.7215734124183655,-0.03877874091267586,0.3590364158153534,0.5827383399009705,-0.05660078674554825,0.40496253967285156,0.47042226791381836,-0.07067706435918808,0.4216971695423126,0.39310646057128906,-0.07398407906293869,0.47297993302345276,0.6242862939834595,-0.025458859279751778,0.5461793541908264,0.6270560026168823,-0.057074908167123795,0.4784421920776367,0.673660933971405,-0.06273458153009415,0.43362611532211304,0.6799495816230774,-0.06157414987683296,0.49473461508750916,0.7063909769058228,-0.01839555986225605,0.5573261976242065,0.7071776390075684,-0.060909204185009,0.4649936556816101,0.7500291466712952,-0.06654441356658936,0.4281367361545563,0.7415708899497986,-0.06163014844059944,0.49981486797332764,0.7848684787750244,-0.016090430319309235,0.5555369257926941,0.7859933972358704,-0.05371236056089401,0.4727960228919983,0.809519350528717,-0.03246581181883812,0.4340567886829376,0.7948448061943054,-0.009890436194837093,0.4899294972419739,0.8564525842666626,-0.01693587191402912,0.5387040972709656,0.8630868196487427,-0.03750362992286682,0.4787435531616211,0.8634748458862305,-0.018763436004519463,0.4473840594291687,0.8414673805236816,-4.801020168088144e-06,Oblique Thumb
0.3002466857433319,0.8674619793891907,-7.53656024699012e-07,0.31438854336738586,0.7192168831825256,-0.03773011639714241,0.35545605421066284,0.5806884765625,-0.05478689447045326,0.4043313264846802,0.46944957971572876,-0.06782196462154388,0.4208049774169922,0.3900162875652313,-0.06955328583717346,0.4743550419807434,0.6241786479949951,-0.021933112293481827,0.5453540682792664,0.6280438303947449,-0.05157030001282692,0.47865721583366394,0.6732926368713379,-0.05572710186243057,0.4331494867801666,0.6798686981201172,-0.053702227771282196,0.49669647216796875,0.704654335975647,-0.014104765839874744,0.5552244782447815,0.7074103355407715,-0.05410962179303169,0.46426060795783997,0.747821569442749,-0.05919976904988289,0.42790108919143677,0.7384435534477234,-0.05484626442193985,0.5006991028785706,0.7824405431747437,-0.010869940742850304,0.5522434115409851,0.7865122556686401,-0.04671140015125275,0.4706634283065796,0.8074851036071777,-0.025218937546014786,0.4320520758628845,0.7915878295898438,-0.003270952496677637,0.48881471157073975,0.8546973466873169,-0.010657105594873428,0.5366654396057129,0.8621406555175781,-0.03126230835914612,0.47679540514945984,0.8622819185256958,-0.012943848967552185,0.44586217403411865,0.8396092057228088,0.005401927046477795,Oblique Thumb
0.3002466857433319,0.8674619793891907,-7.53656024699012e-07,0.31438854336738586,0.7192168831825256,-0.03773011639714241,0.35545605421066284,0.5806884765625,-0.05478689447045326,0.4043313264846802,0.46944957971572876,-0.06782196462154388,0.4208049774169922,0.3900162875652313,-0.06955328583717346,0.4743550419807434,0.6241786479949951,-0.021933112293481827,0.5453540682792664,0.6280438303947449,-0.05157030001282692,0.47865721583366394,0.6732926368713379,-0.05572710186243057,0.4331494867801666,0.6798686981201172,-0.053702227771282196,0.49669647216796875,0.704654335975647,-0.014104765839874744,0.5552244782447815,0.7074103355407715,-0.05410962179303169,0.46426060795783997,0.747821569442749,-0.05919976904988289,0.42790108919143677,0.7384435534477234,-0.05484626442193985,0.5006991028785706,0.7824405431747437,-0.010869940742850304,0.5522434115409851,0.7865122556686401,-0.04671140015125275,0.4706634283065796,0.8074851036071777,-0.025218937546014786,0.4320520758628845,0.7915878295898438,-0.003270952496677637,0.48881471157073975,0.8546973466873169,-0.010657105594873428,0.5366654396057129,0.8621406555175781,-0.03126230835914612,0.47679540514945984,0.8622819185256958,-0.012943848967552185,0.44586217403411865,0.8396092057228088,0.005401927046477795,Oblique Thumb
0.29450559616088867,0.8713312149047852,-6.668936975984252e-07,0.312969446182251,0.7216527462005615,-0.038953691720962524,0.3550870716571808,0.5814627408981323,-0.057475775480270386,0.4023568332195282,0.46770036220550537,-0.07235949486494064,0.4197741746902466,0.38816356658935547,-0.076173335313797,0.47113704681396484,0.6241803169250488,-0.022186070680618286,0.544613778591156,0.6281408667564392,-0.05385521799325943,0.477944016456604,0.6770492792129517,-0.06078549474477768,0.4307320713996887,0.6839803457260132,-0.06014007329940796,0.4934465289115906,0.7062274217605591,-0.014080005697906017,0.557537317276001,0.708804190158844,-0.05704370513558388,0.4644635021686554,0.7527157068252563,-0.06477523595094681,0.4243192970752716,0.7435817718505859,-0.06099751964211464,0.4973824620246887,0.785065770149231,-0.010609669610857964,0.5551549196243286,0.7891897559165955,-0.04793329909443855,0.4731388986110687,0.812820553779602,-0.027433328330516815,0.43119093775749207,0.7974605560302734,-0.004847633186727762,0.4862041771411896,0.8551077246665955,-0.01036949921399355,0.5356481671333313,0.8645527362823486,-0.030415255576372147,0.4774578809738159,0.8652746677398682,-0.011823129840195179,0.446246474981308,0.8450456261634827,0.007184563670307398,Oblique Thumb
0.29818302392959595,0.8657364249229431,-6.389389568539627e-07,0.30728012323379517,0.7218915224075317,-0.04352865368127823,0.3560735583305359,0.5831869840621948,-0.06729304790496826,0.40185490250587463,0.4710645079612732,-0.0869796946644783,0.4205074906349182,0.3867112696170807,-0.09711987525224686,0.4687591791152954,0.6286872029304504,-0.04234214872121811,0.5474199652671814,0.6253775358200073,-0.07528309524059296,0.47951066493988037,0.6753095984458923,-0.08143588155508041,0.43384724855422974,0.684406578540802,-0.08031769841909409,0.4883297085762024,0.7098097801208496,-0.034645676612854004,0.5553578734397888,0.7095822095870972,-0.07636648416519165,0.4668651819229126,0.7504607439041138,-0.08198348432779312,0.4287092685699463,0.7404516339302063,-0.07787793129682541,0.49414771795272827,0.7872193455696106,-0.03119848296046257,0.5559022426605225,0.7875568866729736,-0.06786751747131348,0.4743487238883972,0.8106749057769775,-0.04879939183592796,0.4323139190673828,0.7964227199554443,-0.028349118307232857,0.4884406626224518,0.8535388708114624,-0.03134125843644142,0.5375182628631592,0.8626604676246643,-0.05293003469705582,0.4807092249393463,0.8642527461051941,-0.03677687421441078,0.4458772540092468,0.8453942537307739,-0.01989021897315979,Oblique Thumb
0.2961113452911377,0.8659420013427734,-6.587722509721061e-07,0.30734944343566895,0.7229612469673157,-0.043893344700336456,0.35639315843582153,0.5831242799758911,-0.06575513631105423,0.40138107538223267,0.46989673376083374,-0.08312752842903137,0.4180489182472229,0.3879411518573761,-0.09025182574987411,0.47036147117614746,0.6256678104400635,-0.03685278445482254,0.5469868779182434,0.6268168687820435,-0.07082425057888031,0.4784904420375824,0.6757116913795471,-0.07721157371997833,0.4331980347633362,0.6829782724380493,-0.07592025399208069,0.4902701675891876,0.7082459330558777,-0.028249550610780716,0.5567046999931335,0.7116419076919556,-0.07228431850671768,0.46436530351638794,0.7519791722297668,-0.0775546059012413,0.42686107754707336,0.740737795829773,-0.07196397334337234,0.4952475130558014,0.7869574427604675,-0.024567168205976486,0.5541144013404846,0.7921555638313293,-0.06317775696516037,0.47129717469215393,0.813592255115509,-0.043662115931510925,0.4313717484474182,0.7966943383216858,-0.021996088325977325,0.48764559626579285,0.8556888103485107,-0.02442842535674572,0.5349408388137817,0.8677229881286621,-0.04572233930230141,0.4770843982696533,0.8676863312721252,-0.029240267351269722,0.445503294467926,0.8463926315307617,-0.012087879702448845,Oblique Thumb
0.2961113452911377,0.8659420013427734,-6.587722509721061e-07,0.30734944343566895,0.7229612469673157,-0.043893344700336456,0.35639315843582153,0.5831242799758911,-0.06575513631105423,0.40138107538223267,0.46989673376083374,-0.08312752842903137,0.4180489182472229,0.3879411518573761,-0.09025182574987411,0.47036147117614746,0.6256678104400635,-0.03685278445482254,0.5469868779182434,0.6268168687820435,-0.07082425057888031,0.4784904420375824,0.6757116913795471,-0.07721157371997833,0.4331980347633362,0.6829782724380493,-0.07592025399208069,0.4902701675891876,0.7082459330558777,-0.028249550610780716,0.5567046999931335,0.7116419076919556,-0.07228431850671768,0.46436530351638794,0.7519791722297668,-0.0775546059012413,0.42686107754707336,0.740737795829773,-0.07196397334337234,0.4952475130558014,0.7869574427604675,-0.024567168205976486,0.5541144013404846,0.7921555638313293,-0.06317775696516037,0.47129717469215393,0.813592255115509,-0.043662115931510925,0.4313717484474182,0.7966943383216858,-0.021996088325977325,0.48764559626579285,0.8556888103485107,-0.02442842535674572,0.5349408388137817,0.8677229881286621,-0.04572233930230141,0.4770843982696533,0.8676863312721252,-0.029240267351269722,0.445503294467926,0.8463926315307617,-0.012087879702448845,Oblique Thumb
0.2914407551288605,0.8750580549240112,-6.211083132257045e-07,0.3109729588031769,0.7233231663703918,-0.04068976268172264,0.3533867597579956,0.585334062576294,-0.06087497994303703,0.40059664845466614,0.47019869089126587,-0.07737483084201813,0.41462165117263794,0.38853248953819275,-0.08309730142354965,0.4720553159713745,0.6267905235290527,-0.021802417933940887,0.543832540512085,0.6260770559310913,-0.053197506815195084,0.4752131700515747,0.6714809536933899,-0.06197872385382652,0.4300624132156372,0.6781316995620728,-0.0629672184586525,0.49337300658226013,0.7071505784988403,-0.012114684097468853,0.555822491645813,0.7085803747177124,-0.05022110044956207,0.46549761295318604,0.7471187710762024,-0.056789103895425797,0.4301914870738983,0.7371339201927185,-0.054094329476356506,0.4964255690574646,0.785198450088501,-0.007587499916553497,0.5542308688163757,0.7874639630317688,-0.040750693529844284,0.47422274947166443,0.8079876899719238,-0.021281499415636063,0.43260425329208374,0.7952986359596252,-0.0009553045383654535,0.4847276210784912,0.8526140451431274,-0.006661696825176477,0.5344857573509216,0.8599879145622253,-0.02445092983543873,0.47728291153907776,0.858264148235321,-0.0068692234344780445,0.44419917464256287,0.8414632678031921,0.010589701123535633,Oblique Thumb
0.29368025064468384,0.8740332126617432,-6.92638138843904e-07,0.3106171190738678,0.7260105609893799,-0.04065205901861191,0.35245537757873535,0.5884496569633484,-0.059320736676454544,0.40106070041656494,0.4745524525642395,-0.07394670695066452,0.4176640510559082,0.39440464973449707,-0.07715564966201782,0.4716770052909851,0.625140368938446,-0.021796386688947678,0.5444993376731873,0.6268233060836792,-0.053655222058296204,0.47673624753952026,0.6743911504745483,-0.060199327766895294,0.4313509166240692,0.680618405342102,-0.05925431847572327,0.4942181408405304,0.7063137292861938,-0.012372828088700771,0.5569201707839966,0.7085707783699036,-0.05479387938976288,0.4633415937423706,0.7499910593032837,-0.061175331473350525,0.42726364731788635,0.7387715578079224,-0.05684412270784378,0.4978821575641632,0.7842658758163452,-0.008092034608125687,0.5546926259994507,0.7893496155738831,-0.04630052298307419,0.47277727723121643,0.8109772205352783,-0.026018435135483742,0.43197476863861084,0.795891523361206,-0.0036544757895171642,0.4863327741622925,0.8541783094406128,-0.007042167708277702,0.5358352065086365,0.8647422790527344,-0.027630552649497986,0.47730499505996704,0.863558292388916,-0.009668361395597458,0.4454442262649536,0.8426275253295898,0.008707218803465366,Oblique Thumb
0.2943737506866455,0.8705660104751587,-6.637696401412541e-07,0.310510516166687,0.7229201197624207,-0.04015863686800003,0.3542763590812683,0.5842674374580383,-0.06086938455700874,0.40264981985092163,0.4720267653465271,-0.07780281454324722,0.4206835627555847,0.3907160460948944,-0.0841694176197052,0.4725727140903473,0.626899003982544,-0.029305636882781982,0.5470798015594482,0.6271764039993286,-0.060857322067022324,0.47943130135536194,0.6748793721199036,-0.0667676329612732,0.43485862016677856,0.6811085343360901,-0.06553354859352112,0.49298951029777527,0.7089052796363831,-0.021181315183639526,0.5558043122291565,0.711091160774231,-0.06348846107721329,0.46419718861579895,0.7512984275817871,-0.07015524059534073,0.4281962811946869,0.7391716241836548,-0.06638242304325104,0.49702921509742737,0.786653459072113,-0.017339345067739487,0.5534710884094238,0.7903174757957458,-0.05436078831553459,0.4717388451099396,0.8110314011573792,-0.033691465854644775,0.43219003081321716,0.7943617105484009,-0.011625158600509167,0.48787832260131836,0.8547505736351013,-0.01671694405376911,0.5362758040428162,0.8643646240234375,-0.03633533790707588,0.4781285524368286,0.8647369146347046,-0.0173958707600832,0.44660913944244385,0.8442859649658203,0.0015587271191179752,Oblique Thumb
0.2972724139690399,0.8672375679016113,-6.958547942303994e-07,0.3102540671825409,0.7214235067367554,-0.0389532744884491,0.355620801448822,0.5840014815330505,-0.05668104439973831,0.4027344584465027,0.4728589653968811,-0.07103309780359268,0.41946691274642944,0.3941003084182739,-0.07518160343170166,0.46988046169281006,0.6264007687568665,-0.024160653352737427,0.5453292727470398,0.6270942687988281,-0.057783663272857666,0.47973835468292236,0.6769979000091553,-0.06571200489997864,0.43292540311813354,0.6859042644500732,-0.06512624770402908,0.49081841111183167,0.708116352558136,-0.0166567824780941,0.55678391456604,0.7089090347290039,-0.06048348546028137,0.466158926486969,0.7531983852386475,-0.068132683634758,0.4275258779525757,0.7446921467781067,-0.06411103159189224,0.49569976329803467,0.7866223454475403,-0.01409896370023489,0.5551995038986206,0.7893972396850586,-0.05272712931036949,0.473612904548645,0.8135057687759399,-0.03344690054655075,0.4324199855327606,0.7996399402618408,-0.011518602259457111,0.48680171370506287,0.8574556112289429,-0.014727036468684673,0.5369791984558105,0.8661572933197021,-0.03580089285969734,0.47932180762290955,0.8678314685821533,-0.018647614866495132,0.44751080870628357,0.8492234349250793,-0.0007052201544865966,Oblique Thumb
0.2954103350639343,0.8689361810684204,-6.672837571386481e-07,0.31098243594169617,0.7219222187995911,-0.042021993547677994,0.3574065566062927,0.5828077793121338,-0.0629609078168869,0.40281522274017334,0.47019216418266296,-0.07980534434318542,0.41851794719696045,0.38766995072364807,-0.08592193573713303,0.47213423252105713,0.6292941570281982,-0.030571650713682175,0.5479207038879395,0.6285938024520874,-0.06294428557157516,0.47834011912345886,0.6751423478126526,-0.06972299516201019,0.431919127702713,0.6819614768028259,-0.06906848400831223,0.49260255694389343,0.7107266187667847,-0.02192404307425022,0.5578511953353882,0.7130261063575745,-0.06528256088495255,0.4656063914299011,0.7525278925895691,-0.07232930511236191,0.4278520345687866,0.7418574094772339,-0.06845696270465851,0.49666935205459595,0.7883086800575256,-0.017954083159565926,0.555452287197113,0.7921903729438782,-0.05477503314614296,0.4739864766597748,0.8137373328208923,-0.035306721925735474,0.4329138994216919,0.7984289526939392,-0.014254254288971424,0.48724329471588135,0.8562259674072266,-0.017504150047898293,0.5358436107635498,0.8664969801902771,-0.037411727011203766,0.4788469076156616,0.8660518527030945,-0.020423004403710365,0.44701215624809265,0.8456836342811584,-0.003166330512613058,Oblique Thumb
0.2954103350639343,0.8689361810684204,-6.672837571386481e-07,0.31098243594169617,0.7219222187995911,-0.042021993547677994,0.3574065566062927,0.5828077793121338,-0.0629609078168869,0.40281522274017334,0.47019216418266296,-0.07980534434318542,0.41851794719696045,0.38766995072364807,-0.08592193573713303,0.47213423252105713,0.6292941570281982,-0.030571650713682175,0.5479207038879395,0.6285938024520874,-0.06294428557157516,0.47834011912345886,0.6751423478126526,-0.06972299516201019,0.431919127702713,0.6819614768028259,-0.06906848400831223,0.49260255694389343,0.7107266187667847,-0.02192404307425022,0.5578511953353882,0.7130261063575745,-0.06528256088495255,0.4656063914299011,0.7525278925895691,-0.07232930511236191,0.4278520345687866,0.7418574094772339,-0.06845696270465851,0.49666935205459595,0.7883086800575256,-0.017954083159565926,0.555452287197113,0.7921903729438782,-0.05477503314614296,0.4739864766597748,0.8137373328208923,-0.035306721925735474,0.4329138994216919,0.7984289526939392,-0.014254254288971424,0.48724329471588135,0.8562259674072266,-0.017504150047898293,0.5358436107635498,0.8664969801902771,-0.037411727011203766,0.4788469076156616,0.8660518527030945,-0.020423004403710365,0.44701215624809265,0.8456836342811584,-0.003166330512613058,Oblique Thumb
0.29860353469848633,0.8631779551506042,-7.494688247788872e-07,0.3073417842388153,0.7195010185241699,-0.040838878601789474,0.35540246963500977,0.58066326379776,-0.058834679424762726,0.40393778681755066,0.47069251537323,-0.0727410614490509,0.4207027852535248,0.3926936089992523,-0.07621792703866959,0.47052258253097534,0.622812032699585,-0.026649588719010353,0.545620858669281,0.627257764339447,-0.05926058068871498,0.4805234670639038,0.6761617064476013,-0.06509728729724884,0.43384885787963867,0.6847086548805237,-0.0634162575006485,0.4920113682746887,0.7059987187385559,-0.019279073923826218,0.5558838844299316,0.7086291909217834,-0.06287091970443726,0.464913934469223,0.7523609399795532,-0.06874067336320877,0.4262236952781677,0.7436196804046631,-0.0632849931716919,0.4983971416950226,0.7839553356170654,-0.0171984676271677,0.5536453723907471,0.7877768874168396,-0.0578407421708107,0.4709646701812744,0.812673032283783,-0.038633499294519424,0.43085381388664246,0.7987439632415771,-0.016367295756936073,0.49093708395957947,0.8579295873641968,-0.01820260100066662,0.540020227432251,0.8651744723320007,-0.0417012982070446,0.4809495806694031,0.8684017658233643,-0.02501801587641239,0.44889867305755615,0.8472455143928528,-0.007139554247260094,Oblique Thumb
0.29860353469848633,0.8631779551506042,-7.494688247788872e-07,0.3073417842388153,0.7195010185241699,-0.040838878601789474,0.35540246963500977,0.58066326379776,-0.058834679424762726,0.40393778681755066,0.47069251537323,-0.0727410614490509,0.4207027852535248,0.3926936089992523,-0.07621792703866959,0.47052258253097534,0.622812032699585,-0.026649588719010353,0.545620858669281,0.627257764339447,-0.05926058068871498,0.4805234670639038,0.6761617064476013,-0.06509728729724884,0.43384885787963867,0.6847086548805237,-0.0634162575006485,0.4920113682746887,0.7059987187385559,-0.019279073923826218,0.5558838844299316,0.7086291909217834,-0.06287091970443726,0.464913934469223,0.7523609399795532,-0.06874067336320877,0.4262236952781677,0.7436196804046631,-0.0632849931716919,0.4983971416950226,0.7839553356170654,-0.0171984676271677,0.5536453723907471,0.7877768874168396,-0.0578407421708107,0.4709646701812744,0.812673032283783,-0.038633499294519424,0.43085381388664246,0.7987439632415771,-0.016367295756936073,0.49093708395957947,0.8579295873641968,-0.01820260100066662,0.540020227432251,0.8651744723320007,-0.0417012982070446,0.4809495806694031,0.8684017658233643,-0.02501801587641239,0.44889867305755615,0.8472455143928528,-0.007139554247260094,Oblique Thumb
0.29658979177474976,0.8688607215881348,-6.643678034379263e-07,0.3102456331253052,0.7217982411384583,-0.039056774228811264,0.3572594225406647,0.5829347968101501,-0.05893435329198837,0.40427395701408386,0.47182634472846985,-0.07509048283100128,0.42062923312187195,0.38990017771720886,-0.08116514980792999,0.4708484709262848,0.6292739510536194,-0.032852862030267715,0.547222912311554,0.6266823410987854,-0.06292596459388733,0.4778907895088196,0.6754119396209717,-0.06784860044717789,0.43143391609191895,0.6835525035858154,-0.06618951261043549,0.49081459641456604,0.7098649740219116,-0.025166574865579605,0.5561743378639221,0.7103707790374756,-0.06571735441684723,0.465596079826355,0.7507676482200623,-0.07185181975364685,0.4274735152721405,0.7410181760787964,-0.06829238682985306,0.4951540231704712,0.7871638536453247,-0.021233757957816124,0.5558703541755676,0.7889739871025085,-0.056241124868392944,0.47399699687957764,0.8108125329017639,-0.03615931421518326,0.43163788318634033,0.7966046333312988,-0.015168937854468822,0.48664766550064087,0.8540504574775696,-0.020521126687526703,0.5373092889785767,0.8647056818008423,-0.040569085627794266,0.48040202260017395,0.8647361397743225,-0.02338528446853161,0.4465232491493225,0.8444172739982605,-0.005903204437345266,Oblique Thumb
0.29658979177474976,0.8688607215881348,-6.643678034379263e-07,0.3102456331253052,0.7217982411384583,-0.039056774228811264,0.3572594225406647,0.5829347968101501,-0.05893435329198837,0.40427395701408386,0.47182634472846985,-0.07509048283100128,0.42062923312187195,0.38990017771720886,-0.08116514980792999,0.4708484709262848,0.6292739510536194,-0.032852862030267715,0.547222912311554,0.6266823410987854,-0.06292596459388733,0.4778907895088196,0.6754119396209717,-0.06784860044717789,0.43143391609191895,0.6835525035858154,-0.06618951261043549,0.49081459641456604,0.7098649740219116,-0.025166574865579605,0.5561743378639221,0.7103707790374756,-0.06571735441684723,0.465596079826355,0.7507676482200623,-0.07185181975364685,0.4274735152721405,0.7410181760787964,-0.06829238682985306,0.4951540231704712,0.7871638536453247,-0.021233757957816124,0.5558703541755676,0.7889739871025085,-0.056241124868392944,0.47399699687957764,0.8108125329017639,-0.03615931421518326,0.43163788318634033,0.7966046333312988,-0.015168937854468822,0.48664766550064087,0.8540504574775696,-0.020521126687526703,0.5373092889785767,0.8647056818008423,-0.040569085627794266,0.48040202260017395,0.8647361397743225,-0.02338528446853161,0.4465232491493225,0.8444172739982605,-0.005903204437345266,Oblique Thumb
0.29658979177474976,0.8688607215881348,-6.643678034379263e-07,0.3102456331253052,0.7217982411384583,-0.039056774228811264,0.3572594225406647,0.5829347968101501,-0.05893435329198837,0.40427395701408386,0.47182634472846985,-0.07509048283100128,0.42062923312187195,0.38990017771720886,-0.08116514980792999,0.4708484709262848,0.6292739510536194,-0.032852862030267715,0.547222912311554,0.6266823410987854,-0.06292596459388733,0.4778907895088196,0.6754119396209717,-0.06784860044717789,0.43143391609191895,0.6835525035858154,-0.06618951261043549,0.49081459641456604,0.7098649740219116,-0.025166574865579605,0.5561743378639221,0.7103707790374756,-0.06571735441684723,0.465596079826355,0.7507676482200623,-0.07185181975364685,0.4274735152721405,0.7410181760787964,-0.06829238682985306,0.4951540231704712,0.7871638536453247,-0.021233757957816124,0.5558703541755676,0.7889739871025085,-0.056241124868392944,0.47399699687957764,0.8108125329017639,-0.03615931421518326,0.43163788318634033,0.7966046333312988,-0.015168937854468822,0.48664766550064087,0.8540504574775696,-0.020521126687526703,0.5373092889785767,0.8647056818008423,-0.040569085627794266,0.48040202260017395,0.8647361397743225,-0.02338528446853161,0.4465232491493225,0.8444172739982605,-0.005903204437345266,Oblique Thumb
0.29658979177474976,0.8688607215881348,-6.643678034379263e-07,0.3102456331253052,0.7217982411384583,-0.039056774228811264,0.3572594225406647,0.5829347968101501,-0.05893435329198837,0.40427395701408386,0.47182634472846985,-0.07509048283100128,0.42062923312187195,0.38990017771720886,-0.08116514980792999,0.4708484709262848,0.6292739510536194,-0.032852862030267715,0.547222912311554,0.6266823410987854,-0.06292596459388733,0.4778907895088196,0.6754119396209717,-0.06784860044717789,0.43143391609191895,0.6835525035858154,-0.06618951261043549,0.49081459641456604,0.7098649740219116,-0.025166574865579605,0.5561743378639221,0.7103707790374756,-0.06571735441684723,0.465596079826355,0.7507676482200623,-0.07185181975364685,0.4274735152721405,0.7410181760787964,-0.06829238682985306,0.4951540231704712,0.7871638536453247,-0.021233757957816124,0.5558703541755676,0.7889739871025085,-0.056241124868392944,0.47399699687957764,0.8108125329017639,-0.03615931421518326,0.43163788318634033,0.7966046333312988,-0.015168937854468822,0.48664766550064087,0.8540504574775696,-0.020521126687526703,0.5373092889785767,0.8647056818008423,-0.040569085627794266,0.48040202260017395,0.8647361397743225,-0.02338528446853161,0.4465232491493225,0.8444172739982605,-0.005903204437345266,Oblique Thumb
0.29658979177474976,0.8688607215881348,-6.643678034379263e-07,0.3102456331253052,0.7217982411384583,-0.039056774228811264,0.3572594225406647,0.5829347968101501,-0.05893435329198837,0.40427395701408386,0.47182634472846985,-0.07509048283100128,0.42062923312187195,0.38990017771720886,-0.08116514980792999,0.4708484709262848,0.6292739510536194,-0.032852862030267715,0.547222912311554,0.6266823410987854,-0.06292596459388733,0.4778907895088196,0.6754119396209717,-0.06784860044717789,0.43143391609191895,0.6835525035858154,-0.06618951261043549,0.49081459641456604,0.7098649740219116,-0.025166574865579605,0.5561743378639221,0.7103707790374756,-0.06571735441684723,0.465596079826355,0.7507676482200623,-0.07185181975364685,0.4274735152721405,0.7410181760787964,-0.06829238682985306,0.4951540231704712,0.7871638536453247,-0.021233757957816124,0.5558703541755676,0.7889739871025085,-0.056241124868392944,0.47399699687957764,0.8108125329017639,-0.03615931421518326,0.43163788318634033,0.7966046333312988,-0.015168937854468822,0.48664766550064087,0.8540504574775696,-0.020521126687526703,0.5373092889785767,0.8647056818008423,-0.040569085627794266,0.48040202260017395,0.8647361397743225,-0.02338528446853161,0.4465232491493225,0.8444172739982605,-0.005903204437345266,Oblique Thumb
0.2929043769836426,0.8788838982582092,-5.971809855509491e-07,0.30415308475494385,0.7292998433113098,-0.041667912155389786,0.35584861040115356,0.5901631712913513,-0.06327476352453232,0.401920348405838,0.4771425127983093,-0.0813002660870552,0.41877198219299316,0.3937762975692749,-0.08993089944124222,0.4661060571670532,0.6352390646934509,-0.03498940169811249,0.5435220003128052,0.6313852071762085,-0.06817125529050827,0.475335955619812,0.6796736717224121,-0.07616455852985382,0.43047845363616943,0.6887370944023132,-0.07623936980962753,0.48623859882354736,0.7146692276000977,-0.027287019416689873,0.554092526435852,0.7139581441879272,-0.06698798388242722,0.46650782227516174,0.7541958093643188,-0.07205025851726532,0.4304862916469574,0.7459872364997864,-0.06787601858377457,0.4928877055644989,0.7903642654418945,-0.02446279674768448,0.5528671145439148,0.7907059788703918,-0.059633199125528336,0.47111019492149353,0.8136696219444275,-0.04079355672001839,0.43011370301246643,0.8012555837631226,-0.020573746412992477,0.48850107192993164,0.8567214012145996,-0.025339709594845772,0.5358151197433472,0.8657196760177612,-0.04632069543004036,0.47899872064590454,0.8673533201217651,-0.030782289803028107,0.44549131393432617,0.8493821620941162,-0.014347427524626255,Oblique Thumb
0.29471060633659363,0.8801735043525696,-6.382006745297986e-07,0.3145639896392822,0.7308412790298462,-0.039085179567337036,0.35347437858581543,0.5931863188743591,-0.05861558020114899,0.4016149938106537,0.47732752561569214,-0.07472002506256104,0.4168320298194885,0.39786943793296814,-0.07970981299877167,0.47316330671310425,0.6356346607208252,-0.01968049257993698,0.543056845664978,0.6345197558403015,-0.051524899899959564,0.4769175350666046,0.6800392270088196,-0.060018304735422134,0.4311007857322693,0.6867383122444153,-0.06015608832240105,0.4943819046020508,0.7149004936218262,-0.010092338547110558,0.5547475218772888,0.7153546214103699,-0.04782303795218468,0.4651294946670532,0.7534691691398621,-0.05262478068470955,0.42957568168640137,0.7426751852035522,-0.048438023775815964,0.49693456292152405,0.7902811765670776,-0.005894825328141451,0.5522187948226929,0.7933877110481262,-0.039406824856996536,0.47402867674827576,0.8126626014709473,-0.018357662484049797,0.43186837434768677,0.7987194061279297,0.0035052134189754725,0.48499155044555664,0.8558666110038757,-0.005286082159727812,0.5329502820968628,0.8655093312263489,-0.023755604401230812,0.4774235188961029,0.8631513118743896,-0.005749700590968132,0.4444592595100403,0.8446311354637146,0.012516256421804428,Oblique Thumb
0.29355692863464355,0.8786473274230957,-6.370302685354545e-07,0.3058060109615326,0.7297970056533813,-0.042641203850507736,0.35477688908576965,0.5902776122093201,-0.06484050303697586,0.4014219045639038,0.47665369510650635,-0.08278409391641617,0.41813039779663086,0.3941110670566559,-0.09077765047550201,0.46938079595565796,0.6359599232673645,-0.037154048681259155,0.543438196182251,0.6315891742706299,-0.06914226710796356,0.47317731380462646,0.6785644888877869,-0.07476867735385895,0.4282282888889313,0.6872764825820923,-0.07323628664016724,0.4893547594547272,0.71629798412323,-0.028137147426605225,0.5551362037658691,0.7155839204788208,-0.06708944588899612,0.4648159444332123,0.7529451251029968,-0.07022575289011002,0.42960357666015625,0.744533896446228,-0.064866803586483,0.4946560859680176,0.7926819920539856,-0.023783545941114426,0.5531582236289978,0.7935245633125305,-0.05904167890548706,0.47071969509124756,0.8138298988342285,-0.039012204855680466,0.4299320578575134,0.8021302223205566,-0.01793784834444523,0.4882374107837677,0.8596290349960327,-0.023005295544862747,0.5372269749641418,0.867733359336853,-0.043840423226356506,0.47968026995658875,0.8683081865310669,-0.027550462633371353,0.44597896933555603,0.8512691855430603,-0.010591614060103893,Oblique Thumb
