x0,y0,z0,x1,y1,z1,x2,y2,z2,x3,y3,z3,x4,y4,z4,x5,y5,z5,x6,y6,z6,x7,y7,z7,x8,y8,z8,x9,y9,z9,x10,y10,z10,x11,y11,z11,x12,y12,z12,x13,y13,z13,x14,y14,z14,x15,y15,z15,x16,y16,z16,x17,y17,z17,x18,y18,z18,x19,y19,z19,x20,y20,z20,label
0.4556639492511749,0.859809935092926,4.890794684797584e-07,0.3604733943939209,0.8084872961044312,-0.1180097833275795,0.31200242042541504,0.684607982635498,-0.16863314807415009,0.28182727098464966,0.5458483695983887,-0.19051040709018707,0.25632306933403015,0.42803192138671875,-0.2062540501356125,0.4424806535243988,0.531923770904541,-0.14425869286060333,0.43425196409225464,0.3340183198451996,-0.1691003441810608,0.42212945222854614,0.2153116762638092,-0.1828179508447647,0.41653192043304443,0.12304458022117615,-0.19045177102088928,0.48581254482269287,0.5342023968696594,-0.07942208647727966,0.463277667760849,0.3355433940887451,-0.10354553163051605,0.4422334134578705,0.2162991166114807,-0.1107851043343544,0.42627662420272827,0.12942972779273987,-0.11445273458957672,0.49873170256614685,0.5404065847396851,-0.017759516835212708,0.47319671511650085,0.37116003036499023,-0.03865157067775726,0.44980886578559875,0.26287516951560974,-0.0466475784778595,0.4301757216453552,0.18373015522956848,-0.04848231375217438,0.49654582142829895,0.543201208114624,0.03696095198392868,0.4678137004375458,0.40500408411026,0.02057759463787079,0.44539448618888855,0.32303526997566223,0.014848150312900543,0.42883169651031494,0.26374441385269165,0.014434675686061382,Left
0.4516802132129669,0.8524993658065796,4.7112237666624424e-07,0.357694536447525,0.8009456992149353,-0.11664582788944244,0.3074065148830414,0.6771961450576782,-0.16761250793933868,0.2754160761833191,0.5394931435585022,-0.1906922608613968,0.24898524582386017,0.4228341579437256,-0.20774202048778534,0.4374082684516907,0.5254747867584229,-0.14407958090305328,0.4293730556964874,0.32813888788223267,-0.17209471762180328,0.4169767498970032,0.20749950408935547,-0.18766416609287262,0.41040343046188354,0.11354288458824158,-0.19631578028202057,0.4814055860042572,0.5269029140472412,-0.08230333775281906,0.4576839208602905,0.32747405767440796,-0.10985387116670609,0.4362737536430359,0.2071133255958557,-0.11827552318572998,0.42021164298057556,0.11830383539199829,-0.12222994863986969,0.4954635798931122,0.5319674611091614,-0.024025999009609222,0.46796804666519165,0.361346960067749,-0.04798051342368126,0.44475650787353516,0.2524605691432953,-0.05633575841784477,0.42535167932510376,0.17184022068977356,-0.057991620153188705,0.49410223960876465,0.5343053936958313,0.027196407318115234,0.46358615159988403,0.39567869901657104,0.008152779191732407,0.4409830868244171,0.31281328201293945,0.0016629822785034776,0.424336314201355,0.2513086497783661,0.0011058551026508212,Left
0.44882386922836304,0.8472542762756348,4.770710688717372e-07,0.3567512035369873,0.798917293548584,-0.12189512699842453,0.3072744607925415,0.678830623626709,-0.17539411783218384,0.27587324380874634,0.5401124954223633,-0.19965241849422455,0.24870948493480682,0.4200088679790497,-0.21760185062885284,0.4395751655101776,0.5192830562591553,-0.14835774898529053,0.4288344979286194,0.3208428621292114,-0.17477503418922424,0.4147641062736511,0.2013251781463623,-0.18947020173072815,0.40805935859680176,0.10946774482727051,-0.19755615293979645,0.48211440443992615,0.5203341245651245,-0.0819195955991745,0.45666372776031494,0.3205564320087433,-0.10680191963911057,0.4341830313205719,0.20250701904296875,-0.11355248093605042,0.4178884029388428,0.11607232689857483,-0.116802878677845,0.4945244789123535,0.5254048109054565,-0.019086888059973717,0.46574676036834717,0.35601767897605896,-0.040445923805236816,0.4419097900390625,0.24910788238048553,-0.04791589453816414,0.4223211109638214,0.17002803087234497,-0.04950948804616928,0.4922083020210266,0.527776300907135,0.036354612559080124,0.460663765668869,0.39068615436553955,0.019580697640776634,0.4371529817581177,0.3098009526729584,0.01385447196662426,0.4198645353317261,0.2505486011505127,0.013394089415669441,Left
0.45135819911956787,0.8615775108337402,4.2232164787492366e-07,0.35463106632232666,0.8056728839874268,-0.11694665253162384,0.30492085218429565,0.6771811842918396,-0.16719534993171692,0.2755226492881775,0.5352456569671631,-0.18883156776428223,0.24782398343086243,0.4163393974304199,-0.204073965549469,0.4378170073032379,0.5231438279151917,-0.14359351992607117,0.43021640181541443,0.320771723985672,-0.16756659746170044,0.4177565574645996,0.20072311162948608,-0.18011662364006042,0.4108690619468689,0.10758534073829651,-0.18672899901866913,0.48271963000297546,0.5262612700462341,-0.07911953330039978,0.45842403173446655,0.32517117261886597,-0.1016320213675499,0.4346201717853546,0.20593559741973877,-0.10661783814430237,0.4159349799156189,0.11867821216583252,-0.10880747437477112,0.4962722063064575,0.5324933528900146,-0.01784496009349823,0.46870630979537964,0.36031007766723633,-0.03818395361304283,0.44477882981300354,0.2526116371154785,-0.04400457814335823,0.4242699444293976,0.17298990488052368,-0.044356100261211395,0.4950493276119232,0.5350138545036316,0.03653137385845184,0.4643611013889313,0.39396512508392334,0.021017326042056084,0.4414765238761902,0.3105109632015228,0.01703670434653759,0.4239574670791626,0.24920125305652618,0.017833823338150978,Left
0.44523441791534424,0.8459703922271729,4.652553400319448e-07,0.3557339310646057,0.7955057621002197,-0.12076403200626373,0.30697381496429443,0.6745871305465698,-0.1744312047958374,0.2748756408691406,0.5371664762496948,-0.19898447394371033,0.24666401743888855,0.4192885160446167,-0.21726486086845398,0.43665066361427307,0.5225786566734314,-0.15170316398143768,0.4281967282295227,0.3229776620864868,-0.17993423342704773,0.41525405645370483,0.20247137546539307,-0.19480513036251068,0.40914708375930786,0.10996615886688232,-0.20257766544818878,0.48085761070251465,0.5237987637519836,-0.0860549733042717,0.45773205161094666,0.3224729895591736,-0.11244010925292969,0.43506765365600586,0.2041756808757782,-0.11848742514848709,0.4182802140712738,0.11800706386566162,-0.12092013657093048,0.49497556686401367,0.5289960503578186,-0.023687629029154778,0.4672311842441559,0.3587913513183594,-0.04602286219596863,0.4419889748096466,0.2538439631462097,-0.05211852863430977,0.4213683605194092,0.17788147926330566,-0.05242910981178284,0.49372342228889465,0.531057596206665,0.03141344338655472,0.46236225962638855,0.3931249976158142,0.014049862511456013,0.43826326727867126,0.3137895464897156,0.00925470981746912,0.420754611492157,0.257060170173645,0.009757139720022678,Left
0.44704902172088623,0.8440289497375488,4.729272404802032e-07,0.3537009358406067,0.7923350930213928,-0.11471714824438095,0.3046029210090637,0.6679373383522034,-0.16389061510562897,0.2739850580692291,0.5315129160881042,-0.1855926811695099,0.24627257883548737,0.41803404688835144,-0.2011876255273819,0.4349362552165985,0.5183473825454712,-0.13886292278766632,0.4275379180908203,0.3232792615890503,-0.16403773427009583,0.4158497452735901,0.2063182294368744,-0.17812736332416534,0.41008925437927246,0.11562103033065796,-0.18580745160579681,0.4791717827320099,0.5217369198799133,-0.07678180932998657,0.4570261538028717,0.3258080780506134,-0.10135386884212494,0.4355427622795105,0.20799094438552856,-0.10886131227016449,0.4191839396953583,0.12170973420143127,-0.11228762567043304,0.49366044998168945,0.5281937718391418,-0.018091417849063873,0.46719154715538025,0.361544668674469,-0.039155274629592896,0.4431564211845398,0.2567076086997986,-0.0469030886888504,0.4226667881011963,0.1803285777568817,-0.04842051863670349,0.49339431524276733,0.5311375856399536,0.03362203389406204,0.4621969759464264,0.3961997628211975,0.01692606508731842,0.4388425052165985,0.3172242045402527,0.01120478194206953,0.42077305912971497,0.2590504586696625,0.011029773391783237,Left
0.4524257779121399,0.8500211238861084,4.2086361418114393e-07,0.35876888036727905,0.7989739179611206,-0.11739963293075562,0.30843934416770935,0.6749132871627808,-0.16925883293151855,0.2776668667793274,0.5366103649139404,-0.1931528002023697,0.2509336471557617,0.41918569803237915,-0.21099859476089478,0.43872979283332825,0.5220280885696411,-0.1461326777935028,0.4304053485393524,0.3241739273071289,-0.17586612701416016,0.4173848330974579,0.20418760180473328,-0.19266696274280548,0.4099653363227844,0.11071091890335083,-0.20202498137950897,0.4829559624195099,0.523051381111145,-0.0851273164153099,0.45847034454345703,0.3251502513885498,-0.11317434161901474,0.4363235533237457,0.20591959357261658,-0.121860571205616,0.4193583130836487,0.11811023950576782,-0.12630631029605865,0.4965531527996063,0.5269417762756348,-0.027893804013729095,0.4682014584541321,0.3562452793121338,-0.053330790251493454,0.44490644335746765,0.24858596920967102,-0.06185789778828621,0.4255826771259308,0.16815537214279175,-0.06370048224925995,0.4942885935306549,0.5281841158866882,0.022263959050178528,0.4624817371368408,0.388799786567688,0.001730311312712729,0.4403744339942932,0.30695992708206177,-0.004971886053681374,0.4238598346710205,0.24546939134597778,-0.005722803995013237,Left
0.4499855935573578,0.8500912189483643,4.20257350697284e-07,0.3598215579986572,0.7945884466171265,-0.11176881939172745,0.30845388770103455,0.671610414981842,-0.16395890712738037,0.27762386202812195,0.536064624786377,-0.190168097615242,0.252017617225647,0.41982796788215637,-0.21084435284137726,0.439988374710083,0.5253049731254578,-0.14041586220264435,0.43137091398239136,0.3271339237689972,-0.1696438044309616,0.4195089340209961,0.20671895146369934,-0.1865314245223999,0.4121406674385071,0.11378535628318787,-0.19655828177928925,0.48396405577659607,0.5298584699630737,-0.08442261815071106,0.4583856761455536,0.3306421637535095,-0.11163276433944702,0.43466490507125854,0.21104595065116882,-0.12104920297861099,0.41646310687065125,0.12390908598899841,-0.12674269080162048,0.49796807765960693,0.5355554819107056,-0.03193757310509682,0.47130468487739563,0.36370766162872314,-0.055038779973983765,0.44607463479042053,0.2564534842967987,-0.06183265149593353,0.4242606461048126,0.17827364802360535,-0.06358706951141357,0.495624840259552,0.5379442572593689,0.0135672427713871,0.46594592928886414,0.3962448835372925,-0.005507952068001032,0.4442841410636902,0.3140089213848114,-0.010735755786299706,0.42727991938591003,0.25352251529693604,-0.010878550820052624,Left
0.4502764940261841,0.8559298515319824,4.308191421387164e-07,0.3604525923728943,0.8006570935249329,-0.1148570328950882,0.3094336688518524,0.6783329248428345,-0.16590973734855652,0.2785292863845825,0.5441729426383972,-0.18994833528995514,0.2507152557373047,0.43080681562423706,-0.20790378749370575,0.442593514919281,0.5254567861557007,-0.13845443725585938,0.43475985527038574,0.3276174068450928,-0.16307581961154938,0.4229244589805603,0.20941293239593506,-0.17689357697963715,0.4168909192085266,0.11925062537193298,-0.18502046167850494,0.48473724722862244,0.5320186614990234,-0.07845287770032883,0.46038109064102173,0.3353103995323181,-0.10241889208555222,0.4377472400665283,0.21753114461898804,-0.11036490648984909,0.4209601581096649,0.13040867447853088,-0.11503259837627411,0.49731671810150146,0.5383967161178589,-0.02212660200893879,0.4714103043079376,0.3691224455833435,-0.043376948684453964,0.44706791639328003,0.2654169201850891,-0.05081242322921753,0.42636939883232117,0.18821176886558533,-0.052810411900281906,0.49661800265312195,0.5406513214111328,0.02711501345038414,0.4679008722305298,0.39787423610687256,0.009640224277973175,0.4460379183292389,0.3174408972263336,0.004364866763353348,0.42911648750305176,0.2579796016216278,0.004181442316621542,Left
0.44982126355171204,0.8486498594284058,4.565140159229486e-07,0.35877034068107605,0.7983225584030151,-0.11444993317127228,0.30933648347854614,0.6788387894630432,-0.16450536251068115,0.2788528501987457,0.5437682867050171,-0.18759602308273315,0.2530471682548523,0.42773616313934326,-0.2044573426246643,0.43939879536628723,0.5222176909446716,-0.1366121768951416,0.4329529404640198,0.3291628062725067,-0.16199101507663727,0.4217848777770996,0.213129460811615,-0.17663100361824036,0.4162217676639557,0.1230437159538269,-0.18482844531536102,0.48137223720550537,0.5261355042457581,-0.0754576101899147,0.4589746594429016,0.33266592025756836,-0.09954692423343658,0.43797892332077026,0.21596172451972961,-0.10723914206027985,0.42179054021835327,0.12881523370742798,-0.11113651096820831,0.4941725730895996,0.5324312448501587,-0.018021030351519585,0.4685903489589691,0.3670211136341095,-0.039146117866039276,0.44648364186286926,0.262574702501297,-0.04684315621852875,0.42668643593788147,0.18364202976226807,-0.048463355749845505,0.4929331839084625,0.5355884432792664,0.03233538568019867,0.4643767178058624,0.40000855922698975,0.015495550818741322,0.4432304799556732,0.3198946714401245,0.009848648682236671,0.4260474741458893,0.25942009687423706,0.009649667888879776,Left
0.45331618189811707,0.8514047861099243,4.5599674081131525e-07,0.3573014736175537,0.800735354423523,-0.1110675111413002,0.308879017829895,0.6751676797866821,-0.15747281908988953,0.27878642082214355,0.5397916436195374,-0.17701002955436707,0.25251737236976624,0.4280257523059845,-0.19055958092212677,0.4394047260284424,0.5289045572280884,-0.13571667671203613,0.43577057123184204,0.33747589588165283,-0.1610901951789856,0.4260638952255249,0.22103872895240784,-0.1749800741672516,0.42105773091316223,0.13034728169441223,-0.18237625062465668,0.48451170325279236,0.530875563621521,-0.07619298994541168,0.4633638560771942,0.33603283762931824,-0.10187815874814987,0.4436781108379364,0.21739614009857178,-0.10963437706232071,0.42861348390579224,0.12980076670646667,-0.11282916367053986,0.4999462962150574,0.5370978713035583,-0.019976260140538216,0.4755234122276306,0.37103337049484253,-0.04287934675812721,0.45304733514785767,0.26632624864578247,-0.051527973264455795,0.43360835313796997,0.18920603394508362,-0.05297325178980827,0.49994149804115295,0.5402620434761047,0.029604794457554817,0.47213077545166016,0.40507516264915466,0.011626746505498886,0.4505176842212677,0.3258723020553589,0.005188328679651022,0.4338068664073944,0.2671368718147278,0.004864134825766087,Left
0.45148852467536926,0.8517262935638428,4.980436187906889e-07,0.35780271887779236,0.798846960067749,-0.11633780598640442,0.3100614547729492,0.6747391223907471,-0.16596995294094086,0.27905434370040894,0.5378360152244568,-0.1874978393316269,0.25053754448890686,0.4240533113479614,-0.20293855667114258,0.4406765103340149,0.5238242745399475,-0.14178869128227234,0.43548113107681274,0.3284163475036621,-0.16583405435085297,0.42477530241012573,0.21156087517738342,-0.17875835299491882,0.42037561535835266,0.12056449055671692,-0.1857023686170578,0.4851491153240204,0.5281066298484802,-0.07770869880914688,0.4642474055290222,0.33102279901504517,-0.10155696421861649,0.4437776505947113,0.21339362859725952,-0.10784456133842468,0.4280320405960083,0.12656354904174805,-0.11043482273817062,0.4994613826274872,0.535540759563446,-0.01677878387272358,0.4748699963092804,0.36887937784194946,-0.0371868833899498,0.4517125189304352,0.2632441520690918,-0.04414796456694603,0.43150627613067627,0.1853550374507904,-0.04507644847035408,0.4991874396800995,0.5388531684875488,0.03716711327433586,0.46969491243362427,0.40370380878448486,0.021436994895339012,0.4466886520385742,0.32371091842651367,0.016403913497924805,0.4288523495197296,0.2647671699523926,0.016632776707410812,Left
0.44772207736968994,0.8515357375144958,4.875121248915093e-07,0.3563489019870758,0.7965996861457825,-0.11764514446258545,0.3081734776496887,0.6754713654518127,-0.17002296447753906,0.27753517031669617,0.5392715930938721,-0.19436675310134888,0.2514328956604004,0.42134302854537964,-0.21249911189079285,0.4394834339618683,0.522096574306488,-0.14289167523384094,0.4338444769382477,0.3235441744327545,-0.16824620962142944,0.4232279062271118,0.2047455608844757,-0.182356059551239,0.4183393120765686,0.11321252584457397,-0.19000142812728882,0.48305076360702515,0.5266415476799011,-0.07910548895597458,0.4636617600917816,0.3265845775604248,-0.10237859189510345,0.44273650646209717,0.20843783020973206,-0.10873941332101822,0.4271491467952728,0.12303560972213745,-0.1118272989988327,0.49717289209365845,0.534345269203186,-0.018768515437841415,0.4735553562641144,0.364473819732666,-0.03844493627548218,0.4501127600669861,0.25945109128952026,-0.04465889558196068,0.4306723475456238,0.18368789553642273,-0.04549510031938553,0.4966079294681549,0.5380750894546509,0.034438349306583405,0.46860936284065247,0.39859360456466675,0.019168609753251076,0.44651228189468384,0.3185489773750305,0.01510354783385992,0.4302158057689667,0.2612950801849365,0.015819739550352097,Left
0.45088088512420654,0.8493877053260803,4.988486921320145e-07,0.35906755924224854,0.7973777055740356,-0.11800295859575272,0.3095394968986511,0.6785339117050171,-0.17318592965602875,0.2794879674911499,0.5431989431381226,-0.20056121051311493,0.2522848844528198,0.4244464337825775,-0.22221902012825012,0.4413192868232727,0.53233402967453,-0.1522119641304016,0.43681371212005615,0.33501315116882324,-0.18271611630916595,0.42645275592803955,0.21469399333000183,-0.19904863834381104,0.42106375098228455,0.12185561656951904,-0.2079344391822815,0.48531511425971985,0.5353151559829712,-0.09067283570766449,0.465372771024704,0.3352731764316559,-0.11951693892478943,0.4441303312778473,0.21474114060401917,-0.12767727673053741,0.42806997895240784,0.12820160388946533,-0.1318516880273819,0.499944806098938,0.541091799736023,-0.03224162757396698,0.4770232141017914,0.37094682455062866,-0.05603672191500664,0.45266544818878174,0.2646096348762512,-0.06245292350649834,0.4318050146102905,0.1887027621269226,-0.06332853436470032,0.4993952512741089,0.5436134934425354,0.019047562032938004,0.47109681367874146,0.4048496186733246,0.0008312384015880525,0.4492892324924469,0.32472482323646545,-0.004103256855159998,0.43292534351348877,0.26696693897247314,-0.003972385078668594,Left
0.44615963101387024,0.8481855392456055,4.3322543774593214e-07,0.3560827076435089,0.7967366576194763,-0.11686599254608154,0.30625179409980774,0.6768271923065186,-0.1703810840845108,0.2763793468475342,0.5407538414001465,-0.1962740570306778,0.2505233883857727,0.42207348346710205,-0.21622399985790253,0.44085806608200073,0.5269086360931396,-0.14723749458789825,0.4346180856227875,0.32987475395202637,-0.17550833523273468,0.4233335256576538,0.21075209975242615,-0.19118334352970123,0.4175882339477539,0.11883971095085144,-0.19991272687911987,0.48464882373809814,0.5310065150260925,-0.08586379140615463,0.4625535309314728,0.3344244062900543,-0.11189283430576324,0.44014033675193787,0.21607744693756104,-0.11907736212015152,0.42350468039512634,0.1295916736125946,-0.12291443347930908,0.4983033537864685,0.5365676879882812,-0.027884911745786667,0.4734112322330475,0.3674869239330292,-0.05062280222773552,0.4496460556983948,0.26166847348213196,-0.057100411504507065,0.42957159876823425,0.18393298983573914,-0.05812139809131622,0.4971141815185547,0.5381386876106262,0.023027395829558372,0.4679820239543915,0.39908039569854736,0.005163500085473061,0.4462406635284424,0.3178592920303345,0.00037756963865831494,0.42997726798057556,0.2583736181259155,0.0006173263536766171,Left
0.4484235346317291,0.8501622676849365,4.925821599499614e-07,0.35767441987991333,0.8005295991897583,-0.11784040927886963,0.30848413705825806,0.6824163198471069,-0.17047466337680817,0.27672213315963745,0.5476858019828796,-0.19531729817390442,0.24991656839847565,0.43052858114242554,-0.2142684906721115,0.43928593397140503,0.527158260345459,-0.14503213763237,0.43441781401634216,0.33386045694351196,-0.17276069521903992,0.4252609610557556,0.21659892797470093,-0.18852704763412476,0.42142802476882935,0.12495490908622742,-0.19724778831005096,0.4827291667461395,0.5302934050559998,-0.08221665769815445,0.4627622365951538,0.3351743221282959,-0.10854639112949371,0.4436168074607849,0.21729934215545654,-0.11666994541883469,0.42898640036582947,0.12983554601669312,-0.12065112590789795,0.49665728211402893,0.5371524095535278,-0.02288035862147808,0.47321179509162903,0.3711015582084656,-0.04555763304233551,0.4520900547504425,0.26587557792663574,-0.05383023992180824,0.43352195620536804,0.1876780092716217,-0.05569038167595863,0.49628597497940063,0.5402769446372986,0.029324635863304138,0.46854400634765625,0.40411609411239624,0.011550352908670902,0.44748908281326294,0.3242854177951813,0.005574286449700594,0.4315832555294037,0.2652930021286011,0.0051849097944796085,Left
0.44659239053726196,0.8518900871276855,4.4596163206733763e-07,0.355319082736969,0.8030786514282227,-0.11569757759571075,0.3074501156806946,0.6815786957740784,-0.1652536690235138,0.2769284248352051,0.5449864268302917,-0.18717911839485168,0.25041401386260986,0.4296528100967407,-0.203102707862854,0.4405876398086548,0.53086918592453,-0.13976991176605225,0.43497446179389954,0.3376966416835785,-0.16636450588703156,0.42434561252593994,0.2203282117843628,-0.18174239993095398,0.41892850399017334,0.12914490699768066,-0.19021528959274292,0.48418542742729187,0.5333178043365479,-0.07808708399534225,0.46211159229278564,0.33784598112106323,-0.10418420284986496,0.44231417775154114,0.21970298886299133,-0.11250611394643784,0.42697685956954956,0.13277137279510498,-0.11647597700357437,0.49786391854286194,0.5395354628562927,-0.02008422091603279,0.47261926531791687,0.3725527822971344,-0.04272381588816643,0.4509119987487793,0.2677369713783264,-0.05130702257156372,0.43234705924987793,0.1889864206314087,-0.053242724388837814,0.4962960481643677,0.5418072938919067,0.030895167961716652,0.4690604507923126,0.40516236424446106,0.013114094734191895,0.4482620656490326,0.3262399435043335,0.006992698181420565,0.4327269196510315,0.2668300271034241,0.006512869615107775,Left
0.4425399601459503,0.8486641645431519,4.878634172200691e-07,0.3515825867652893,0.7993612289428711,-0.12037418782711029,0.30362337827682495,0.6794575452804565,-0.1710376888513565,0.27235934138298035,0.5420651435852051,-0.19278885424137115,0.2458360195159912,0.4252351224422455,-0.20786243677139282,0.437277615070343,0.5220234394073486,-0.13981200754642487,0.43289628624916077,0.3286421000957489,-0.1627233326435089,0.42285916209220886,0.21230250597000122,-0.17600280046463013,0.4188862144947052,0.12247657775878906,-0.18331578373908997,0.47966641187667847,0.5244401693344116,-0.07292938977479935,0.4598969519138336,0.3303544521331787,-0.0947791263461113,0.44014447927474976,0.2143389880657196,-0.10067669302225113,0.4246886074542999,0.12933355569839478,-0.10346858203411102,0.4920223653316498,0.5313449501991272,-0.009954472072422504,0.46856167912483215,0.3671104907989502,-0.02863086573779583,0.44693106412887573,0.2650321125984192,-0.03590329736471176,0.4281347393989563,0.18794283270835876,-0.03744065389037132,0.4904290735721588,0.5348966717720032,0.04556242376565933,0.46474307775497437,0.39986974000930786,0.030629511922597885,0.44355905055999756,0.3217729926109314,0.025077955797314644,0.42737120389938354,0.2629491686820984,0.024632122367620468,Left
0.4448982775211334,0.8480268716812134,4.801109412255755e-07,0.35106006264686584,0.7977684140205383,-0.1212390884757042,0.3035736382007599,0.677544891834259,-0.17216384410858154,0.27227410674095154,0.5389817357063293,-0.19343072175979614,0.24391713738441467,0.41991889476776123,-0.2081725299358368,0.4405483603477478,0.5196041464805603,-0.14183011651039124,0.4335455000400543,0.3232179284095764,-0.16169610619544983,0.4208267331123352,0.20655778050422668,-0.17311730980873108,0.4157966673374176,0.11678063869476318,-0.17953771352767944,0.48232656717300415,0.5218194127082825,-0.07291343063116074,0.4607272744178772,0.3228526711463928,-0.09317570924758911,0.4397844672203064,0.20579081773757935,-0.09902679175138474,0.42479032278060913,0.11976942420005798,-0.10216435045003891,0.4931057095527649,0.5287331342697144,-0.007247637491673231,0.4682348966598511,0.36007454991340637,-0.02451152354478836,0.4457358121871948,0.25660616159439087,-0.032496705651283264,0.4274255633354187,0.1790313720703125,-0.03495446965098381,0.4901638925075531,0.5310521721839905,0.05129591375589371,0.4636992812156677,0.39266443252563477,0.03794607147574425,0.44124823808670044,0.3127850294113159,0.03270556777715683,0.42446577548980713,0.253957062959671,0.03203865885734558,Left
0.446219801902771,0.8548130989074707,4.5325094788495335e-07,0.35091906785964966,0.8021551370620728,-0.1186935231089592,0.30197983980178833,0.6779528856277466,-0.169035866856575,0.2720562815666199,0.538677453994751,-0.19033701717853546,0.24355757236480713,0.41929781436920166,-0.20509059727191925,0.4387347102165222,0.524016261100769,-0.14251266419887543,0.4330122172832489,0.32633382081985474,-0.16551554203033447,0.4210588037967682,0.20848438143730164,-0.17809028923511505,0.4153306484222412,0.11731904745101929,-0.18473879992961884,0.48269224166870117,0.5263882279396057,-0.07696934789419174,0.46144938468933105,0.32704034447669983,-0.10056380927562714,0.4401111602783203,0.2077309489250183,-0.1069582849740982,0.4237007200717926,0.11958536505699158,-0.10978866368532181,0.4950454831123352,0.5324187278747559,-0.014748628251254559,0.46937698125839233,0.3619314432144165,-0.03600494936108589,0.44671398401260376,0.2570623755455017,-0.04408283159136772,0.4273318946361542,0.17862004041671753,-0.04563555866479874,0.49297118186950684,0.5338407158851624,0.040616441518068314,0.4648389518260956,0.3933200538158417,0.024384140968322754,0.44255927205085754,0.3133741021156311,0.019189581274986267,0.42566999793052673,0.2540462017059326,0.01924116723239422,Left
0.4506218135356903,0.8484402894973755,4.888714215667278e-07,0.352058470249176,0.7996270656585693,-0.1124616414308548,0.3006253242492676,0.6741636991500854,-0.16059602797031403,0.27091720700263977,0.534765899181366,-0.18157947063446045,0.24207593500614166,0.419651597738266,-0.19623276591300964,0.43375542759895325,0.5210611820220947,-0.13652047514915466,0.42989155650138855,0.32752498984336853,-0.16170473396778107,0.4207291007041931,0.21033376455307007,-0.17576487362384796,0.4163014590740204,0.1191084086894989,-0.1834113597869873,0.4785006642341614,0.5220159888267517,-0.07668738067150116,0.4581391215324402,0.32671648263931274,-0.10226023942232132,0.4391081929206848,0.20723393559455872,-0.1102500706911087,0.4255872964859009,0.11887788772583008,-0.11395571380853653,0.4934709370136261,0.5286011099815369,-0.02022078074514866,0.4697193205356598,0.361318439245224,-0.04304886609315872,0.44699451327323914,0.25493139028549194,-0.05144796893000603,0.42779093980789185,0.1764415204524994,-0.052990686148405075,0.49375298619270325,0.5327536463737488,0.02956925891339779,0.4668823182582855,0.39461851119995117,0.012008212506771088,0.4459333121776581,0.3145107626914978,0.00624303100630641,0.4294191598892212,0.2542661428451538,0.006108851172029972,Left
0.44367533922195435,0.8395566344261169,4.851424364460399e-07,0.35119321942329407,0.7903566360473633,-0.11716058105230331,0.30258265137672424,0.6682242155075073,-0.16671490669250488,0.2708827257156372,0.5309832692146301,-0.1876419335603714,0.24198119342327118,0.41618385910987854,-0.20223650336265564,0.43616577982902527,0.5136996507644653,-0.1414717435836792,0.4299371838569641,0.3205176591873169,-0.1650458723306656,0.4183040261268616,0.20486468076705933,-0.17791526019573212,0.41291362047195435,0.114696204662323,-0.18497557938098907,0.47897133231163025,0.516072690486908,-0.07702935487031937,0.45765194296836853,0.3198092579841614,-0.10153919458389282,0.43708521127700806,0.20308566093444824,-0.10867850482463837,0.4213804304599762,0.11740827560424805,-0.11185593903064728,0.4918961226940155,0.5235236287117004,-0.01581750251352787,0.4671502411365509,0.35735881328582764,-0.036868587136268616,0.44376257061958313,0.2538602352142334,-0.044943176209926605,0.4238026738166809,0.17687317728996277,-0.04663066193461418,0.4904811978340149,0.5268666744232178,0.038438986986875534,0.46174341440200806,0.39093032479286194,0.021822184324264526,0.43895384669303894,0.31338560581207275,0.01574261486530304,0.4219807982444763,0.2548673748970032,0.015208934433758259,Left
0.44457319378852844,0.8398935794830322,5.084785925646429e-07,0.34932249784469604,0.7904617190361023,-0.1172107383608818,0.3003752529621124,0.6671363711357117,-0.16500809788703918,0.2695837616920471,0.528445303440094,-0.18370181322097778,0.24096055328845978,0.4150283932685852,-0.19546902179718018,0.4350205361843109,0.51041579246521,-0.13777725398540497,0.4289243817329407,0.3156830668449402,-0.15719610452651978,0.41749995946884155,0.20090040564537048,-0.16709816455841064,0.4129740595817566,0.11186248064041138,-0.1722710132598877,0.47868621349334717,0.5132299661636353,-0.0714537650346756,0.45835578441619873,0.31765246391296387,-0.09268083423376083,0.43823859095573425,0.20149818062782288,-0.09783048927783966,0.4237510561943054,0.11540380120277405,-0.0996067002415657,0.49175962805747986,0.5213374495506287,-0.008343064226210117,0.46693500876426697,0.3560939431190491,-0.026590364053845406,0.44345754384994507,0.25293809175491333,-0.03346869349479675,0.42440280318260193,0.17569008469581604,-0.034258611500263214,0.49079376459121704,0.5253102779388428,0.047815997153520584,0.463494211435318,0.3894089460372925,0.03396258130669594,0.4408496618270874,0.31172364950180054,0.02920415624976158,0.424301415681839,0.25360268354415894,0.029557473957538605,Left
0.42828747630119324,0.8820359706878662,5.421593414212111e-07,0.3314993381500244,0.8330177068710327,-0.1054314449429512,0.2804780602455139,0.7089064121246338,-0.14866071939468384,0.24691800773143768,0.5771428942680359,-0.167107954621315,0.21737349033355713,0.47440508008003235,-0.17965364456176758,0.40232375264167786,0.5603532195091248,-0.11700046807527542,0.399847149848938,0.3772042393684387,-0.1388780176639557,0.3948226273059845,0.26601898670196533,-0.15332184731960297,0.3944321870803833,0.17915603518486023,-0.1614794284105301,0.4469406008720398,0.5623155832290649,-0.06097466126084328,0.4289410710334778,0.38210058212280273,-0.08201146125793457,0.4133461117744446,0.26708629727363586,-0.09112168848514557,0.4033530652523041,0.17952096462249756,-0.09589783847332001,0.4625329077243805,0.5690057277679443,-0.008927213959395885,0.43959832191467285,0.4131144881248474,-0.027578627690672874,0.4219326674938202,0.3098011016845703,-0.036975447088479996,0.40726056694984436,0.23007628321647644,-0.03960190713405609,0.4628039002418518,0.5727470517158508,0.03648988902568817,0.43754005432128906,0.4430431127548218,0.022766590118408203,0.41934341192245483,0.36486536264419556,0.01775655336678028,0.40501484274864197,0.3038320541381836,0.017618929967284203,Left
0.40875953435897827,0.8634400367736816,6.547950306412531e-07,0.31019875407218933,0.8222439885139465,-0.10843534767627716,0.25770464539527893,0.6990236043930054,-0.15238794684410095,0.22520329058170319,0.5651161670684814,-0.1704830527305603,0.1899806261062622,0.4556853473186493,-0.18256334960460663,0.3827771544456482,0.5548367500305176,-0.12684780359268188,0.3857894539833069,0.36602193117141724,-0.15018147230148315,0.37979644536972046,0.24983027577400208,-0.163835808634758,0.37664327025413513,0.1608126163482666,-0.1707937866449356,0.42861098051071167,0.5525393486022949,-0.06980118155479431,0.4169047772884369,0.36817386746406555,-0.09381561726331711,0.399355947971344,0.24976295232772827,-0.10418324172496796,0.38638439774513245,0.16164514422416687,-0.10907498002052307,0.4451795816421509,0.5562630891799927,-0.016064342111349106,0.4240000545978546,0.4010313153266907,-0.03620801866054535,0.40317657589912415,0.29469034075737,-0.04647895321249962,0.38508743047714233,0.21483942866325378,-0.04936854541301727,0.44580769538879395,0.556081235408783,0.03104393556714058,0.42209500074386597,0.4291582405567169,0.01583988592028618,0.4032542109489441,0.35245823860168457,0.010260572656989098,0.3859842121601105,0.29371654987335205,0.010325680486857891,Left
0.40543055534362793,0.8759593963623047,6.786023618587933e-07,0.3070393204689026,0.8318482637405396,-0.10640383511781693,0.25508177280426025,0.7062339782714844,-0.15130944550037384,0.2222282588481903,0.5729164481163025,-0.17100287973880768,0.1875133067369461,0.46243205666542053,-0.18542933464050293,0.37914517521858215,0.5671224594116211,-0.1292603313922882,0.38311105966567993,0.3806120753288269,-0.15695306658744812,0.37762245535850525,0.26259616017341614,-0.17378561198711395,0.3739563524723053,0.17223334312438965,-0.1825297325849533,0.42564910650253296,0.5660653114318848,-0.07507674396038055,0.41510242223739624,0.3846404552459717,-0.10238572210073471,0.39900296926498413,0.26380616426467896,-0.11496978253126144,0.3871200382709503,0.17453011870384216,-0.12136389315128326,0.4441050589084625,0.5710967779159546,-0.024113263934850693,0.4250223934650421,0.41830340027809143,-0.046291496604681015,0.40539658069610596,0.3098697066307068,-0.05653584375977516,0.3889552652835846,0.22886359691619873,-0.05943487584590912,0.4461163580417633,0.572307825088501,0.020325755700469017,0.4243534803390503,0.44695979356765747,0.003911166917532682,0.4079568088054657,0.3694906234741211,-0.001362733542919159,0.39294835925102234,0.3085066080093384,-0.0011289906688034534,Left
0.4014556407928467,0.8738791942596436,6.820964131293294e-07,0.303408682346344,0.830238938331604,-0.10904009640216827,0.2537667155265808,0.7071449756622314,-0.15340937674045563,0.22118408977985382,0.5734103322029114,-0.17153115570545197,0.18703609704971313,0.46339312195777893,-0.18362072110176086,0.38011643290519714,0.5615261197090149,-0.12667116522789001,0.3839236795902252,0.3730192482471466,-0.14945614337921143,0.37855273485183716,0.2569895088672638,-0.1629641056060791,0.3760378658771515,0.16822823882102966,-0.16958864033222198,0.42533373832702637,0.5606953501701355,-0.06741184741258621,0.41429728269577026,0.37702861428260803,-0.09023736417293549,0.39731061458587646,0.25965985655784607,-0.0994729995727539,0.38488316535949707,0.17282170057296753,-0.1033640205860138,0.4414548873901367,0.5659966468811035,-0.011398464441299438,0.4209464192390442,0.41285255551338196,-0.02967921830713749,0.4012163579463959,0.3077799379825592,-0.038272786885499954,0.3844868838787079,0.22922566533088684,-0.039893463253974915,0.4423021078109741,0.5674896836280823,0.03796069324016571,0.42002275586128235,0.441959023475647,0.025408584624528885,0.4014686346054077,0.3661316931247711,0.021790342405438423,0.3847942054271698,0.30802667140960693,0.023225218057632446,Left
0.3997209966182709,0.9207805395126343,7.290195753739681e-07,0.3022128939628601,0.8740628957748413,-0.11665042489767075,0.256160169839859,0.7540283203125,-0.16532482206821442,0.22768165171146393,0.6160704493522644,-0.18647345900535583,0.19006921350955963,0.49637389183044434,-0.20106111466884613,0.3812580704689026,0.5954405665397644,-0.13009588420391083,0.38515976071357727,0.4042447805404663,-0.15265092253684998,0.3824717700481415,0.2878658175468445,-0.1674644500017166,0.38229966163635254,0.1961994767189026,-0.17530325055122375,0.4274420142173767,0.5964836478233337,-0.06775809079408646,0.4182438552379608,0.4104095995426178,-0.09058703482151031,0.40334948897361755,0.2911183536052704,-0.10176514089107513,0.39228370785713196,0.19987666606903076,-0.10749075561761856,0.44334420561790466,0.6032941937446594,-0.009142224676907063,0.423332154750824,0.4448593258857727,-0.0285390205681324,0.4069027304649353,0.3378511071205139,-0.03870154172182083,0.39331844449043274,0.2548213601112366,-0.04153290390968323,0.4436737895011902,0.6039185523986816,0.042320605367422104,0.42279988527297974,0.4707925617694855,0.02928997576236725,0.40486055612564087,0.39205771684646606,0.025553656741976738,0.388840913772583,0.33290693163871765,0.02660232223570347,Left
0.40315598249435425,0.9218870401382446,6.895468231959967e-07,0.3028457760810852,0.8749947547912598,-0.11265500634908676,0.2545022964477539,0.7508398294448853,-0.15738233923912048,0.2253328263759613,0.613599419593811,-0.17466382682323456,0.19047217071056366,0.4976764917373657,-0.1851852685213089,0.38176995515823364,0.5955783724784851,-0.12595410645008087,0.3862554430961609,0.404798299074173,-0.14526429772377014,0.3842119574546814,0.2897562086582184,-0.15730901062488556,0.38454511761665344,0.20008257031440735,-0.16338059306144714,0.4279608130455017,0.5957303047180176,-0.06403382867574692,0.4185822010040283,0.41119539737701416,-0.08424805849790573,0.40532249212265015,0.29245567321777344,-0.09316125512123108,0.3961385190486908,0.2031213641166687,-0.09738919138908386,0.4435994327068329,0.602729320526123,-0.005588052328675985,0.4233723282814026,0.44688281416893005,-0.022795476019382477,0.40791502594947815,0.34084194898605347,-0.03238994628190994,0.3956811726093292,0.2585628926753998,-0.03492465987801552,0.4435529112815857,0.6047609448432922,0.046065084636211395,0.4223927855491638,0.47532182931900024,0.0345614068210125,0.4064978361129761,0.3966197371482849,0.030533283948898315,0.3930785655975342,0.33618104457855225,0.03125360980629921,Left
0.403630793094635,0.93034827709198,6.901929054947686e-07,0.30490410327911377,0.8799054026603699,-0.1114846020936966,0.2568829655647278,0.75545334815979,-0.1560743898153305,0.2282102406024933,0.6173920035362244,-0.17351284623146057,0.1935948133468628,0.5002882480621338,-0.18404969573020935,0.38545432686805725,0.6011490225791931,-0.12277352809906006,0.3911605179309845,0.40952712297439575,-0.13995401561260223,0.38872066140174866,0.293987900018692,-0.15074047446250916,0.3888588845729828,0.20446988940238953,-0.1562136709690094,0.4317052364349365,0.6032519340515137,-0.060457371175289154,0.4236811101436615,0.4169303774833679,-0.07840777933597565,0.4090702533721924,0.2990497350692749,-0.08606728911399841,0.39901724457740784,0.21118775010108948,-0.08960229158401489,0.44676926732063293,0.6106908321380615,-0.001475827768445015,0.4277529716491699,0.45430636405944824,-0.016777215525507927,0.4106109142303467,0.347430557012558,-0.025534210726618767,0.3961997628211975,0.2657475769519806,-0.027765830978751183,0.44743120670318604,0.6128172278404236,0.05084040015935898,0.4274543523788452,0.4830104112625122,0.040599629282951355,0.40965917706489563,0.4037255048751831,0.03749048709869385,0.393767774105072,0.34288135170936584,0.03879368305206299,Left
0.40460488200187683,0.9179725646972656,7.519968789893028e-07,0.30331775546073914,0.8707521557807922,-0.11220213770866394,0.25621360540390015,0.7478663921356201,-0.15793757140636444,0.2275746762752533,0.6097279787063599,-0.17644456028938293,0.19327452778816223,0.4919421970844269,-0.18851590156555176,0.3819601833820343,0.5946186780929565,-0.1265781819820404,0.390203595161438,0.4027056396007538,-0.14561590552330017,0.38807880878448486,0.28543606400489807,-0.15705709159374237,0.38887178897857666,0.19486084580421448,-0.16266606748104095,0.43016043305397034,0.5967185497283936,-0.06410907953977585,0.42416617274284363,0.4074612259864807,-0.08358198404312134,0.4110879600048065,0.2888038754463196,-0.09169675409793854,0.40234339237213135,0.19954264163970947,-0.09528621286153793,0.44770312309265137,0.6039060354232788,-0.004706974606961012,0.429976224899292,0.4457949995994568,-0.01979774422943592,0.4132491648197174,0.33806532621383667,-0.027480019256472588,0.40007278323173523,0.25682446360588074,-0.029114918783307076,0.4495099186897278,0.6052315831184387,0.04784473031759262,0.42884790897369385,0.4740990996360779,0.03823060169816017,0.41133183240890503,0.3956361711025238,0.03591206297278404,0.39628544449806213,0.3366905450820923,0.037721533328294754,Left
0.39918574690818787,0.9238505363464355,6.779951604585222e-07,0.30052781105041504,0.8684839010238647,-0.1120854988694191,0.25429290533065796,0.743545651435852,-0.1582435816526413,0.22766028344631195,0.6045660972595215,-0.1767449527978897,0.1952395737171173,0.4862864911556244,-0.18807335197925568,0.3846909999847412,0.5890893936157227,-0.1260056048631668,0.3908500075340271,0.39507174491882324,-0.14179553091526031,0.38912543654441833,0.27982109785079956,-0.15073910355567932,0.39119279384613037,0.19136428833007812,-0.15488892793655396,0.4311143755912781,0.5935297012329102,-0.06227365881204605,0.423683226108551,0.4016549587249756,-0.07965046167373657,0.4098006784915924,0.28298839926719666,-0.08578357845544815,0.40127402544021606,0.19595026969909668,-0.0883641466498375,0.44667258858680725,0.6028956174850464,-0.001284318626858294,0.43003684282302856,0.4422180652618408,-0.014761212281882763,0.4130779504776001,0.3365752100944519,-0.02111213095486164,0.39844751358032227,0.25894442200660706,-0.021870842203497887,0.4476796090602875,0.6066222786903381,0.053015466779470444,0.42873308062553406,0.4712294042110443,0.045066095888614655,0.4114319086074829,0.3903335630893707,0.0436372384428978,0.3956078588962555,0.330730676651001,0.0459744893014431,Left
0.3953933119773865,0.9166585803031921,6.851635134808021e-07,0.29404985904693604,0.8637294769287109,-0.11456122249364853,0.24849466979503632,0.7392182350158691,-0.16067685186862946,0.22243240475654602,0.5995302796363831,-0.17834976315498352,0.18889616429805756,0.48116546869277954,-0.1890188753604889,0.3785955309867859,0.5858755111694336,-0.1310429722070694,0.3844336271286011,0.38997992873191833,-0.14837397634983063,0.3830359876155853,0.27431702613830566,-0.15814439952373505,0.38474026322364807,0.18422266840934753,-0.16265037655830383,0.42568689584732056,0.5882095098495483,-0.06629030406475067,0.4194316267967224,0.39673179388046265,-0.0840274840593338,0.40621715784072876,0.2776649296283722,-0.09005583077669144,0.39775991439819336,0.1901693344116211,-0.0925004780292511,0.4403212368488312,0.5950496196746826,-0.004547453019768,0.42212092876434326,0.43372100591659546,-0.02010420896112919,0.4048942029476166,0.32696712017059326,-0.02857840247452259,0.3913165032863617,0.24732112884521484,-0.03042878955602646,0.43929508328437805,0.5957606434822083,0.050529465079307556,0.41889071464538574,0.461365669965744,0.04040204733610153,0.4004400670528412,0.3819884657859802,0.03736592456698418,0.38462188839912415,0.32442063093185425,0.03869115933775902,Left
0.3917388916015625,0.9098373651504517,7.112130333553068e-07,0.2932283878326416,0.8585801720619202,-0.11476103216409683,0.24786469340324402,0.737697958946228,-0.16213443875312805,0.2209688127040863,0.6005000472068787,-0.18179288506507874,0.18582476675510406,0.48035091161727905,-0.1945238560438156,0.3764823377132416,0.5789699554443359,-0.12754172086715698,0.38267982006073,0.3866419196128845,-0.14485767483711243,0.381491094827652,0.2723415195941925,-0.15490983426570892,0.3832837641239166,0.18407809734344482,-0.15959268808364868,0.4238795042037964,0.5835469961166382,-0.06352736800909042,0.41719913482666016,0.39390355348587036,-0.08236075192689896,0.4039103090763092,0.27592700719833374,-0.08954939246177673,0.39524155855178833,0.18824321031570435,-0.09247852861881256,0.44002777338027954,0.5931624174118042,-0.0027547397185117006,0.4226185381412506,0.4334715008735657,-0.018611926585435867,0.4057703912258148,0.32836443185806274,-0.026631047949194908,0.3915216624736786,0.24942320585250854,-0.027976609766483307,0.44111502170562744,0.5961055159568787,0.05118121951818466,0.4219525456428528,0.46139562129974365,0.04089445620775223,0.4038650095462799,0.3818208575248718,0.038215648382902145,0.38771459460258484,0.3231905698776245,0.040037333965301514,Left
0.38940760493278503,0.9074355363845825,6.439558433157799e-07,0.2904224395751953,0.8544151782989502,-0.11051270365715027,0.24559198319911957,0.7319502234458923,-0.15619271993637085,0.21904288232326508,0.5951396226882935,-0.17433108389377594,0.1865955889225006,0.48008811473846436,-0.18576419353485107,0.3769664168357849,0.5779247879981995,-0.12858445942401886,0.3831373155117035,0.3845023810863495,-0.14511771500110626,0.38209614157676697,0.26933881640434265,-0.15362553298473358,0.38528934121131897,0.18175619840621948,-0.15711942315101624,0.42373207211494446,0.5819790959358215,-0.06494282186031342,0.41674238443374634,0.3895794749259949,-0.08281268924474716,0.4033137857913971,0.27170443534851074,-0.08812300860881805,0.3956858217716217,0.18601033091545105,-0.08997834473848343,0.4396875500679016,0.5912834405899048,-0.0036859791725873947,0.42358067631721497,0.43078845739364624,-0.017710022628307343,0.4062255620956421,0.3251863718032837,-0.02429582178592682,0.39144688844680786,0.2485094666481018,-0.025037333369255066,0.44024068117141724,0.5949102640151978,0.05119796842336655,0.42138978838920593,0.46052664518356323,0.04341517761349678,0.4046362340450287,0.3804158568382263,0.04165658727288246,0.3895656168460846,0.32087242603302,0.043608251959085464,Left
0.39229655265808105,0.8917679786682129,7.152949024202826e-07,0.2951940596103668,0.8405923843383789,-0.11571583151817322,0.248908132314682,0.7158242464065552,-0.16293437778949738,0.22149188816547394,0.5770308375358582,-0.18213051557540894,0.19005277752876282,0.4574606716632843,-0.19436374306678772,0.3831630051136017,0.5643990635871887,-0.13042695820331573,0.3919212520122528,0.36980247497558594,-0.14962102472782135,0.39049580693244934,0.25328847765922546,-0.1610449105501175,0.3920295536518097,0.16344958543777466,-0.1668110191822052,0.4307253062725067,0.5693031549453735,-0.0665735974907875,0.4260966181755066,0.3787093758583069,-0.08740809559822083,0.4132627248764038,0.2584044337272644,-0.09665536880493164,0.4044296145439148,0.16855984926223755,-0.10102812945842743,0.44686761498451233,0.5777355432510376,-0.00597903598099947,0.4308601915836334,0.4184935688972473,-0.022973859682679176,0.41354018449783325,0.3106446862220764,-0.0320889912545681,0.3988542854785919,0.22944235801696777,-0.03427853062748909,0.44782111048698425,0.5791207551956177,0.04769110307097435,0.429237961769104,0.44660690426826477,0.03601861745119095,0.4117259979248047,0.3667758107185364,0.03228159621357918,0.3959725797176361,0.30682840943336487,0.03348081558942795,Left
0.38682299852371216,0.8791979551315308,7.330626203838619e-07,0.2884519696235657,0.831472635269165,-0.11443334072828293,0.24131473898887634,0.7070660591125488,-0.16230452060699463,0.21471159160137177,0.5699847936630249,-0.18292516469955444,0.1857745349407196,0.4532671868801117,-0.19769632816314697,0.3758842647075653,0.5657592415809631,-0.13433963060379028,0.386483758687973,0.3736603558063507,-0.15817324817180634,0.38559040427207947,0.2545499801635742,-0.17243675887584686,0.38640326261520386,0.16309446096420288,-0.17983847856521606,0.42461374402046204,0.5697659254074097,-0.07360328733921051,0.4212952256202698,0.38178712129592896,-0.09771135449409485,0.4089509844779968,0.2597999572753906,-0.10861264914274216,0.3996938169002533,0.16867083311080933,-0.11394520848989487,0.44224679470062256,0.5759151577949524,-0.016195839270949364,0.42757365107536316,0.41634035110473633,-0.03572993725538254,0.41064801812171936,0.30597126483917236,-0.04600880667567253,0.3966289162635803,0.2221931517124176,-0.049111656844615936,0.44289660453796387,0.5739230513572693,0.03424464166164398,0.42447859048843384,0.44423237442970276,0.019774096086621284,0.4085177779197693,0.36482149362564087,0.01442248746752739,0.3949783742427826,0.30323880910873413,0.01453620195388794,Left
0.3930412232875824,0.8923237323760986,7.292835562111577e-07,0.2911713719367981,0.8402137756347656,-0.11609787493944168,0.24530930817127228,0.710449755191803,-0.16197361052036285,0.21921172738075256,0.5710321664810181,-0.17901691794395447,0.18964652717113495,0.4556167721748352,-0.189376100897789,0.3810206353664398,0.566141664981842,-0.1335291713476181,0.3927348852157593,0.3694743514060974,-0.15233732759952545,0.39220520853996277,0.25012409687042236,-0.1625388115644455,0.39357542991638184,0.15983116626739502,-0.16695311665534973,0.4274948835372925,0.5698851346969604,-0.06729760020971298,0.42545604705810547,0.37593162059783936,-0.08732180297374725,0.4129061698913574,0.2546541094779968,-0.09531102329492569,0.40448111295700073,0.16651764512062073,-0.09855279326438904,0.4434075653553009,0.5778775215148926,-0.003915248904377222,0.4284939169883728,0.417056679725647,-0.018868356943130493,0.40969300270080566,0.30854669213294983,-0.027497421950101852,0.3947479724884033,0.22957080602645874,-0.029461735859513283,0.44409963488578796,0.5792692303657532,0.05257841572165489,0.42366376519203186,0.44635817408561707,0.043047357350587845,0.4053678512573242,0.3661240041255951,0.039477355778217316,0.3901117146015167,0.3070153594017029,0.04058658331632614,Left
0.38493049144744873,0.8837183713912964,7.202467031675042e-07,0.2882590889930725,0.829174280166626,-0.1155158281326294,0.24486905336380005,0.7031898498535156,-0.1625177413225174,0.21658775210380554,0.567089319229126,-0.1813574731349945,0.18601106107234955,0.4528004825115204,-0.19371122121810913,0.37916338443756104,0.5599720478057861,-0.1336068958044052,0.3899838328361511,0.3661040663719177,-0.15392723679542542,0.390789657831192,0.24905234575271606,-0.16578936576843262,0.3934274911880493,0.1589941680431366,-0.17154128849506378,0.4275510311126709,0.5653963088989258,-0.06902017444372177,0.423910915851593,0.3749496638774872,-0.08994586020708084,0.4124562442302704,0.2548535466194153,-0.09835008531808853,0.40453365445137024,0.16587123274803162,-0.10186226665973663,0.44466423988342285,0.5747776031494141,-0.007479637395590544,0.4278850257396698,0.4147905707359314,-0.023226575925946236,0.4109577238559723,0.30869898200035095,-0.03150510415434837,0.39772725105285645,0.23020249605178833,-0.03312211483716965,0.4453827440738678,0.5763617157936096,0.04706268012523651,0.42507579922676086,0.44385430216789246,0.036616578698158264,0.40669116377830505,0.3650917410850525,0.03330158069729805,0.39175719022750854,0.3081618547439575,0.0347844697535038,Left
0.3858756721019745,0.8843533396720886,6.859926884317247e-07,0.2897929847240448,0.8328388333320618,-0.11586819589138031,0.24505320191383362,0.7052687406539917,-0.16277916729450226,0.2180149108171463,0.5674601197242737,-0.18205846846103668,0.18748454749584198,0.45212069153785706,-0.19510148465633392,0.38036060333251953,0.5601577162742615,-0.13031485676765442,0.3899686336517334,0.369645893573761,-0.15239520370960236,0.389672189950943,0.2520686686038971,-0.16639326512813568,0.3906940817832947,0.16161078214645386,-0.17383264005184174,0.42557457089424133,0.564269483089447,-0.06783850491046906,0.42224523425102234,0.37585926055908203,-0.09027695655822754,0.4107978045940399,0.25503402948379517,-0.10124016553163528,0.40184706449508667,0.16544589400291443,-0.10687524825334549,0.44098836183547974,0.572404146194458,-0.009114203043282032,0.4276828169822693,0.41340500116348267,-0.02714582160115242,0.4115394055843353,0.3050162196159363,-0.038228873163461685,0.39693018794059753,0.22348880767822266,-0.04203193262219429,0.4408739507198334,0.573747992515564,0.04246208444237709,0.42289626598358154,0.44152021408081055,0.029177911579608917,0.4069397449493408,0.3612593412399292,0.023306306451559067,0.39280247688293457,0.3003631830215454,0.02280057594180107,Left
0.3924514353275299,0.8904285430908203,7.093153158166388e-07,0.29484865069389343,0.8374322652816772,-0.118658147752285,0.24983766674995422,0.7096230983734131,-0.16571234166622162,0.22328676283359528,0.5703509449958801,-0.18348388373851776,0.19424453377723694,0.45579788088798523,-0.1941852867603302,0.38608598709106445,0.5577385425567627,-0.13252675533294678,0.3952220380306244,0.36328014731407166,-0.15092360973358154,0.39444929361343384,0.24533843994140625,-0.16141393780708313,0.3968028128147125,0.1559584140777588,-0.16645419597625732,0.4314352869987488,0.5609301328659058,-0.06572344154119492,0.42819130420684814,0.36655932664871216,-0.08696334064006805,0.41732674837112427,0.24588385224342346,-0.09658130258321762,0.4099690020084381,0.1583975851535797,-0.10097485780715942,0.44657325744628906,0.5697516202926636,-0.0021155120339244604,0.4333818554878235,0.4069838523864746,-0.018451394513249397,0.41712892055511475,0.29823368787765503,-0.029000824317336082,0.4029756188392639,0.21826377511024475,-0.03221968561410904,0.44700807332992554,0.5737055540084839,0.05438360944390297,0.42825135588645935,0.4380922019481659,0.043716706335544586,0.41182851791381836,0.35619160532951355,0.03827148303389549,0.3971458375453949,0.29434868693351746,0.03791625425219536,Left
0.39474165439605713,0.8858778476715088,7.090324629643874e-07,0.2995818257331848,0.8347170948982239,-0.12002673000097275,0.2527438998222351,0.7111568450927734,-0.16981177031993866,0.22405214607715607,0.5747453570365906,-0.19152651727199554,0.1946679800748825,0.4589918553829193,-0.20670145750045776,0.38646531105041504,0.5505678057670593,-0.13184800744056702,0.3951730728149414,0.36036622524261475,-0.15354008972644806,0.39648857712745667,0.243057519197464,-0.1673271507024765,0.399996817111969,0.15247270464897156,-0.17484980821609497,0.4305167496204376,0.5545188188552856,-0.06742476671934128,0.42453405261039734,0.36377936601638794,-0.09072753041982651,0.41477811336517334,0.2428971529006958,-0.10146097838878632,0.40798884630203247,0.1537410020828247,-0.10670038312673569,0.4450945556163788,0.5637837052345276,-0.007096451241523027,0.4308728873729706,0.4008275866508484,-0.025952212512493134,0.41796568036079407,0.29330986738204956,-0.036328867077827454,0.4063934087753296,0.21167919039726257,-0.039443887770175934,0.4451180696487427,0.5676043629646301,0.045621030032634735,0.4259907901287079,0.4320736527442932,0.03234613686800003,0.41142988204956055,0.3517284691333771,0.02698795683681965,0.3992190659046173,0.2897256016731262,0.02676580473780632,Left
0.40984898805618286,0.868022084236145,6.485023504865239e-07,0.5121101140975952,0.8192170858383179,-0.0766223892569542,0.5744410753250122,0.7179856896400452,-0.11314056813716888,0.6369552612304688,0.6215197443962097,-0.13121989369392395,0.6825872659683228,0.5367704033851624,-0.14612528681755066,0.48594439029693604,0.5837597250938416,-0.10048864781856537,0.49317407608032227,0.40084579586982727,-0.1206790879368782,0.5042900443077087,0.28932151198387146,-0.1347654163837433,0.513105571269989,0.20025432109832764,-0.14677004516124725,0.4541946351528168,0.5864220857620239,-0.06359823793172836,0.44930756092071533,0.4036262035369873,-0.1008363589644432,0.46853187680244446,0.2844984531402588,-0.13235008716583252,0.48393017053604126,0.1927540898323059,-0.15582260489463806,0.43486079573631287,0.6020944714546204,-0.02494247630238533,0.4461054503917694,0.457113116979599,-0.05259774252772331,0.469325453042984,0.34301555156707764,-0.07021091878414154,0.484104722738266,0.25872424244880676,-0.08148562908172607,0.4337884783744812,0.6238585114479065,0.009967592544853687,0.46034884452819824,0.5185674428939819,-0.006288301199674606,0.4829983711242676,0.43752986192703247,-0.01306629553437233,0.5030039548873901,0.36815840005874634,-0.01780220866203308,Right
0.40781381726264954,0.8594595193862915,7.055678565848211e-07,0.4995371699333191,0.8194434642791748,-0.0796932503581047,0.5638197660446167,0.725446343421936,-0.11718443781137466,0.6263500452041626,0.6329397559165955,-0.13645845651626587,0.679309606552124,0.5508832335472107,-0.15234863758087158,0.47796598076820374,0.5793402194976807,-0.09652452915906906,0.48718810081481934,0.4006304144859314,-0.1149730384349823,0.500160813331604,0.29385843873023987,-0.12581747770309448,0.5071921944618225,0.20933833718299866,-0.13366590440273285,0.4462507367134094,0.5719019770622253,-0.05650976300239563,0.45387303829193115,0.3848508596420288,-0.08405708521604538,0.4741702675819397,0.2726121246814728,-0.10278934985399246,0.49152815341949463,0.18559420108795166,-0.11522390693426132,0.42853498458862305,0.5797345638275146,-0.016640575602650642,0.4456143379211426,0.42824485898017883,-0.034403182566165924,0.4670146405696869,0.32475703954696655,-0.04254196584224701,0.4833536148071289,0.24731433391571045,-0.04634607583284378,0.42809128761291504,0.5951324701309204,0.018076827749609947,0.45276200771331787,0.48285531997680664,0.008699526078999043,0.4720122814178467,0.40032118558883667,0.00632315082475543,0.4873726963996887,0.33215710520744324,0.005839803256094456,Right
0.40781381726264954,0.8594595193862915,7.055678565848211e-07,0.4995371699333191,0.8194434642791748,-0.0796932503581047,0.5638197660446167,0.725446343421936,-0.11718443781137466,0.6263500452041626,0.6329397559165955,-0.13645845651626587,0.679309606552124,0.5508832335472107,-0.15234863758087158,0.47796598076820374,0.5793402194976807,-0.09652452915906906,0.48718810081481934,0.4006304144859314,-0.1149730384349823,0.500160813331604,0.29385843873023987,-0.12581747770309448,0.5071921944618225,0.20933833718299866,-0.13366590440273285,0.4462507367134094,0.5719019770622253,-0.05650976300239563,0.45387303829193115,0.3848508596420288,-0.08405708521604538,0.4741702675819397,0.2726121246814728,-0.10278934985399246,0.49152815341949463,0.18559420108795166,-0.11522390693426132,0.42853498458862305,0.5797345638275146,-0.016640575602650642,0.4456143379211426,0.42824485898017883,-0.034403182566165924,0.4670146405696869,0.32475703954696655,-0.04254196584224701,0.4833536148071289,0.24731433391571045,-0.04634607583284378,0.42809128761291504,0.5951324701309204,0.018076827749609947,0.45276200771331787,0.48285531997680664,0.008699526078999043,0.4720122814178467,0.40032118558883667,0.00632315082475543,0.4873726963996887,0.33215710520744324,0.005839803256094456,Right
0.4079262316226959,0.8580430746078491,7.997383022484428e-07,0.4988064169883728,0.819010317325592,-0.08061572164297104,0.56107497215271,0.723061203956604,-0.1183738112449646,0.6235912442207336,0.6295464038848877,-0.1386961191892624,0.6798043847084045,0.548318088054657,-0.15619833767414093,0.4748777151107788,0.5740041732788086,-0.08527863770723343,0.4862968325614929,0.39248713850975037,-0.09768956899642944,0.5013208389282227,0.2888331413269043,-0.10613629221916199,0.5082949995994568,0.20607122778892517,-0.11237701028585434,0.4440351724624634,0.5682203769683838,-0.04355967044830322,0.4543198347091675,0.38179969787597656,-0.06081550940871239,0.4782229959964752,0.27432629466056824,-0.0766083300113678,0.49627354741096497,0.19209200143814087,-0.08737468719482422,0.42806243896484375,0.5752813816070557,-0.0026731386315077543,0.4483678936958313,0.4261282682418823,-0.011135268025100231,0.4725896418094635,0.32765763998031616,-0.017527438700199127,0.48941293358802795,0.2538565993309021,-0.021420465782284737,0.4297837018966675,0.5889605283737183,0.032544661313295364,0.45685601234436035,0.4746081829071045,0.03085651993751526,0.47807571291923523,0.3965124487876892,0.031997017562389374,0.4936199486255646,0.3350352644920349,0.03333040326833725,Right
0.40977442264556885,0.8556389808654785,7.413036655634642e-07,0.5027372241020203,0.8144547939300537,-0.08123893290758133,0.5652250647544861,0.7187374830245972,-0.12222111970186234,0.6253951787948608,0.6246834397315979,-0.14468900859355927,0.6791156530380249,0.5424250364303589,-0.16444548964500427,0.4767998158931732,0.5773265957832336,-0.10628300160169601,0.4862018823623657,0.3954211473464966,-0.12774993479251862,0.49971216917037964,0.2897040843963623,-0.14037537574768066,0.5074744820594788,0.20546993613243103,-0.1492382138967514,0.4444299042224884,0.573529064655304,-0.06664066761732101,0.4528954029083252,0.3843952417373657,-0.09664858877658844,0.4744759500026703,0.27136507630348206,-0.11716599017381668,0.4922666847705841,0.18424808979034424,-0.1313597410917282,0.4269031584262848,0.5833896398544312,-0.02656015194952488,0.44620755314826965,0.43204838037490845,-0.04607916250824928,0.46925613284111023,0.3278709650039673,-0.05549785867333412,0.48558780550956726,0.25137731432914734,-0.06076653301715851,0.42743808031082153,0.5989670157432556,0.00856734998524189,0.45439469814300537,0.4858705401420593,-0.0016269764164462686,0.4760173559188843,0.40459322929382324,-0.004251095466315746,0.4926601052284241,0.3394339084625244,-0.005472771357744932,Right
0.40977442264556885,0.8556389808654785,7.413036655634642e-07,0.5027372241020203,0.8144547939300537,-0.08123893290758133,0.5652250647544861,0.7187374830245972,-0.12222111970186234,0.6253951787948608,0.6246834397315979,-0.14468900859355927,0.6791156530380249,0.5424250364303589,-0.16444548964500427,0.4767998158931732,0.5773265957832336,-0.10628300160169601,0.4862018823623657,0.3954211473464966,-0.12774993479251862,0.49971216917037964,0.2897040843963623,-0.14037537574768066,0.5074744820594788,0.20546993613243103,-0.1492382138967514,0.4444299042224884,0.573529064655304,-0.06664066761732101,0.4528954029083252,0.3843952417373657,-0.09664858877658844,0.4744759500026703,0.27136507630348206,-0.11716599017381668,0.4922666847705841,0.18424808979034424,-0.1313597410917282,0.4269031584262848,0.5833896398544312,-0.02656015194952488,0.44620755314826965,0.43204838037490845,-0.04607916250824928,0.46925613284111023,0.3278709650039673,-0.05549785867333412,0.48558780550956726,0.25137731432914734,-0.06076653301715851,0.42743808031082153,0.5989670157432556,0.00856734998524189,0.45439469814300537,0.4858705401420593,-0.0016269764164462686,0.4760173559188843,0.40459322929382324,-0.004251095466315746,0.4926601052284241,0.3394339084625244,-0.005472771357744932,Right
0.3967764973640442,0.8668831586837769,6.71561167564505e-07,0.5006598830223083,0.8121899366378784,-0.0828169584274292,0.562932550907135,0.7096346616744995,-0.11900264769792557,0.6270806789398193,0.6173380017280579,-0.13555407524108887,0.6757269501686096,0.5313469171524048,-0.14780418574810028,0.4700319170951843,0.5701612234115601,-0.09483325481414795,0.4767434000968933,0.3822628855705261,-0.10764961689710617,0.49063122272491455,0.2743839621543884,-0.11650771647691727,0.5009313225746155,0.18848344683647156,-0.12476330250501633,0.44456946849823,0.573387861251831,-0.05241822078824043,0.4443190097808838,0.38650232553482056,-0.07650620490312576,0.46484094858169556,0.27378374338150024,-0.09840042889118195,0.47942468523979187,0.18726986646652222,-0.11547818779945374,0.43055281043052673,0.5877505540847778,-0.010035167448222637,0.4434896409511566,0.43915998935699463,-0.027595829218626022,0.46766990423202515,0.3312230110168457,-0.040350839495658875,0.4820341467857361,0.2508763074874878,-0.049110643565654755,0.4330751299858093,0.6076899766921997,0.02735765464603901,0.4561503827571869,0.5013830661773682,0.01801103726029396,0.47746264934539795,0.4249067008495331,0.013713683001697063,0.4938308000564575,0.36085331439971924,0.010410942137241364,Right
0.39591196179389954,0.8663334846496582,8.219817573262844e-07,0.49531498551368713,0.8093429207801819,-0.08857538551092148,0.5590450167655945,0.7129080295562744,-0.12104352563619614,0.6212115287780762,0.6254336833953857,-0.13321678340435028,0.6743009090423584,0.5440641641616821,-0.14045371115207672,0.4694374203681946,0.5464325547218323,-0.0681171864271164,0.47954314947128296,0.3690248727798462,-0.06469381600618362,0.49751052260398865,0.26790279150009155,-0.06426600366830826,0.5067156553268433,0.19284588098526,-0.06470487266778946,0.44609513878822327,0.5538970232009888,-0.014478575438261032,0.45045313239097595,0.3721591532230377,-0.01084156148135662,0.4710640013217926,0.26802903413772583,-0.017117811366915703,0.4862964153289795,0.18594160676002502,-0.022733384743332863,0.43449798226356506,0.5709748268127441,0.03676051273941994,0.44472524523735046,0.4245797097682953,0.043666772544384,0.46689072251319885,0.3267595171928406,0.04292203485965729,0.48212674260139465,0.25319692492485046,0.04199974983930588,0.4351118803024292,0.5941976308822632,0.08102019876241684,0.4544914960861206,0.48324570059776306,0.08926990628242493,0.47206464409828186,0.4075503647327423,0.09430953860282898,0.48537513613700867,0.3464501202106476,0.09867257624864578,Right
0.4008699059486389,0.8631182312965393,8.167128271452384e-07,0.48942363262176514,0.8132776021957397,-0.08247574418783188,0.5524564981460571,0.7197476625442505,-0.1166052371263504,0.6146442890167236,0.6291298866271973,-0.1333022117614746,0.6699397563934326,0.5471611618995667,-0.14638462662696838,0.46495696902275085,0.5546168088912964,-0.06723568588495255,0.4774285554885864,0.3751557767391205,-0.06913895159959793,0.49331751465797424,0.27157098054885864,-0.07154771685600281,0.49996984004974365,0.19305449724197388,-0.07352274656295776,0.44102737307548523,0.5549737215042114,-0.021132785826921463,0.4500657618045807,0.3727608323097229,-0.02189341001212597,0.4716002345085144,0.2692788243293762,-0.02856031060218811,0.4883671998977661,0.18930310010910034,-0.03358106315135956,0.4303004741668701,0.5659517049789429,0.022363794967532158,0.44454407691955566,0.4194813370704651,0.02712307684123516,0.4662100672721863,0.3232794404029846,0.02810894139111042,0.48294806480407715,0.25000593066215515,0.028290992602705956,0.43246084451675415,0.584110677242279,0.05894458666443825,0.4551200568675995,0.4680640697479248,0.0657467171549797,0.4726659655570984,0.3923684358596802,0.07209768891334534,0.48675698041915894,0.3324769139289856,0.07728735357522964,Right
0.4008699059486389,0.8631182312965393,8.167128271452384e-07,0.48942363262176514,0.8132776021957397,-0.08247574418783188,0.5524564981460571,0.7197476625442505,-0.1166052371263504,0.6146442890167236,0.6291298866271973,-0.1333022117614746,0.6699397563934326,0.5471611618995667,-0.14638462662696838,0.46495696902275085,0.5546168088912964,-0.06723568588495255,0.4774285554885864,0.3751557767391205,-0.06913895159959793,0.49331751465797424,0.27157098054885864,-0.07154771685600281,0.49996984004974365,0.19305449724197388,-0.07352274656295776,0.44102737307548523,0.5549737215042114,-0.021132785826921463,0.4500657618045807,0.3727608323097229,-0.02189341001212597,0.4716002345085144,0.2692788243293762,-0.02856031060218811,0.4883671998977661,0.18930310010910034,-0.03358106315135956,0.4303004741668701,0.5659517049789429,0.022363794967532158,0.44454407691955566,0.4194813370704651,0.02712307684123516,0.4662100672721863,0.3232794404029846,0.02810894139111042,0.48294806480407715,0.25000593066215515,0.028290992602705956,0.43246084451675415,0.584110677242279,0.05894458666443825,0.4551200568675995,0.4680640697479248,0.0657467171549797,0.4726659655570984,0.3923684358596802,0.07209768891334534,0.48675698041915894,0.3324769139289856,0.07728735357522964,Right
0.3990146517753601,0.8644424676895142,7.90135516126611e-07,0.489463746547699,0.8107259273529053,-0.08046938478946686,0.5507287383079529,0.717718243598938,-0.11458319425582886,0.6134230494499207,0.6287223100662231,-0.1320023089647293,0.6678776741027832,0.5449461936950684,-0.14619983732700348,0.4651733636856079,0.5531982183456421,-0.06469383835792542,0.47577720880508423,0.37389272451400757,-0.06724870949983597,0.4912533462047577,0.2689734101295471,-0.0715089663863182,0.49766212701797485,0.18847569823265076,-0.07547000050544739,0.44108498096466064,0.5555249452590942,-0.02085060253739357,0.4468773603439331,0.3744056224822998,-0.02337537705898285,0.46735143661499023,0.270453542470932,-0.03304383158683777,0.4840165972709656,0.19022145867347717,-0.040769558399915695,0.42996978759765625,0.567152202129364,0.020530957728624344,0.44162407517433167,0.4176497459411621,0.023570658639073372,0.4627160429954529,0.3166661858558655,0.022602912038564682,0.47890275716781616,0.23990455269813538,0.02083418145775795,0.43254727125167847,0.5863693356513977,0.05516139417886734,0.4540455937385559,0.46813836693763733,0.060423120856285095,0.47211310267448425,0.3880705237388611,0.06567321717739105,0.48654934763908386,0.322878897190094,0.06957662850618362,Right
0.3976527452468872,0.8672217130661011,9.021442224366183e-07,0.4903950095176697,0.8093011379241943,-0.0831705704331398,0.5509874224662781,0.7129969000816345,-0.11832112073898315,0.6137874126434326,0.623292863368988,-0.13612483441829681,0.6696492433547974,0.5394471287727356,-0.15029366314411163,0.46206367015838623,0.5499298572540283,-0.06206618249416351,0.47457265853881836,0.3680307865142822,-0.060123007744550705,0.492484450340271,0.2631804347038269,-0.05998801812529564,0.5000169277191162,0.18452543020248413,-0.06002078205347061,0.43770307302474976,0.5544622540473938,-0.014148796908557415,0.4466644525527954,0.3698941469192505,-0.009798089973628521,0.46943193674087524,0.265746146440506,-0.014029357582330704,0.48597851395606995,0.1866365373134613,-0.017063016071915627,0.4271346926689148,0.567314624786377,0.0310016218572855,0.441939115524292,0.41696786880493164,0.04054870828986168,0.4654059410095215,0.3182142674922943,0.0427187904715538,0.4821116626262665,0.24449482560157776,0.04337408393621445,0.43041664361953735,0.5855624675750732,0.06908437609672546,0.45263010263442993,0.4681440591812134,0.08047031611204147,0.4725379943847656,0.39017027616500854,0.0884687751531601,0.4873061180114746,0.32871532440185547,0.09461994469165802,Right
0.3961901068687439,0.8632023334503174,8.114027423289372e-07,0.4888414442539215,0.8044413328170776,-0.07844153046607971,0.5498554110527039,0.7091653347015381,-0.1098470687866211,0.6131571531295776,0.6232508420944214,-0.12449421733617783,0.6671798229217529,0.5405792593955994,-0.1351320445537567,0.46283525228500366,0.5480477213859558,-0.059553418308496475,0.47396034002304077,0.3675249516963959,-0.05852249264717102,0.49239224195480347,0.2644873857498169,-0.05975763127207756,0.5002482533454895,0.18639004230499268,-0.06084108352661133,0.43822571635246277,0.5523533225059509,-0.014721861109137535,0.4477842450141907,0.37085452675819397,-0.012581185437738895,0.4702940583229065,0.26680997014045715,-0.018744120374321938,0.4866896867752075,0.18918704986572266,-0.023323645815253258,0.426941454410553,0.5646848678588867,0.027708815410733223,0.44119060039520264,0.4161565601825714,0.03497360646724701,0.4647907018661499,0.3199653625488281,0.036348190158605576,0.4819779694080353,0.2484072744846344,0.036617401987314224,0.4293155074119568,0.5839492678642273,0.06345758587121964,0.45080530643463135,0.46632617712020874,0.07355623692274094,0.4707082211971283,0.3895133137702942,0.08171825855970383,0.48522379994392395,0.3295131325721741,0.08796912431716919,Right
0.3924056887626648,0.8652220964431763,7.808062605363375e-07,0.49312105774879456,0.8128103017807007,-0.08449547737836838,0.5566299557685852,0.7117278575897217,-0.11865609884262085,0.6192728281021118,0.6204279661178589,-0.13333836197853088,0.6746870279312134,0.536979079246521,-0.14346569776535034,0.46605801582336426,0.5593793988227844,-0.07652786374092102,0.47592151165008545,0.3739803433418274,-0.07962492108345032,0.49255985021591187,0.26856884360313416,-0.08171659708023071,0.5002636909484863,0.18734222650527954,-0.08320347964763641,0.4396035075187683,0.5630773305892944,-0.027499206364154816,0.446471631526947,0.37306317687034607,-0.03136003389954567,0.4675254225730896,0.26364201307296753,-0.03812422603368759,0.48184138536453247,0.18102967739105225,-0.04321623593568802,0.42593395709991455,0.5763311386108398,0.019658595323562622,0.44081878662109375,0.42470782995224,0.020428873598575592,0.4640222191810608,0.32493919134140015,0.019806427881121635,0.48011431097984314,0.25207680463790894,0.019801050424575806,0.4287415146827698,0.5952621102333069,0.06049317494034767,0.45092666149139404,0.4826783537864685,0.06500253826379776,0.47003769874572754,0.4060514569282532,0.06992748379707336,0.48404669761657715,0.3452255129814148,0.07443608343601227,Right
0.39512985944747925,0.8686614632606506,9.320500566900591e-07,0.4898359179496765,0.8066202402114868,-0.0905885249376297,0.5489267110824585,0.7107052803039551,-0.13105322420597076,0.60932856798172,0.6249879002571106,-0.15330027043819427,0.6662740707397461,0.5406113266944885,-0.17210717499256134,0.4592755436897278,0.5411378741264343,-0.06677641719579697,0.47174227237701416,0.3645987808704376,-0.06585217267274857,0.4907839298248291,0.25939685106277466,-0.06897072494029999,0.4974313974380493,0.1828305423259735,-0.07173644006252289,0.4348510801792145,0.554601788520813,-0.016567403450608253,0.44712045788764954,0.3856487274169922,-0.009125213138759136,0.4692469835281372,0.2847122848033905,-0.01472981832921505,0.4860914647579193,0.20733767747879028,-0.020821107551455498,0.42403554916381836,0.5736753344535828,0.02996695786714554,0.4374588131904602,0.4327365756034851,0.04329441115260124,0.46142956614494324,0.33718806505203247,0.04378778859972954,0.47921958565711975,0.26658231019973755,0.04039605334401131,0.42630958557128906,0.5987914204597473,0.06835684180259705,0.4482146203517914,0.48974815011024475,0.08335171639919281,0.46863651275634766,0.4179025888442993,0.09088323265314102,0.48405277729034424,0.3625639081001282,0.09416468441486359,Right
0.39477357268333435,0.8583240509033203,8.610616077930899e-07,0.48811426758766174,0.7991763353347778,-0.08099669218063354,0.5491285920143127,0.7078758478164673,-0.11537785828113556,0.6115499138832092,0.6246141195297241,-0.13367336988449097,0.6656051278114319,0.542586088180542,-0.14841622114181519,0.46289947628974915,0.5362652540206909,-0.05624227598309517,0.4727116823196411,0.36007559299468994,-0.053649503737688065,0.4917522072792053,0.2576150596141815,-0.05484107509255409,0.49904462695121765,0.18275713920593262,-0.056174732744693756,0.438527375459671,0.5463463068008423,-0.011598053388297558,0.44724977016448975,0.3698434829711914,-0.005265476182103157,0.4680751860141754,0.267883837223053,-0.010361389257013798,0.48449602723121643,0.1903316080570221,-0.015103708021342754,0.4274303913116455,0.5633634924888611,0.029881371185183525,0.44125860929489136,0.41841670870780945,0.041317228227853775,0.464332640171051,0.32553690671920776,0.04442848637700081,0.4813498556613922,0.25651323795318604,0.044495124369859695,0.42849281430244446,0.5865461826324463,0.06398984044790268,0.44979071617126465,0.4691886901855469,0.07703617215156555,0.46920114755630493,0.39531034231185913,0.08702413737773895,0.48286962509155273,0.33898741006851196,0.09371993690729141,Right
0.39164426922798157,0.871360182762146,9.149614470516099e-07,0.48303237557411194,0.8088286519050598,-0.09110967069864273,0.5440935492515564,0.7122305035591125,-0.12786948680877686,0.6077281832695007,0.6255155801773071,-0.145954892039299,0.6646236181259155,0.5445936918258667,-0.15996715426445007,0.45714855194091797,0.5348778367042542,-0.05769512802362442,0.46864748001098633,0.35970884561538696,-0.050750114023685455,0.48846668004989624,0.257830411195755,-0.04903422296047211,0.49524369835853577,0.18392571806907654,-0.047844480723142624,0.43521854281425476,0.5454857349395752,-0.003976746462285519,0.4474905729293823,0.3689473569393158,0.012079911306500435,0.4680670201778412,0.26960936188697815,0.013636847957968712,0.48344042897224426,0.19185864925384521,0.013083482161164284,0.42651283740997314,0.5617464184761047,0.045313894748687744,0.44069135189056396,0.41565170884132385,0.06401229649782181,0.4633326530456543,0.32537412643432617,0.06842106580734253,0.48046398162841797,0.25744539499282837,0.06891054660081863,0.4288122057914734,0.5840442776679993,0.08627845346927643,0.44931986927986145,0.46612101793289185,0.10415248572826385,0.46775341033935547,0.3925069570541382,0.11390240490436554,0.48094379901885986,0.33518320322036743,0.12014879286289215,Right
0.39686256647109985,0.8584507703781128,6.812667265876371e-07,0.4938035011291504,0.8030394911766052,-0.06477678567171097,0.555905818939209,0.706799328327179,-0.09399130940437317,0.6181915998458862,0.6200635433197021,-0.10957929491996765,0.6696189641952515,0.5371306538581848,-0.12200474739074707,0.4664877653121948,0.5575523376464844,-0.06198938935995102,0.47405511140823364,0.37228041887283325,-0.06999100744724274,0.49153587222099304,0.2682282328605652,-0.07609594613313675,0.5005345940589905,0.18690824508666992,-0.08054309338331223,0.4380011260509491,0.5587623119354248,-0.0290974173694849,0.44684261083602905,0.3731941878795624,-0.041520893573760986,0.4697251617908478,0.26539716124534607,-0.05447912588715553,0.48653408885002136,0.18525683879852295,-0.06321291625499725,0.4230576455593109,0.567946195602417,0.002778588328510523,0.43976303935050964,0.41400283575057983,-0.0023394012823700905,0.46393972635269165,0.3117339611053467,-0.005247437860816717,0.4802779257297516,0.23703888058662415,-0.006762305274605751,0.42448514699935913,0.584604024887085,0.029599839821457863,0.44868919253349304,0.46357956528663635,0.031023915857076645,0.4702477753162384,0.3838079869747162,0.03579386696219444,0.4854241609573364,0.3223700523376465,0.03990360349416733,Right
0.39180490374565125,0.8637510538101196,8.171351737473742e-07,0.48729732632637024,0.801742672920227,-0.07991325855255127,0.5489743947982788,0.7079789638519287,-0.1132592037320137,0.6123068332672119,0.6226693391799927,-0.13023346662521362,0.6674484014511108,0.5417848825454712,-0.14376220107078552,0.45940065383911133,0.5442715883255005,-0.05674668401479721,0.4716832935810089,0.3652656078338623,-0.05404571443796158,0.4899182617664337,0.26242008805274963,-0.055865366011857986,0.4978726804256439,0.18335163593292236,-0.058819714933633804,0.4362516403198242,0.5529674887657166,-0.012648254632949829,0.4452980160713196,0.3730413317680359,-0.009845176711678505,0.4666093587875366,0.26834341883659363,-0.019681014120578766,0.48233267664909363,0.1864314079284668,-0.028615077957510948,0.4265275001525879,0.5688326954841614,0.028728041797876358,0.4392927885055542,0.42035922408103943,0.03593175858259201,0.46248430013656616,0.3212589621543884,0.032338935881853104,0.4796086549758911,0.24547266960144043,0.027364498004317284,0.43041130900382996,0.5914449691772461,0.06330326199531555,0.45169779658317566,0.4733593761920929,0.07245516777038574,0.47085118293762207,0.3955598473548889,0.07683014124631882,0.48594003915786743,0.33333414793014526,0.07870959490537643,Right
0.3969377875328064,0.8616375923156738,8.953857673077437e-07,0.4884328544139862,0.8051151037216187,-0.09127037227153778,0.5495945811271667,0.7128474712371826,-0.13015523552894592,0.6092989444732666,0.6281553506851196,-0.15061677992343903,0.6648820042610168,0.5459745526313782,-0.16742193698883057,0.46065863966941833,0.5378473997116089,-0.06626098603010178,0.4722101092338562,0.36642101407051086,-0.06540519744157791,0.49186813831329346,0.26182329654693604,-0.06907782703638077,0.4991767406463623,0.18693652749061584,-0.07222765684127808,0.4378359615802765,0.5486043691635132,-0.015012244693934917,0.4468291103839874,0.3745161294937134,-0.006441311910748482,0.468315452337265,0.2738732099533081,-0.011696112342178822,0.4861276149749756,0.1956733763217926,-0.017722878605127335,0.4293365478515625,0.5662937164306641,0.03247545659542084,0.44105643033981323,0.42188310623168945,0.046324923634529114,0.4651998281478882,0.329866886138916,0.0479184165596962,0.4840061664581299,0.26017680764198303,0.045563340187072754,0.4329248368740082,0.5914626121520996,0.07165993750095367,0.455377995967865,0.4780869483947754,0.08635649085044861,0.4752315282821655,0.40417566895484924,0.09432276338338852,0.4894852638244629,0.3447667360305786,0.09828808903694153,Right
0.3962979316711426,0.8597064018249512,9.18898990676098e-07,0.49194324016571045,0.7992130517959595,-0.08322183042764664,0.5516795516014099,0.7073404788970947,-0.12062154710292816,0.6124669313430786,0.6224451661109924,-0.14170199632644653,0.6670910120010376,0.5399940013885498,-0.15955042839050293,0.46412912011146545,0.5393480658531189,-0.059519633650779724,0.474409282207489,0.36358097195625305,-0.057981837540864944,0.49369996786117554,0.26166248321533203,-0.05980445072054863,0.5011985898017883,0.18742623925209045,-0.06149626895785332,0.4367566704750061,0.5481710433959961,-0.013701389543712139,0.4488339126110077,0.3715745210647583,-0.00897899828851223,0.47021546959877014,0.27040162682533264,-0.014737049117684364,0.48751720786094666,0.19364720582962036,-0.019748104736208916,0.42368364334106445,0.5630689859390259,0.029003819450736046,0.4406245946884155,0.4171874523162842,0.0394909493625164,0.465225487947464,0.32371699810028076,0.04160997271537781,0.48286449909210205,0.25607550144195557,0.04103243723511696,0.4235541522502899,0.5843485593795776,0.06428323686122894,0.44718271493911743,0.4669501781463623,0.07757285982370377,0.46831297874450684,0.3921101987361908,0.0866469070315361,0.4832346737384796,0.3357561230659485,0.09227389097213745,Right
0.3902612030506134,0.8692816495895386,7.763066491861537e-07,0.49017342925071716,0.8063759207725525,-0.08053776621818542,0.5535827875137329,0.7076523900032043,-0.11074808984994888,0.6156402826309204,0.6192924380302429,-0.12226838618516922,0.6703248023986816,0.5398028492927551,-0.128620907664299,0.4620588719844818,0.5433416962623596,-0.06424664705991745,0.47326380014419556,0.3645295798778534,-0.06409039348363876,0.49051061272621155,0.26055535674095154,-0.06479313224554062,0.49910247325897217,0.18279969692230225,-0.06524896621704102,0.4382537603378296,0.5498525500297546,-0.015735648572444916,0.445609450340271,0.3681630492210388,-0.01683470793068409,0.46690404415130615,0.26222723722457886,-0.02299690432846546,0.48267462849617004,0.18116432428359985,-0.02717660553753376,0.4266640543937683,0.5671287775039673,0.030751600861549377,0.43914204835891724,0.41911226511001587,0.03431075066328049,0.46177539229393005,0.31958675384521484,0.0352938175201416,0.47865545749664307,0.24525919556617737,0.03682383522391319,0.4282461404800415,0.5923249125480652,0.07087784260511398,0.4483240246772766,0.476725697517395,0.07848070561885834,0.4665207266807556,0.39909517765045166,0.08543688803911209,0.4806950092315674,0.33615005016326904,0.0916915237903595,Right
0.38959255814552307,0.8686855435371399,8.717339028407878e-07,0.4847000241279602,0.8073431253433228,-0.08576419204473495,0.5459188222885132,0.7075096964836121,-0.11923018097877502,0.6098186373710632,0.618538498878479,-0.1343238353729248,0.666713535785675,0.5345879197120667,-0.14507727324962616,0.45672205090522766,0.5409008264541626,-0.05898556485772133,0.46891075372695923,0.36039799451828003,-0.05454074963927269,0.4885137975215912,0.257987916469574,-0.05380561947822571,0.49703389406204224,0.1812846064567566,-0.053481556475162506,0.43316522240638733,0.5481367111206055,-0.008167007938027382,0.44286614656448364,0.3645327687263489,-0.00010009579273173586,0.4659184217453003,0.26066848635673523,-0.0034594382159411907,0.48110032081604004,0.18119263648986816,-0.006291594821959734,0.42390692234039307,0.5623612403869629,0.039371997117996216,0.43755966424942017,0.4113308787345886,0.05169006809592247,0.46194660663604736,0.3144567608833313,0.05368376523256302,0.4786193072795868,0.241001158952713,0.05395815894007683,0.4279828667640686,0.581912636756897,0.07946477085351944,0.44891357421875,0.4644204378128052,0.09294254332780838,0.4685775935649872,0.38700515031814575,0.10094206035137177,0.48268699645996094,0.325178325176239,0.10692469030618668,Right
0.3875143229961395,0.8646994829177856,7.947333529045864e-07,0.48717373609542847,0.803165853023529,-0.08622212707996368,0.5507352948188782,0.7037769556045532,-0.11749280244112015,0.6121444702148438,0.6158163547515869,-0.12907330691814423,0.6678096652030945,0.5357635021209717,-0.13582377135753632,0.4628477096557617,0.5362513661384583,-0.06279084086418152,0.47359955310821533,0.3595431447029114,-0.058359310030937195,0.491369366645813,0.2566377520561218,-0.057993192225694656,0.499723345041275,0.17915722727775574,-0.058480408042669296,0.43904393911361694,0.5460841059684753,-0.010548785328865051,0.44671204686164856,0.36392396688461304,-0.004464265890419483,0.46801522374153137,0.25802844762802124,-0.00957145169377327,0.4827764332294464,0.17745742201805115,-0.014617052860558033,0.4279206395149231,0.5650857090950012,0.03895893692970276,0.43959271907806396,0.4171501696109772,0.04841986671090126,0.4627436399459839,0.3189582824707031,0.048367541283369064,0.4791112542152405,0.24619212746620178,0.04725530743598938,0.42870062589645386,0.5909841656684875,0.0813710168004036,0.4494721591472626,0.4770185351371765,0.09191155433654785,0.4684048295021057,0.40326011180877686,0.09812086820602417,0.48326629400253296,0.34500306844711304,0.1028093695640564,Right
0.3915526270866394,0.8631722331047058,8.070099966062116e-07,0.4875050187110901,0.7972744107246399,-0.07783949375152588,0.547437310218811,0.7002296447753906,-0.11161341518163681,0.6108428239822388,0.614949643611908,-0.1296376734972,0.666972815990448,0.5344122052192688,-0.14473310112953186,0.46014273166656494,0.5399173498153687,-0.05712048336863518,0.46998530626296997,0.3612440824508667,-0.057374145835638046,0.48676156997680664,0.2578401565551758,-0.062254030257463455,0.49423807859420776,0.17716500163078308,-0.06733482331037521,0.4348442554473877,0.5499126315116882,-0.015704957768321037,0.4417845606803894,0.37185075879096985,-0.015099157579243183,0.4625385105609894,0.2666347622871399,-0.02724197506904602,0.4782181978225708,0.18534475564956665,-0.03824237361550331,0.4225633442401886,0.5680882930755615,0.02314525470137596,0.4338539242744446,0.4210383892059326,0.02905903570353985,0.4560101330280304,0.3202226161956787,0.024439778178930283,0.4720472991466522,0.24396270513534546,0.01821482926607132,0.4245814085006714,0.5931602716445923,0.05531107634305954,0.44613388180732727,0.47859400510787964,0.06318587809801102,0.46539345383644104,0.4023771286010742,0.06723898649215698,0.47998225688934326,0.3406040072441101,0.06867677718400955,Right
0.38859260082244873,0.8530212640762329,6.016504698891367e-07,0.49322330951690674,0.8070195913314819,-0.08271177113056183,0.5573899745941162,0.7014549970626831,-0.11622057110071182,0.6196811199188232,0.6076838374137878,-0.1290907859802246,0.6718842387199402,0.5233714580535889,-0.1367817223072052,0.46314817667007446,0.5583462119102478,-0.09771722555160522,0.47130128741264343,0.3736376166343689,-0.1117393970489502,0.4864606261253357,0.2672933340072632,-0.11918938905000687,0.49539613723754883,0.18240505456924438,-0.1245620995759964,0.4334526062011719,0.5574808716773987,-0.05267324671149254,0.43789246678352356,0.3690071105957031,-0.0746627077460289,0.45985034108161926,0.25657400488853455,-0.08906269073486328,0.47520866990089417,0.1697971224784851,-0.09937558323144913,0.41771644353866577,0.5698233246803284,-0.008019397966563702,0.4329437017440796,0.4206867218017578,-0.024043332785367966,0.45860055088996887,0.3191658854484558,-0.030693668872117996,0.47472238540649414,0.24438032507896423,-0.03335139900445938,0.42098480463027954,0.5891818404197693,0.03132672980427742,0.44418707489967346,0.48296189308166504,0.022060580551624298,0.46632760763168335,0.4076148271560669,0.01998578943312168,0.4832755923271179,0.3454830050468445,0.02006206475198269,Right
0.3913789987564087,0.850581169128418,6.462156534325914e-07,0.49253085255622864,0.801494300365448,-0.07939783483743668,0.5573650598526001,0.7003580927848816,-0.11467048525810242,0.6204413175582886,0.6107500195503235,-0.13195212185382843,0.6731347441673279,0.5266935229301453,-0.14556869864463806,0.4666437804698944,0.5580958724021912,-0.08964843302965164,0.4732370376586914,0.37512949109077454,-0.10537058115005493,0.48845386505126953,0.2677305042743683,-0.11655670404434204,0.4975488483905792,0.18062609434127808,-0.12553685903549194,0.43607810139656067,0.5587782263755798,-0.05047918111085892,0.43933233618736267,0.37436017394065857,-0.07513005286455154,0.46014153957366943,0.25937601923942566,-0.09558310359716415,0.47506117820739746,0.17154845595359802,-0.11102581769227982,0.4191276729106903,0.5712462067604065,-0.012037074193358421,0.4333110451698303,0.4224563241004944,-0.02939017489552498,0.4580511450767517,0.3168625831604004,-0.03943774849176407,0.47428566217422485,0.2389031946659088,-0.04591531306505203,0.420991450548172,0.5903654098510742,0.0210446584969759,0.4450666904449463,0.48255598545074463,0.011306647211313248,0.46649789810180664,0.4036290645599365,0.00828324630856514,0.48342928290367126,0.33806365728378296,0.006281557492911816,Right
0.39086487889289856,0.8520914912223816,5.633680189021106e-07,0.49288132786750793,0.8046296834945679,-0.0735371857881546,0.5581942796707153,0.6997277140617371,-0.10520261526107788,0.6227643489837646,0.6064145565032959,-0.11971458792686462,0.6766583919525146,0.5249822735786438,-0.13032591342926025,0.4683859944343567,0.5594799518585205,-0.08587953448295593,0.47492823004722595,0.3738269507884979,-0.10156312584877014,0.4906202256679535,0.2658674418926239,-0.11128973960876465,0.5005945563316345,0.17843827605247498,-0.11882380396127701,0.43706053495407104,0.5596409440040588,-0.049495261162519455,0.44353607296943665,0.36926066875457764,-0.0730307400226593,0.4663242697715759,0.2547931373119354,-0.09016340225934982,0.4836117923259735,0.168145090341568,-0.10287844389677048,0.4190957248210907,0.5721349120140076,-0.013752737082540989,0.4358549118041992,0.41793137788772583,-0.03168167546391487,0.46098312735557556,0.3116207718849182,-0.040975917130708694,0.4775325059890747,0.2337448000907898,-0.04599104821681976,0.42060527205467224,0.5917527079582214,0.017204342409968376,0.44616127014160156,0.48011845350265503,0.006053159479051828,0.4677981734275818,0.402026891708374,0.0026613606605678797,0.4846697151660919,0.3387024402618408,0.001365787349641323,Right
0.38645800948143005,0.855668306350708,7.551485623480403e-07,0.4896240830421448,0.7976057529449463,-0.08665265887975693,0.5534748435020447,0.6982476115226746,-0.12131620943546295,0.6164926886558533,0.6085472702980042,-0.13512253761291504,0.6688016057014465,0.5246970057487488,-0.1437753140926361,0.4627324342727661,0.5442052483558655,-0.08406869322061539,0.47235679626464844,0.36155110597610474,-0.08982764929533005,0.4878515601158142,0.2569185793399811,-0.09512312710285187,0.4974314570426941,0.1753740906715393,-0.10013657808303833,0.43784695863723755,0.5484455823898315,-0.034723926335573196,0.441100150346756,0.36191171407699585,-0.04741315543651581,0.46300777792930603,0.25211265683174133,-0.06224518641829491,0.47861820459365845,0.16509607434272766,-0.0736662894487381,0.423831582069397,0.5648970603942871,0.013775422237813473,0.4363587498664856,0.4159097671508789,0.0074896300211548805,0.4598151445388794,0.3115021288394928,0.002682957099750638,0.4744829535484314,0.23159512877464294,-0.00025925514637492597,0.425418496131897,0.5879979133605957,0.05623406544327736,0.44869503378868103,0.4802725911140442,0.05542369559407234,0.46899592876434326,0.4046032428741455,0.05752991512417793,0.48357436060905457,0.33985278010368347,0.05982967093586922,Right
0.3903489112854004,0.8526438474655151,6.175575322231452e-07,0.4948170781135559,0.7998425364494324,-0.07101958990097046,0.5575417876243591,0.6952130794525146,-0.10279250890016556,0.6195728182792664,0.6044348478317261,-0.11854153126478195,0.6711075305938721,0.5216185450553894,-0.13029809296131134,0.46592509746551514,0.5520010590553284,-0.08158296346664429,0.47268351912498474,0.36765798926353455,-0.09605666995048523,0.4881429374217987,0.26229220628738403,-0.105963796377182,0.49832165241241455,0.17764028906822205,-0.11437410116195679,0.43581676483154297,0.5563151240348816,-0.047679439187049866,0.4393126368522644,0.37131062150001526,-0.0729934498667717,0.4617859721183777,0.25830692052841187,-0.09371967613697052,0.4789573550224304,0.17174428701400757,-0.10921458154916763,0.41891035437583923,0.5729212164878845,-0.014052832499146461,0.437934011220932,0.42612385749816895,-0.03253421187400818,0.46395444869995117,0.3209591805934906,-0.042657479643821716,0.47978782653808594,0.24263334274291992,-0.04891865700483322,0.42038893699645996,0.596459150314331,0.014920495450496674,0.4491918087005615,0.4919603168964386,0.004070849157869816,0.47253507375717163,0.41765284538269043,0.001124101341702044,0.49033188819885254,0.3550395965576172,-0.00045087977196089923,Right
0.3911161422729492,0.8537936210632324,5.251911829873279e-07,0.49332523345947266,0.8042256832122803,-0.06833545118570328,0.5585685968399048,0.7000631093978882,-0.10077563673257828,0.6236592531204224,0.606632649898529,-0.11741398274898529,0.6757901906967163,0.5220935344696045,-0.1307174265384674,0.4657081365585327,0.5626881122589111,-0.09067162126302719,0.47266873717308044,0.37460899353027344,-0.11076737195253372,0.4886835515499115,0.2666780650615692,-0.12283480912446976,0.49920451641082764,0.17880108952522278,-0.1321580559015274,0.43470820784568787,0.5662615299224854,-0.05982976779341698,0.4404936730861664,0.37583115696907043,-0.09002885222434998,0.4628143310546875,0.26023343205451965,-0.11049205809831619,0.47912973165512085,0.1713373064994812,-0.12562070786952972,0.4174742102622986,0.5816618800163269,-0.02883015014231205,0.4345422387123108,0.428205668926239,-0.05204862728714943,0.45999717712402344,0.3185293674468994,-0.06336505711078644,0.4758943021297455,0.2375643253326416,-0.07003223896026611,0.42051035165786743,0.6044399738311768,-0.0019350792281329632,0.44689521193504333,0.4946293234825134,-0.016476836055517197,0.4693501591682434,0.41485315561294556,-0.02142242155969143,0.4867190718650818,0.3490641713142395,-0.024345463141798973,Right
0.39031094312667847,0.8601242899894714,7.180690317909466e-07,0.4890769422054291,0.790816068649292,-0.07349072396755219,0.5483357906341553,0.6930075287818909,-0.10449565201997757,0.6103578209877014,0.6074416637420654,-0.11991054564714432,0.6636303067207336,0.5219979882240295,-0.13165125250816345,0.45874544978141785,0.5350812673568726,-0.05573265254497528,0.4704020023345947,0.3547435700893402,-0.05590929463505745,0.48868563771247864,0.2497696578502655,-0.06023937463760376,0.49762848019599915,0.16941222548484802,-0.06420420855283737,0.4358814060688019,0.5487344861030579,-0.01478663645684719,0.4444410502910614,0.3652879595756531,-0.01441930327564478,0.46718454360961914,0.2560836672782898,-0.02405363880097866,0.48360005021095276,0.17432984709739685,-0.032539743930101395,0.42649126052856445,0.5704238414764404,0.024101339280605316,0.43994617462158203,0.41806045174598694,0.030128486454486847,0.465201199054718,0.3171287775039673,0.02991371788084507,0.482481986284256,0.2434842884540558,0.027904784306883812,0.4321978688240051,0.6007357239723206,0.05667055770754814,0.4575890898704529,0.48394328355789185,0.06593199074268341,0.47853922843933105,0.40635019540786743,0.07326550036668777,0.49391812086105347,0.34448662400245667,0.0779799297451973,Right
0.3882666826248169,0.8519435524940491,8.600176215622923e-07,0.476902574300766,0.78916996717453,-0.11001906543970108,0.5354611873626709,0.6813424825668335,-0.1434336155653,0.5948720574378967,0.5889289379119873,-0.15176242589950562,0.6510301828384399,0.4967574179172516,-0.15388710796833038,0.4568854570388794,0.5106002688407898,-0.06450185924768448,0.4697366952896118,0.33758270740509033,-0.05125722289085388,0.48728084564208984,0.23936575651168823,-0.04693734273314476,0.49508848786354065,0.16544148325920105,-0.044048063457012177,0.4424937963485718,0.5295126438140869,0.006273441016674042,0.4529610872268677,0.3519037961959839,0.031042734161019325,0.4749542474746704,0.24936896562576294,0.03507401794195175,0.48668959736824036,0.17445886135101318,0.03479323163628578,0.4384661614894867,0.555158793926239,0.07124582678079605,0.44980016350746155,0.4137346148490906,0.09713788330554962,0.47336888313293457,0.3236345648765564,0.10271535068750381,0.48962685465812683,0.2590799033641815,0.10362493246793747,0.44441336393356323,0.5830729603767395,0.12635351717472076,0.46226486563682556,0.47500571608543396,0.14801263809204102,0.48194319009780884,0.40339356660842896,0.15713074803352356,0.49688515067100525,0.34868812561035156,0.16324248909950256,Right
0.3923446536064148,0.8486604690551758,9.732445960253244e-07,0.4759426712989807,0.7838314175605774,-0.10753121972084045,0.5309697389602661,0.6739246845245361,-0.14120472967624664,0.5894222259521484,0.5812960863113403,-0.15026268362998962,0.6428841352462769,0.4877459406852722,-0.15288710594177246,0.45319730043411255,0.5129302144050598,-0.06335984915494919,0.4658566117286682,0.33790773153305054,-0.05027363449335098,0.4859737753868103,0.238125741481781,-0.043510593473911285,0.49588245153427124,0.16384416818618774,-0.038138292729854584,0.4389835596084595,0.5279117822647095,0.006355061195790768,0.4505617618560791,0.3553561568260193,0.029281679540872574,0.4765397310256958,0.25656911730766296,0.036067672073841095,0.49207836389541626,0.18677577376365662,0.04004651680588722,0.4341658353805542,0.5486648082733154,0.07037094235420227,0.44376349449157715,0.4104955494403839,0.09465161710977554,0.46850553154945374,0.3204735815525055,0.10176501423120499,0.4863480031490326,0.25621435046195984,0.10560739785432816,0.43935510516166687,0.5718381404876709,0.12493965774774551,0.45424550771713257,0.4641073942184448,0.14686578512191772,0.47394683957099915,0.3921641707420349,0.15738770365715027,0.4891296625137329,0.3376976251602173,0.16556835174560547,Right
0.39641273021698,0.8450576066970825,9.431267358195328e-07,0.4770027995109558,0.7822799682617188,-0.11479004472494125,0.5324910283088684,0.674401581287384,-0.148151233792305,0.5911003351211548,0.5803228616714478,-0.15482252836227417,0.6398268342018127,0.4869137406349182,-0.1544889360666275,0.45539525151252747,0.5035076141357422,-0.06724723428487778,0.4673409163951874,0.3323875069618225,-0.05217732489109039,0.4858798384666443,0.23496657609939575,-0.045220308005809784,0.4941336512565613,0.16176581382751465,-0.04057427495718002,0.4464171826839447,0.517992377281189,0.006887837313115597,0.4559471011161804,0.3486282229423523,0.03306347131729126,0.4783444106578827,0.25254854559898376,0.03990505263209343,0.4910793900489807,0.17883390188217163,0.04218684509396553,0.44485315680503845,0.5377340316772461,0.07465767115354538,0.4516250491142273,0.40302610397338867,0.10001013427972794,0.473521888256073,0.31583139300346375,0.10438726842403412,0.4884088933467865,0.250135213136673,0.10528665781021118,0.4505433738231659,0.5596750378608704,0.13252736628055573,0.4608324468135834,0.4516947269439697,0.15439671277999878,0.47804954648017883,0.37982356548309326,0.1627229005098343,0.4906795620918274,0.32524049282073975,0.16848042607307434,Right
0.3984149694442749,0.8376325368881226,9.94058723335911e-07,0.4812966585159302,0.7849686145782471,-0.11474817246198654,0.5335448384284973,0.6731420159339905,-0.1508604735136032,0.5904554128646851,0.5753628611564636,-0.1600385457277298,0.6415908932685852,0.47571122646331787,-0.16251586377620697,0.4592475891113281,0.5142729878425598,-0.07501811534166336,0.46924400329589844,0.3363672196865082,-0.06064413860440254,0.48783355951309204,0.236616313457489,-0.05137549340724945,0.49761009216308594,0.1632796823978424,-0.04470737650990486,0.44470909237861633,0.5246321558952332,-0.0003054636181332171,0.44970232248306274,0.3456968665122986,0.021504998207092285,0.47346052527427673,0.2445683479309082,0.028155609965324402,0.4873155951499939,0.170426607131958,0.031815771013498306,0.4402632713317871,0.540683925151825,0.06920672953128815,0.44809556007385254,0.4045933485031128,0.09157555550336838,0.4724198877811432,0.3138014078140259,0.0970548763871193,0.48852285742759705,0.24662965536117554,0.09998133778572083,0.44781357049942017,0.5591723918914795,0.12928073108196259,0.46276915073394775,0.45403024554252625,0.14824962615966797,0.4834511876106262,0.3831523358821869,0.15635977685451508,0.4983990788459778,0.32888054847717285,0.16323591768741608,Right
0.3949137330055237,0.8330090045928955,1.008688172987604e-06,0.48296666145324707,0.777150571346283,-0.10992448031902313,0.5379399657249451,0.6708953380584717,-0.14604128897190094,0.5946531891822815,0.5738468170166016,-0.15793099999427795,0.647715151309967,0.4797057807445526,-0.1645292192697525,0.46291980147361755,0.5053529739379883,-0.06157362833619118,0.47403866052627563,0.3344155251979828,-0.04781269282102585,0.49043387174606323,0.23481908440589905,-0.042591530829668045,0.49952229857444763,0.1609072983264923,-0.04048839211463928,0.4475633203983307,0.5182563066482544,0.0072476742789149284,0.4526572525501251,0.34133774042129517,0.02844412997364998,0.4742216467857361,0.24159926176071167,0.0286258477717638,0.4883546829223633,0.16588082909584045,0.025483615696430206,0.44122403860092163,0.5379828810691833,0.07007507234811783,0.4497988820075989,0.4010859429836273,0.09141536056995392,0.4690724015235901,0.30562520027160645,0.08913786709308624,0.4830033779144287,0.23278367519378662,0.08413074165582657,0.4469751715660095,0.5614357590675354,0.12369434535503387,0.46119070053100586,0.4591601490974426,0.14126084744930267,0.476328045129776,0.38482558727264404,0.1438862383365631,0.4904347360134125,0.3248613178730011,0.14434807002544403,Right
0.38877931237220764,0.8390053510665894,9.485624445915164e-07,0.4790593385696411,0.7833408117294312,-0.1107645258307457,0.5325666069984436,0.6721227169036865,-0.14480222761631012,0.5900488495826721,0.5735836625099182,-0.15321089327335358,0.6416801810264587,0.47523218393325806,-0.15540574491024017,0.45536449551582336,0.5138158798217773,-0.06574880331754684,0.4660760760307312,0.33681243658065796,-0.051061779260635376,0.4839981496334076,0.23775500059127808,-0.04462699964642525,0.49324119091033936,0.16110089421272278,-0.041358914226293564,0.4388297200202942,0.5240679383277893,0.004635359160602093,0.44683021306991577,0.34833216667175293,0.025160685181617737,0.4706663191318512,0.24635854363441467,0.02600236050784588,0.483590304851532,0.1702677607536316,0.02391560934484005,0.4329807758331299,0.5405570268630981,0.06953968852758408,0.44160279631614685,0.4006950259208679,0.08977998793125153,0.4653012752532959,0.30533814430236816,0.08896631747484207,0.4821493327617645,0.2340037226676941,0.08608626574277878,0.4404183328151703,0.559783935546875,0.1252928078174591,0.4567983150482178,0.4537227749824524,0.1419050097465515,0.47626379132270813,0.3802794814109802,0.1457611620426178,0.4921284019947052,0.3227604031562805,0.14811979234218597,Right
0.39646100997924805,0.8418744802474976,1.0061291959573282e-06,0.4802554249763489,0.7822623252868652,-0.10983109474182129,0.5268787145614624,0.6725298762321472,-0.1474943608045578,0.582910418510437,0.5715035796165466,-0.16082102060317993,0.6324771046638489,0.4704377055168152,-0.1681741327047348,0.4524332582950592,0.5242488384246826,-0.0664304718375206,0.46847888827323914,0.3453507423400879,-0.05509243533015251,0.49083080887794495,0.24369293451309204,-0.048581723123788834,0.5009840130805969,0.16749656200408936,-0.04401349276304245,0.43655848503112793,0.5335801839828491,0.0013265886809676886,0.4480527341365814,0.35498806834220886,0.01818668656051159,0.4750494658946991,0.25504472851753235,0.0197224672883749,0.4921819269657135,0.18263199925422668,0.020215032622218132,0.43380653858184814,0.5473521947860718,0.06333759427070618,0.4432315230369568,0.40124812722206116,0.08195669949054718,0.469646155834198,0.3077715337276459,0.08308034390211105,0.48936399817466736,0.23897284269332886,0.08259397000074387,0.44339442253112793,0.562132716178894,0.11603301763534546,0.4577420949935913,0.446233868598938,0.13287168741226196,0.47791412472724915,0.3718377351760864,0.13824701309204102,0.49484676122665405,0.31586816906929016,0.14209872484207153,Right
0.3949987590312958,0.8449918031692505,8.799893862487806e-07,0.4745539426803589,0.784881591796875,-0.11712297797203064,0.5259253978729248,0.6749445199966431,-0.15153250098228455,0.5841088891029358,0.574367880821228,-0.1591322422027588,0.6341280937194824,0.4763758182525635,-0.16061906516551971,0.4570673406124115,0.5088295936584473,-0.06736987829208374,0.46972721815109253,0.33736753463745117,-0.05385909229516983,0.4872015416622162,0.24029222130775452,-0.05051864683628082,0.49525871872901917,0.16352492570877075,-0.05024321377277374,0.4446364939212799,0.520961344242096,0.00459782499819994,0.452628493309021,0.3505907654762268,0.025784851983189583,0.4737164378166199,0.25241202116012573,0.024184267967939377,0.4871860146522522,0.17607542872428894,0.018379516899585724,0.43987786769866943,0.5383326411247253,0.06981353461742401,0.4468662738800049,0.39939814805984497,0.08946574479341507,0.4674273431301117,0.30716097354888916,0.08492937684059143,0.4847778081893921,0.23461151123046875,0.07773872464895248,0.44353485107421875,0.5565113425254822,0.1251259446144104,0.45537272095680237,0.44467341899871826,0.1393430233001709,0.47180572152137756,0.37122446298599243,0.1400291919708252,0.48768624663352966,0.3133365213871002,0.13876423239707947,Right
0.3944219648838043,0.8443211317062378,9.747348030941794e-07,0.47809213399887085,0.7850315570831299,-0.11302322149276733,0.5278019309043884,0.673735499382019,-0.14873670041561127,0.5838512182235718,0.5708950757980347,-0.158559188246727,0.6337165832519531,0.47104063630104065,-0.16196933388710022,0.45206260681152344,0.5221771001815796,-0.0692707970738411,0.46496784687042236,0.3419109582901001,-0.05624433234333992,0.48566874861717224,0.24246203899383545,-0.049105606973171234,0.49589911103248596,0.16659113764762878,-0.04469358175992966,0.4380457401275635,0.5303220748901367,0.0013693501241505146,0.44740378856658936,0.3524259924888611,0.020532555878162384,0.472625732421875,0.25398725271224976,0.023594273254275322,0.4878026247024536,0.18142417073249817,0.02412227913737297,0.43425697088241577,0.5443482995033264,0.06604059785604477,0.4426693320274353,0.40269041061401367,0.0854499489068985,0.4674234986305237,0.3114054501056671,0.08684892952442169,0.4862719178199768,0.24335390329360962,0.0861569195985794,0.4405295252799988,0.5597801208496094,0.12124339491128922,0.4530367851257324,0.44654467701911926,0.13785821199417114,0.4725024104118347,0.3732761740684509,0.14306794106960297,0.48968231678009033,0.3181381821632385,0.1465907096862793,Right
0.39113086462020874,0.8472429513931274,9.8991324648523e-07,0.47593557834625244,0.7879618406295776,-0.11527816206216812,0.5242525935173035,0.6770786046981812,-0.1530972421169281,0.5801852345466614,0.576313853263855,-0.1651308536529541,0.6312607526779175,0.47629305720329285,-0.17118214070796967,0.45226821303367615,0.5210246443748474,-0.06898640841245651,0.46420377492904663,0.3437678813934326,-0.05797496810555458,0.4846968650817871,0.24364235997200012,-0.053777292370796204,0.4954455494880676,0.16759806871414185,-0.05175734683871269,0.4373442530632019,0.5314560532569885,0.0020917754154652357,0.44524627923965454,0.35693079233169556,0.01910003460943699,0.46906179189682007,0.254533052444458,0.017949923872947693,0.48481693863868713,0.17734092473983765,0.014698663726449013,0.43244698643684387,0.5466198921203613,0.06681393831968307,0.44213730096817017,0.4049571752548218,0.08383692055940628,0.46531540155410767,0.3101988434791565,0.08078426122665405,0.4842565059661865,0.23938137292861938,0.07653825730085373,0.4389857053756714,0.5619906783103943,0.12196512520313263,0.45315244793891907,0.45063841342926025,0.13615627586841583,0.4721178114414215,0.3762650489807129,0.13765814900398254,0.49059760570526123,0.3195318579673767,0.1381126046180725,Right
0.39426088333129883,0.8406486511230469,8.459749665234995e-07,0.4819841682910919,0.7833698987960815,-0.10698005557060242,0.5336465239524841,0.6748546957969666,-0.1400490254163742,0.5892202258110046,0.577358067035675,-0.1487189084291458,0.6358895301818848,0.4786102771759033,-0.15150582790374756,0.4594062566757202,0.524824857711792,-0.06519456207752228,0.46945837140083313,0.3465700149536133,-0.05387158319354057,0.48656564950942993,0.2454671561717987,-0.05090950056910515,0.4948304295539856,0.16545161604881287,-0.05092789977788925,0.4421512484550476,0.5339382290840149,-0.0005020335665903986,0.4473839998245239,0.35595712065696716,0.013173853978514671,0.4717438519001007,0.2521832287311554,0.007257841061800718,0.48650577664375305,0.17342659831047058,-0.00031252243206836283,0.4353453516960144,0.5482171773910522,0.05874692276120186,0.4421226382255554,0.4066994786262512,0.07281965762376785,0.46604883670806885,0.3107134699821472,0.06574179232120514,0.4834444522857666,0.2366575300693512,0.05790098384022713,0.44124332070350647,0.5650057792663574,0.10922719538211823,0.4547187387943268,0.45523902773857117,0.12056581676006317,0.4733352065086365,0.3799622058868408,0.11970119178295135,0.4898560047149658,0.320354700088501,0.1175801232457161,Right
0.3918190598487854,0.8432826995849609,9.715757869344088e-07,0.4763609766960144,0.7871079444885254,-0.113705575466156,0.5277096629142761,0.677175760269165,-0.1506318598985672,0.5843168497085571,0.5778623223304749,-0.16159628331661224,0.6320521831512451,0.4759335517883301,-0.16627754271030426,0.45410072803497314,0.5200580358505249,-0.07232017815113068,0.4655534625053406,0.3398869037628174,-0.06132373958826065,0.4860788583755493,0.24037441611289978,-0.056453343480825424,0.49619242548942566,0.16403260827064514,-0.05359575152397156,0.439261794090271,0.5287694931030273,-0.0018716969061642885,0.448211669921875,0.3504605293273926,0.015087086707353592,0.47381356358528137,0.2505708336830139,0.015252369455993176,0.4883994460105896,0.17617887258529663,0.013654912821948528,0.43413811922073364,0.5424943566322327,0.06287683546543121,0.4420391917228699,0.40026646852493286,0.0805724561214447,0.46762609481811523,0.306698203086853,0.07955310493707657,0.48552221059799194,0.23692139983177185,0.07718595117330551,0.44025546312332153,0.5583916902542114,0.11829624325037003,0.45279544591903687,0.44622600078582764,0.13383984565734863,0.4729077219963074,0.3721134662628174,0.13787588477134705,0.4890657067298889,0.31626230478286743,0.14049963653087616,Right
0.39236587285995483,0.8354877233505249,9.632188948671683e-07,0.47962871193885803,0.7842514514923096,-0.11331455409526825,0.5306156277656555,0.6737237572669983,-0.15043878555297852,0.5851463079452515,0.5735360980033875,-0.16138148307800293,0.6360847353935242,0.47578996419906616,-0.1666049063205719,0.4562355875968933,0.5143632292747498,-0.07285194098949432,0.4670281708240509,0.33984214067459106,-0.060241907835006714,0.4842968285083771,0.23877176642417908,-0.05478503182530403,0.4933905601501465,0.16293126344680786,-0.05252816900610924,0.4390869438648224,0.524467408657074,-0.002159584080800414,0.44413724541664124,0.34822481870651245,0.015083832666277885,0.467065691947937,0.2463919222354889,0.013657462783157825,0.48202648758888245,0.16922318935394287,0.009417583234608173,0.4328249990940094,0.5404419302940369,0.06315548717975616,0.44233226776123047,0.39994150400161743,0.0802520290017128,0.4648062288761139,0.30515116453170776,0.07583218067884445,0.48217010498046875,0.23318487405776978,0.06996632367372513,0.4401412904262543,0.5585448741912842,0.11952351778745651,0.45611974596977234,0.4499921500682831,0.13373889029026031,0.47438716888427734,0.3756049871444702,0.13446441292762756,0.4918527901172638,0.3172675669193268,0.13371717929840088,Right
0.3850221633911133,0.8311824798583984,1.0059754913527286e-06,0.4730697572231293,0.7787529230117798,-0.11391453444957733,0.52663254737854,0.6688583493232727,-0.15054279565811157,0.5844286680221558,0.5676839351654053,-0.16153408586978912,0.63668292760849,0.46871086955070496,-0.16713404655456543,0.45616114139556885,0.5091309547424316,-0.06530555337667465,0.46829235553741455,0.33587920665740967,-0.04984207823872566,0.48438897728919983,0.23520630598068237,-0.04230435565114021,0.49288803339004517,0.160619854927063,-0.03849183768033981,0.4380645155906677,0.5194355845451355,0.0062217689119279385,0.44550979137420654,0.3416796028614044,0.028046509250998497,0.46748995780944824,0.2392430305480957,0.029009219259023666,0.4820365309715271,0.16157177090644836,0.026486920192837715,0.429912269115448,0.5362964868545532,0.07172466814517975,0.4414121210575104,0.39679256081581116,0.09238356351852417,0.46149176359176636,0.30278968811035156,0.08907417953014374,0.47699660062789917,0.2312750518321991,0.08379681408405304,0.43414536118507385,0.5552264451980591,0.12799116969108582,0.4494282603263855,0.44780850410461426,0.1437114030122757,0.46510839462280273,0.3738263249397278,0.14494630694389343,0.48129791021347046,0.3156183660030365,0.1449076533317566,Right
0.39003825187683105,0.8337998390197754,9.576084494256065e-07,0.47240039706230164,0.7792128920555115,-0.1111861988902092,0.5228419303894043,0.6699584722518921,-0.14608608186244965,0.5800617933273315,0.5701717138290405,-0.15584203600883484,0.6314464807510376,0.4698474705219269,-0.1596909463405609,0.44957637786865234,0.5096759796142578,-0.06507185846567154,0.4606141746044159,0.33589208126068115,-0.051363084465265274,0.4790545701980591,0.23605391383171082,-0.045146748423576355,0.488439679145813,0.16071206331253052,-0.04174915328621864,0.43457353115081787,0.5183404088020325,0.004585794638842344,0.4391648769378662,0.34509605169296265,0.024676989763975143,0.46144717931747437,0.2443823218345642,0.025981798768043518,0.4755730628967285,0.16973990201950073,0.02470032125711441,0.42964738607406616,0.5324915051460266,0.06847435981035233,0.4371126890182495,0.3946489691734314,0.08804669976234436,0.4597283601760864,0.30237507820129395,0.08839830011129379,0.47722986340522766,0.23298636078834534,0.08674311637878418,0.4367123544216156,0.5489153265953064,0.12303990870714188,0.4496128559112549,0.4389323592185974,0.13871172070503235,0.4685088098049164,0.3658286929130554,0.143243670463562,0.4850105047225952,0.30936199426651,0.14656215906143188,Right
0.5969042778015137,0.8222454190254211,1.3240700980077236e-07,0.5001209378242493,0.775581955909729,-0.02039276622235775,0.44429850578308105,0.6934363842010498,-0.03248352184891701,0.4072303771972656,0.6040343642234802,-0.04217780753970146,0.37436288595199585,0.5433830618858337,-0.05248088762164116,0.5218249559402466,0.5628570318222046,-0.018435850739479065,0.49605488777160645,0.44656795263290405,-0.027965612709522247,0.47943395376205444,0.38079798221588135,-0.038189347833395004,0.4684099555015564,0.32986998558044434,-0.046202585101127625,0.5739538669586182,0.5503219962120056,-0.015486645512282848,0.5628520846366882,0.4223305583000183,-0.02228930965065956,0.5573935508728027,0.3461787700653076,-0.03221487998962402,0.558005690574646,0.29210883378982544,-0.04139931499958038,0.618981659412384,0.5664209723472595,-0.014663105830550194,0.6285393238067627,0.4489617347717285,-0.023398831486701965,0.635887622833252,0.3748852014541626,-0.03861299529671669,0.642238974571228,0.3181633949279785,-0.0503513477742672,0.6586364507675171,0.6004193425178528,-0.014790410175919533,0.6845126748085022,0.5152072310447693,-0.021222790703177452,0.696824312210083,0.46191877126693726,-0.02827015146613121,0.7056576013565063,0.41690346598625183,-0.03400801494717598,Wrong
0.5848882794380188,0.8056203126907349,1.528473205780756e-07,0.4892130196094513,0.757701575756073,-0.02122768573462963,0.43323472142219543,0.6746132969856262,-0.03443050757050514,0.39482468366622925,0.5859621167182922,-0.04500923305749893,0.3608223795890808,0.5269986987113953,-0.05628237500786781,0.5103330016136169,0.543908953666687,-0.02088613621890545,0.4833641052246094,0.4281642735004425,-0.030349353328347206,0.4665386974811554,0.36301708221435547,-0.040594831109046936,0.45598477125167847,0.3121677041053772,-0.04867696017026901,0.5628677606582642,0.5313507318496704,-0.017225220799446106,0.5518227815628052,0.40439313650131226,-0.023397007957100868,0.546596109867096,0.3281082510948181,-0.0326434001326561,0.5472023487091064,0.2740420699119568,-0.04165567085146904,0.6080995798110962,0.5476662516593933,-0.015495112165808678,0.6176766753196716,0.4308788478374481,-0.023047346621751785,0.6254816055297852,0.3561665415763855,-0.03765862062573433,0.6319571137428284,0.2990431487560272,-0.04936273768544197,0.647163450717926,0.5821279287338257,-0.014824907295405865,0.6736777424812317,0.49560096859931946,-0.020283682271838188,0.6863309741020203,0.44254255294799805,-0.026593025773763657,0.6952824592590332,0.39840975403785706,-0.032037656754255295,Wrong
0.5848882794380188,0.8056203126907349,1.528473205780756e-07,0.4892130196094513,0.757701575756073,-0.02122768573462963,0.43323472142219543,0.6746132969856262,-0.03443050757050514,0.39482468366622925,0.5859621167182922,-0.04500923305749893,0.3608223795890808,0.5269986987113953,-0.05628237500786781,0.5103330016136169,0.543908953666687,-0.02088613621890545,0.4833641052246094,0.4281642735004425,-0.030349353328347206,0.4665386974811554,0.36301708221435547,-0.040594831109046936,0.45598477125167847,0.3121677041053772,-0.04867696017026901,0.5628677606582642,0.5313507318496704,-0.017225220799446106,0.5518227815628052,0.40439313650131226,-0.023397007957100868,0.546596109867096,0.3281082510948181,-0.0326434001326561,0.5472023487091064,0.2740420699119568,-0.04165567085146904,0.6080995798110962,0.5476662516593933,-0.015495112165808678,0.6176766753196716,0.4308788478374481,-0.023047346621751785,0.6254816055297852,0.3561665415763855,-0.03765862062573433,0.6319571137428284,0.2990431487560272,-0.04936273768544197,0.647163450717926,0.5821279287338257,-0.014824907295405865,0.6736777424812317,0.49560096859931946,-0.020283682271838188,0.6863309741020203,0.44254255294799805,-0.026593025773763657,0.6952824592590332,0.39840975403785706,-0.032037656754255295,Wrong
0.5869780778884888,0.8061202168464661,1.596644523260693e-07,0.48985880613327026,0.7603482604026794,-0.019582616165280342,0.43394359946250916,0.6782357692718506,-0.03169606626033783,0.3966315984725952,0.5879101157188416,-0.04102429002523422,0.36302995681762695,0.5284568071365356,-0.051085397601127625,0.5114141702651978,0.544291615486145,-0.019979707896709442,0.4841124415397644,0.42741310596466064,-0.026931067928671837,0.46702146530151367,0.36158719658851624,-0.03484010323882103,0.4569661617279053,0.31035473942756653,-0.0414939820766449,0.5649646520614624,0.5315099954605103,-0.015618093311786652,0.5539265871047974,0.40255388617515564,-0.020485488697886467,0.5488965511322021,0.3259953260421753,-0.02819022163748741,0.5503221750259399,0.27155956625938416,-0.035945918411016464,0.6103578805923462,0.5479453802108765,-0.012646133080124855,0.620482861995697,0.4308469593524933,-0.01883479207754135,0.6282449960708618,0.35540568828582764,-0.032057024538517,0.6351189017295837,0.29787927865982056,-0.042668767273426056,0.6495292782783508,0.5833210945129395,-0.01043133158236742,0.6754908561706543,0.494628369808197,-0.014113277196884155,0.6884291768074036,0.4411802589893341,-0.019002199172973633,0.6978029012680054,0.3966448903083801,-0.02345053292810917,Wrong
0.5913454294204712,0.8103957176208496,1.4893898026002717e-07,0.494176983833313,0.765042781829834,-0.021439122036099434,0.43753182888031006,0.6825626492500305,-0.034865207970142365,0.39947521686553955,0.5920084118843079,-0.045370303094387054,0.3659028112888336,0.5320261120796204,-0.05655452981591225,0.515874981880188,0.5483173131942749,-0.02304515801370144,0.4884016811847687,0.4310363233089447,-0.03196188434958458,0.47120794653892517,0.3645392060279846,-0.04115358740091324,0.46116092801094055,0.31319671869277954,-0.04855148494243622,0.5689557194709778,0.5352703332901001,-0.018598170951008797,0.5571497082710266,0.4056340754032135,-0.02479683794081211,0.5516658425331116,0.3286925256252289,-0.03298400342464447,0.552796483039856,0.27479034662246704,-0.041115652769804,0.6143658757209778,0.5511958003044128,-0.015803897753357887,0.6241258382797241,0.43312883377075195,-0.023008547723293304,0.6315020322799683,0.3572879433631897,-0.036477334797382355,0.6379368901252747,0.3000746965408325,-0.047328609973192215,0.6534725427627563,0.5859485268592834,-0.014005898497998714,0.6793875098228455,0.4978896379470825,-0.018692411482334137,0.6919111013412476,0.44400665163993835,-0.024143075570464134,0.7007585167884827,0.39939579367637634,-0.028998276218771935,Wrong
0.593442440032959,0.8152825236320496,1.516202132734179e-07,0.49659422039985657,0.7687243819236755,-0.021204032003879547,0.44023367762565613,0.6867777705192566,-0.03409471735358238,0.40188103914260864,0.5955711603164673,-0.0444064699113369,0.3682366907596588,0.5345878005027771,-0.05548981949687004,0.5175788998603821,0.5524289608001709,-0.018447788432240486,0.4913932681083679,0.4369558095932007,-0.026454685255885124,0.4744558334350586,0.37067508697509766,-0.036011770367622375,0.46423137187957764,0.3191056251525879,-0.04382804036140442,0.5707585215568542,0.5385997295379639,-0.014046006835997105,0.5597705841064453,0.4112674593925476,-0.018726300448179245,0.5545986890792847,0.3349505662918091,-0.027025256305933,0.5557648539543152,0.281168669462204,-0.03548671677708626,0.6162761449813843,0.5543568730354309,-0.011618046090006828,0.6264162659645081,0.4376395046710968,-0.017411699518561363,0.6342543959617615,0.3626876175403595,-0.030462510883808136,0.6410720348358154,0.30531811714172363,-0.04128783196210861,0.655453085899353,0.5892732739448547,-0.010365479625761509,0.6814563870429993,0.501868724822998,-0.01403538417071104,0.6940614581108093,0.4482497274875641,-0.019027961418032646,0.7031462788581848,0.4033605754375458,-0.023715229704976082,Wrong
0.6557723879814148,0.8306959867477417,-7.763857752252079e-07,0.5527715682983398,0.7643557190895081,-0.014599000103771687,0.49761587381362915,0.6652888059616089,-0.02220703288912773,0.49088674783706665,0.5497854351997375,-0.027575256302952766,0.5128471851348877,0.4770757257938385,-0.028835663571953773,0.5711847543716431,0.5675802230834961,-0.006146554369479418,0.5410619378089905,0.5074340105056763,-0.00015808585158083588,0.530657172203064,0.5589442849159241,0.0053980788215994835,0.5364987850189209,0.6106181740760803,0.007237231358885765,0.6290733814239502,0.5613046884536743,-0.0009822589345276356,0.5889055132865906,0.5041200518608093,0.006801963318139315,0.5743544101715088,0.5475107431411743,0.008426647633314133,0.5848892331123352,0.5927790999412537,0.00498025119304657,0.6757064461708069,0.5748470425605774,0.004573386628180742,0.6384990215301514,0.5062810182571411,0.008589903824031353,0.6219627857208252,0.5442622900009155,0.013621427118778229,0.6271303296089172,0.5896334648132324,0.013117729686200619,0.7162576913833618,0.5996179580688477,0.009164577350020409,0.6840575933456421,0.5352602005004883,0.012825255282223225,0.6664275527000427,0.5629823803901672,0.021129406988620758,0.6684956550598145,0.6032156944274902,0.026363583281636238,Wrong
0.6478560566902161,0.7993568181991577,-7.430766686411516e-07,0.5458008050918579,0.7364398241043091,-0.015213466249406338,0.4908035397529602,0.6379245519638062,-0.022046566009521484,0.4828258156776428,0.5240649580955505,-0.026866396889090538,0.5017291307449341,0.4497818946838379,-0.027199888601899147,0.5674770474433899,0.5476611852645874,1.7122545614256524e-05,0.5378719568252563,0.47924742102622986,0.004221506882458925,0.5255814790725708,0.5300267934799194,0.008029512129724026,0.5319258570671082,0.581337571144104,0.009417502209544182,0.6245338320732117,0.5426729917526245,0.005813174415379763,0.5864948034286499,0.4793269634246826,0.010945173911750317,0.5701858401298523,0.5224710702896118,0.011367587372660637,0.5809748768806458,0.5672112703323364,0.00842027086764574,0.670991837978363,0.5551409125328064,0.01114497147500515,0.636682391166687,0.48339489102363586,0.012641326524317265,0.6192883253097534,0.5209150910377502,0.017886750400066376,0.6255531311035156,0.5653085708618164,0.018810736015439034,0.7120234966278076,0.5784276127815247,0.015485996380448341,0.6835405230522156,0.514228105545044,0.01737031899392605,0.6652795076370239,0.5438366532325745,0.025468425825238228,0.6686722040176392,0.5847834348678589,0.03135606274008751,Wrong
0.6513108015060425,0.8026535511016846,-7.489090876333648e-07,0.550825297832489,0.7398045063018799,-0.013725277036428452,0.4944169521331787,0.6384116411209106,-0.02024303376674652,0.48557794094085693,0.5226839184761047,-0.024763405323028564,0.5075370073318481,0.4517965614795685,-0.024926096200942993,0.5673165321350098,0.5416170954704285,-0.0005459532258100808,0.5414365530014038,0.4797568619251251,0.0059012146666646,0.5312530994415283,0.5292357802391052,0.011489211581647396,0.5371098518371582,0.5791703462600708,0.013460497371852398,0.6243235468864441,0.5378013849258423,0.004588548094034195,0.5902574062347412,0.4803321957588196,0.012570008635520935,0.5760594606399536,0.5219276547431946,0.014337336644530296,0.5865702629089355,0.5659316778182983,0.011520068161189556,0.6724515557289124,0.5528272390365601,0.009689087979495525,0.6409987211227417,0.48506098985671997,0.013193798251450062,0.6257336735725403,0.521907389163971,0.018387453630566597,0.6313459873199463,0.566416323184967,0.01855306141078472,0.716195285320282,0.579577624797821,0.013966474682092667,0.6890895962715149,0.5155381560325623,0.016878733411431313,0.672175943851471,0.5453242659568787,0.025326237082481384,0.6749816536903381,0.5870274901390076,0.0311532411724329,Wrong
0.6591276526451111,0.8204128742218018,-5.479974447553104e-07,0.555853545665741,0.7686474919319153,-0.014706664718687534,0.48484838008880615,0.6910672187805176,-0.03315054625272751,0.4279261529445648,0.6135778427124023,-0.052005067467689514,0.3785739541053772,0.57062828540802,-0.06958571821451187,0.5657796859741211,0.5691311955451965,-0.020613979548215866,0.5463342070579529,0.48939281702041626,-0.027921680361032486,0.5463548302650452,0.5377541184425354,-0.033899158239364624,0.5537134408950806,0.5909615159034729,-0.03787226602435112,0.6243317723274231,0.5572035908699036,-0.018906772136688232,0.6010278463363647,0.49301302433013916,-0.01566675305366516,0.5943189263343811,0.5357393026351929,-0.016205480322241783,0.6034696698188782,0.5817708373069763,-0.02172704227268696,0.6740292906761169,0.5688579678535461,-0.016994183883070946,0.6526785492897034,0.5026037096977234,-0.01007383968681097,0.6450479626655579,0.5408545732498169,-0.004032180178910494,0.6488097310066223,0.5870473980903625,-0.006175513379275799,0.7175607085227966,0.5914631485939026,-0.016895221546292305,0.6991888880729675,0.5362920165061951,-0.010396874509751797,0.6882656812667847,0.5702285170555115,-0.0003146218659821898,0.6894147992134094,0.6122375130653381,0.004977458156645298,Wrong
0.6508341431617737,0.8017885684967041,-3.0693965413775004e-07,0.5583741068840027,0.7422373294830322,-0.019183550029993057,0.49044540524482727,0.6486090421676636,-0.03783915936946869,0.43307048082351685,0.5663882493972778,-0.05455799400806427,0.38308924436569214,0.5207378268241882,-0.07204746454954147,0.5705406665802002,0.5358664393424988,-0.03547138720750809,0.5579897165298462,0.41066327691078186,-0.042591873556375504,0.5506964325904846,0.3446747660636902,-0.045193832367658615,0.5493625998497009,0.29260218143463135,-0.04891365393996239,0.6298988461494446,0.5268213748931885,-0.028980324044823647,0.6131580471992493,0.4328969419002533,-0.030844340100884438,0.596325695514679,0.47003811597824097,-0.02262086607515812,0.5950945615768433,0.5195266008377075,-0.01812084950506687,0.6799860596656799,0.5457842946052551,-0.021804019808769226,0.6630034446716309,0.46532946825027466,-0.01934690773487091,0.6469980478286743,0.5015597343444824,-0.007062344346195459,0.6446102261543274,0.5461515784263611,-0.0016529540298506618,0.7234679460525513,0.5741361379623413,-0.01616518571972847,0.7117931246757507,0.5070023536682129,-0.009875508956611156,0.6932248473167419,0.5346327424049377,0.0027627856470644474,0.6872384548187256,0.5734158754348755,0.010777149349451065,Wrong
0.6457637548446655,0.8008031249046326,-3.56324818540088e-07,0.5521171689033508,0.7393289804458618,-0.015109495259821415,0.48220932483673096,0.6464298963546753,-0.03212999179959297,0.4246152639389038,0.5658978819847107,-0.04859614372253418,0.3739373981952667,0.5227471590042114,-0.0658695325255394,0.5630367994308472,0.537832498550415,-0.03079649619758129,0.5494714379310608,0.41233330965042114,-0.03873996064066887,0.5418388843536377,0.34636390209198,-0.041969358921051025,0.540420413017273,0.2950282096862793,-0.046195898205041885,0.6224614977836609,0.5300405621528625,-0.028315527364611626,0.606626033782959,0.43271899223327637,-0.033051665872335434,0.5879096388816833,0.4686264097690582,-0.02706611528992653,0.5866357088088989,0.5184379816055298,-0.023859934881329536,0.6731839179992676,0.5487480759620667,-0.025065312162041664,0.6563110947608948,0.4656553566455841,-0.024199478328227997,0.6393290758132935,0.49934953451156616,-0.012582466006278992,0.6372568011283875,0.543851375579834,-0.007539832964539528,0.7165645360946655,0.5771918296813965,-0.023236537352204323,0.7094199657440186,0.5051029324531555,-0.016891920939087868,0.6901034116744995,0.5291995406150818,-0.003459054743871093,0.6825910806655884,0.5685024857521057,0.004814428277313709,Wrong
0.6227458715438843,0.7975412011146545,-2.795129887545045e-07,0.5317268967628479,0.7382746338844299,-0.014717428013682365,0.4623331129550934,0.6510997414588928,-0.03262506425380707,0.4022248387336731,0.5764886140823364,-0.05011497437953949,0.35019364953041077,0.5379669070243835,-0.06878238916397095,0.5414234399795532,0.5368354320526123,-0.032395318150520325,0.5261755585670471,0.41224610805511475,-0.042272474616765976,0.5179165601730347,0.34218013286590576,-0.0468638576567173,0.5162642002105713,0.2885568141937256,-0.05146172270178795,0.6010578274726868,0.5289634466171265,-0.029565105214715004,0.5876620411872864,0.42991843819618225,-0.035982098430395126,0.5732761025428772,0.4683583378791809,-0.03027924709022045,0.5734999179840088,0.5201889276504517,-0.025938650593161583,0.6520442962646484,0.5486968755722046,-0.025899330154061317,0.639337956905365,0.4606367349624634,-0.026956189423799515,0.6244696974754333,0.49614107608795166,-0.016669239848852158,0.622612714767456,0.5417398810386658,-0.011422389186918736,0.6960145831108093,0.5788707137107849,-0.023360999301075935,0.6873529553413391,0.510179340839386,-0.01927562616765499,0.6700877547264099,0.535193920135498,-0.007938706316053867,0.6648688316345215,0.5737834572792053,-0.0002913131902460009,Wrong
0.6111457347869873,0.7879019975662231,2.857703975678305e-07,0.5116593241691589,0.7371470332145691,-0.03355387970805168,0.45100194215774536,0.6423383951187134,-0.05256364122033119,0.40011003613471985,0.5602202415466309,-0.06496237218379974,0.3521111011505127,0.5133274793624878,-0.07565028965473175,0.5452536344528198,0.5171234607696533,-0.03983676806092262,0.5128994584083557,0.3796984553337097,-0.04662790149450302,0.5000897645950317,0.3024849593639374,-0.05112142488360405,0.494549423456192,0.2450522780418396,-0.05328592658042908,0.6060271263122559,0.515453577041626,-0.02178254909813404,0.6057987213134766,0.38991600275039673,-0.01789284124970436,0.5970247983932495,0.3307579457759857,-0.012376764789223671,0.5899850726127625,0.2977285385131836,-0.008403472602367401,0.6522748470306396,0.540557861328125,-0.004604649730026722,0.6453758478164673,0.4482751190662384,0.0006273383041843772,0.62136310338974,0.45582130551338196,0.004944650921970606,0.6053079962730408,0.4799855053424835,0.009330338798463345,0.6860668063163757,0.5736657977104187,0.01008419319987297,0.668012261390686,0.5147538185119629,0.015493000857532024,0.6461530923843384,0.524317741394043,0.02339603193104267,0.6368496417999268,0.551068127155304,0.03163112327456474,Wrong
0.6125021576881409,0.7875512838363647,3.510806720896653e-07,0.5149367451667786,0.7357220649719238,-0.03015398234128952,0.45398008823394775,0.6447292566299438,-0.05026533454656601,0.40238356590270996,0.5647621154785156,-0.06549152731895447,0.35414618253707886,0.5182355642318726,-0.07956027239561081,0.5451152920722961,0.5195866823196411,-0.04417610168457031,0.5127596259117126,0.3840031027793884,-0.057206641882658005,0.4993521273136139,0.3095960021018982,-0.0650305300951004,0.49337446689605713,0.2527860999107361,-0.06846977025270462,0.6050134897232056,0.5153909921646118,-0.030592218041419983,0.6029224991798401,0.3750499486923218,-0.03371749073266983,0.6026614308357239,0.2963477075099945,-0.03372180834412575,0.6073625087738037,0.24488887190818787,-0.03367108106613159,0.6523467898368835,0.5414864420890808,-0.01694764941930771,0.6402463316917419,0.45309072732925415,-0.01794309914112091,0.6188631057739258,0.4830697476863861,-0.01478913426399231,0.6084368824958801,0.5242888927459717,-0.009723909199237823,0.6879020929336548,0.5763448476791382,-0.005452001467347145,0.6668730974197388,0.5212011933326721,-0.004276782739907503,0.6450387835502625,0.5454598665237427,0.004021137952804565,0.6386436820030212,0.5813292264938354,0.013577930629253387,Wrong
0.5957803726196289,0.7858505249023438,3.406091195756744e-07,0.4976933002471924,0.7372084856033325,-0.02939078025519848,0.4365270733833313,0.6503853797912598,-0.04791818931698799,0.38619303703308105,0.5678787231445312,-0.06206069886684418,0.33865469694137573,0.5206453800201416,-0.07474324852228165,0.522736132144928,0.5260465145111084,-0.03619024157524109,0.49403634667396545,0.3999064266681671,-0.046497683972120285,0.4803132116794586,0.32946550846099854,-0.05351722612977028,0.4753034710884094,0.273806095123291,-0.05772455781698227,0.5789545178413391,0.518387496471405,-0.023412346839904785,0.5680866837501526,0.38888153433799744,-0.02818608097732067,0.5630130171775818,0.31025928258895874,-0.031566113233566284,0.5675895810127258,0.2552334666252136,-0.034792348742485046,0.6260626912117004,0.5416895151138306,-0.010833620093762875,0.6197530627250671,0.45905184745788574,-0.015426105819642544,0.5994252562522888,0.48814141750335693,-0.015458487905561924,0.5892568230628967,0.528892457485199,-0.012620173394680023,0.6653732657432556,0.5744227170944214,-0.0003021826851181686,0.6487594842910767,0.5281774997711182,-0.0027678816113620996,0.6300444602966309,0.5517624020576477,0.0014721895568072796,0.6262567639350891,0.5852347612380981,0.007812696509063244,Wrong
0.5792229771614075,0.812822699546814,-4.2605617522895045e-07,0.4851648211479187,0.7502774000167847,-0.024936765432357788,0.4216150939464569,0.6448949575424194,-0.04653378576040268,0.3750787675380707,0.5413944721221924,-0.06200383976101875,0.33108341693878174,0.47796010971069336,-0.0771532878279686,0.5002284646034241,0.5531114935874939,-0.06353095173835754,0.4799155592918396,0.38860374689102173,-0.08027036488056183,0.4708232283592224,0.30389365553855896,-0.08362960815429688,0.4667012691497803,0.23763620853424072,-0.0853424146771431,0.5606433749198914,0.544264018535614,-0.0507333017885685,0.5305257439613342,0.42242905497550964,-0.05886918306350708,0.5117167234420776,0.4622724652290344,-0.04380516707897186,0.5096662044525146,0.5134991407394409,-0.03315046802163124,0.60869300365448,0.5606176853179932,-0.03662759065628052,0.5779728293418884,0.45822376012802124,-0.04229506850242615,0.5610336661338806,0.498982310295105,-0.0263659730553627,0.5596371293067932,0.5446957349777222,-0.01610310934484005,0.6479305028915405,0.5828680992126465,-0.02324824221432209,0.6232051253318787,0.5022044777870178,-0.021783404052257538,0.6028821468353271,0.5324980020523071,-0.007931549102067947,0.5979611277580261,0.5728588104248047,0.0019303574226796627,Wrong
0.5751274228096008,0.8061736822128296,-3.746671097815124e-07,0.4812362492084503,0.7448616027832031,-0.023630699142813683,0.4170493483543396,0.6425250172615051,-0.044699542224407196,0.3680015206336975,0.5414631962776184,-0.060711100697517395,0.32407304644584656,0.4778652489185333,-0.07655665278434753,0.49446460604667664,0.5442639589309692,-0.05720259249210358,0.4761835038661957,0.38908421993255615,-0.07256222516298294,0.46785661578178406,0.30396026372909546,-0.0772358626127243,0.46337246894836426,0.23763975501060486,-0.08057501167058945,0.5537145137786865,0.5366904139518738,-0.046072736382484436,0.5258145928382874,0.436238169670105,-0.05240048095583916,0.5088513493537903,0.47682860493659973,-0.0400410071015358,0.5083556175231934,0.5246442556381226,-0.03294900804758072,0.6017423868179321,0.554341197013855,-0.03386252745985985,0.575129508972168,0.4675731658935547,-0.03964916989207268,0.5603629946708679,0.505689263343811,-0.026275478303432465,0.5592585206031799,0.5498281121253967,-0.018835699185729027,0.6430342793464661,0.5772905945777893,-0.022233804687857628,0.6221343874931335,0.5043936967849731,-0.02107136882841587,0.6036714911460876,0.5356740355491638,-0.007607705891132355,0.5989780426025391,0.5771506428718567,0.0014432544121518731,Wrong
0.5765376091003418,0.7935541868209839,-3.7536639752033807e-07,0.4824730157852173,0.7381852865219116,-0.018494676798582077,0.41643911600112915,0.6349217891693115,-0.03521500155329704,0.36896657943725586,0.5346062779426575,-0.04913201928138733,0.32459473609924316,0.47442784905433655,-0.06286098808050156,0.49348270893096924,0.523723840713501,-0.038310397416353226,0.48066723346710205,0.3767251670360565,-0.04815363138914108,0.4737178087234497,0.29729074239730835,-0.05055907368659973,0.47084423899650574,0.23642565310001373,-0.053057629615068436,0.5508772134780884,0.5159468054771423,-0.030357003211975098,0.5292476415634155,0.44139721989631653,-0.032474618405103683,0.5139727592468262,0.4839023947715759,-0.021426135674118996,0.5145931839942932,0.5287144184112549,-0.01589556410908699,0.599928081035614,0.5368513464927673,-0.02204453945159912,0.5757543444633484,0.4734041094779968,-0.024221111088991165,0.5624361634254456,0.5130565762519836,-0.012719211168587208,0.5627731680870056,0.5551884770393372,-0.007518376689404249,0.6443588733673096,0.5641671419143677,-0.01432278472930193,0.6241634488105774,0.510998547077179,-0.009383190423250198,0.6079921722412109,0.5441993474960327,0.0036129446234554052,0.6053414344787598,0.5836259126663208,0.01183571107685566,Wrong
0.5773131847381592,0.7861787676811218,-3.7609245850944717e-07,0.48076629638671875,0.7383968830108643,-0.014762699604034424,0.4148922860622406,0.6415208578109741,-0.027299584820866585,0.3685038685798645,0.5488404631614685,-0.03851209580898285,0.3280833065509796,0.49586164951324463,-0.04998914897441864,0.49536579847335815,0.5169507265090942,-0.02422185242176056,0.48492369055747986,0.39511430263519287,-0.0261278934776783,0.479794979095459,0.3264119625091553,-0.02695360966026783,0.4785350561141968,0.274977445602417,-0.02981889806687832,0.5528777241706848,0.5064145922660828,-0.01873077265918255,0.526698112487793,0.48883259296417236,-0.016148563474416733,0.5164214968681335,0.5326147675514221,-0.010538086295127869,0.5221795439720154,0.569944441318512,-0.010037588886916637,0.6004147529602051,0.5316030383110046,-0.012490971013903618,0.571213960647583,0.5204936265945435,-0.012245259247720242,0.5613920092582703,0.5588574409484863,-0.006321384571492672,0.5659865736961365,0.5946640372276306,-0.005232783500105143,0.6428828835487366,0.5637948513031006,-0.006950722075998783,0.6204043626785278,0.5447664856910706,-0.001698642736300826,0.6071459054946899,0.5778154730796814,0.00840531662106514,0.6074173450469971,0.6131707429885864,0.015144150704145432,Wrong
0.5690861344337463,0.792370617389679,2.70275194225178e-07,0.46671462059020996,0.750935435295105,-0.03679245337843895,0.40491974353790283,0.6714614033699036,-0.06237087398767471,0.34830886125564575,0.5900447964668274,-0.07937503606081009,0.30148792266845703,0.5368537306785583,-0.09636414051055908,0.49000734090805054,0.5467957258224487,-0.06504886597394943,0.4562351405620575,0.4105861186981201,-0.0828973576426506,0.43831735849380493,0.33251434564590454,-0.09326936304569244,0.431535929441452,0.27234145998954773,-0.0994134396314621,0.54802405834198,0.5364602208137512,-0.04756031185388565,0.5175418257713318,0.3941669464111328,-0.05755602568387985,0.5033764839172363,0.3168395161628723,-0.05981108918786049,0.49814456701278687,0.26194584369659424,-0.06148964911699295,0.5954070687294006,0.5517197251319885,-0.029194414615631104,0.5759305953979492,0.4370044767856598,-0.03363846614956856,0.562432587146759,0.37666675448417664,-0.036580588668584824,0.5537029504776001,0.34179604053497314,-0.03950868174433708,0.6326959133148193,0.5784047245979309,-0.01289785373955965,0.6006751656532288,0.5226794481277466,-0.0166571494191885,0.5841624140739441,0.5208839178085327,-0.013541718944907188,0.5811774134635925,0.5350485444068909,-0.009175830520689487,Wrong
0.49385106563568115,0.7990179061889648,-2.6752320536616025e-07,0.39437952637672424,0.7653988599777222,-0.01208015251904726,0.33317768573760986,0.6779990792274475,-0.020330246537923813,0.28887641429901123,0.5901461839675903,-0.02586117386817932,0.2486945241689682,0.5382822751998901,-0.03210393339395523,0.40397563576698303,0.55550616979599,-0.010009711608290672,0.3954269587993622,0.4425305724143982,0.00023974498617462814,0.39366886019706726,0.38285166025161743,0.005246344953775406,0.39570939540863037,0.3368961811065674,0.005032663699239492,0.4640313982963562,0.5425825715065002,0.000600069179199636,0.4512685239315033,0.5133156776428223,0.017522724345326424,0.44235822558403015,0.5523542761802673,0.027338527143001556,0.44298046827316284,0.5908876061439514,0.029691342264413834,0.5125030875205994,0.5590072274208069,0.012285498902201653,0.4964858293533325,0.5175485014915466,0.024653775617480278,0.48791423439979553,0.5392225384712219,0.02802393212914467,0.4855262041091919,0.5671607255935669,0.02453145943582058,0.5540206432342529,0.580024778842926,0.02390449494123459,0.5285467505455017,0.5649828314781189,0.03069501928985119,0.5184153318405151,0.5973426699638367,0.03562847897410393,0.517195463180542,0.6319953203201294,0.037872835993766785,Wrong
0.5321030020713806,0.8110256195068359,-2.3933770876283234e-07,0.42656657099723816,0.7813670635223389,-0.012710797600448132,0.36231303215026855,0.694926381111145,-0.02166714332997799,0.31280726194381714,0.6112451553344727,-0.028728051111102104,0.2695122957229614,0.5614278316497803,-0.03677849844098091,0.4369295537471771,0.5622375011444092,-0.004588481038808823,0.42326807975769043,0.4547344148159027,-0.0002484370197635144,0.4221268892288208,0.39259016513824463,-0.0011439783265814185,0.42438435554504395,0.34530341625213623,-0.004814302083104849,0.4989362061023712,0.543638288974762,0.0034767561592161655,0.48759928345680237,0.5133992433547974,0.016001611948013306,0.48055410385131836,0.5413541793823242,0.025364331901073456,0.485005646944046,0.5759568810462952,0.029973847791552544,0.5482979416847229,0.5597452521324158,0.010133146308362484,0.5400416851043701,0.4914754331111908,0.014090534299612045,0.5331593155860901,0.4568769335746765,0.009529346600174904,0.5352834463119507,0.4364551603794098,0.0017788064433261752,0.5902174115180969,0.586404025554657,0.01739858277142048,0.563537061214447,0.5723109841346741,0.019108299165964127,0.5548211932182312,0.5956752896308899,0.022312462329864502,0.5579348802566528,0.6240999102592468,0.022938283160328865,Wrong
0.5399284958839417,0.8092666864395142,-2.0291571445341106e-07,0.4366796016693115,0.7789430618286133,-0.010074134916067123,0.370535671710968,0.697313666343689,-0.019126316532492638,0.3196205496788025,0.6121045351028442,-0.026127498596906662,0.2763161063194275,0.5617450475692749,-0.03421483933925629,0.44573312997817993,0.5699191689491272,-0.011221847496926785,0.43325966596603394,0.45575183629989624,-0.0027269914280623198,0.4292432963848114,0.3934851586818695,0.001019247341901064,0.43010666966438293,0.34784626960754395,0.0004669229674618691,0.5063214898109436,0.5527827739715576,-0.0007723337039351463,0.4999142587184906,0.5120472311973572,0.019712824374437332,0.4943556487560272,0.538426399230957,0.03183918818831444,0.4967065155506134,0.5684650540351868,0.03473380208015442,0.555098295211792,0.5667219161987305,0.010575861670076847,0.5427256226539612,0.5136853456497192,0.026620952412486076,0.5334567427635193,0.5195947885513306,0.029895111918449402,0.5292433500289917,0.5354279279708862,0.024850554764270782,0.5961058139801025,0.5872290134429932,0.02197316288948059,0.5706363916397095,0.5718829035758972,0.03147285059094429,0.5612244009971619,0.6008280515670776,0.036389634013175964,0.5585981011390686,0.633955180644989,0.03767255321145058,Wrong
0.5447484850883484,0.8044919967651367,-2.2458942794401082e-07,0.44163793325424194,0.7744046449661255,-0.010543211363255978,0.3770025968551636,0.6946160793304443,-0.02185862325131893,0.32441484928131104,0.6104373931884766,-0.03161498159170151,0.28014689683914185,0.5600962042808533,-0.042633943259716034,0.44805699586868286,0.5702052116394043,-0.014157881028950214,0.43649783730506897,0.4560779929161072,-0.011709928512573242,0.4344862997531891,0.39139628410339355,-0.012068399228155613,0.43699735403060913,0.3433312773704529,-0.01497283112257719,0.508804202079773,0.5504727959632874,-0.005904215853661299,0.49994730949401855,0.5135165452957153,0.008213425055146217,0.49393710494041443,0.5437772870063782,0.0195540189743042,0.49662426114082336,0.5789615511894226,0.02378668263554573,0.5589174032211304,0.5638057589530945,0.002486533485352993,0.5475433468818665,0.500762939453125,0.013595843687653542,0.5408808588981628,0.48984628915786743,0.01665058173239231,0.5400687456130981,0.4907916486263275,0.012087125331163406,0.6021552681922913,0.585870623588562,0.010985868982970715,0.5763021111488342,0.5679730176925659,0.018239889293909073,0.5686241388320923,0.5933151841163635,0.024481074884533882,0.569297194480896,0.6238303184509277,0.026770031079649925,Wrong
0.5450297594070435,0.8067196011543274,-2.228434823337011e-07,0.4412587285041809,0.7763040065765381,-0.00857442244887352,0.3754456043243408,0.695737361907959,-0.01758197881281376,0.32481613755226135,0.6104211807250977,-0.025033753365278244,0.2813534140586853,0.5612754225730896,-0.033583976328372955,0.4499323070049286,0.5689877271652222,-0.00964968279004097,0.43882817029953003,0.4557397663593292,-0.0017496002838015556,0.43534350395202637,0.39335256814956665,0.0013322366867214441,0.43671488761901855,0.34732216596603394,0.0002137315459549427,0.5104289650917053,0.5509360432624817,-0.00023798065376468003,0.5056939125061035,0.5106550455093384,0.019948700442910194,0.5000747442245483,0.5394744873046875,0.032349321991205215,0.5020451545715332,0.5735741257667542,0.035559043288230896,0.5598291158676147,0.5648368000984192,0.010033627972006798,0.5507321953773499,0.5080138444900513,0.026547830551862717,0.542359471321106,0.5121760368347168,0.030791183933615685,0.5383666157722473,0.5275425314903259,0.02608931064605713,0.6019298434257507,0.5865626931190491,0.020361393690109253,0.5788161158561707,0.5690122246742249,0.030836205929517746,0.569489598274231,0.597382128238678,0.03665409982204437,0.5666077136993408,0.6304756999015808,0.03822394087910652,Wrong
0.5450373888015747,0.8103266954421997,-2.4030430267885095e-07,0.44078025221824646,0.7788081765174866,-0.00972684845328331,0.37487876415252686,0.6965317726135254,-0.018584072589874268,0.3243771195411682,0.6105571985244751,-0.025698652490973473,0.2801060080528259,0.5608425736427307,-0.03377363830804825,0.44867733120918274,0.5731280446052551,-0.008230451494455338,0.4370720088481903,0.45748865604400635,5.042699194746092e-05,0.4346829652786255,0.3945116400718689,0.003527385415509343,0.43667474389076233,0.34690630435943604,0.003064368385821581,0.5099734663963318,0.5540629029273987,0.0023717887233942747,0.49818676710128784,0.5167847871780396,0.021130003035068512,0.4905582070350647,0.5503956079483032,0.03264317661523819,0.4922086000442505,0.5881304740905762,0.03620176762342453,0.5593708157539368,0.5669337511062622,0.013740458525717258,0.5445914268493652,0.516891360282898,0.029240377247333527,0.5364336371421814,0.5241323709487915,0.032296959310770035,0.5343085527420044,0.5404761433601379,0.02774784341454506,0.6017131209373474,0.5865619778633118,0.025259463116526604,0.5766364932060242,0.5691472291946411,0.037328269332647324,0.5676822066307068,0.598454475402832,0.0441359244287014,0.5661515593528748,0.631930410861969,0.046549513936042786,Wrong
0.5414202809333801,0.800819993019104,-2.5805525183386635e-07,0.4378811717033386,0.7732614874839783,-0.008228800259530544,0.37136533856391907,0.6926350593566895,-0.01653953082859516,0.3216463625431061,0.6067491173744202,-0.023639056831598282,0.2795090973377228,0.5559678077697754,-0.03204260393977165,0.4454808831214905,0.562503457069397,-0.007337383925914764,0.43472033739089966,0.45016053318977356,0.001893570413812995,0.43151015043258667,0.38811418414115906,0.0056214467622339725,0.4326888918876648,0.34187179803848267,0.0045516034588217735,0.5059995651245117,0.5447266697883606,0.000927730172406882,0.49936309456825256,0.512576699256897,0.020537346601486206,0.4933830797672272,0.5471853613853455,0.03215618059039116,0.4949185848236084,0.5842241644859314,0.0350484773516655,0.555479109287262,0.5593289732933044,0.010042977519333363,0.5445132851600647,0.5083436965942383,0.02575727552175522,0.5352361798286438,0.5170105695724487,0.030369050800800323,0.5304791927337646,0.5346006155014038,0.026253171265125275,0.597642183303833,0.5814472436904907,0.019084688276052475,0.5753496885299683,0.5674704909324646,0.028592117130756378,0.5676674246788025,0.5969814658164978,0.03447337821125984,0.566552460193634,0.6301660537719727,0.03639141097664833,Wrong
0.5399333834648132,0.7879042625427246,-2.671480956450978e-07,0.436760812997818,0.7595933675765991,-0.008046209812164307,0.37037786841392517,0.6799627542495728,-0.01635351963341236,0.31969350576400757,0.5933776497840881,-0.02342625893652439,0.2775135636329651,0.5425478219985962,-0.03155744820833206,0.44103124737739563,0.5535741448402405,-0.009068334475159645,0.4309081733226776,0.43759259581565857,-0.0016096803592517972,0.4287058115005493,0.37476661801338196,0.0019314124947413802,0.4308784306049347,0.3280535638332367,0.0015059331199154258,0.5007526874542236,0.5349205136299133,-0.00031388647039420903,0.49123677611351013,0.4970802664756775,0.01846444420516491,0.48508793115615845,0.5319355726242065,0.031024189665913582,0.48680976033210754,0.5717973709106445,0.03510432317852974,0.5509651899337769,0.5490899085998535,0.009231128729879856,0.5390862822532654,0.4954514801502228,0.02431507408618927,0.5317830443382263,0.5065817832946777,0.02915157563984394,0.529263973236084,0.5266653299331665,0.025668252259492874,0.5950922966003418,0.5705390572547913,0.01892843283712864,0.5734384655952454,0.5533407926559448,0.029079634696245193,0.5656722784042358,0.5847528576850891,0.03556801751255989,0.5649366974830627,0.619289755821228,0.037983909249305725,Wrong
0.5392586588859558,0.7507971525192261,-2.7722940387775452e-08,0.445637047290802,0.7214652299880981,-0.011695354245603085,0.3883137106895447,0.6352589130401611,-0.013630874454975128,0.37538591027259827,0.5467108488082886,-0.010691560804843903,0.39441898465156555,0.5174177885055542,-0.0032994160428643227,0.458743155002594,0.5268042683601379,-0.02824140153825283,0.417549729347229,0.4832921326160431,-0.02871980331838131,0.41306084394454956,0.5083786249160767,-0.018344122916460037,0.4243796765804291,0.5379859805107117,-0.011200090870261192,0.5074709057807922,0.5067364573478699,-0.028888050466775894,0.4874379336833954,0.38258370757102966,-0.0472845658659935,0.4828827381134033,0.30576062202453613,-0.047803014516830444,0.48582229018211365,0.24676740169525146,-0.04393462836742401,0.5478535890579224,0.5116952657699585,-0.028809349983930588,0.5515022873878479,0.3970756232738495,-0.055449970066547394,0.5617132186889648,0.32233500480651855,-0.06703357398509979,0.5720522403717041,0.26267731189727783,-0.06832695007324219,0.581780195236206,0.540936291217804,-0.02697179652750492,0.60340815782547,0.4570199251174927,-0.04445326328277588,0.6171889901161194,0.4085671901702881,-0.048594389110803604,0.6281444430351257,0.36895161867141724,-0.048283204436302185,Wrong
0.5219115614891052,0.7699318528175354,-2.3375134716729917e-08,0.4319186210632324,0.7481508255004883,-0.021259555593132973,0.36999914050102234,0.6603841185569763,-0.026705890893936157,0.3537970185279846,0.5703537464141846,-0.026791274547576904,0.37314659357070923,0.5463213920593262,-0.02204721048474312,0.4434143602848053,0.5504656434059143,-0.024072574451565742,0.39888912439346313,0.5173711180686951,-0.024821506813168526,0.3926663100719452,0.5450519919395447,-0.020383819937705994,0.4036448895931244,0.5712636709213257,-0.01830861158668995,0.4871539771556854,0.5283657908439636,-0.020205264911055565,0.454147607088089,0.41840216517448425,-0.033188238739967346,0.4434781074523926,0.34544065594673157,-0.035024456679821014,0.4432092308998108,0.28840672969818115,-0.033931635320186615,0.5247817039489746,0.5324856638908386,-0.017387617379426956,0.5201390385627747,0.427096426486969,-0.03781653940677643,0.5257565975189209,0.36019667983055115,-0.046793028712272644,0.5334908962249756,0.3075525164604187,-0.04774753004312515,0.5585606694221497,0.5622880458831787,-0.014749654568731785,0.5711670517921448,0.48064666986465454,-0.02659856714308262,0.5812243223190308,0.43435728549957275,-0.027363179251551628,0.5913808345794678,0.3965623378753662,-0.02553749643266201,Wrong
0.5272064805030823,0.7675614356994629,-5.0887692282231e-08,0.4371846914291382,0.7442721724510193,-0.02069753222167492,0.3751220107078552,0.6625730395317078,-0.027684256434440613,0.35795384645462036,0.5767931938171387,-0.030081164091825485,0.3763398826122284,0.5455617904663086,-0.027598150074481964,0.4462125599384308,0.5493549108505249,-0.022759627550840378,0.4049720764160156,0.5159919857978821,-0.02822178043425083,0.39911434054374695,0.5439457893371582,-0.027203500270843506,0.40824875235557556,0.5720546841621399,-0.026491092517971992,0.4903106987476349,0.5270506143569946,-0.020021861419081688,0.4597686529159546,0.4175911247730255,-0.03776264190673828,0.4492575526237488,0.3460274040699005,-0.04191996902227402,0.44736921787261963,0.2892378568649292,-0.041895776987075806,0.5283674597740173,0.5315889716148376,-0.018775250762701035,0.5263910293579102,0.4271918535232544,-0.04334672540426254,0.5317210555076599,0.3599754571914673,-0.05267371982336044,0.5387265086174011,0.30522769689559937,-0.05295407027006149,0.5626876950263977,0.5610449314117432,-0.017593055963516235,0.5771356225013733,0.47933706641197205,-0.03097817488014698,0.5856561064720154,0.4318127930164337,-0.031671058386564255,0.5937127470970154,0.3912621736526489,-0.02952410839498043,Wrong
0.5335579514503479,0.7651200294494629,-4.37959393195797e-08,0.4420623779296875,0.7415654063224792,-0.01947180926799774,0.3795745074748993,0.6607897281646729,-0.026302795857191086,0.36289066076278687,0.5734903812408447,-0.028062790632247925,0.3826388716697693,0.545183002948761,-0.024596648290753365,0.45064032077789307,0.5487070083618164,-0.026485126465559006,0.40889039635658264,0.5149813294410706,-0.028131084516644478,0.40488654375076294,0.545621395111084,-0.022697294130921364,0.41565924882888794,0.5750945806503296,-0.019519444555044174,0.4953169524669647,0.5258073806762695,-0.022584250196814537,0.46252235770225525,0.41676226258277893,-0.03940518572926521,0.4520343840122223,0.3465941250324249,-0.04188251867890358,0.45087113976478577,0.2914474308490753,-0.04072967544198036,0.5334785580635071,0.5305942296981812,-0.018957406282424927,0.5288921594619751,0.4249253571033478,-0.04188576713204384,0.534608006477356,0.35707780718803406,-0.04917711392045021,0.5426248908042908,0.30283603072166443,-0.048260148614645004,0.5679304599761963,0.5600747466087341,-0.015010446310043335,0.5812199711799622,0.4771738350391388,-0.026348887011408806,0.589989185333252,0.4302767217159271,-0.02533332072198391,0.5989394187927246,0.3904191553592682,-0.022121287882328033,Wrong
0.5441125631332397,0.7696850299835205,-3.724576203012475e-08,0.45311951637268066,0.7479284405708313,-0.02035491168498993,0.39001497626304626,0.6635201573371887,-0.02670508809387684,0.3700423836708069,0.5756458640098572,-0.028294678777456284,0.3845352530479431,0.5440790057182312,-0.024937571957707405,0.4611953794956207,0.5506554245948792,-0.023734819144010544,0.41308966279029846,0.5164058804512024,-0.027708910405635834,0.40693265199661255,0.5448788404464722,-0.02524765022099018,0.4180653691291809,0.5739344358444214,-0.023777125403285027,0.5046287775039673,0.5267168283462524,-0.02086617238819599,0.4686574339866638,0.41953009366989136,-0.0366063117980957,0.4564155340194702,0.34794360399246216,-0.03984370455145836,0.4549892544746399,0.29241955280303955,-0.03942537680268288,0.5421382784843445,0.5295974016189575,-0.01930193416774273,0.5343920588493347,0.423504114151001,-0.04196535795927048,0.5386883616447449,0.3557280898094177,-0.05108083784580231,0.5460673570632935,0.30221307277679443,-0.05179765447974205,0.5761124491691589,0.5575806498527527,-0.017829861491918564,0.5885041356086731,0.4748118817806244,-0.031020667403936386,0.5972501039505005,0.4276226758956909,-0.03219934180378914,0.6057494878768921,0.38814353942871094,-0.03049158863723278,Wrong
0.5499419569969177,0.7722909450531006,-5.717919293601881e-08,0.4580304026603699,0.7489241361618042,-0.018948938697576523,0.3950405716896057,0.664238452911377,-0.024829573929309845,0.3776363134384155,0.574239194393158,-0.025595948100090027,0.39589202404022217,0.5450538396835327,-0.021214652806520462,0.46923890709877014,0.5550386309623718,-0.02487325854599476,0.42579981684684753,0.5188307166099548,-0.025932125747203827,0.4205476939678192,0.5488221645355225,-0.020795896649360657,0.4312094748020172,0.5788372755050659,-0.017937393859028816,0.5143834352493286,0.5310838222503662,-0.0205868910998106,0.4794025123119354,0.4229937791824341,-0.03606359288096428,0.46734967827796936,0.3516894578933716,-0.03874655440449715,0.4650060832500458,0.2957885265350342,-0.038160257041454315,0.5520271062850952,0.5340217351913452,-0.016648611053824425,0.5455808043479919,0.42670947313308716,-0.038817375898361206,0.5507733225822449,0.35728949308395386,-0.047118086367845535,0.5582938194274902,0.3027555048465729,-0.04729347676038742,0.5855323672294617,0.5610827803611755,-0.012314233928918839,0.5997931361198425,0.4781537652015686,-0.023851973935961723,0.6090272665023804,0.4309062957763672,-0.024090424180030823,0.6175730228424072,0.39132481813430786,-0.021992024034261703,Wrong
0.5521848201751709,0.7719652056694031,-7.936746726500132e-08,0.4612843990325928,0.7495381832122803,-0.02032598666846752,0.398785263299942,0.6635979413986206,-0.026092126965522766,0.38243281841278076,0.574481189250946,-0.02697591856122017,0.4017726182937622,0.5479708909988403,-0.02302640490233898,0.4713713526725769,0.5556668639183044,-0.023100674152374268,0.4285290241241455,0.5211777091026306,-0.02588280290365219,0.42410409450531006,0.5502879023551941,-0.02322060987353325,0.4348585605621338,0.5797471404075623,-0.021981412544846535,0.5163106918334961,0.532532811164856,-0.019386745989322662,0.4825361669063568,0.4265805184841156,-0.03247806802392006,0.47130540013313293,0.3573461174964905,-0.03471851348876953,0.469066858291626,0.3031165599822998,-0.034312423318624496,0.5553625226020813,0.5353700518608093,-0.0168966893106699,0.5472702383995056,0.4287848174571991,-0.037168946117162704,0.5516990423202515,0.36014559864997864,-0.04550108686089516,0.558603048324585,0.3060060143470764,-0.04645095765590668,0.5905165672302246,0.5630112290382385,-0.014597906731069088,0.6031163930892944,0.4813278019428253,-0.025953518226742744,0.6116013526916504,0.4338122010231018,-0.026623757556080818,0.619802713394165,0.393896222114563,-0.025068337097764015,Wrong
0.5535175204277039,0.7744587063789368,-7.340995722415755e-08,0.46164122223854065,0.7491469979286194,-0.019154932349920273,0.3989351987838745,0.662714421749115,-0.02457679994404316,0.38074904680252075,0.572435736656189,-0.024707196280360222,0.40030837059020996,0.5449056625366211,-0.019628845155239105,0.4729395806789398,0.5539771914482117,-0.024721959605813026,0.4271358549594879,0.5169053673744202,-0.025310637429356575,0.4224856495857239,0.5474757552146912,-0.0196329727768898,0.433428555727005,0.5767372846603394,-0.016336878761649132,0.5188201069831848,0.531255304813385,-0.019596870988607407,0.4845794141292572,0.4238143563270569,-0.03406659513711929,0.47269874811172485,0.35468047857284546,-0.03580574318766594,0.47038841247558594,0.29975825548171997,-0.034573592245578766,0.5569818615913391,0.5349526405334473,-0.014844180084764957,0.5489404797554016,0.4289543032646179,-0.03546079993247986,0.5527641177177429,0.3588829040527344,-0.0426507443189621,0.5596636533737183,0.30326250195503235,-0.042385224252939224,0.5903756022453308,0.5622277855873108,-0.009835510514676571,0.6031990051269531,0.4801803529262543,-0.019192492589354515,0.6115676760673523,0.43320733308792114,-0.018320556730031967,0.6198571920394897,0.39366137981414795,-0.015781491994857788,Wrong
0.5536454319953918,0.7758499383926392,-9.323745331357713e-08,0.4617561101913452,0.745002269744873,-0.02165512554347515,0.39891260862350464,0.6567900776863098,-0.027433717623353004,0.38067689538002014,0.5645304918289185,-0.02760985493659973,0.3993490934371948,0.5324252247810364,-0.0220753513276577,0.4759255349636078,0.547328770160675,-0.020864740014076233,0.428523987531662,0.5091800093650818,-0.019374730065464973,0.4237236976623535,0.5429086089134216,-0.01276304665952921,0.4347047209739685,0.5747678279876709,-0.0089108906686306,0.5224862098693848,0.5269908308982849,-0.013546638190746307,0.4881337583065033,0.42232546210289,-0.024415891617536545,0.4759511351585388,0.3572167754173279,-0.024497194215655327,0.47316423058509827,0.30541935563087463,-0.022725798189640045,0.5602703094482422,0.532662034034729,-0.00727301137521863,0.5498619675636292,0.42810744047164917,-0.02465326152741909,0.5514810085296631,0.3577776551246643,-0.03034418448805809,0.5566178560256958,0.30327361822128296,-0.02976600080728531,0.5929262638092041,0.5614972114562988,-0.0012474901741370559,0.603590190410614,0.47849321365356445,-0.008718807250261307,0.6105507612228394,0.4307559132575989,-0.007101107854396105,0.6178748607635498,0.3918501138687134,-0.0043161790817976,Wrong
0.5795180797576904,0.7441723346710205,2.861887935523555e-07,0.5184773206710815,0.7150505781173706,-0.07144461572170258,0.4620467722415924,0.6590359210968018,-0.09650734812021255,0.3961195945739746,0.6126503348350525,-0.10433950275182724,0.35671138763427734,0.5810832977294922,-0.1014038622379303,0.510164737701416,0.509554386138916,-0.07128272205591202,0.429038941860199,0.45904111862182617,-0.09693778306245804,0.37682366371154785,0.48917847871780396,-0.1094207763671875,0.3560228943824768,0.536761999130249,-0.10923398286104202,0.528243899345398,0.49569171667099,-0.026619484648108482,0.48389941453933716,0.3790436387062073,-0.04641758278012276,0.46657365560531616,0.2969004511833191,-0.04863268509507179,0.4621557295322418,0.23061075806617737,-0.04509659484028816,0.5435213446617126,0.506259024143219,0.013550316914916039,0.5293317437171936,0.41023027896881104,0.005400892347097397,0.5222676992416382,0.35318809747695923,0.009820387698709965,0.5176492929458618,0.30721384286880493,0.019523747265338898,0.5529552102088928,0.5262962579727173,0.048154644668102264,0.5549288988113403,0.46512100100517273,0.05069410428404808,0.5566433668136597,0.4287879765033722,0.057069726288318634,0.5585108995437622,0.39661502838134766,0.0665016919374466,Wrong
0.5689019560813904,0.7223211526870728,2.5661395852694113e-07,0.5087591409683228,0.7046354413032532,-0.06430008262395859,0.4487244486808777,0.6531020402908325,-0.08788373321294785,0.3813689649105072,0.615716278553009,-0.09696118533611298,0.34213000535964966,0.5928370952606201,-0.0983620285987854,0.48688721656799316,0.5022650957107544,-0.06038065627217293,0.41118571162223816,0.4652363359928131,-0.0865965336561203,0.3651103079319,0.49843454360961914,-0.1041964590549469,0.3473176658153534,0.5423786640167236,-0.10895779728889465,0.5066438317298889,0.4830165207386017,-0.024257132783532143,0.4597685933113098,0.38202908635139465,-0.03940378502011299,0.4396531581878662,0.3073997497558594,-0.04313023015856743,0.430127888917923,0.242021381855011,-0.04262416809797287,0.5275594592094421,0.4930645823478699,0.006608221214264631,0.5150435566902161,0.406217098236084,-0.002055686665698886,0.5124708414077759,0.3496946096420288,-0.004311236087232828,0.511238694190979,0.30166566371917725,-0.0012490907683968544,0.5444493293762207,0.5168343782424927,0.03246914967894554,0.5487133264541626,0.46323877573013306,0.030616099014878273,0.550689160823822,0.4263191223144531,0.03321061655879021,0.5540497899055481,0.3918074667453766,0.03882385045289993,Wrong
0.5668613910675049,0.7260830998420715,2.1581072928711365e-07,0.5080618858337402,0.7061600685119629,-0.06860991567373276,0.44762882590293884,0.6547344326972961,-0.09379586577415466,0.3799454867839813,0.6151143908500671,-0.10354817658662796,0.34103113412857056,0.5885416269302368,-0.10411179810762405,0.48870572447776794,0.5044603943824768,-0.06506798416376114,0.412455290555954,0.4633164703845978,-0.09305070340633392,0.36643707752227783,0.4971265494823456,-0.11025489866733551,0.34884727001190186,0.5441319942474365,-0.114012710750103,0.5055510401725769,0.48393338918685913,-0.02614492177963257,0.45778730511665344,0.3778967261314392,-0.04162096977233887,0.43869921565055847,0.3025255501270294,-0.04314497113227844,0.43002644181251526,0.23888961970806122,-0.040899548679590225,0.5254499316215515,0.4930679500102997,0.007060495670884848,0.5114232897758484,0.4053933024406433,-0.00022703995637129992,0.5087965130805969,0.34949737787246704,0.001095789484679699,0.5084846019744873,0.30373066663742065,0.006749765947461128,0.5420882701873779,0.5177727341651917,0.03446515277028084,0.5456224679946899,0.46463799476623535,0.03590461239218712,0.5479604601860046,0.4284489154815674,0.04083171859383583,0.5523716807365417,0.3973802328109741,0.0479135736823082,Wrong
0.5641648173332214,0.7187555432319641,1.80838839014541e-07,0.5070518851280212,0.6988423466682434,-0.06502862274646759,0.44696593284606934,0.6481794118881226,-0.08971920609474182,0.3792531490325928,0.6102222204208374,-0.09986706078052521,0.3394094705581665,0.5887939929962158,-0.10191648453474045,0.48841392993927,0.49998438358306885,-0.06461230665445328,0.41299837827682495,0.4617242217063904,-0.0934494212269783,0.36624717712402344,0.49545130133628845,-0.11247552931308746,0.34816643595695496,0.5408316254615784,-0.11823678016662598,0.5038245916366577,0.48030543327331543,-0.02903250977396965,0.45523348450660706,0.3759191036224365,-0.0463014580309391,0.435499906539917,0.3002799153327942,-0.05104290321469307,0.4263370633125305,0.23669865727424622,-0.05166252702474594,0.523874819278717,0.48991265892982483,0.001392648438923061,0.5098505020141602,0.40250685811042786,-0.00773552106693387,0.5071006417274475,0.34646928310394287,-0.010327093303203583,0.5063961744308472,0.2997262477874756,-0.008127886801958084,0.5414862632751465,0.5153255462646484,0.026530638337135315,0.5459885597229004,0.4636983275413513,0.025408132001757622,0.548285186290741,0.4269147515296936,0.027513083070516586,0.5523626804351807,0.39365479350090027,0.0320538729429245,Wrong
0.5544635653495789,0.7205168604850769,1.8121993150543858e-07,0.4975438416004181,0.6967695355415344,-0.06285098940134048,0.43909192085266113,0.6474988460540771,-0.08774624019861221,0.37219423055648804,0.6081701517105103,-0.09905555099248886,0.3318992257118225,0.5845223665237427,-0.10262768715620041,0.4828079044818878,0.49945834279060364,-0.05935732275247574,0.408830851316452,0.4589700996875763,-0.08914298564195633,0.3598487973213196,0.48922115564346313,-0.11025302857160568,0.33910828828811646,0.5323082208633423,-0.11717914044857025,0.49880251288414,0.47941353917121887,-0.02476070448756218,0.45090100169181824,0.3734566271305084,-0.0417146310210228,0.4310179650783539,0.29624155163764954,-0.046284399926662445,0.42121556401252747,0.2314874231815338,-0.04656052589416504,0.5180266499519348,0.48907989263534546,0.004504578188061714,0.5057147145271301,0.39936327934265137,-0.003943593706935644,0.5036489963531494,0.34233027696609497,-0.00435721455141902,0.5031551718711853,0.29611536860466003,-0.0003073133120778948,0.5332143902778625,0.5146706104278564,0.02842833288013935,0.5386272072792053,0.46079403162002563,0.028390508145093918,0.5410841107368469,0.42267271876335144,0.03247658535838127,0.5455015301704407,0.38916948437690735,0.038743555545806885,Wrong
0.5535719394683838,0.7153722047805786,2.0854396609593095e-07,0.496517151594162,0.6948462724685669,-0.06731773167848587,0.43720996379852295,0.64543616771698,-0.0934617817401886,0.3690875470638275,0.6073309779167175,-0.10466205328702927,0.33109667897224426,0.5801863670349121,-0.10727065056562424,0.47974517941474915,0.49534881114959717,-0.06770753115415573,0.40214067697525024,0.45743682980537415,-0.09599907696247101,0.35409262776374817,0.4905672073364258,-0.11310578137636185,0.33433592319488525,0.5366570949554443,-0.1170138269662857,0.4970306158065796,0.4755348861217499,-0.030062103644013405,0.44834104180336,0.3713377118110657,-0.04671527445316315,0.42921048402786255,0.2933647036552429,-0.049216799437999725,0.41967254877090454,0.22849464416503906,-0.04792804270982742,0.5170539617538452,0.48582202196121216,0.0024428637698292732,0.5034441351890564,0.3980311453342438,-0.005460213869810104,0.5014246106147766,0.34116891026496887,-0.004435136914253235,0.4998753070831299,0.29491639137268066,0.0006697585922665894,0.5322263836860657,0.51097172498703,0.02935890667140484,0.5369297862052917,0.45846226811408997,0.02944338321685791,0.5396263599395752,0.419849693775177,0.033564407378435135,0.5433390736579895,0.38566774129867554,0.03997616469860077,Wrong
0.5522240996360779,0.7031129598617554,2.1060490951185784e-07,0.4945164918899536,0.6855541467666626,-0.061196476221084595,0.43597984313964844,0.6368058323860168,-0.08580188453197479,0.36949422955513,0.6016386151313782,-0.09684178978204727,0.3290514349937439,0.5802708864212036,-0.10100666433572769,0.47645917534828186,0.4871962368488312,-0.06418584287166595,0.4010527729988098,0.44996756315231323,-0.09265946596860886,0.35431498289108276,0.4838087260723114,-0.11187492311000824,0.336070716381073,0.5278879404067993,-0.11788567900657654,0.4953628480434418,0.4681645929813385,-0.031486038118600845,0.44797033071517944,0.36692285537719727,-0.048925288021564484,0.42769375443458557,0.2920316457748413,-0.054087936878204346,0.4174596071243286,0.2295849323272705,-0.055000659078359604,0.5160048007965088,0.4782586991786957,-0.0033571908716112375,0.5042170286178589,0.3923259675502777,-0.013521569781005383,0.5013181567192078,0.3367498219013214,-0.016258342191576958,0.5001165270805359,0.29120832681655884,-0.01393931359052658,0.5317664742469788,0.50412517786026,0.020053096115589142,0.5372409224510193,0.4497077167034149,0.01733263209462166,0.5404415726661682,0.41085174679756165,0.019879430532455444,0.544949471950531,0.3756742775440216,0.02513481304049492,Wrong
0.5564574599266052,0.7194874882698059,2.0454685056847666e-07,0.4973631501197815,0.6961386203765869,-0.06798652559518814,0.4387649893760681,0.6448886394500732,-0.09314198791980743,0.3721746504306793,0.6042560935020447,-0.103178970515728,0.33295702934265137,0.5770975947380066,-0.10430300980806351,0.48225483298301697,0.4931248724460602,-0.0633581206202507,0.40517738461494446,0.45361584424972534,-0.09143359959125519,0.35739022493362427,0.48676183819770813,-0.10963518172502518,0.3383359909057617,0.5329385995864868,-0.11422652006149292,0.4979837238788605,0.47416895627975464,-0.02489628829061985,0.45044398307800293,0.3678283393383026,-0.040349408984184265,0.4321746826171875,0.2907272279262543,-0.042917340993881226,0.42372533679008484,0.22599661350250244,-0.0416954830288887,0.5173600316047668,0.4850553870201111,0.007845122367143631,0.5049175024032593,0.39590638875961304,0.00023553319624625146,0.5031995177268982,0.33890265226364136,0.0005706835654564202,0.502196192741394,0.2931366562843323,0.005391612648963928,0.5328524708747864,0.5105850100517273,0.03482389450073242,0.5381244421005249,0.45746108889579773,0.03535580635070801,0.5404237508773804,0.41985830664634705,0.039271168410778046,0.5442191958427429,0.3870747685432434,0.04554750770330429,Wrong
0.5582859516143799,0.7245776653289795,2.098330895705658e-07,0.49767163395881653,0.7032014727592468,-0.07032553851604462,0.4364590346813202,0.6535202860832214,-0.09460870921611786,0.36915385723114014,0.6142677068710327,-0.1027071475982666,0.3307688236236572,0.582039475440979,-0.10113377869129181,0.4815954864025116,0.4989496171474457,-0.06458401679992676,0.401882141828537,0.4604491591453552,-0.09104721248149872,0.35293275117874146,0.49273914098739624,-0.10785958915948868,0.3329300582408905,0.539523720741272,-0.11095470190048218,0.4971854090690613,0.48087751865386963,-0.0229962058365345,0.44898441433906555,0.37608790397644043,-0.03505943715572357,0.42863890528678894,0.299721896648407,-0.03461349755525589,0.41788122057914734,0.23645234107971191,-0.0308210551738739,0.5167940855026245,0.49085333943367004,0.012615209445357323,0.5023503303527832,0.4006841480731964,0.008340727537870407,0.49960750341415405,0.34357571601867676,0.01164852362126112,0.4973257780075073,0.2979363203048706,0.018958846107125282,0.5327965021133423,0.5149697661399841,0.04206733778119087,0.5373368263244629,0.4609072208404541,0.045009955763816833,0.5394125580787659,0.42174458503723145,0.050520095974206924,0.5424110889434814,0.388253390789032,0.05857698619365692,Wrong
0.35579556226730347,0.7741944789886475,7.07455853898864e-07,0.45159807801246643,0.7448251247406006,-0.047068580985069275,0.5251472592353821,0.6846473217010498,-0.06283807754516602,0.5868470072746277,0.6256584525108337,-0.06699980795383453,0.5991326570510864,0.5605191588401794,-0.06253093481063843,0.4192596673965454,0.5181763768196106,-0.0570724755525589,0.522847056388855,0.47074708342552185,-0.08747638761997223,0.5617037415504456,0.520050048828125,-0.10463012009859085,0.5720317363739014,0.5691244006156921,-0.10846403986215591,0.3936448097229004,0.492591917514801,-0.034326717257499695,0.4627508521080017,0.3563450574874878,-0.061878904700279236,0.5052633285522461,0.278840571641922,-0.08242577314376831,0.5278715491294861,0.20811742544174194,-0.09418751299381256,0.3841429054737091,0.49067699909210205,-0.013206318020820618,0.4132431149482727,0.36595597863197327,-0.03178873658180237,0.42511218786239624,0.29135680198669434,-0.04593783989548683,0.4295152723789215,0.22660350799560547,-0.051941946148872375,0.38413333892822266,0.5058373212814331,0.004881851840764284,0.3873927593231201,0.41644275188446045,0.0008326689130626619,0.3835792541503906,0.3602861166000366,0.0011605549370869994,0.37851929664611816,0.31360021233558655,0.0032948278822004795,Wrong
0.34506362676620483,0.7911965847015381,6.990384804339556e-07,0.44021618366241455,0.7613444924354553,-0.045116499066352844,0.5126403570175171,0.6949443817138672,-0.060335129499435425,0.5725487470626831,0.6361834406852722,-0.06460622698068619,0.5835939645767212,0.5739052891731262,-0.060328952968120575,0.40452831983566284,0.5317309498786926,-0.05721038207411766,0.5054744482040405,0.4776240587234497,-0.08928905427455902,0.5442054271697998,0.5273460149765015,-0.1075156107544899,0.554461658000946,0.5779482126235962,-0.11171027272939682,0.37866389751434326,0.5080615282058716,-0.03572900965809822,0.44435423612594604,0.3705129027366638,-0.06555524468421936,0.48684263229370117,0.29025357961654663,-0.08726947754621506,0.5087993741035461,0.21869048476219177,-0.09936758130788803,0.3685843348503113,0.5080447793006897,-0.01568090356886387,0.39352089166641235,0.3820074498653412,-0.03599195182323456,0.4035171866416931,0.3041037321090698,-0.05075493082404137,0.40589046478271484,0.2382594347000122,-0.056658949702978134,0.36893683671951294,0.5253288745880127,0.001606599660590291,0.37003380060195923,0.4346500635147095,-0.0033678868785500526,0.3659042418003082,0.3752762973308563,-0.003176746191456914,0.3609587550163269,0.32657110691070557,-0.0008150395588018,Wrong
0.3433833122253418,0.7926202416419983,7.637414682903909e-07,0.4361664652824402,0.7647947072982788,-0.052967965602874756,0.5098039507865906,0.6994872093200684,-0.07095246016979218,0.5712109208106995,0.6377524137496948,-0.07537148147821426,0.5791098475456238,0.5746009349822998,-0.07020726054906845,0.40034180879592896,0.5372307300567627,-0.06697233021259308,0.5028531551361084,0.48121950030326843,-0.09698528051376343,0.5407960414886475,0.5311585068702698,-0.1105843111872673,0.5476912260055542,0.5821109414100647,-0.11092851310968399,0.3738165497779846,0.5112640857696533,-0.039974395185709,0.44031232595443726,0.3745449185371399,-0.07036583125591278,0.4823315143585205,0.29478615522384644,-0.0906803160905838,0.5026829242706299,0.22468483448028564,-0.10123027861118317,0.36300063133239746,0.5092511177062988,-0.014247980900108814,0.3893860876560211,0.3843185603618622,-0.03502316400408745,0.4003171920776367,0.30680298805236816,-0.049614861607551575,0.4035338759422302,0.24138367176055908,-0.054903168231248856,0.36330097913742065,0.5242037773132324,0.008490702137351036,0.368374764919281,0.4317317605018616,0.0035751431714743376,0.3651806712150574,0.3737361431121826,0.003542510326951742,0.3616939187049866,0.3269008994102478,0.005886598490178585,Wrong
0.34059733152389526,0.7929851412773132,7.552791316811636e-07,0.4340228736400604,0.7651549577713013,-0.05168457701802254,0.5085102319717407,0.6991028189659119,-0.06905246526002884,0.5705945491790771,0.6379611492156982,-0.07317231595516205,0.578315258026123,0.5733910202980042,-0.06801310926675797,0.3991581201553345,0.5367265939712524,-0.0654258280992508,0.5027763843536377,0.48100143671035767,-0.0940437987446785,0.5402477979660034,0.5297446846961975,-0.10733260214328766,0.5467945337295532,0.5797864198684692,-0.10780994594097137,0.3721623122692108,0.510427713394165,-0.03863321617245674,0.44067054986953735,0.3727683424949646,-0.06620796769857407,0.4839107394218445,0.2952909469604492,-0.08555373549461365,0.505703866481781,0.22556784749031067,-0.09614625573158264,0.3614698052406311,0.5084537267684937,-0.012997472658753395,0.3905375897884369,0.3838443160057068,-0.03078828938305378,0.40373989939689636,0.3085511326789856,-0.04453761503100395,0.408454030752182,0.24539974331855774,-0.050244882702827454,0.361894428730011,0.5235223770141602,0.009516063146293163,0.36762118339538574,0.4296368360519409,0.006526948884129524,0.36615297198295593,0.3720025420188904,0.006675092037767172,0.36327990889549255,0.32714012265205383,0.00854732096195221,Wrong
0.34190985560417175,0.7968944311141968,6.948823170205287e-07,0.4385097622871399,0.7686794400215149,-0.046208277344703674,0.512721061706543,0.7060613632202148,-0.06254918873310089,0.5739889740943909,0.643174409866333,-0.06754749268293381,0.5806248188018799,0.5785108804702759,-0.06403923034667969,0.4050114154815674,0.5396032929420471,-0.057686708867549896,0.506035327911377,0.4860082268714905,-0.08912990987300873,0.5435137152671814,0.5377743244171143,-0.10724513977766037,0.5526589155197144,0.589453935623169,-0.11155262589454651,0.3779066801071167,0.5144053101539612,-0.035149961709976196,0.44490015506744385,0.375514417886734,-0.0641636773943901,0.48690617084503174,0.2979341745376587,-0.08588466793298721,0.5092280507087708,0.22747185826301575,-0.09849870204925537,0.3676379323005676,0.5131088495254517,-0.01393933966755867,0.3954368531703949,0.3887328505516052,-0.03293760120868683,0.40640223026275635,0.31349724531173706,-0.04687776789069176,0.40942099690437317,0.2501796782016754,-0.052702050656080246,0.3677825927734375,0.5291591882705688,0.004372125957161188,0.3723171353340149,0.4366901218891144,0.0020825122483074665,0.36974531412124634,0.38033151626586914,0.003953185863792896,0.36547422409057617,0.33531665802001953,0.006771585438400507,Wrong
0.3505629897117615,0.7980261445045471,6.685767743874749e-07,0.4459640681743622,0.7728227376937866,-0.04577631875872612,0.5205551385879517,0.706583559513092,-0.06123785302042961,0.5812503099441528,0.6430085897445679,-0.06558135151863098,0.5855106711387634,0.579291582107544,-0.06131744012236595,0.411920964717865,0.5421047210693359,-0.05647725611925125,0.5144593119621277,0.4870302081108093,-0.08871268481016159,0.5503481030464172,0.539708137512207,-0.10722016543149948,0.5572038292884827,0.5920936465263367,-0.11144460737705231,0.38452619314193726,0.5144698619842529,-0.03471120819449425,0.4528743624687195,0.3774794936180115,-0.06296542286872864,0.49463069438934326,0.3005034923553467,-0.08356477320194244,0.5166288614273071,0.23051422834396362,-0.09511671960353851,0.37406134605407715,0.5123361349105835,-0.014653121121227741,0.4030342102050781,0.38819950819015503,-0.033394426107406616,0.4144538342952728,0.31312987208366394,-0.04710668325424194,0.4181098937988281,0.24923747777938843,-0.05271066725254059,0.37440866231918335,0.5291411876678467,0.0023947081062942743,0.3788529932498932,0.4389471113681793,-0.0010465026134625077,0.37570860981941223,0.3832317590713501,8.386381523450837e-05,0.3709631562232971,0.3377079963684082,0.0027105133049190044,Wrong
0.3492661714553833,0.7942235469818115,7.096132890183071e-07,0.44445109367370605,0.7667357921600342,-0.0481775626540184,0.5190584063529968,0.7036908864974976,-0.06493982672691345,0.5803173184394836,0.6404855847358704,-0.06893328577280045,0.5871281623840332,0.5773864388465881,-0.06390117853879929,0.4104287624359131,0.5394876003265381,-0.06451992690563202,0.5124837756156921,0.48540595173835754,-0.09333266317844391,0.5503617525100708,0.5375475287437439,-0.10749555379152298,0.5588146448135376,0.5885966420173645,-0.1093289777636528,0.3839995265007019,0.5142778754234314,-0.039840079843997955,0.45130786299705505,0.3776039481163025,-0.06804242730140686,0.49356144666671753,0.2997320294380188,-0.08835291862487793,0.5147550106048584,0.22874125838279724,-0.10023802518844604,0.37358397245407104,0.5129590630531311,-0.0158002357929945,0.4001947045326233,0.3875442147254944,-0.03407181799411774,0.41143959760665894,0.31222274899482727,-0.048179253935813904,0.4143632650375366,0.2484060823917389,-0.05460301414132118,0.3733639717102051,0.529007077217102,0.005505516659468412,0.37661218643188477,0.43741002678871155,0.0030016794335097075,0.37337711453437805,0.3806733787059784,0.00377814588136971,0.3694056272506714,0.33468103408813477,0.005545113701373339,Wrong
0.33830609917640686,0.8130279779434204,7.107074679879588e-07,0.43676838278770447,0.7325992584228516,-0.031899288296699524,0.4928240478038788,0.6322544813156128,-0.041188571602106094,0.540777862071991,0.5416303873062134,-0.04319494590163231,0.5675204396247864,0.46570107340812683,-0.04074621573090553,0.3544544577598572,0.5487502813339233,-0.030096856877207756,0.36502280831336975,0.40204107761383057,-0.04494966194033623,0.4147123694419861,0.3597208857536316,-0.053205303847789764,0.4608231782913208,0.34404242038726807,-0.05644021928310394,0.3288201689720154,0.5407375693321228,-0.01777336187660694,0.35919052362442017,0.39011305570602417,-0.038118988275527954,0.42627766728401184,0.3727637529373169,-0.054811082780361176,0.47704482078552246,0.38866516947746277,-0.06385629624128342,0.31715625524520874,0.540980875492096,-0.007456227205693722,0.3422245979309082,0.39913859963417053,-0.026315191760659218,0.4007309675216675,0.38976848125457764,-0.04466979578137398,0.4413534700870514,0.41028934717178345,-0.054152339696884155,0.31391000747680664,0.5453824996948242,0.0011197016574442387,0.29578202962875366,0.4373179078102112,-0.015125022269785404,0.30868780612945557,0.39528417587280273,-0.030689619481563568,0.3204188048839569,0.37382879853248596,-0.03979288041591644,Wrong
0.3659938871860504,0.781440794467926,3.0873437140144233e-07,0.4638606011867523,0.7514410614967346,-0.05622308701276779,0.5409567356109619,0.6546482443809509,-0.06889507919549942,0.5773932933807373,0.5690709948539734,-0.062407542020082474,0.5539795160293579,0.5259532332420349,-0.05091153457760811,0.42020687460899353,0.5404091477394104,-0.09266765415668488,0.45674455165863037,0.4107905924320221,-0.106222003698349,0.47993579506874084,0.356563925743103,-0.11436208337545395,0.49012959003448486,0.30563244223594666,-0.11939004808664322,0.38634735345840454,0.524250864982605,-0.05721982941031456,0.43329915404319763,0.38402149081230164,-0.06648675352334976,0.46033546328544617,0.3130800426006317,-0.07212628424167633,0.4677635729312897,0.25602295994758606,-0.0778157114982605,0.36479830741882324,0.5225993990898132,-0.02043350785970688,0.40733060240745544,0.4303135871887207,-0.02582978643476963,0.45433738827705383,0.43231162428855896,-0.036928389221429825,0.47843483090400696,0.4468523859977722,-0.045010317116975784,0.34627580642700195,0.5274713635444641,0.0133358770981431,0.3460047245025635,0.44224095344543457,0.005100215319544077,0.34897381067276,0.4071362614631653,-0.007283315993845463,0.3429352045059204,0.3840343952178955,-0.016531430184841156,Wrong
0.3613259792327881,0.7786499261856079,2.213493814906542e-07,0.4598616659641266,0.7554298639297485,-0.05343478173017502,0.5429922938346863,0.6530781984329224,-0.0625404417514801,0.576893150806427,0.5687964558601379,-0.05467578023672104,0.5523062944412231,0.5318102836608887,-0.041415829211473465,0.42073607444763184,0.5368620157241821,-0.07245166599750519,0.4660213887691498,0.4416535198688507,-0.0884721651673317,0.4886239171028137,0.4488752782344818,-0.09858749061822891,0.4935707747936249,0.4488331079483032,-0.10191904753446579,0.38890862464904785,0.5174283385276794,-0.04106757789850235,0.4444231688976288,0.39182138442993164,-0.048268988728523254,0.4714262783527374,0.3200153112411499,-0.05244585871696472,0.47680845856666565,0.25778728723526,-0.05450162664055824,0.36848777532577515,0.5138186812400818,-0.010963816195726395,0.40671736001968384,0.41050976514816284,-0.01605319418013096,0.4360399842262268,0.3483298420906067,-0.02808787114918232,0.4511242210865021,0.2989034056663513,-0.03580550104379654,0.35167592763900757,0.5226244330406189,0.01590382680296898,0.3484795093536377,0.43577665090560913,0.010481408797204494,0.3411141633987427,0.3836928904056549,0.003993107005953789,0.3281615078449249,0.34149694442749023,-0.00015789851022418588,Wrong
0.3630983829498291,0.7827422618865967,3.4428387607476907e-07,0.46152791380882263,0.7509768009185791,-0.055519282817840576,0.5392103791236877,0.6551846265792847,-0.06952240318059921,0.5737610459327698,0.5681631565093994,-0.06538044661283493,0.5468114614486694,0.524125337600708,-0.05639258027076721,0.4171658158302307,0.540381133556366,-0.09045111387968063,0.4492945075035095,0.4051467776298523,-0.1051204726099968,0.4703960120677948,0.34559470415115356,-0.11299491673707962,0.47844287753105164,0.29054534435272217,-0.11711560934782028,0.3853561282157898,0.5241440534591675,-0.05649040639400482,0.43251824378967285,0.3857518136501312,-0.06871072202920914,0.4603860080242157,0.3137388825416565,-0.07523734122514725,0.46631255745887756,0.2573614716529846,-0.08005975931882858,0.3638571500778198,0.5222765803337097,-0.021413737908005714,0.4097621440887451,0.4303037226200104,-0.030852504074573517,0.4585883319377899,0.43401703238487244,-0.042759496718645096,0.4825266897678375,0.4476509392261505,-0.04978581890463829,0.3445102870464325,0.5258223414421082,0.010930094867944717,0.34322208166122437,0.4395207166671753,0.0013218177482485771,0.34495630860328674,0.40304046869277954,-0.010369604453444481,0.33861565589904785,0.3793995678424835,-0.018417710438370705,Wrong
0.35989516973495483,0.785194993019104,3.2362663660023827e-07,0.45793604850769043,0.7513692378997803,-0.05497900769114494,0.5362310409545898,0.6544473171234131,-0.06562754511833191,0.5714623332023621,0.5702205300331116,-0.05775832757353783,0.5465039610862732,0.5273364782333374,-0.04474630206823349,0.4137391746044159,0.5356981754302979,-0.08547091484069824,0.4465031921863556,0.3989189863204956,-0.09644963592290878,0.46611735224723816,0.33832883834838867,-0.10179206728935242,0.4726952314376831,0.2835378646850586,-0.10400430858135223,0.380616694688797,0.5229828953742981,-0.05023552477359772,0.4308360815048218,0.3903164863586426,-0.05689987540245056,0.4602111876010895,0.3248702585697174,-0.060435518622398376,0.4671987295150757,0.27418431639671326,-0.06333605200052261,0.35908207297325134,0.5233917236328125,-0.014334098435938358,0.40339168906211853,0.4340288043022156,-0.01942329667508602,0.45239758491516113,0.4327329099178314,-0.031244829297065735,0.47844621539115906,0.439531147480011,-0.03882106393575668,0.34015142917633057,0.5287882089614868,0.018824879080057144,0.3377326726913452,0.441420316696167,0.012083875015377998,0.33986717462539673,0.40195971727371216,0.0010497201001271605,0.33414900302886963,0.37429946660995483,-0.0067665595561265945,Wrong
0.3660762310028076,0.7814582586288452,3.477795758044522e-07,0.46247008442878723,0.7516762018203735,-0.05559258535504341,0.5400693416595459,0.6536607146263123,-0.06765656918287277,0.5737655758857727,0.5680432319641113,-0.062486160546541214,0.54693603515625,0.5270072817802429,-0.05261887609958649,0.41792309284210205,0.5304701924324036,-0.08021500706672668,0.44963470101356506,0.4000336527824402,-0.09240604192018509,0.47110655903816223,0.340359628200531,-0.09888586401939392,0.47768092155456543,0.28374165296554565,-0.10213107615709305,0.38816070556640625,0.5160670876502991,-0.0472533255815506,0.43816882371902466,0.3862916827201843,-0.05483827739953995,0.4655279815196991,0.3275141417980194,-0.05733584985136986,0.46838274598121643,0.28234708309173584,-0.058492887765169144,0.3675968647003174,0.5178154110908508,-0.014347496442496777,0.40835344791412354,0.4204883575439453,-0.021129516884684563,0.4547118544578552,0.39815574884414673,-0.030202636495232582,0.477238267660141,0.38747143745422363,-0.03541386127471924,0.34778931736946106,0.5260643362998962,0.015409514307975769,0.34605467319488525,0.4388221800327301,0.007372594904154539,0.34430962800979614,0.3929884433746338,-0.0008020884706638753,0.3335745334625244,0.3584313690662384,-0.006057000253349543,Wrong
0.3672502040863037,0.7784090042114258,3.4171782203884504e-07,0.46387600898742676,0.7487231492996216,-0.0545026920735836,0.5433922410011292,0.6486670970916748,-0.06427789479494095,0.5785028338432312,0.5633681416511536,-0.05574008449912071,0.5537382364273071,0.5210503935813904,-0.0422370508313179,0.42124849557876587,0.5237177014350891,-0.0814032331109047,0.45424726605415344,0.39388319849967957,-0.09250745177268982,0.4726177453994751,0.3304932713508606,-0.09906671196222305,0.47656726837158203,0.2711985409259796,-0.10237598419189453,0.3862248957157135,0.5096973180770874,-0.045709606260061264,0.44309163093566895,0.38475149869918823,-0.04837843030691147,0.47545698285102844,0.32897794246673584,-0.047657310962677,0.4836033880710602,0.28544801473617554,-0.04729236662387848,0.3650224506855011,0.5110676884651184,-0.009663784876465797,0.40632814168930054,0.4149106740951538,-0.008697929792106152,0.45112475752830505,0.38550788164138794,-0.014270166866481304,0.4756137728691101,0.36967378854751587,-0.018509123474359512,0.3473585844039917,0.5201037526130676,0.022960029542446136,0.3469894230365753,0.432001531124115,0.021631291136145592,0.34983593225479126,0.3902777135372162,0.017011435702443123,0.34371763467788696,0.3629874289035797,0.014046784490346909,Wrong
0.37298890948295593,0.7701746821403503,2.7835315563606855e-07,0.47281748056411743,0.7405674457550049,-0.0437612310051918,0.5514912009239197,0.6500800848007202,-0.05035194009542465,0.5873600840568542,0.5665596723556519,-0.041876718401908875,0.5590037703514099,0.5258662700653076,-0.0289660282433033,0.43292921781539917,0.5229400992393494,-0.06780867278575897,0.4621502459049225,0.3856099843978882,-0.07226532697677612,0.4809861481189728,0.319760799407959,-0.07405304163694382,0.48616787791252136,0.2630670666694641,-0.07532325387001038,0.3954311013221741,0.5111412405967712,-0.03919750452041626,0.4594331979751587,0.4053197205066681,-0.04448944330215454,0.4940629303455353,0.38719576597213745,-0.04970236122608185,0.4997568130493164,0.37601718306541443,-0.053834058344364166,0.37221354246139526,0.5131049156188965,-0.009140643291175365,0.42219042778015137,0.4317712187767029,-0.011705400422215462,0.46874940395355225,0.4533100128173828,-0.02291126176714897,0.4887448847293854,0.4800180494785309,-0.031167782843112946,0.352283775806427,0.5200068950653076,0.01903926581144333,0.3504822850227356,0.4270836114883423,0.015871014446020126,0.3551115095615387,0.3866294026374817,0.005749780684709549,0.35037630796432495,0.35607075691223145,-0.002832386875525117,Wrong
0.3730645179748535,0.7776925563812256,3.488811444185558e-07,0.4707774221897125,0.7454695701599121,-0.050703685730695724,0.5494341850280762,0.6466211080551147,-0.05955701693892479,0.5860630869865417,0.5613195896148682,-0.05234073847532272,0.5564681887626648,0.5221726298332214,-0.0402187705039978,0.42637109756469727,0.5157952308654785,-0.06864547729492188,0.4602682590484619,0.3790671229362488,-0.07419119775295258,0.4799489676952362,0.3138890862464905,-0.07662158459424973,0.48457422852516174,0.25570130348205566,-0.0773438885807991,0.3927321434020996,0.5055549144744873,-0.03542223572731018,0.4555906653404236,0.39938080310821533,-0.0388573557138443,0.49170002341270447,0.37473180890083313,-0.04073403403162956,0.4983229339122772,0.36062419414520264,-0.04055841267108917,0.3719765543937683,0.5096475481987,-0.0017361413920298219,0.4154958724975586,0.42498689889907837,0.0001490599097451195,0.46838510036468506,0.4129576086997986,-0.006933012045919895,0.49753573536872864,0.41223645210266113,-0.01190160308033228,0.3523937165737152,0.5182269811630249,0.02877856232225895,0.34870898723602295,0.429091215133667,0.030946239829063416,0.3543294072151184,0.3869604170322418,0.02690095826983452,0.35137757658958435,0.3580566942691803,0.023761628195643425,Wrong
0.3709561824798584,0.7701550722122192,3.447404424150591e-07,0.46983063220977783,0.7415611147880554,-0.05363602936267853,0.5475524663925171,0.6463866233825684,-0.06510979682207108,0.582419216632843,0.5617609024047852,-0.05895053222775459,0.5550100803375244,0.5182110667228699,-0.04815337061882019,0.42627623677253723,0.5225913524627686,-0.0811464712023735,0.46233314275741577,0.3971633315086365,-0.0905502662062645,0.48130878806114197,0.34252357482910156,-0.09601249545812607,0.48320865631103516,0.2901991009712219,-0.09881489723920822,0.39079686999320984,0.5073398351669312,-0.04642828181385994,0.4508753716945648,0.3854927718639374,-0.0500263012945652,0.48467689752578735,0.32920536398887634,-0.05100849270820618,0.4912871718406677,0.2842176556587219,-0.051840640604496,0.36927807331085205,0.5091456770896912,-0.011101212352514267,0.4131892919540405,0.4179220199584961,-0.010178523138165474,0.4623025357723236,0.4042387902736664,-0.01659430004656315,0.4896020293235779,0.4017365872859955,-0.02152591571211815,0.35047221183776855,0.5181313753128052,0.020972687751054764,0.34659409523010254,0.4259980320930481,0.018948642536997795,0.34874826669692993,0.3800120949745178,0.012696484103798866,0.3444908857345581,0.3483009934425354,0.008147690445184708,Wrong
0.3712548613548279,0.7685517072677612,3.2442267183796503e-07,0.47021788358688354,0.7405440807342529,-0.05373738333582878,0.5477931499481201,0.648273229598999,-0.06479642540216446,0.5828718543052673,0.5612719058990479,-0.058162663131952286,0.5529860854148865,0.517616868019104,-0.04667162150144577,0.4243870675563812,0.5226502418518066,-0.08171463012695312,0.45371055603027344,0.3830481171607971,-0.09135362505912781,0.4713805615901947,0.3094729781150818,-0.09773764759302139,0.47483378648757935,0.24437075853347778,-0.10211949795484543,0.38916680216789246,0.5089632868766785,-0.04760196432471275,0.448684960603714,0.3966035544872284,-0.05263880267739296,0.4876950979232788,0.36299529671669006,-0.05655955895781517,0.4988701343536377,0.3370843529701233,-0.06054485961794853,0.3676108717918396,0.5098439455032349,-0.012901202775537968,0.4144960343837738,0.4285198748111725,-0.014812393113970757,0.46843862533569336,0.44451454281806946,-0.024453535676002502,0.4962425231933594,0.4671764373779297,-0.03186506778001785,0.34845173358917236,0.515929639339447,0.018768446519970894,0.3475634455680847,0.42487794160842896,0.015273735858500004,0.3551121950149536,0.3869223892688751,0.0061247097328305244,0.35297635197639465,0.3612865209579468,-0.001539252931252122,Wrong
0.36890217661857605,0.7692985534667969,3.353984538989607e-07,0.46659690141677856,0.7386996746063232,-0.04349987208843231,0.5427026152610779,0.6506070494651794,-0.05109765753149986,0.5783756375312805,0.567713737487793,-0.04355713352560997,0.5532994866371155,0.5254135131835938,-0.03182245418429375,0.4277673363685608,0.5259190797805786,-0.07235241681337357,0.45603689551353455,0.3853730261325836,-0.08047127723693848,0.4736328721046448,0.3162052631378174,-0.0854218602180481,0.4760676622390747,0.2582036852836609,-0.08836673945188522,0.392038494348526,0.5116601586341858,-0.04408051446080208,0.4535108804702759,0.3901878893375397,-0.049119338393211365,0.4893953800201416,0.34411680698394775,-0.05355019122362137,0.49686628580093384,0.30751848220825195,-0.05813217908143997,0.3685196042060852,0.5125277638435364,-0.014566930942237377,0.4188074469566345,0.4252028167247772,-0.01702393963932991,0.4649063050746918,0.44767606258392334,-0.026577023789286613,0.4832579493522644,0.4771633744239807,-0.033716149628162384,0.34719908237457275,0.5192748308181763,0.012909073382616043,0.34614551067352295,0.42487961053848267,0.007787682116031647,0.3498852849006653,0.38359349966049194,-0.0030612486880272627,0.34448572993278503,0.35479772090911865,-0.011850341223180294,Wrong
0.3392643928527832,0.7573863863945007,5.264930109660781e-07,0.4178156852722168,0.7151229381561279,-0.04614745453000069,0.4633695185184479,0.6359416246414185,-0.0734039694070816,0.5030195713043213,0.5547378659248352,-0.0988146960735321,0.5389729142189026,0.4876910150051117,-0.12152417004108429,0.43402883410453796,0.5047258138656616,0.013087852858006954,0.45914167165756226,0.43460097908973694,0.0073332590982317924,0.46229517459869385,0.43827491998672485,-0.003981542773544788,0.4415249824523926,0.4500265121459961,-0.008907170966267586,0.3974810242652893,0.49376776814460754,0.027791639789938927,0.451833575963974,0.4562472105026245,0.01881306804716587,0.46202340722084045,0.5221558213233948,-0.0005446485010907054,0.45433545112609863,0.5622923374176025,-0.008409544825553894,0.36548250913619995,0.493482768535614,0.03507060930132866,0.41040700674057007,0.45183175802230835,0.026966894045472145,0.4301082491874695,0.496196985244751,0.00788793619722128,0.43206173181533813,0.520697295665741,-0.0025922239292412996,0.3300032913684845,0.4985237121582031,0.039255183190107346,0.3313421308994293,0.4132324159145355,0.04200779274106026,0.33195948600769043,0.3648613691329956,0.03656238690018654,0.32560205459594727,0.3171348571777344,0.031140370294451714,Wrong
0.3576759994029999,0.758243203163147,5.217067382545792e-07,0.4362596273422241,0.7098527550697327,-0.05771178752183914,0.48300957679748535,0.6269067525863647,-0.08355116099119186,0.5309928059577942,0.5523606538772583,-0.10262509435415268,0.5719608664512634,0.48922404646873474,-0.11562953889369965,0.435847669839859,0.4961000382900238,-0.0061975871212780476,0.4889989495277405,0.4528469443321228,-0.01751059852540493,0.4806068241596222,0.5007646679878235,-0.025686820968985558,0.44649648666381836,0.5413053631782532,-0.021169904619455338,0.40074393153190613,0.4800885319709778,0.020687716081738472,0.4609740674495697,0.4060749411582947,0.03281399607658386,0.4912683367729187,0.3777826726436615,0.034700360149145126,0.5095701217651367,0.3372933864593506,0.03629881888628006,0.36881428956985474,0.48456767201423645,0.03726234659552574,0.4160021245479584,0.43588098883628845,0.04313739389181137,0.43795308470726013,0.46359971165657043,0.033452872186899185,0.44812890887260437,0.4809301495552063,0.02718454971909523,0.33706820011138916,0.491788774728775,0.048850346356630325,0.33827275037765503,0.41064900159835815,0.059615448117256165,0.33783355355262756,0.3572115898132324,0.05776374787092209,0.3353552222251892,0.3128003478050232,0.054119519889354706,Wrong
0.35113418102264404,0.7635681629180908,4.494314111980202e-07,0.43985626101493835,0.712272047996521,-0.058939386159181595,0.48598936200141907,0.6280010938644409,-0.08538874238729477,0.5306617021560669,0.5530047416687012,-0.103884257376194,0.5740902423858643,0.4927166998386383,-0.11665871739387512,0.4184644818305969,0.4826134145259857,-0.004195994231849909,0.47338998317718506,0.4369650185108185,-0.004701010882854462,0.4762033522129059,0.4730251133441925,-0.01201767846941948,0.4501519501209259,0.4932668209075928,-0.014900579117238522,0.3809923827648163,0.4773102104663849,0.02326672337949276,0.45722833275794983,0.4418073892593384,0.02234235219657421,0.4775535762310028,0.49834591150283813,0.00829683244228363,0.4726608097553253,0.5338884592056274,0.0017480666283518076,0.3541505038738251,0.4862925112247467,0.04364987462759018,0.41217097640037537,0.43558672070503235,0.04535677656531334,0.43644893169403076,0.4546507000923157,0.03001488745212555,0.4409662187099457,0.46038591861724854,0.019751008599996567,0.3305908739566803,0.4992692172527313,0.05941895768046379,0.3335222899913788,0.4142964482307434,0.06476467102766037,0.3349335193634033,0.3646201193332672,0.058558035641908646,0.33075350522994995,0.3184458017349243,0.05237378925085068,Wrong
0.35173988342285156,0.7614248991012573,4.405458184919553e-07,0.43962040543556213,0.7140937447547913,-0.05808749422430992,0.4872380793094635,0.6273762583732605,-0.083682119846344,0.5335490703582764,0.5503732562065125,-0.10077442973852158,0.5774919986724854,0.49138328433036804,-0.11129990220069885,0.42038413882255554,0.4884331226348877,-0.010551661252975464,0.4806506633758545,0.4417381286621094,-0.01497670728713274,0.4759489595890045,0.49516981840133667,-0.023021019995212555,0.44455355405807495,0.527845025062561,-0.024152081459760666,0.3830415606498718,0.4789855182170868,0.016748756170272827,0.4615860879421234,0.42822280526161194,0.017738094553351402,0.4871443212032318,0.45998892188072205,0.005851186346262693,0.4891183078289032,0.476159930229187,-6.509859304060228e-06,0.3555430471897125,0.48626428842544556,0.03701407462358475,0.41769424080848694,0.43270912766456604,0.040205735713243484,0.4437091648578644,0.4496351182460785,0.025432297959923744,0.45051509141921997,0.45615488290786743,0.015457958914339542,0.3329254984855652,0.4991087317466736,0.05274619162082672,0.3377704918384552,0.4139705002307892,0.060019392520189285,0.33809393644332886,0.3637012243270874,0.05526954308152199,0.3337167203426361,0.3188304305076599,0.05004509910941124,Wrong
0.3499194085597992,0.7599107623100281,2.8871815516140487e-07,0.43969398736953735,0.7144802808761597,-0.059125546365976334,0.4890444278717041,0.6284666061401367,-0.08180838078260422,0.5353670120239258,0.5535545349121094,-0.09454187750816345,0.5772594213485718,0.49682727456092834,-0.09952926635742188,0.41568899154663086,0.49017325043678284,-0.01565186120569706,0.48076242208480835,0.45061853528022766,-0.021298818290233612,0.47946229577064514,0.5082951784133911,-0.027779806405305862,0.45093271136283875,0.5445904731750488,-0.027486182749271393,0.37865254282951355,0.480401873588562,0.013200684450566769,0.4595106244087219,0.43929389119148254,0.00870966725051403,0.48156431317329407,0.48557522892951965,-0.00406899768859148,0.4786771833896637,0.5126338601112366,-0.009340737015008926,0.35277268290519714,0.4877995550632477,0.035334184765815735,0.41472935676574707,0.44069305062294006,0.031546883285045624,0.43694981932640076,0.4673713743686676,0.015539935790002346,0.44019627571105957,0.4792514145374298,0.006712853442877531,0.3324349820613861,0.49910420179367065,0.05348288640379906,0.33633047342300415,0.41418370604515076,0.055131133645772934,0.33655762672424316,0.36516809463500977,0.047769512981176376,0.3327312171459198,0.3197450041770935,0.041849952191114426,Wrong
0.34819334745407104,0.7588509321212769,3.682450255837466e-07,0.4353982210159302,0.7186357378959656,-0.06155313551425934,0.485701322555542,0.6317117214202881,-0.08489920198917389,0.5339774489402771,0.555036723613739,-0.09709402918815613,0.5753867626190186,0.4968107342720032,-0.10061892867088318,0.4121776819229126,0.49502307176589966,-0.025273878127336502,0.4835635721683502,0.4549529552459717,-0.035879842936992645,0.47777700424194336,0.5173231363296509,-0.041892439126968384,0.4449083209037781,0.5563457012176514,-0.03802090883255005,0.3777361512184143,0.4790542721748352,0.00574249355122447,0.45815613865852356,0.41766706109046936,0.00684504397213459,0.4902978241443634,0.4096553921699524,-0.0005153294769115746,0.5026278495788574,0.3830099105834961,-0.005070357117801905,0.3524283766746521,0.4842848479747772,0.029431283473968506,0.4154176115989685,0.4362472593784332,0.027929671108722687,0.43626338243484497,0.46432510018348694,0.014825115911662579,0.4407435953617096,0.47761070728302,0.007049560081213713,0.3327659070491791,0.4943145513534546,0.048813942819833755,0.33572304248809814,0.41052648425102234,0.05345342680811882,0.33439409732818604,0.35949432849884033,0.04857047647237778,0.33034422993659973,0.31523561477661133,0.04360262677073479,Wrong
0.3531874418258667,0.761099100112915,4.55026736290165e-07,0.44089657068252563,0.7142407894134521,-0.060640621930360794,0.488554447889328,0.6283543705940247,-0.08455953747034073,0.5361573696136475,0.5529299378395081,-0.09874974191188812,0.5784416198730469,0.49571657180786133,-0.10517946630716324,0.4181995093822479,0.49368539452552795,-0.01594371534883976,0.48256373405456543,0.45030856132507324,-0.023955438286066055,0.4779648184776306,0.5083630681037903,-0.030878137797117233,0.4467065632343292,0.5457984805107117,-0.028497155755758286,0.3825344741344452,0.4810241460800171,0.013791138306260109,0.45845937728881836,0.41471847891807556,0.017182687297463417,0.49070656299591064,0.40855568647384644,0.009263222105801105,0.5031145811080933,0.38817834854125977,0.00452404236420989,0.3557656407356262,0.48794668912887573,0.035609520971775055,0.4157539904117584,0.43457433581352234,0.0363319106400013,0.4382058382034302,0.4557291567325592,0.02244369126856327,0.4443454146385193,0.4653124213218689,0.013926162384450436,0.3342553377151489,0.49883943796157837,0.052842214703559875,0.33649978041648865,0.4151636064052582,0.05876671522855759,0.3354717791080475,0.36260682344436646,0.053915563970804214,0.33192166686058044,0.31696242094039917,0.04888288304209709,Wrong
0.35340219736099243,0.7588987946510315,4.5950233129588014e-07,0.43856096267700195,0.7096408009529114,-0.05507973954081535,0.4900093674659729,0.6238885521888733,-0.07707598060369492,0.535790741443634,0.54751056432724,-0.09090255945920944,0.572346031665802,0.4812433421611786,-0.09891539067029953,0.4139511287212372,0.4876152575016022,-0.007844283245503902,0.45977509021759033,0.4157755374908447,-0.008911178447306156,0.4817069470882416,0.42110514640808105,-0.014168288558721542,0.4819120466709137,0.427275151014328,-0.017794473096728325,0.38083192706108093,0.4835381507873535,0.015663331374526024,0.4569230377674103,0.4458464980125427,0.0008368397830054164,0.4761311709880829,0.5138238072395325,-0.015160858631134033,0.4710618555545807,0.564145565032959,-0.01932741515338421,0.3579162061214447,0.48978766798973083,0.03287620469927788,0.41614341735839844,0.42945754528045654,0.024011844769120216,0.444059282541275,0.44530344009399414,0.010429242625832558,0.4545232355594635,0.45049941539764404,0.00398219283670187,0.3376008868217468,0.49998876452445984,0.04580875486135483,0.3393757939338684,0.4127991795539856,0.04373781383037567,0.3415754437446594,0.3631550073623657,0.03668995201587677,0.33985835313796997,0.31537967920303345,0.031416092067956924,Wrong
0.35018306970596313,0.7563320398330688,2.6233868766212254e-07,0.418386310338974,0.7134134769439697,-0.08768961578607559,0.4465571641921997,0.6170412302017212,-0.1272418051958084,0.4830563962459564,0.5185046195983887,-0.14901572465896606,0.5179737210273743,0.4353641867637634,-0.16055217385292053,0.35956063866615295,0.4786061644554138,-0.08183956146240234,0.46072661876678467,0.4141256809234619,-0.11661985516548157,0.4834572970867157,0.4832969903945923,-0.13748879730701447,0.4634782671928406,0.534171462059021,-0.14442043006420135,0.3252025842666626,0.4651542901992798,-0.04304473474621773,0.429997980594635,0.39250487089157104,-0.06817777454853058,0.4539908170700073,0.4600244164466858,-0.07763227075338364,0.4342788755893707,0.5026282072067261,-0.08072226494550705,0.31127601861953735,0.47175225615501404,-0.01126087550073862,0.4041675925254822,0.40102705359458923,-0.03323104977607727,0.42420634627342224,0.45727550983428955,-0.02996925264596939,0.40547019243240356,0.495582640171051,-0.02403513714671135,0.3084085285663605,0.48409658670425415,0.014086654409766197,0.38093024492263794,0.4233989417552948,-0.0013036219170317054,0.3986501395702362,0.4640953242778778,0.002435447182506323,0.38292619585990906,0.49777093529701233,0.008574159815907478,Wrong
0.35013431310653687,0.7779990434646606,-9.829302172192911e-08,0.4316360652446747,0.7248358726501465,-0.07437146455049515,0.45881152153015137,0.6317254304885864,-0.11516842991113663,0.4890780448913574,0.5266637206077576,-0.14339733123779297,0.5263328552246094,0.4410053789615631,-0.16035960614681244,0.3553052544593811,0.5063025951385498,-0.07598258554935455,0.4512716233730316,0.4127543270587921,-0.11758795380592346,0.475868284702301,0.48568660020828247,-0.13939374685287476,0.45588207244873047,0.542799711227417,-0.1468852311372757,0.32139402627944946,0.4854750335216522,-0.049038928002119064,0.4257965385913849,0.3904397189617157,-0.08084069192409515,0.45275238156318665,0.4607764482498169,-0.08972436189651489,0.4328685700893402,0.5129031538963318,-0.0927145853638649,0.30742761492729187,0.48274463415145874,-0.028524141758680344,0.4032766819000244,0.389434814453125,-0.05359150096774101,0.4291883707046509,0.445536732673645,-0.04527219012379646,0.4104492962360382,0.4928256571292877,-0.0361894927918911,0.3027416467666626,0.48589521646499634,-0.014026080258190632,0.37585148215293884,0.39387327432632446,-0.026970023289322853,0.3994588553905487,0.4287911355495453,-0.017267165705561638,0.38424938917160034,0.4693966507911682,-0.007957099005579948,Wrong
0.3570009171962738,0.7832936644554138,-7.007695046468143e-08,0.4371236562728882,0.7298741340637207,-0.06936785578727722,0.46527573466300964,0.6453744173049927,-0.10992053896188736,0.49642500281333923,0.5478804111480713,-0.1388116329908371,0.5390921831130981,0.4744838774204254,-0.15733009576797485,0.3556128144264221,0.5087724328041077,-0.07145970314741135,0.4501199424266815,0.4225824475288391,-0.10435863584280014,0.46432924270629883,0.5018449425697327,-0.12169266492128372,0.44049811363220215,0.5546123385429382,-0.1289152204990387,0.31677573919296265,0.4957807958126068,-0.04617380350828171,0.41523879766464233,0.4173637330532074,-0.07185877859592438,0.4347429871559143,0.48816633224487305,-0.07892469316720963,0.4125508964061737,0.5340826511383057,-0.08218313008546829,0.29848572611808777,0.501672625541687,-0.02606556937098503,0.386680543422699,0.42211082577705383,-0.046157628297805786,0.4046913981437683,0.4796445965766907,-0.03782188519835472,0.3847900927066803,0.5252431035041809,-0.030057989060878754,0.29277652502059937,0.5101363062858582,-0.011442852206528187,0.3592415750026703,0.43631526827812195,-0.023358764126896858,0.3764702379703522,0.4736725389957428,-0.014595174230635166,0.35893797874450684,0.5127670764923096,-0.006026361603289843,Wrong
0.3747718334197998,0.7168014049530029,-1.110129943526772e-07,0.439022958278656,0.6676313281059265,-0.042831119149923325,0.46979430317878723,0.5610133409500122,-0.06501741707324982,0.4748871624469757,0.46341684460639954,-0.08696591109037399,0.4792121350765228,0.38802987337112427,-0.10266248136758804,0.47075289487838745,0.46340036392211914,-0.03085547313094139,0.4943012595176697,0.36813193559646606,-0.07909910380840302,0.5017572641372681,0.36399316787719727,-0.10495460778474808,0.493900328874588,0.39809975028038025,-0.11385878920555115,0.41881969571113586,0.44494307041168213,-0.02491428330540657,0.41960856318473816,0.5072620511054993,-0.07867992669343948,0.41757041215896606,0.5988625288009644,-0.08942560851573944,0.42282480001449585,0.6453443169593811,-0.08418300002813339,0.3727602958679199,0.4504219591617584,-0.027554553002119064,0.371656596660614,0.5408825874328613,-0.08021364361047745,0.38478490710258484,0.6161727905273438,-0.07788515836000443,0.4035877585411072,0.6439849138259888,-0.06302531808614731,0.332815021276474,0.46885284781455994,-0.034752581268548965,0.3402698040008545,0.5411924719810486,-0.06902716308832169,0.355612576007843,0.602897047996521,-0.06704048812389374,0.3739977777004242,0.6266517639160156,-0.05495039001107216,Wrong
0.25005459785461426,0.6397317051887512,3.750111332578854e-08,0.36265385150909424,0.6351727843284607,-0.01554475910961628,0.44708767533302307,0.5690175294876099,-0.02875245362520218,0.5158999562263489,0.49683165550231934,-0.039309557527303696,0.5743786096572876,0.4530874192714691,-0.04648379981517792,0.39046669006347656,0.3981834650039673,-0.025423763319849968,0.42292752861976624,0.3048606514930725,-0.033124011009931564,0.41882652044296265,0.36558371782302856,-0.03731770068407059,0.403186172246933,0.41783013939857483,-0.038263410329818726,0.32754915952682495,0.3691481053829193,-0.021596403792500496,0.3665207624435425,0.2913818359375,-0.01132667064666748,0.3710349500179291,0.3448234498500824,-0.0046275886707007885,0.35928964614868164,0.3901228904724121,-0.006696473341435194,0.26885831356048584,0.3679943084716797,-0.0180071908980608,0.30688339471817017,0.30986088514328003,-0.00872764177620411,0.3156147003173828,0.3523273169994354,0.00035021320218220353,0.30572277307510376,0.39485815167427063,-0.00034141461947001517,0.22121194005012512,0.38180094957351685,-0.01529417373239994,0.25306299328804016,0.3336261212825775,-0.006861206144094467,0.26235702633857727,0.3695240020751953,0.0068582454696297646,0.2539762854576111,0.40767157077789307,0.014558810740709305,Wrong
0.30777767300605774,0.719055712223053,4.0794512301545183e-07,0.41669049859046936,0.7001876831054688,-0.03199086710810661,0.5027850866317749,0.6365416646003723,-0.04466879740357399,0.5782634019851685,0.5991407036781311,-0.05493568629026413,0.6440905332565308,0.588318943977356,-0.06410306692123413,0.4442130923271179,0.44891583919525146,-0.025128895416855812,0.4694536328315735,0.32328659296035767,-0.03059299662709236,0.4786808490753174,0.2483031004667282,-0.03706718981266022,0.4843418300151825,0.1867866814136505,-0.04496264457702637,0.38248908519744873,0.4235381484031677,-0.022661587223410606,0.39143216609954834,0.27747440338134766,-0.024770747870206833,0.40052810311317444,0.1947248876094818,-0.033514149487018585,0.40458112955093384,0.1325145661830902,-0.04369555413722992,0.3232690095901489,0.4372160732746124,-0.022320935502648354,0.32733142375946045,0.3389180600643158,-0.042232487350702286,0.33256977796554565,0.388616144657135,-0.05299441143870354,0.3317553400993347,0.4408656060695648,-0.05702425539493561,0.27582842111587524,0.47481197118759155,-0.02428795024752617,0.2753307819366455,0.4465864896774292,-0.04970373958349228,0.2851206064224243,0.4888971745967865,-0.05868879705667496,0.29181045293807983,0.5330991744995117,-0.060789674520492554,Wrong
0.33224010467529297,0.6674570441246033,8.049270263654762e-07,0.43018850684165955,0.6565977334976196,-0.0320061519742012,0.5120112895965576,0.5962604880332947,-0.03536682203412056,0.5859792232513428,0.5677343010902405,-0.03434837982058525,0.6400614976882935,0.5506673455238342,-0.027769841253757477,0.41653960943222046,0.40886417031288147,0.018445264548063278,0.43523481488227844,0.2766290009021759,0.02052679844200611,0.4893798828125,0.2635025382041931,0.01524114515632391,0.529126763343811,0.2735271453857422,0.014381497167050838,0.3959326148033142,0.38708972930908203,0.0346672348678112,0.4397991895675659,0.2538872957229614,0.03609655052423477,0.5090914368629456,0.25702905654907227,0.02139647863805294,0.5451518893241882,0.29884231090545654,0.013658120296895504,0.39074599742889404,0.376844584941864,0.046342961490154266,0.43596580624580383,0.25818443298339844,0.047576162964105606,0.4978897273540497,0.2616310715675354,0.032583191990852356,0.5295789241790771,0.2960452437400818,0.025884870439767838,0.39813232421875,0.3747299611568451,0.05443139374256134,0.4498104751110077,0.28238391876220703,0.057663444429636,0.4983825385570526,0.2725386619567871,0.0545571967959404,0.5292856097221375,0.287271112203598,0.054924748837947845,Wrong
0.5799614191055298,0.8150236010551453,-2.477563327829557e-07,0.5107731819152832,0.7675596475601196,-0.07356570661067963,0.44210517406463623,0.699448823928833,-0.10683320462703705,0.36668896675109863,0.6692853569984436,-0.12636297941207886,0.3168625831604004,0.6436723470687866,-0.14075924456119537,0.5430532097816467,0.5628307461738586,-0.0735844150185585,0.5135749578475952,0.42943471670150757,-0.08770518749952316,0.4620397686958313,0.42592841386795044,-0.09407737106084824,0.4293302297592163,0.45767346024513245,-0.09384628385305405,0.561756432056427,0.5660900473594666,-0.030887996777892113,0.5114295482635498,0.44714218378067017,-0.03714808076620102,0.4564189910888672,0.4526570737361908,-0.04213673621416092,0.4319838583469391,0.4924026131629944,-0.044136859476566315,0.5697839856147766,0.5755375027656555,0.008239713497459888,0.5253298282623291,0.46608519554138184,0.005060379859060049,0.469784677028656,0.47080573439598083,-0.0012051966041326523,0.4399065673351288,0.5048779249191284,-0.0037467223592102528,0.5688835978507996,0.5826499462127686,0.04275434836745262,0.5341145396232605,0.49173346161842346,0.03885859623551369,0.48647427558898926,0.48138463497161865,0.037521518766880035,0.45230233669281006,0.5029963254928589,0.040012896060943604,Wrong
0.5862932801246643,0.8128833770751953,-3.0252863325586077e-07,0.5120718479156494,0.7674930095672607,-0.07671750336885452,0.44726449251174927,0.6975821256637573,-0.10472773760557175,0.38120704889297485,0.6615598797798157,-0.11451601982116699,0.3338196575641632,0.6357693076133728,-0.11668822169303894,0.555261492729187,0.5526149868965149,-0.07625352591276169,0.5108426809310913,0.4200591444969177,-0.07670090347528458,0.4566531181335449,0.42492741346359253,-0.0695217102766037,0.4245629906654358,0.46160462498664856,-0.06108217313885689,0.5724363923072815,0.5608389973640442,-0.02515658177435398,0.5135460495948792,0.44341665506362915,-0.02072138525545597,0.4570624828338623,0.4557536244392395,-0.017214970663189888,0.43329918384552,0.4957297444343567,-0.014997393824160099,0.5765697956085205,0.5785827040672302,0.023677971214056015,0.5252418518066406,0.4784450829029083,0.028826436027884483,0.4739275276660919,0.4909157454967499,0.024828849360346794,0.44714605808258057,0.5281058549880981,0.021942708641290665,0.5740886330604553,0.5942614078521729,0.06814145296812057,0.5316537022590637,0.5177226066589355,0.06799248605966568,0.4896880090236664,0.5166583061218262,0.06489245593547821,0.463153213262558,0.5406248569488525,0.06528259068727493,Wrong
0.5762665867805481,0.8271065354347229,-3.8490134102175944e-07,0.49931395053863525,0.7799099087715149,-0.07122772932052612,0.4384585916996002,0.707069993019104,-0.0974016860127449,0.378084659576416,0.6611484289169312,-0.10548677295446396,0.3380175232887268,0.629115879535675,-0.10609540343284607,0.5486313104629517,0.5700905323028564,-0.08289100229740143,0.5074413418769836,0.4347303807735443,-0.08695153146982193,0.4522186815738678,0.4319888949394226,-0.08092966675758362,0.41469869017601013,0.46139270067214966,-0.07293341308832169,0.5723866820335388,0.5770599246025085,-0.03480924293398857,0.513360857963562,0.45256316661834717,-0.03479781746864319,0.4537152349948883,0.4585283398628235,-0.031430914998054504,0.4234776794910431,0.49487581849098206,-0.02911590039730072,0.5793049931526184,0.592995285987854,0.012355729006230831,0.5294869542121887,0.48440220952033997,0.014421186409890652,0.4727463126182556,0.49227187037467957,0.012258931063115597,0.439615398645401,0.5275900959968567,0.011068942956626415,0.5767785310745239,0.6086524724960327,0.055846042931079865,0.5363476276397705,0.5266329050064087,0.05375330522656441,0.490491658449173,0.5198193192481995,0.05111803486943245,0.4567762017250061,0.540483295917511,0.05217214673757553,Wrong
0.565170168876648,0.8362281918525696,-3.9014784647406486e-07,0.4934288561344147,0.7843145132064819,-0.056742195039987564,0.434639036655426,0.7066842913627625,-0.08338994532823563,0.3850591778755188,0.6393448710441589,-0.09561897814273834,0.34594422578811646,0.6026376485824585,-0.1014743372797966,0.5343361496925354,0.5883998274803162,-0.08464331924915314,0.5086824893951416,0.44590693712234497,-0.09250766783952713,0.4630594849586487,0.43511736392974854,-0.08306285738945007,0.4328661561012268,0.46060439944267273,-0.07132226228713989,0.5718219876289368,0.5850318670272827,-0.04770539700984955,0.5371695756912231,0.43623408675193787,-0.05724884569644928,0.47872135043144226,0.43840768933296204,-0.043429434299468994,0.4506867527961731,0.4730675220489502,-0.029021872207522392,0.5874904990196228,0.5927245616912842,-0.010441594757139683,0.5597743988037109,0.4627685844898224,-0.0177399180829525,0.5054086446762085,0.46283066272735596,-0.009222612716257572,0.475127249956131,0.49184098839759827,0.0010472815483808517,0.5923263430595398,0.6071164011955261,0.024617142975330353,0.5640506148338318,0.5026297569274902,0.02262919209897518,0.5228626132011414,0.485792875289917,0.02843402698636055,0.49679017066955566,0.4987393319606781,0.03616335988044739,Wrong
0.5737431645393372,0.8279718160629272,-2.2333594529300171e-07,0.4947078824043274,0.7895704507827759,-0.05933830887079239,0.4332717955112457,0.7118169069290161,-0.0859091579914093,0.38165485858917236,0.6425459980964661,-0.0968182161450386,0.3386307954788208,0.6030043363571167,-0.10060082376003265,0.5340662598609924,0.5898594856262207,-0.09055270999670029,0.5167219638824463,0.44158080220222473,-0.10165049880743027,0.47011303901672363,0.4170234203338623,-0.09440115094184875,0.4380216896533966,0.4316701292991638,-0.08380401879549026,0.5751007795333862,0.5846560597419739,-0.0529765859246254,0.5549193620681763,0.4310452342033386,-0.06880922615528107,0.49679771065711975,0.4145151674747467,-0.058723725378513336,0.46287310123443604,0.43452590703964233,-0.04515981674194336,0.5930347442626953,0.5895819664001465,-0.015177755616605282,0.5766358375549316,0.4584973454475403,-0.026289179921150208,0.5247255563735962,0.4430626332759857,-0.021655628457665443,0.49117010831832886,0.45566630363464355,-0.012829655781388283,0.5991309881210327,0.6000751256942749,0.020336002111434937,0.5770787000656128,0.49793702363967896,0.01567121036350727,0.5394178628921509,0.47502201795578003,0.01804432086646557,0.5118357539176941,0.4777834713459015,0.02378566563129425,Wrong
0.5727532505989075,0.8308192491531372,-1.0491485369357179e-07,0.4927164316177368,0.7961239218711853,-0.04772989824414253,0.4278509020805359,0.7294182777404785,-0.07476425170898438,0.3734859526157379,0.6658478379249573,-0.08892405778169632,0.3291753828525543,0.6301819086074829,-0.09779317677021027,0.5233403444290161,0.5973580479621887,-0.08793044090270996,0.499896764755249,0.4557873606681824,-0.10141168534755707,0.462188184261322,0.41346487402915955,-0.09665026515722275,0.4324357807636261,0.4057241976261139,-0.08779245615005493,0.5685194730758667,0.5849990844726562,-0.058798953890800476,0.5498220920562744,0.43349820375442505,-0.07702896744012833,0.5040872693061829,0.38652241230010986,-0.0688895434141159,0.4683663845062256,0.3781110942363739,-0.05816579982638359,0.5922483801841736,0.5892082452774048,-0.028186054900288582,0.5848360061645508,0.45892804861068726,-0.03924769163131714,0.5450966358184814,0.41444605588912964,-0.03227030113339424,0.5109614133834839,0.40162861347198486,-0.022723456844687462,0.6013762950897217,0.603312075138092,0.0006157814059406519,0.59395432472229,0.5012824535369873,-0.000779534864705056,0.567391574382782,0.4585353434085846,0.005504811182618141,0.541581928730011,0.44006261229515076,0.012878487817943096,Wrong
0.569804847240448,0.8237924575805664,-4.953164989274228e-08,0.4867229759693146,0.7945318222045898,-0.042274098843336105,0.42068010568618774,0.7322286367416382,-0.06763206422328949,0.36446481943130493,0.6726080775260925,-0.08239515125751495,0.3179874122142792,0.6398833394050598,-0.09305758774280548,0.51618492603302,0.5929972529411316,-0.0756993368268013,0.4950951635837555,0.45364442467689514,-0.08862105756998062,0.4588005840778351,0.40560758113861084,-0.08705690503120422,0.4275887608528137,0.3905797600746155,-0.081028051674366,0.5623071193695068,0.5786468982696533,-0.051342785358428955,0.542904794216156,0.4333578646183014,-0.06496936827898026,0.503191351890564,0.3785601258277893,-0.05877438560128212,0.47045671939849854,0.35803741216659546,-0.051148880273103714,0.5887282490730286,0.5802225470542908,-0.02610238827764988,0.5834740400314331,0.4521169066429138,-0.03319016098976135,0.5489139556884766,0.4031561017036438,-0.02687487006187439,0.515589714050293,0.3845270872116089,-0.01913369633257389,0.6002271175384521,0.591349184513092,-0.002935094526037574,0.5957525968551636,0.4898362159729004,-0.002065296284854412,0.572262167930603,0.4465827941894531,0.004896212834864855,0.5471252202987671,0.4266861081123352,0.012406150810420513,Wrong
0.5611826777458191,0.8141963481903076,2.5838824058155296e-07,0.4685761034488678,0.7970820069313049,-0.04530830308794975,0.39679259061813354,0.7468312978744507,-0.07492706179618835,0.33227378129959106,0.7077147960662842,-0.09502122551202774,0.2783755660057068,0.6893676519393921,-0.11296921223402023,0.4937906563282013,0.5954673886299133,-0.07988188415765762,0.46515342593193054,0.4616765081882477,-0.09702944755554199,0.4269391894340515,0.40627020597457886,-0.10263755917549133,0.3943888545036316,0.37620246410369873,-0.10192031413316727,0.5409551858901978,0.5759710669517517,-0.05637328326702118,0.5213714241981506,0.43288904428482056,-0.06968428939580917,0.4896121323108673,0.3629036545753479,-0.06755797564983368,0.46294599771499634,0.32225990295410156,-0.06379839032888412,0.5694600939750671,0.5745445489883423,-0.03226928785443306,0.5635153651237488,0.4563407003879547,-0.03752981871366501,0.5322504639625549,0.4075852632522583,-0.032895758748054504,0.5012494325637817,0.38312429189682007,-0.026798991486430168,0.5816510319709778,0.5813753008842468,-0.010989898815751076,0.5773171782493591,0.487761914730072,-0.009158270433545113,0.5561004281044006,0.4444642961025238,-0.0012036864645779133,0.5332949757575989,0.42197221517562866,0.007254402618855238,Wrong
0.5526964068412781,0.8288004994392395,5.332461228135799e-07,0.4560246169567108,0.8147613406181335,-0.05323241278529167,0.38069188594818115,0.772205650806427,-0.08722101151943207,0.31132596731185913,0.741594672203064,-0.11087623238563538,0.25426551699638367,0.7396186590194702,-0.13463303446769714,0.47849035263061523,0.6134331822395325,-0.08489146828651428,0.4370485842227936,0.4804283082485199,-0.10301420837640762,0.40915173292160034,0.40523308515548706,-0.11401251703500748,0.38904228806495667,0.3461507558822632,-0.1208011582493782,0.5265460014343262,0.5914195775985718,-0.062138862907886505,0.5104303359985352,0.4457489252090454,-0.07845339924097061,0.4941861629486084,0.3562750816345215,-0.08668150752782822,0.4807053208351135,0.2903142273426056,-0.092969611287117,0.5556865334510803,0.5885151028633118,-0.039350222796201706,0.5539781451225281,0.46532967686653137,-0.05107574909925461,0.5365809798240662,0.3913028836250305,-0.06258555501699448,0.5155255198478699,0.33830034732818604,-0.0695064440369606,0.5681765079498291,0.5933083295822144,-0.019414883106946945,0.5675781965255737,0.49557676911354065,-0.025495285168290138,0.558201789855957,0.44566577672958374,-0.02656397968530655,0.5448908805847168,0.41075313091278076,-0.02624301239848137,Wrong
0.5527303814888,0.8246054649353027,5.083015821583103e-07,0.45677193999290466,0.8139855861663818,-0.0524127222597599,0.38068217039108276,0.7749184370040894,-0.08606915175914764,0.3089490830898285,0.7458988428115845,-0.10949869453907013,0.251595675945282,0.7457260489463806,-0.13297532498836517,0.47381898760795593,0.6147183179855347,-0.08448798209428787,0.43082132935523987,0.48049741983413696,-0.10299588739871979,0.40144750475883484,0.4058876931667328,-0.11394268274307251,0.38136544823646545,0.34822481870651245,-0.12043419480323792,0.5201263427734375,0.5900290608406067,-0.06111336871981621,0.4994242787361145,0.4446503221988678,-0.07663030177354813,0.48242953419685364,0.35749149322509766,-0.08375220745801926,0.47017794847488403,0.2945646047592163,-0.08938062936067581,0.5494815111160278,0.5854411721229553,-0.037632931023836136,0.547472357749939,0.4633946716785431,-0.04743648320436478,0.5304957032203674,0.395243763923645,-0.056690651923418045,0.5102648735046387,0.34808385372161865,-0.0622587613761425,0.5626912117004395,0.5901950597763062,-0.017132878303527832,0.559796929359436,0.49551573395729065,-0.021201467141509056,0.5500670075416565,0.44700273871421814,-0.02118457481265068,0.5374907851219177,0.4134189784526825,-0.020192457363009453,Wrong
0.5438753962516785,0.7979403138160706,4.5568893369818397e-07,0.44963762164115906,0.7917580604553223,-0.05384734645485878,0.3716945946216583,0.7582007050514221,-0.08826491236686707,0.2991870641708374,0.735678493976593,-0.1120164692401886,0.2421330213546753,0.7344686388969421,-0.13571619987487793,0.45983457565307617,0.5913823843002319,-0.08646965771913528,0.4135168492794037,0.4627224802970886,-0.103406623005867,0.3792727291584015,0.3935113251209259,-0.11282363533973694,0.35462087392807007,0.3419252038002014,-0.11861258745193481,0.504967987537384,0.5636794567108154,-0.06236816197633743,0.4728676974773407,0.4227314591407776,-0.07834084331989288,0.44948381185531616,0.3388604521751404,-0.08637375384569168,0.4335653483867645,0.2772943079471588,-0.09289298951625824,0.5346448421478271,0.5566695928573608,-0.03804103285074234,0.5248553156852722,0.43795228004455566,-0.04828249290585518,0.5065479874610901,0.36785054206848145,-0.05984797328710556,0.48708251118659973,0.3173999786376953,-0.06789679080247879,0.548921525478363,0.5591391921043396,-0.016553863883018494,0.5380511283874512,0.46992355585098267,-0.021169021725654602,0.527441143989563,0.42370957136154175,-0.02267526276409626,0.5164153575897217,0.39190834760665894,-0.02345903031527996,Wrong
0.563090980052948,0.7632714509963989,2.63744141193456e-07,0.47131115198135376,0.7516504526138306,-0.04507455229759216,0.39646971225738525,0.7091485857963562,-0.07505205273628235,0.32882532477378845,0.6720827221870422,-0.09537772834300995,0.2747596502304077,0.6594619154930115,-0.11537277698516846,0.4836980700492859,0.5569860935211182,-0.07889731228351593,0.4397570490837097,0.42816704511642456,-0.09592043608427048,0.40389207005500793,0.3641572594642639,-0.10518151521682739,0.3765798807144165,0.31741863489151,-0.10986177623271942,0.5280740857124329,0.5286394953727722,-0.05709616839885712,0.4932198226451874,0.39019739627838135,-0.0711340606212616,0.4665696620941162,0.3137142062187195,-0.07531475275754929,0.4460853934288025,0.25694167613983154,-0.07889968901872635,0.555919349193573,0.5206611156463623,-0.034498486667871475,0.5402471423149109,0.40237945318222046,-0.04201282560825348,0.5190595388412476,0.33516186475753784,-0.04777763411402702,0.49613359570503235,0.288395494222641,-0.05161873623728752,0.5690017342567444,0.5227629542350769,-0.014224930666387081,0.5553702116012573,0.43064117431640625,-0.01550255622714758,0.542362630367279,0.38255542516708374,-0.013664155267179012,0.5288648009300232,0.3489430546760559,-0.01191200502216816,Wrong
