x0,y0,z0,x1,y1,z1,x2,y2,z2,x3,y3,z3,x4,y4,z4,x5,y5,z5,x6,y6,z6,x7,y7,z7,x8,y8,z8,x9,y9,z9,x10,y10,z10,x11,y11,z11,x12,y12,z12,x13,y13,z13,x14,y14,z14,x15,y15,z15,x16,y16,z16,x17,y17,z17,x18,y18,z18,x19,y19,z19,x20,y20,z20,label
0.5111308693885803,0.8138001561164856,4.728418332433648e-07,0.4050585627555847,0.7613937854766846,-0.04949493706226349,0.34917283058166504,0.6638144850730896,-0.07237850874662399,0.3210762143135071,0.5490927696228027,-0.07965479791164398,0.2941122055053711,0.46247225999832153,-0.08230961859226227,0.45639699697494507,0.5301281809806824,-0.08186887949705124,0.43273410201072693,0.3521369993686676,-0.08953826129436493,0.41713017225265503,0.2583557367324829,-0.08521195501089096,0.4121604561805725,0.18634316325187683,-0.08005017787218094,0.5125064849853516,0.5253061652183533,-0.046544451266527176,0.4961131811141968,0.3440462350845337,-0.06434767693281174,0.4866849184036255,0.2458275556564331,-0.06142902001738548,0.4842599332332611,0.17192494869232178,-0.05544089898467064,0.5465107560157776,0.5383859276771545,-0.00915271881967783,0.5380001664161682,0.38828760385513306,-0.019732659682631493,0.5300911664962769,0.2978350818157196,-0.022031215950846672,0.5220698118209839,0.23172596096992493,-0.018837762996554375,0.569870114326477,0.5620741844177246,0.027143025770783424,0.5788151621818542,0.4572419822216034,0.030668415129184723,0.5773183703422546,0.39113306999206543,0.03325185924768448,0.5732625126838684,0.3395503759384155,0.03699919208884239,Left
0.5039405822753906,0.8137179613113403,5.024977554057841e-07,0.40246614813804626,0.7575048804283142,-0.06166395545005798,0.3446953594684601,0.6642114520072937,-0.09298045933246613,0.3075488805770874,0.5511347055435181,-0.10667073726654053,0.27494239807128906,0.4620162844657898,-0.11568709462881088,0.44791722297668457,0.5341557264328003,-0.09773778170347214,0.4214252829551697,0.35546454787254333,-0.10719325393438339,0.40513840317726135,0.2610006034374237,-0.1012042760848999,0.4004470109939575,0.1940891444683075,-0.0934629961848259,0.5032230615615845,0.5297245979309082,-0.05403425171971321,0.4832803010940552,0.34918004274368286,-0.06585784256458282,0.4730762243270874,0.2535838186740875,-0.05496865510940552,0.4678606688976288,0.1816268265247345,-0.04334450140595436,0.535987138748169,0.5406797528266907,-0.008845199830830097,0.5252741575241089,0.3928775191307068,-0.013971466571092606,0.5170530676841736,0.3038809299468994,-0.009019684977829456,0.508152425289154,0.23883500695228577,-0.0009601959027349949,0.5598382949829102,0.5625132322311401,0.03415372967720032,0.5651980042457581,0.4604529142379761,0.04033157229423523,0.5669418573379517,0.39595791697502136,0.04660468176007271,0.5655237436294556,0.34521234035491943,0.053831398487091064,Left
0.5066879391670227,0.8173640370368958,4.918385911878431e-07,0.4008941948413849,0.7637589573860168,-0.06331251561641693,0.3411198854446411,0.6664631366729736,-0.09321220964193344,0.30590614676475525,0.5500270128250122,-0.1051243469119072,0.2725713849067688,0.46180662512779236,-0.11214284598827362,0.4489356279373169,0.5365273952484131,-0.09641176462173462,0.4211731553077698,0.35497838258743286,-0.10346883535385132,0.4046674370765686,0.2614865005016327,-0.09730669856071472,0.3992862105369568,0.19264432787895203,-0.09063397347927094,0.5057646632194519,0.5304641723632812,-0.053070928901433945,0.484921932220459,0.34714317321777344,-0.06352876871824265,0.4738980233669281,0.2510188817977905,-0.0542781837284565,0.4683036506175995,0.17814454436302185,-0.04512256011366844,0.5383589863777161,0.5405617952346802,-0.008614903315901756,0.5261982083320618,0.3905848562717438,-0.013572287745773792,0.5171052813529968,0.3025655746459961,-0.011810560710728168,0.506848156452179,0.23806315660476685,-0.0072261313907802105,0.561721682548523,0.5616997480392456,0.033336091786623,0.5665619969367981,0.4609096646308899,0.03828592598438263,0.567383885383606,0.3953173756599426,0.04140118509531021,0.5645148158073425,0.34311914443969727,0.045241836458444595,Left
0.500679612159729,0.8223845958709717,4.747494415369147e-07,0.3937503695487976,0.7638596892356873,-0.05868211388587952,0.33686894178390503,0.6653769612312317,-0.08540522307157516,0.30400550365448,0.5497596859931946,-0.09528903663158417,0.273862361907959,0.46410924196243286,-0.10038392245769501,0.446015864610672,0.5327816605567932,-0.08430693298578262,0.42051881551742554,0.35656285285949707,-0.09129166603088379,0.4043002128601074,0.26273635029792786,-0.08678114414215088,0.3992428779602051,0.19285529851913452,-0.0813373550772667,0.5036447048187256,0.5283830165863037,-0.0428728349506855,0.4837806224822998,0.3500640392303467,-0.053300514817237854,0.472965270280838,0.2539525330066681,-0.04410799965262413,0.467164009809494,0.18062490224838257,-0.03411068394780159,0.5365630984306335,0.5408560633659363,-0.0008450850727967918,0.5260213017463684,0.3928681015968323,-0.006242652889341116,0.5164188146591187,0.3032532334327698,-0.0033045001327991486,0.5063496828079224,0.23733800649642944,0.0033034649677574635,0.5605142116546631,0.5651795864105225,0.03884640336036682,0.5658881068229675,0.4631204605102539,0.04389806091785431,0.565368115901947,0.3975217938423157,0.04835701733827591,0.5629273653030396,0.34536755084991455,0.05419935658574104,Left
0.506967306137085,0.8012874126434326,5.338098958418414e-07,0.4042781591415405,0.7508249878883362,-0.06264066696166992,0.34549152851104736,0.6625558137893677,-0.09623659402132034,0.3071562647819519,0.5540257692337036,-0.11388494074344635,0.2747175097465515,0.4700719714164734,-0.12815384566783905,0.44569116830825806,0.5328778624534607,-0.09763137251138687,0.42096996307373047,0.3582240343093872,-0.11107183247804642,0.4060600697994232,0.2656550109386444,-0.11056086421012878,0.4010985493659973,0.19830772280693054,-0.10846884548664093,0.501572847366333,0.5305248498916626,-0.06076483055949211,0.4817405045032501,0.3505871593952179,-0.07818631827831268,0.4714168310165405,0.2560160756111145,-0.07488942891359329,0.46719807386398315,0.18340173363685608,-0.07004363089799881,0.5363633632659912,0.5426639318466187,-0.02354709804058075,0.5262183547019958,0.39384183287620544,-0.034097544848918915,0.5180034637451172,0.30719906091690063,-0.03591586649417877,0.5098952651023865,0.2415482997894287,-0.0344732291996479,0.5627189874649048,0.5653168559074402,0.010769849643111229,0.5685440301895142,0.46355578303337097,0.009012147784233093,0.5679509043693542,0.3994140625,0.008981090039014816,0.565552294254303,0.3487894535064697,0.010565620847046375,Left
0.5037233233451843,0.8255674242973328,4.504925072978949e-07,0.39815741777420044,0.7683651447296143,-0.05277017876505852,0.33816292881965637,0.6732386946678162,-0.0788629800081253,0.3031938970088959,0.5606952905654907,-0.0889100581407547,0.2737957239151001,0.47481241822242737,-0.09429404884576797,0.4458945393562317,0.5412529706954956,-0.08927985280752182,0.4209248721599579,0.3644302785396576,-0.09898146986961365,0.40412119030952454,0.2702444791793823,-0.0956585630774498,0.39794498682022095,0.1989387571811676,-0.09113796800374985,0.5037208795547485,0.5363514423370361,-0.05267056077718735,0.48477235436439514,0.3545598089694977,-0.0688483938574791,0.4755373001098633,0.25613951683044434,-0.06409233808517456,0.47140395641326904,0.18361344933509827,-0.057848162949085236,0.5382111668586731,0.5488952994346619,-0.014188987202942371,0.528903067111969,0.4002758860588074,-0.02347469888627529,0.5191367268562317,0.3141191601753235,-0.02446822077035904,0.508584201335907,0.25113436579704285,-0.021166939288377762,0.5627687573432922,0.5727536082267761,0.0228490699082613,0.5705341696739197,0.4681019186973572,0.025811901316046715,0.5698739290237427,0.40416812896728516,0.0283071156591177,0.5662475228309631,0.3530857264995575,0.03185814991593361,Left
0.5086645483970642,0.8192369341850281,5.026641929362086e-07,0.40568000078201294,0.7649022936820984,-0.061403416097164154,0.34689193964004517,0.6735670566558838,-0.09400101006031036,0.3100764751434326,0.5605372786521912,-0.11011922359466553,0.27789485454559326,0.4715612232685089,-0.12214773148298264,0.45101070404052734,0.5432125329971313,-0.09683637320995331,0.42467421293258667,0.36626937985420227,-0.10972399264574051,0.4080709218978882,0.27285757660865784,-0.10767239332199097,0.40304407477378845,0.20496422052383423,-0.10315927863121033,0.5076347589492798,0.5376381874084473,-0.05722302943468094,0.4883047044277191,0.35688430070877075,-0.07264121621847153,0.4778250455856323,0.26014581322669983,-0.06496474891901016,0.4731573760509491,0.18693292140960693,-0.05574491620063782,0.5412671566009521,0.5479789972305298,-0.016766821965575218,0.5304320454597473,0.396803617477417,-0.026168355718255043,0.5214056372642517,0.30835866928100586,-0.02344265766441822,0.5124762654304504,0.24303266406059265,-0.016920898109674454,0.56588214635849,0.5698409080505371,0.021251052618026733,0.571039617061615,0.4654843211174011,0.023012813180685043,0.5712594389915466,0.40123239159584045,0.027785463258624077,0.5690145492553711,0.35096582770347595,0.034079600125551224,Left
0.5053803324699402,0.815129280090332,4.852876145378104e-07,0.4037628471851349,0.7604776620864868,-0.06048053875565529,0.34344714879989624,0.6685567498207092,-0.09075099974870682,0.302592933177948,0.5591598749160767,-0.10443699359893799,0.2715725302696228,0.4732380211353302,-0.11429311335086823,0.4462910294532776,0.5405020713806152,-0.09521453827619553,0.41999271512031555,0.36493778228759766,-0.10575710982084274,0.4028484523296356,0.272544801235199,-0.1025935709476471,0.39730632305145264,0.20602291822433472,-0.09787041693925858,0.5018254518508911,0.5371093153953552,-0.055643122643232346,0.48346617817878723,0.3582801818847656,-0.07008466124534607,0.47318214178085327,0.2628243863582611,-0.0637875348329544,0.46880245208740234,0.19066983461380005,-0.05601591244339943,0.5352585911750793,0.5482081174850464,-0.015079282224178314,0.524795413017273,0.3991907238960266,-0.023370228707790375,0.5160147547721863,0.310062438249588,-0.023789776489138603,0.5078731775283813,0.2424565851688385,-0.020252658054232597,0.5594737529754639,0.5699455142021179,0.02325691282749176,0.565696120262146,0.46604689955711365,0.025533359497785568,0.5662506222724915,0.40190812945365906,0.02837114967405796,0.5650799870491028,0.35210293531417847,0.03258697688579559,Left
0.5053803324699402,0.815129280090332,4.852876145378104e-07,0.4037628471851349,0.7604776620864868,-0.06048053875565529,0.34344714879989624,0.6685567498207092,-0.09075099974870682,0.302592933177948,0.5591598749160767,-0.10443699359893799,0.2715725302696228,0.4732380211353302,-0.11429311335086823,0.4462910294532776,0.5405020713806152,-0.09521453827619553,0.41999271512031555,0.36493778228759766,-0.10575710982084274,0.4028484523296356,0.272544801235199,-0.1025935709476471,0.39730632305145264,0.20602291822433472,-0.09787041693925858,0.5018254518508911,0.5371093153953552,-0.055643122643232346,0.48346617817878723,0.3582801818847656,-0.07008466124534607,0.47318214178085327,0.2628243863582611,-0.0637875348329544,0.46880245208740234,0.19066983461380005,-0.05601591244339943,0.5352585911750793,0.5482081174850464,-0.015079282224178314,0.524795413017273,0.3991907238960266,-0.023370228707790375,0.5160147547721863,0.310062438249588,-0.023789776489138603,0.5078731775283813,0.2424565851688385,-0.020252658054232597,0.5594737529754639,0.5699455142021179,0.02325691282749176,0.565696120262146,0.46604689955711365,0.025533359497785568,0.5662506222724915,0.40190812945365906,0.02837114967405796,0.5650799870491028,0.35210293531417847,0.03258697688579559,Left
0.4931891858577728,0.8160355091094971,4.6702982103852264e-07,0.392697811126709,0.7598075270652771,-0.059046294540166855,0.3343046307563782,0.6674749851226807,-0.08986090123653412,0.2980901598930359,0.5551579594612122,-0.10439255833625793,0.2663533091545105,0.4679778814315796,-0.11458037793636322,0.438967227935791,0.5397098660469055,-0.0943966880440712,0.41322875022888184,0.36284080147743225,-0.1053224578499794,0.3968623876571655,0.2703761160373688,-0.10161974281072617,0.39116448163986206,0.2032286524772644,-0.09621137380599976,0.49539893865585327,0.5353296995162964,-0.055613283067941666,0.47799551486968994,0.355105996131897,-0.0704953521490097,0.4686845541000366,0.25851529836654663,-0.0633537694811821,0.4641265571117401,0.18547597527503967,-0.05499953404068947,0.5291401743888855,0.5457908511161804,-0.015637855976819992,0.5194975733757019,0.3972299098968506,-0.024199362844228745,0.511609673500061,0.30867987871170044,-0.022690502926707268,0.5028794407844543,0.24327629804611206,-0.017500830814242363,0.5535356998443604,0.5672629475593567,0.022163843736052513,0.5596417188644409,0.4638006091117859,0.02508896216750145,0.5610759258270264,0.3992672562599182,0.029409421607851982,0.5593388080596924,0.3484174907207489,0.03474544733762741,Left
0.495884507894516,0.8270107507705688,4.95362144192768e-07,0.3926039934158325,0.7701826095581055,-0.061072759330272675,0.334788978099823,0.6722153425216675,-0.08996479958295822,0.2980109453201294,0.5574327111244202,-0.10207097232341766,0.2650858461856842,0.47018498182296753,-0.10965216159820557,0.4414072632789612,0.5405530333518982,-0.08692797273397446,0.414336234331131,0.36435699462890625,-0.09474717825651169,0.3966510593891144,0.27207204699516296,-0.09202765673398972,0.39073994755744934,0.204050213098526,-0.08801334351301193,0.49780091643333435,0.5361540913581848,-0.045927561819553375,0.48083534836769104,0.3571208119392395,-0.05648466572165489,0.47190040349960327,0.25939348340034485,-0.05034554377198219,0.46775710582733154,0.18548700213432312,-0.043665602803230286,0.5302072763442993,0.548145055770874,-0.004374961834400892,0.5209567546844482,0.40078145265579224,-0.009442409500479698,0.5130200386047363,0.3122715950012207,-0.009649806655943394,0.5045076012611389,0.24812349677085876,-0.006453283596783876,0.5544783473014832,0.5714479684829712,0.03464867174625397,0.5606651306152344,0.46824437379837036,0.03985220566391945,0.5619277358055115,0.40221530199050903,0.04323989152908325,0.5601989030838013,0.35105961561203003,0.047255173325538635,Left
0.4984573423862457,0.82320237159729,5.704862360289553e-07,0.38946136832237244,0.7702149152755737,-0.062271784991025925,0.32856327295303345,0.6705411672592163,-0.09218090027570724,0.2911936044692993,0.555348813533783,-0.10404209792613983,0.2570003867149353,0.4694308638572693,-0.11106237024068832,0.4392560124397278,0.5451614260673523,-0.09834711253643036,0.4098607301712036,0.3681578040122986,-0.11030765622854233,0.3907757103443146,0.27419963479042053,-0.1099385991692543,0.3850162625312805,0.20430299639701843,-0.10785036534070969,0.49681761860847473,0.5403466820716858,-0.057484883815050125,0.4830855131149292,0.3569263815879822,-0.07658858597278595,0.4750542640686035,0.25540027022361755,-0.07496833801269531,0.4726178050041199,0.17900410294532776,-0.07090988755226135,0.5291845202445984,0.552075982093811,-0.015066866762936115,0.5233651995658875,0.4023374915122986,-0.027194205671548843,0.5155494213104248,0.31404367089271545,-0.03021577000617981,0.5068984031677246,0.2502106726169586,-0.028172824531793594,0.5529779195785522,0.5747074484825134,0.025309044867753983,0.5609105825424194,0.46875885128974915,0.0254701878875494,0.5604904890060425,0.40550151467323303,0.027482422068715096,0.5568068027496338,0.35571765899658203,0.03082151897251606,Left
0.50168377161026,0.8229348659515381,6.357776101140189e-07,0.3915174603462219,0.7719454765319824,-0.06139291450381279,0.33107107877731323,0.6753970980644226,-0.09255556762218475,0.2918497622013092,0.5607541799545288,-0.10576719045639038,0.2534128725528717,0.4762958586215973,-0.11451780050992966,0.43925216794013977,0.5480965971946716,-0.09994972497224808,0.4088553190231323,0.37233585119247437,-0.11279819905757904,0.38968217372894287,0.2776198983192444,-0.11326317489147186,0.3830408751964569,0.20518478751182556,-0.11166922003030777,0.4980890154838562,0.5424267053604126,-0.06055951490998268,0.48537689447402954,0.36049723625183105,-0.08042991161346436,0.4782449007034302,0.25826239585876465,-0.07941814512014389,0.47685950994491577,0.17920121550559998,-0.0756308063864708,0.5319316983222961,0.554192066192627,-0.01943305879831314,0.5270783305168152,0.40512531995773315,-0.03214489668607712,0.5213159322738647,0.3157051205635071,-0.03534262627363205,0.5144225358963013,0.24956756830215454,-0.033297523856163025,0.5565803647041321,0.5746917724609375,0.01986486278474331,0.5643190145492554,0.4683534801006317,0.020085247233510017,0.5649080872535706,0.40372878313064575,0.022784387692809105,0.5629493594169617,0.35244303941726685,0.026742886751890182,Left
0.4976198673248291,0.8273293972015381,4.853642963098537e-07,0.39430102705955505,0.7649756073951721,-0.05212206393480301,0.33382031321525574,0.6709679365158081,-0.07622223347425461,0.2914218008518219,0.5643733739852905,-0.08261226862668991,0.26240336894989014,0.48028308153152466,-0.08360453695058823,0.43932682275772095,0.5372153520584106,-0.09213826060295105,0.404221773147583,0.36555391550064087,-0.10231673717498779,0.38044434785842896,0.27240297198295593,-0.09877976775169373,0.3736022710800171,0.20540791749954224,-0.0916191041469574,0.4956190288066864,0.5345850586891174,-0.04805220291018486,0.48268088698387146,0.3572003245353699,-0.060500022023916245,0.47570618987083435,0.2538473904132843,-0.050396766513586044,0.47178512811660767,0.17695879936218262,-0.038490090519189835,0.5289692282676697,0.5490875244140625,-0.0008686420624144375,0.5216304659843445,0.4031115770339966,-0.006720684468746185,0.5117378234863281,0.3103402256965637,-0.0026862674858421087,0.5017618536949158,0.24382156133651733,0.007103960495442152,0.5533961653709412,0.5751646757125854,0.04575318843126297,0.5595282912254333,0.46752798557281494,0.05467195808887482,0.5584145188331604,0.4053782820701599,0.06505797058343887,0.5556195974349976,0.35899436473846436,0.07680054754018784,Left
0.4966128170490265,0.8257302045822144,6.379406158885104e-07,0.38610175251960754,0.7773048877716064,-0.06218107417225838,0.3256540298461914,0.6823241710662842,-0.09324768930673599,0.28777754306793213,0.5700763463973999,-0.10731209814548492,0.252784788608551,0.48460614681243896,-0.11749536544084549,0.43339887261390686,0.5487397313117981,-0.09499489516019821,0.40271010994911194,0.38020604848861694,-0.10849731415510178,0.38390377163887024,0.28858649730682373,-0.11158685386180878,0.3772425949573517,0.21734750270843506,-0.11287419497966766,0.4933595061302185,0.5431807637214661,-0.05895242094993591,0.48231515288352966,0.3649718761444092,-0.08130147308111191,0.4752833843231201,0.26215922832489014,-0.08534041792154312,0.4743121266365051,0.18096384406089783,-0.08527354151010513,0.5275141000747681,0.555648922920227,-0.021843956783413887,0.5216158628463745,0.40702515840530396,-0.03738255426287651,0.5161499381065369,0.3160679340362549,-0.04510810226202011,0.5111632943153381,0.24609020352363586,-0.0466788224875927,0.5522000789642334,0.5791235566139221,0.013077405281364918,0.5605989694595337,0.4729030132293701,0.009222126565873623,0.5615055561065674,0.4097166955471039,0.008893539197742939,0.5607814788818359,0.359345018863678,0.01058957353234291,Left
0.4923800528049469,0.8130837678909302,5.765201649410301e-07,0.38180068135261536,0.7654752731323242,-0.056917704641819,0.32141929864883423,0.6748336553573608,-0.08557792752981186,0.2850934863090515,0.5704442262649536,-0.09791179746389389,0.25829553604125977,0.48802027106285095,-0.10730639100074768,0.42946305871009827,0.5414000153541565,-0.0956115573644638,0.3991855978965759,0.3728564381599426,-0.10674423724412918,0.38026168942451477,0.2831054627895355,-0.10711265355348587,0.3736391067504883,0.21629515290260315,-0.1065388098359108,0.48942095041275024,0.5397545695304871,-0.06133096292614937,0.48038360476493835,0.36304569244384766,-0.07891450822353363,0.47294142842292786,0.2657368779182434,-0.08008675277233124,0.47249355912208557,0.19006028771400452,-0.07886432111263275,0.5242776274681091,0.553620457649231,-0.025337500497698784,0.5210757851600647,0.40447086095809937,-0.03793073445558548,0.5144745111465454,0.31519654393196106,-0.04628705233335495,0.5101514458656311,0.24557164311408997,-0.0493491031229496,0.5482581257820129,0.5784264206886292,0.009238308295607567,0.5579119324684143,0.4724346697330475,0.006534839980304241,0.5582737326622009,0.40836775302886963,0.005484535358846188,0.5579145550727844,0.35778510570526123,0.006055688019841909,Left
0.49401941895484924,0.7995551824569702,7.327444109250791e-07,0.38117891550064087,0.7629474997520447,-0.06244638189673424,0.3202954828739166,0.6751354932785034,-0.09408493340015411,0.28255313634872437,0.5681032538414001,-0.10843423753976822,0.249885693192482,0.48595595359802246,-0.11900370568037033,0.426006019115448,0.5410587787628174,-0.09761347621679306,0.396526575088501,0.3725822865962982,-0.1107901930809021,0.37779924273490906,0.28334999084472656,-0.11229193955659866,0.37080591917037964,0.21581223607063293,-0.11221356689929962,0.48674315214157104,0.5356562733650208,-0.06186123564839363,0.4766842722892761,0.35995298624038696,-0.08011745661497116,0.47061821818351746,0.2649936378002167,-0.08148902654647827,0.4705638885498047,0.19138407707214355,-0.08012888580560684,0.5232316851615906,0.548883855342865,-0.02516378089785576,0.5170773863792419,0.401991069316864,-0.03744260594248772,0.5108129382133484,0.31759852170944214,-0.04340583086013794,0.5057987570762634,0.25288304686546326,-0.04471549019217491,0.5476480722427368,0.5716475248336792,0.009134759195148945,0.5555061101913452,0.46852028369903564,0.005072110332548618,0.5566827058792114,0.40614354610443115,0.0036172927357256413,0.557904839515686,0.3556827902793884,0.004507315810769796,Left
0.4922075569629669,0.825560450553894,6.468162041528558e-07,0.3806053102016449,0.775860607624054,-0.0598197765648365,0.31932681798934937,0.6788775324821472,-0.08880253881216049,0.2781222462654114,0.5664024353027344,-0.10076682269573212,0.23949600756168365,0.48524507880210876,-0.10855737328529358,0.426890105009079,0.5459339022636414,-0.09057006984949112,0.395283579826355,0.3765982985496521,-0.09999816864728928,0.3771383762359619,0.2861841320991516,-0.09915629029273987,0.37133434414863586,0.2166881263256073,-0.09751155972480774,0.4873618185520172,0.5416234731674194,-0.05347088724374771,0.4763683080673218,0.36351901292800903,-0.06925070285797119,0.47187817096710205,0.26424476504325867,-0.06643374264240265,0.4728606939315796,0.18687671422958374,-0.06152771785855293,0.5224297046661377,0.5556442737579346,-0.01553711574524641,0.5183154940605164,0.4073389768600464,-0.025393584743142128,0.5142077207565308,0.3220508098602295,-0.026632554829120636,0.5096263289451599,0.2576870620250702,-0.02350582368671894,0.5476695895195007,0.5799528956413269,0.02011955715715885,0.5553541779518127,0.47201433777809143,0.020264968276023865,0.5568522810935974,0.40895509719848633,0.0233991090208292,0.5572136640548706,0.3595598340034485,0.02803944982588291,Left
0.4942081570625305,0.7914004325866699,7.476872383449518e-07,0.3821377456188202,0.7572214007377625,-0.05751955881714821,0.32288694381713867,0.6747304201126099,-0.08949143439531326,0.28237414360046387,0.5764486789703369,-0.10501910746097565,0.2519296705722809,0.4969211518764496,-0.11732962727546692,0.4248381555080414,0.5343377590179443,-0.09637152403593063,0.396762490272522,0.3736686110496521,-0.11304531246423721,0.3771883249282837,0.28518402576446533,-0.11911764740943909,0.36716729402542114,0.21893486380577087,-0.12127126008272171,0.48498865962028503,0.531202495098114,-0.06142628565430641,0.47905197739601135,0.37255406379699707,-0.07656065374612808,0.4703555405139923,0.28352847695350647,-0.07905405759811401,0.4646384119987488,0.212953120470047,-0.07869984209537506,0.5230234265327454,0.5461829304695129,-0.02497774176299572,0.5219739675521851,0.4079020023345947,-0.039576832205057144,0.5162326097488403,0.3188713788986206,-0.051681969314813614,0.5105727910995483,0.24836254119873047,-0.056498393416404724,0.5486611723899841,0.5680597424507141,0.01089575607329607,0.5561589002609253,0.466896116733551,0.0054732500575482845,0.5554476976394653,0.4054502546787262,0.0038496707566082478,0.5568041801452637,0.35472890734672546,0.005022316239774227,Left
0.4919326603412628,0.7861360907554626,7.325015758397058e-07,0.38712018728256226,0.7529259324073792,-0.056824859231710434,0.32701224088668823,0.6719198226928711,-0.08779475837945938,0.2865331470966339,0.5760015845298767,-0.10311916470527649,0.2562711834907532,0.5042927265167236,-0.11564789712429047,0.4250485599040985,0.537632167339325,-0.10108917951583862,0.39668595790863037,0.37318485975265503,-0.11842823028564453,0.37867724895477295,0.2872621715068817,-0.12220693379640579,0.371412456035614,0.22177648544311523,-0.12333081662654877,0.48428305983543396,0.5345514416694641,-0.07029061764478683,0.475467711687088,0.36485323309898376,-0.09131923317909241,0.4687773585319519,0.27185770869255066,-0.09580009430646896,0.46874165534973145,0.19839000701904297,-0.09645957499742508,0.5208024978637695,0.54843670129776,-0.03783097863197327,0.5151675939559937,0.40139463543891907,-0.05517465993762016,0.5089232921600342,0.31181496381759644,-0.0672750249505043,0.5059685707092285,0.24119970202445984,-0.07233317941427231,0.5450048446655273,0.5712979435920715,-0.006614509969949722,0.5546694397926331,0.4705628752708435,-0.01613442599773407,0.5559493899345398,0.4063767194747925,-0.021700721234083176,0.5589371919631958,0.3522430658340454,-0.0233142226934433,Left
0.4917857348918915,0.784049928188324,7.789287792547839e-07,0.3832760751247406,0.7550693154335022,-0.05817510187625885,0.3251109719276428,0.673508882522583,-0.08972323685884476,0.2845313847064972,0.576701819896698,-0.10575305670499802,0.2525266408920288,0.5012701153755188,-0.11917765438556671,0.4231211841106415,0.5321932435035706,-0.09352828562259674,0.3945416510105133,0.3719746768474579,-0.10899662226438522,0.3759315311908722,0.2862006425857544,-0.11368899047374725,0.36656421422958374,0.22064277529716492,-0.11582473665475845,0.4834132194519043,0.5303134918212891,-0.061962321400642395,0.47538596391677856,0.36774924397468567,-0.08036421239376068,0.4676358699798584,0.27782145142555237,-0.08574884384870529,0.46400919556617737,0.20489749312400818,-0.08707612752914429,0.5223622918128967,0.5474228262901306,-0.02928314357995987,0.5184518098831177,0.4071800112724304,-0.04465481638908386,0.5137657523155212,0.3165271580219269,-0.056517958641052246,0.5105496048927307,0.24340912699699402,-0.06160547956824303,0.5491002798080444,0.5721597671508789,0.0019157882779836655,0.5563912391662598,0.4673536717891693,-0.006273010745644569,0.5550461411476135,0.40313178300857544,-0.009719649329781532,0.5565290451049805,0.35014936327934265,-0.009657934308052063,Left
0.4878919720649719,0.7970839738845825,8.094451118267898e-07,0.3771176338195801,0.7664889097213745,-0.06385219842195511,0.3181942105293274,0.6786587834358215,-0.09824204444885254,0.2747262716293335,0.5740411877632141,-0.11541330814361572,0.23452672362327576,0.4943443536758423,-0.1293560415506363,0.4243319034576416,0.5376837253570557,-0.09639929980039597,0.3959212601184845,0.37620440125465393,-0.11106765270233154,0.3773384094238281,0.28718969225883484,-0.11574263870716095,0.368213415145874,0.2183198630809784,-0.11776555329561234,0.48320499062538147,0.5332074165344238,-0.06012741103768349,0.47263264656066895,0.36813175678253174,-0.07579069584608078,0.4646761417388916,0.27362060546875,-0.07993700355291367,0.4611333906650543,0.19867849349975586,-0.08119229227304459,0.5203010439872742,0.5492278337478638,-0.02306705340743065,0.5160171389579773,0.40550270676612854,-0.035512182861566544,0.5101463794708252,0.3165181577205658,-0.04702860489487648,0.5043288469314575,0.2470833659172058,-0.05276140570640564,0.5446807742118835,0.5723444819450378,0.012019590474665165,0.5519626140594482,0.470782995223999,0.006360833067446947,0.5527825951576233,0.40968722105026245,0.002316813450306654,0.555385172367096,0.358247846364975,0.0010380696039646864,Left
0.48795369267463684,0.8108701109886169,6.411073059098271e-07,0.374605655670166,0.7707868218421936,-0.05302921682596207,0.3143492043018341,0.6815017461776733,-0.07972627878189087,0.2741129994392395,0.5756372213363647,-0.09072552621364594,0.24159637093544006,0.49702343344688416,-0.09785082936286926,0.41924431920051575,0.5442370176315308,-0.08585470169782639,0.39032962918281555,0.37675940990448,-0.09574314206838608,0.37322524189949036,0.289349228143692,-0.09497430920600891,0.3675820827484131,0.22387602925300598,-0.09304259717464447,0.48026469349861145,0.5396547913551331,-0.05200567469000816,0.4714040160179138,0.36384981870651245,-0.06613486260175705,0.46631723642349243,0.27056777477264404,-0.06253018975257874,0.4674454927444458,0.19704940915107727,-0.05707496032118797,0.5169690847396851,0.5536221861839294,-0.01687619276344776,0.5136712789535522,0.40677621960639954,-0.025652632117271423,0.5086094737052917,0.321496844291687,-0.027158305048942566,0.5053959488868713,0.2554580271244049,-0.02463371679186821,0.5431521534919739,0.5795482397079468,0.016603417694568634,0.5519423484802246,0.4719553589820862,0.017334716394543648,0.5525625348091125,0.40895670652389526,0.02078462578356266,0.5537391901016235,0.35901039838790894,0.025504905730485916,Left
0.4629417955875397,0.8526726961135864,3.0949857432460703e-07,0.35477831959724426,0.7984673976898193,-0.045565370470285416,0.2919495105743408,0.704584002494812,-0.07045263797044754,0.25096601247787476,0.5898247361183167,-0.08275976777076721,0.21332308650016785,0.5087185502052307,-0.09270337224006653,0.39783698320388794,0.5662721395492554,-0.07343912124633789,0.3633292019367218,0.39639875292778015,-0.08250168710947037,0.3444755971431732,0.304507315158844,-0.08322630077600479,0.34017592668533325,0.23413631319999695,-0.08335085958242416,0.45721545815467834,0.5543693900108337,-0.044638730585575104,0.4283570945262909,0.3796619176864624,-0.05675620213150978,0.41709622740745544,0.28153398633003235,-0.05634285882115364,0.4172399938106537,0.21128886938095093,-0.056334998458623886,0.49619075655937195,0.5668725967407227,-0.01478781271725893,0.4906068742275238,0.4191925823688507,-0.02285054698586464,0.489818811416626,0.3306269645690918,-0.0297688040882349,0.49066978693008423,0.26431983709335327,-0.033577706664800644,0.5246078372001648,0.5944576263427734,0.013814168982207775,0.5358080863952637,0.48784807324409485,0.016190025955438614,0.5387973785400391,0.42457130551338196,0.015877246856689453,0.5412253737449646,0.37472838163375854,0.015165005810558796,Left
0.4599792957305908,0.8625227212905884,2.2349037465119181e-07,0.3512576222419739,0.8044651746749878,-0.04271116852760315,0.29208827018737793,0.7050923109054565,-0.0631076768040657,0.25617414712905884,0.5850979685783386,-0.07008006423711777,0.22220563888549805,0.5009399652481079,-0.07428161054849625,0.3975217640399933,0.5685166716575623,-0.07126536220312119,0.36235547065734863,0.3973516821861267,-0.07591251283884048,0.34408602118492126,0.305945485830307,-0.07269188016653061,0.33979594707489014,0.2363903522491455,-0.06996261328458786,0.4561207592487335,0.5571919679641724,-0.03992054983973503,0.42491281032562256,0.38041508197784424,-0.04795396700501442,0.41281479597091675,0.28454163670539856,-0.04315337538719177,0.4098030924797058,0.21515989303588867,-0.03970528021454811,0.4937533140182495,0.5689644813537598,-0.006850672885775566,0.48902687430381775,0.4219585061073303,-0.011771708726882935,0.4875200390815735,0.33215999603271484,-0.016313869506120682,0.485548734664917,0.26574233174324036,-0.017856933176517487,0.5215190649032593,0.5971764922142029,0.025536540895700455,0.532522439956665,0.4922238290309906,0.03221485763788223,0.5357401371002197,0.42912420630455017,0.0341639369726181,0.53678297996521,0.3808756470680237,0.03517007455229759,Left
0.4580566883087158,0.8582440614700317,2.606671216653922e-07,0.35031867027282715,0.800543487071991,-0.04552474617958069,0.29029688239097595,0.702365517616272,-0.06718777120113373,0.2534725069999695,0.5850717425346375,-0.07586351037025452,0.2198774218559265,0.5021247267723083,-0.08172837644815445,0.39638686180114746,0.5672832131385803,-0.06907821446657181,0.36219990253448486,0.3971176743507385,-0.07432585954666138,0.34444135427474976,0.3065243065357208,-0.07245347648859024,0.34061840176582336,0.2369387447834015,-0.07114424556493759,0.4557381272315979,0.5560501217842102,-0.03871327266097069,0.4245634078979492,0.3816962242126465,-0.04836224019527435,0.412136435508728,0.2852035164833069,-0.04663139209151268,0.41015639901161194,0.21570369601249695,-0.04555719718337059,0.49435752630233765,0.5689735412597656,-0.007371444255113602,0.4891481399536133,0.4230220913887024,-0.013736425898969173,0.4863657057285309,0.3350522518157959,-0.020141975954174995,0.48455655574798584,0.26888176798820496,-0.023381004109978676,0.5227101445198059,0.5977842807769775,0.022685183212161064,0.5340397953987122,0.49508464336395264,0.026421338319778442,0.5365316271781921,0.4319743812084198,0.02590654417872429,0.5376210808753967,0.3824717104434967,0.025145763531327248,Left
0.4593929350376129,0.8588154315948486,2.9692739644815447e-07,0.3522486388683319,0.8030617237091064,-0.04092758521437645,0.29375648498535156,0.7015092372894287,-0.05933356657624245,0.25649285316467285,0.5848650932312012,-0.06563262641429901,0.22138869762420654,0.5050854682922363,-0.06917614489793777,0.3974962532520294,0.5645804405212402,-0.06016428768634796,0.363760381937027,0.39896273612976074,-0.06610885262489319,0.3451176881790161,0.30899035930633545,-0.06579562276601791,0.3399827480316162,0.23930016160011292,-0.06510665267705917,0.4554642140865326,0.5546862483024597,-0.03211475908756256,0.42593467235565186,0.3848969340324402,-0.04317338019609451,0.4142161011695862,0.28811904788017273,-0.04196946695446968,0.41340386867523193,0.21741712093353271,-0.03979385271668434,0.4948447644710541,0.5690940022468567,-0.003419276559725404,0.4885011613368988,0.4238737225532532,-0.010594559833407402,0.486812025308609,0.3365786671638489,-0.015592508018016815,0.4864702820777893,0.26990050077438354,-0.016481049358844757,0.5234090685844421,0.5978817343711853,0.024197950959205627,0.5343378186225891,0.4916154444217682,0.02806258387863636,0.5362208485603333,0.42815613746643066,0.029213111847639084,0.538863480091095,0.37863707542419434,0.030672712251544,Left
0.46893614530563354,0.8429015874862671,4.2455152993170486e-07,0.35978835821151733,0.7931682467460632,-0.048921577632427216,0.297768235206604,0.7003905177116394,-0.07505517452955246,0.255409836769104,0.5889429450035095,-0.08765555173158646,0.2171231508255005,0.5091042518615723,-0.0982457622885704,0.3961615264415741,0.5623630881309509,-0.07891018688678741,0.3630751073360443,0.39848360419273376,-0.0869380384683609,0.34530043601989746,0.30893266201019287,-0.08742660284042358,0.3408859968185425,0.24005940556526184,-0.08822121471166611,0.4556829035282135,0.5539830923080444,-0.0501217357814312,0.4262421727180481,0.3850065767765045,-0.062309812754392624,0.41457757353782654,0.2900059223175049,-0.062808558344841,0.41317304968833923,0.21683701872825623,-0.0630946233868599,0.49684596061706543,0.5694904923439026,-0.020364392548799515,0.4888412654399872,0.424008309841156,-0.02877003327012062,0.48865649104118347,0.33736133575439453,-0.03654692322015762,0.48922109603881836,0.2682667374610901,-0.04130678251385689,0.5282702445983887,0.5988409519195557,0.007958073168992996,0.5369688272476196,0.49383729696273804,0.00724914763122797,0.5399812459945679,0.4324772357940674,0.0051138317212462425,0.5426040291786194,0.38368815183639526,0.003446054644882679,Left
0.4696664810180664,0.8545367121696472,4.219553204620752e-07,0.3611041009426117,0.804795503616333,-0.05156716704368591,0.3012598156929016,0.709259033203125,-0.07848522067070007,0.26162055134773254,0.5933128595352173,-0.09219913184642792,0.22152718901634216,0.5114279985427856,-0.10374744981527328,0.4022931456565857,0.5676577091217041,-0.0726224035024643,0.3682433068752289,0.4037036895751953,-0.0789799839258194,0.3511508107185364,0.31440335512161255,-0.08003439754247665,0.3476702570915222,0.245432049036026,-0.08176290988922119,0.46069496870040894,0.5583990812301636,-0.042867157608270645,0.43045857548713684,0.39051544666290283,-0.05185908079147339,0.419132262468338,0.2955479919910431,-0.052950095385313034,0.41936928033828735,0.22285085916519165,-0.05466008186340332,0.5002811551094055,0.5731574296951294,-0.012937111780047417,0.49181950092315674,0.4278492331504822,-0.01959291100502014,0.49171340465545654,0.3409707546234131,-0.028092730790376663,0.492681622505188,0.2723213732242584,-0.034138619899749756,0.5310788750648499,0.6008899807929993,0.01498282141983509,0.5405832529067993,0.497171550989151,0.014482054859399796,0.5438724756240845,0.43466854095458984,0.011208507232367992,0.546437680721283,0.3845151662826538,0.008186358958482742,Left
0.4658057689666748,0.8660187125205994,2.5886077992254286e-07,0.3582060635089874,0.8103320598602295,-0.04569349065423012,0.29803764820098877,0.7115421891212463,-0.06722009927034378,0.2623995840549469,0.5936437249183655,-0.07583906501531601,0.2285345196723938,0.5109217166900635,-0.08179890364408493,0.4032113552093506,0.5748945474624634,-0.06795642524957657,0.36831867694854736,0.405265212059021,-0.07240330427885056,0.35021892189979553,0.3141288459300995,-0.07009145617485046,0.3458883762359619,0.24395179748535156,-0.06869566440582275,0.46171635389328003,0.5641001462936401,-0.037958595901727676,0.430558979511261,0.3907667398452759,-0.04760130122303963,0.41877079010009766,0.2940722405910492,-0.04646626114845276,0.41739991307258606,0.22426331043243408,-0.045873332768678665,0.49985477328300476,0.5772938132286072,-0.007053644862025976,0.493976354598999,0.4310743510723114,-0.01335169281810522,0.49190840125083923,0.3415960967540741,-0.02078893594443798,0.4904332756996155,0.2740185558795929,-0.024892305955290794,0.5280373096466064,0.6061787009239197,0.022571809589862823,0.5390475392341614,0.5001636743545532,0.026330063119530678,0.5415080189704895,0.4364050030708313,0.025448603555560112,0.5424318909645081,0.38684773445129395,0.02425762265920639,Left
0.46433502435684204,0.861210823059082,3.026590889021463e-07,0.35884764790534973,0.8044610023498535,-0.04866330325603485,0.3003266453742981,0.7089928984642029,-0.07458989322185516,0.260064959526062,0.5928455591201782,-0.08771800249814987,0.22422191500663757,0.5108864307403564,-0.09901922941207886,0.40062618255615234,0.5727459788322449,-0.07678155601024628,0.3692948818206787,0.4073219299316406,-0.08437476307153702,0.35108309984207153,0.3165462017059326,-0.08448536694049835,0.3460644483566284,0.2474745512008667,-0.08529828488826752,0.4580409824848175,0.5648126006126404,-0.04785412177443504,0.4285566806793213,0.39342713356018066,-0.058956924825906754,0.41623789072036743,0.2973276376724243,-0.058930229395627975,0.4133998453617096,0.22380280494689941,-0.05959722027182579,0.49633926153182983,0.5796887278556824,-0.01807575859129429,0.49162495136260986,0.4345585107803345,-0.026273256167769432,0.49090108275413513,0.34521210193634033,-0.03478923439979553,0.48941200971603394,0.2759482264518738,-0.040222302079200745,0.5258364677429199,0.6092329621315002,0.01017757784575224,0.5368003249168396,0.5041763186454773,0.009711552411317825,0.540523886680603,0.43885767459869385,0.006732267793267965,0.5417847037315369,0.3870852589607239,0.004137442447245121,Left
0.4625200033187866,0.8679923415184021,2.0217611051975837e-07,0.3617142140865326,0.8051843643188477,-0.04408835247159004,0.3032110929489136,0.7077391147613525,-0.065495565533638,0.26169919967651367,0.593393862247467,-0.0738053098320961,0.22716906666755676,0.5125795602798462,-0.07979148626327515,0.4071534276008606,0.571891725063324,-0.07025850564241409,0.3698534071445465,0.40243756771087646,-0.07102818042039871,0.34884995222091675,0.315655380487442,-0.06551225483417511,0.3450552821159363,0.2504005432128906,-0.061599548906087875,0.46500545740127563,0.5623576045036316,-0.03764020651578903,0.431438148021698,0.3871209919452667,-0.03830061852931976,0.41785985231399536,0.29470476508140564,-0.02781222201883793,0.41150370240211487,0.22822991013526917,-0.020379403606057167,0.5009689331054688,0.5780066251754761,-0.0035483664833009243,0.4933710992336273,0.42943310737609863,-0.002789096673950553,0.490821897983551,0.3422166109085083,-0.0026450776495039463,0.4878929853439331,0.2747207283973694,-0.0012766954023391008,0.5276713371276855,0.6108493804931641,0.029405511915683746,0.5354821681976318,0.5065025687217712,0.0369095653295517,0.5382344126701355,0.4414028525352478,0.041081223636865616,0.5387482047080994,0.3900558054447174,0.04473435878753662,Left
0.463786244392395,0.8599648475646973,2.0502085362750222e-07,0.3608686923980713,0.8000617027282715,-0.040013089776039124,0.3031798005104065,0.7041584253311157,-0.0596877783536911,0.2607637345790863,0.5915468335151672,-0.06698402762413025,0.2277919054031372,0.5131725668907166,-0.07239610701799393,0.40364304184913635,0.5712378621101379,-0.0708085224032402,0.36928653717041016,0.40352851152420044,-0.07476188987493515,0.34865763783454895,0.3158223032951355,-0.07050450891256332,0.3441854417324066,0.25012218952178955,-0.06701210141181946,0.46141520142555237,0.5612574815750122,-0.04050012305378914,0.432692289352417,0.38744133710861206,-0.04621817171573639,0.4200509786605835,0.296141117811203,-0.03804006427526474,0.41396385431289673,0.22881218791007996,-0.031268369406461716,0.4986829161643982,0.5755859613418579,-0.008203074336051941,0.4939960837364197,0.4276388883590698,-0.011463248170912266,0.49151432514190674,0.34140753746032715,-0.01253606379032135,0.4879927933216095,0.2744593024253845,-0.010972700081765652,0.5260371565818787,0.6061614751815796,0.023550521582365036,0.5363136529922485,0.5014783143997192,0.028567688539624214,0.5398853421211243,0.43754154443740845,0.03153923526406288,0.5410416126251221,0.3871534764766693,0.034869421273469925,Left
0.4687044620513916,0.860377311706543,3.020937242581567e-07,0.36095720529556274,0.8015511631965637,-0.04450637474656105,0.30240535736083984,0.7034960389137268,-0.06706757843494415,0.26144224405288696,0.5897151827812195,-0.07668035477399826,0.22501957416534424,0.5094594955444336,-0.08442386984825134,0.40275758504867554,0.570245623588562,-0.07201913744211197,0.36977097392082214,0.40537768602371216,-0.07660083472728729,0.35096240043640137,0.3149073123931885,-0.07499707490205765,0.3458043336868286,0.2463708221912384,-0.07436312735080719,0.4600377678871155,0.5625078082084656,-0.04249713569879532,0.4294529855251312,0.39303940534591675,-0.050161052495241165,0.41670331358909607,0.2987804710865021,-0.047617919743061066,0.41334185004234314,0.22760340571403503,-0.046305831521749496,0.4977210462093353,0.5777646899223328,-0.011662247590720654,0.492131769657135,0.43400633335113525,-0.01650330424308777,0.4902699887752533,0.34567123651504517,-0.023193180561065674,0.4882246255874634,0.27670207619667053,-0.02722577191889286,0.5266682505607605,0.6081721186637878,0.018178526312112808,0.5387832522392273,0.5009361505508423,0.021336494013667107,0.5423834323883057,0.435602068901062,0.020519211888313293,0.5440276265144348,0.384549617767334,0.019505828619003296,Left
0.473993718624115,0.8247411251068115,5.680769845639588e-07,0.3813486397266388,0.7897502779960632,-0.07290515303611755,0.3360411822795868,0.7028214931488037,-0.10673688352108002,0.3094062805175781,0.5955022573471069,-0.12125799804925919,0.2878066301345825,0.5124369263648987,-0.1308915913105011,0.43189531564712524,0.5742149949073792,-0.10329899191856384,0.4060817062854767,0.4084146022796631,-0.11994755268096924,0.38882923126220703,0.3148517906665802,-0.12295351177453995,0.384034663438797,0.24771371483802795,-0.12177341431379318,0.47803768515586853,0.5677494406700134,-0.057852957397699356,0.4558122754096985,0.3986480236053467,-0.0788668617606163,0.4438479244709015,0.30182257294654846,-0.07932574301958084,0.4410237669944763,0.22958600521087646,-0.07552177459001541,0.5070005655288696,0.5790202617645264,-0.01236584223806858,0.4967443645000458,0.4422415494918823,-0.027035145089030266,0.4889547526836395,0.35399532318115234,-0.03206179291009903,0.48371613025665283,0.2889445126056671,-0.030545957386493683,0.5271714925765991,0.5981845259666443,0.02997792698442936,0.5299972295761108,0.5019975304603577,0.028572475537657738,0.5278069972991943,0.4404146671295166,0.028945056721568108,0.5271322727203369,0.3936132490634918,0.03151554614305496,Left
0.47485974431037903,0.832969069480896,5.730471457354724e-07,0.38342463970184326,0.788253903388977,-0.07435840368270874,0.33735164999961853,0.7050820589065552,-0.10946838557720184,0.3110349178314209,0.603521466255188,-0.12439635396003723,0.29173463582992554,0.5163139700889587,-0.13423751294612885,0.4346991181373596,0.5765902400016785,-0.105010025203228,0.4055628180503845,0.41187235713005066,-0.11460114270448685,0.387610524892807,0.31552204489707947,-0.11325903236865997,0.3825487494468689,0.24866783618927002,-0.10988637804985046,0.4790802299976349,0.5732265710830688,-0.054525502026081085,0.4560811221599579,0.4046812057495117,-0.06683173775672913,0.44380319118499756,0.3079264163970947,-0.06554044783115387,0.44054293632507324,0.2340705394744873,-0.06301432847976685,0.507013738155365,0.5850039720535278,-0.0028801525477319956,0.498642235994339,0.45100805163383484,-0.008668567053973675,0.4914137125015259,0.36445847153663635,-0.014493269845843315,0.4852221608161926,0.30117231607437134,-0.015973176807165146,0.5277045965194702,0.6056243777275085,0.04594577103853226,0.5336007475852966,0.5110200643539429,0.05326048284769058,0.533510148525238,0.45043283700942993,0.0544445775449276,0.5311964750289917,0.40596967935562134,0.055215656757354736,Left
0.479736328125,0.8343777656555176,6.532763450195489e-07,0.386024534702301,0.7944225668907166,-0.0780155211687088,0.3398439586162567,0.7093763947486877,-0.11333100497722626,0.3121221363544464,0.6080711483955383,-0.1267390251159668,0.28990185260772705,0.5217557549476624,-0.13409030437469482,0.438169926404953,0.5774146318435669,-0.10757244378328323,0.4081611931324005,0.41583138704299927,-0.1157202497124672,0.3898470401763916,0.31935104727745056,-0.1123802438378334,0.38368916511535645,0.2527328133583069,-0.107640340924263,0.48183733224868774,0.5751141905784607,-0.05422012880444527,0.45764636993408203,0.40633508563041687,-0.06672290712594986,0.44497931003570557,0.3103371560573578,-0.0642041340470314,0.4419191777706146,0.23687562346458435,-0.06030949950218201,0.5087583661079407,0.5874447226524353,0.00015542859910055995,0.5002750158309937,0.45244300365448,-0.00650336779654026,0.4924015402793884,0.36499711871147156,-0.012000523507595062,0.4864436686038971,0.30123117566108704,-0.012945117428898811,0.5299125909805298,0.6078528761863708,0.051615577191114426,0.5343796014785767,0.5126914381980896,0.05834375321865082,0.5324222445487976,0.45244795083999634,0.05949538201093674,0.5300842523574829,0.40679487586021423,0.060265347361564636,Left
0.4709358811378479,0.8502665758132935,3.6014512261317577e-07,0.38439255952835083,0.7963323593139648,-0.06929351389408112,0.3406946361064911,0.7056967616081238,-0.09690196067094803,0.3185456097126007,0.602246880531311,-0.10327845066785812,0.30060940980911255,0.5168031454086304,-0.10357806831598282,0.4405413568019867,0.578879177570343,-0.09716971218585968,0.4107853174209595,0.41220909357070923,-0.10162220895290375,0.39365270733833313,0.3173125386238098,-0.09648944437503815,0.38934463262557983,0.25135210156440735,-0.09038446098566055,0.48743629455566406,0.5778095126152039,-0.0434882678091526,0.4626242220401764,0.40832632780075073,-0.049255721271038055,0.4497327208518982,0.31183889508247375,-0.04254971072077751,0.4435195326805115,0.2426709234714508,-0.03721705079078674,0.5132700204849243,0.590242326259613,0.011833074502646923,0.502088725566864,0.4588814377784729,0.011548218317329884,0.4939737319946289,0.3687593936920166,0.008346911519765854,0.4870789051055908,0.305340975522995,0.00816734042018652,0.5321077108383179,0.6142387390136719,0.06493916362524033,0.5347126126289368,0.521897554397583,0.07846789807081223,0.5333730578422546,0.4594143033027649,0.08223217725753784,0.5299621820449829,0.4128677248954773,0.08409656584262848,Left
0.4831635355949402,0.8283160924911499,6.330068913484865e-07,0.3865535259246826,0.7898217439651489,-0.06800419837236404,0.34076082706451416,0.703902542591095,-0.09881485998630524,0.31206703186035156,0.6012656092643738,-0.1092468723654747,0.28837546706199646,0.5177193880081177,-0.1139710322022438,0.4347367584705353,0.5759701132774353,-0.10094206035137177,0.40696579217910767,0.41516390442848206,-0.11302006244659424,0.3903410732746124,0.3207738399505615,-0.11226825416088104,0.38647738099098206,0.2547440230846405,-0.10824593156576157,0.4793786406517029,0.5716337561607361,-0.05219848453998566,0.45588868856430054,0.40562230348587036,-0.0680551528930664,0.44370290637016296,0.3114489018917084,-0.06591708958148956,0.4408218264579773,0.23867997527122498,-0.060924191027879715,0.508672297000885,0.5840004086494446,-0.0020757513120770454,0.5006318092346191,0.4487726390361786,-0.011550800874829292,0.49390068650245667,0.3620743155479431,-0.016792764887213707,0.4895283579826355,0.29892656207084656,-0.016222896054387093,0.5297510623931885,0.6043009161949158,0.04603751748800278,0.5342424511909485,0.5126436948776245,0.05143678933382034,0.5330883860588074,0.45478877425193787,0.053046826273202896,0.5333892107009888,0.40991175174713135,0.05522260442376137,Left
0.4798435568809509,0.8422162532806396,3.9828330500313314e-07,0.39168649911880493,0.7946083545684814,-0.06280484050512314,0.34368008375167847,0.7076646089553833,-0.09018325805664062,0.3178420960903168,0.6043482422828674,-0.09841263294219971,0.29591503739356995,0.5229267477989197,-0.10140331089496613,0.4362552762031555,0.5762081146240234,-0.0933779776096344,0.4062313735485077,0.4105718731880188,-0.09924618899822235,0.38954097032546997,0.3183739483356476,-0.09461911767721176,0.3859955668449402,0.2545921802520752,-0.08882603049278259,0.48416435718536377,0.573907732963562,-0.04467380419373512,0.4589041471481323,0.40494394302368164,-0.05123505741357803,0.4468535780906677,0.3124675750732422,-0.04432174563407898,0.442676842212677,0.2421131134033203,-0.0385003425180912,0.5116051435470581,0.5870927572250366,0.006017334759235382,0.5011152029037476,0.45587438344955444,0.00504120672121644,0.4926072955131531,0.3678753674030304,0.0026330186519771814,0.4856615960597992,0.3054150640964508,0.0031745880842208862,0.5326502323150635,0.6126441359519958,0.05498643219470978,0.536440908908844,0.5175288319587708,0.06715567409992218,0.535850465297699,0.45578035712242126,0.07141510397195816,0.5324544906616211,0.40892165899276733,0.07411585748195648,Left
0.48226043581962585,0.8438032269477844,4.632170771401434e-07,0.3941248655319214,0.797697901725769,-0.06964481621980667,0.3466714024543762,0.7099927067756653,-0.10003948956727982,0.31916433572769165,0.6041820049285889,-0.11012453585863113,0.29766690731048584,0.5198708176612854,-0.11415483802556992,0.44170770049095154,0.5761078000068665,-0.09725816547870636,0.4096488952636719,0.41002553701400757,-0.10481289029121399,0.3922259211540222,0.31698715686798096,-0.10122188180685043,0.38806623220443726,0.2526117265224457,-0.09566529095172882,0.4880180358886719,0.5716395378112793,-0.04568789526820183,0.4628855586051941,0.40281474590301514,-0.054262563586235046,0.45136773586273193,0.3075322210788727,-0.04863283783197403,0.4465261399745941,0.23819512128829956,-0.04298471286892891,0.514241099357605,0.584452748298645,0.007283153012394905,0.5025243163108826,0.45285728573799133,0.005114668048918247,0.493418425321579,0.3666253983974457,0.0035515367053449154,0.48543208837509155,0.3073202669620514,0.005487717222422361,0.5343946218490601,0.6097036004066467,0.05772923305630684,0.5381113290786743,0.5158272385597229,0.0695551186800003,0.5380774736404419,0.4555172026157379,0.0740933045744896,0.5358953475952148,0.41052544116973877,0.07751770317554474,Left
0.48226043581962585,0.8438032269477844,4.632170771401434e-07,0.3941248655319214,0.797697901725769,-0.06964481621980667,0.3466714024543762,0.7099927067756653,-0.10003948956727982,0.31916433572769165,0.6041820049285889,-0.11012453585863113,0.29766690731048584,0.5198708176612854,-0.11415483802556992,0.44170770049095154,0.5761078000068665,-0.09725816547870636,0.4096488952636719,0.41002553701400757,-0.10481289029121399,0.3922259211540222,0.31698715686798096,-0.10122188180685043,0.38806623220443726,0.2526117265224457,-0.09566529095172882,0.4880180358886719,0.5716395378112793,-0.04568789526820183,0.4628855586051941,0.40281474590301514,-0.054262563586235046,0.45136773586273193,0.3075322210788727,-0.04863283783197403,0.4465261399745941,0.23819512128829956,-0.04298471286892891,0.514241099357605,0.584452748298645,0.007283153012394905,0.5025243163108826,0.45285728573799133,0.005114668048918247,0.493418425321579,0.3666253983974457,0.0035515367053449154,0.48543208837509155,0.3073202669620514,0.005487717222422361,0.5343946218490601,0.6097036004066467,0.05772923305630684,0.5381113290786743,0.5158272385597229,0.0695551186800003,0.5380774736404419,0.4555172026157379,0.0740933045744896,0.5358953475952148,0.41052544116973877,0.07751770317554474,Left
0.4807441532611847,0.8387302160263062,3.702403432725987e-07,0.39241328835487366,0.7922436594963074,-0.0621660090982914,0.3434106111526489,0.7048841714859009,-0.090897336602211,0.316952645778656,0.6019941568374634,-0.10078763961791992,0.29683786630630493,0.5197071433067322,-0.10575393587350845,0.44074881076812744,0.5814405083656311,-0.10156466066837311,0.4097628593444824,0.4127584993839264,-0.11352105438709259,0.39217960834503174,0.31940850615501404,-0.11240392923355103,0.38753893971443176,0.25313007831573486,-0.10871028155088425,0.4885060489177704,0.5780652165412903,-0.05626177415251732,0.4627631604671478,0.40429097414016724,-0.0714162066578865,0.4492240846157074,0.3098318576812744,-0.06893105804920197,0.4440317451953888,0.23635610938072205,-0.06560474634170532,0.5148811936378479,0.5880333781242371,-0.008637894876301289,0.5029116272926331,0.4504173994064331,-0.017228206619620323,0.49314379692077637,0.3627718687057495,-0.022425908595323563,0.4853251576423645,0.30013933777809143,-0.02303587645292282,0.5336675047874451,0.6095190644264221,0.037561316043138504,0.5383780002593994,0.513085663318634,0.04398444667458534,0.5387013554573059,0.4517263174057007,0.04581175744533539,0.5368087291717529,0.40399235486984253,0.04711323231458664,Left
0.4849516749382019,0.8346263766288757,5.39439156455046e-07,0.3944607377052307,0.7884274125099182,-0.0710701197385788,0.34545040130615234,0.7025496363639832,-0.10498978942632675,0.3166077733039856,0.6000860333442688,-0.11941679567098618,0.29383087158203125,0.5180215239524841,-0.12847170233726501,0.43941009044647217,0.5737911462783813,-0.10404147207736969,0.40837493538856506,0.4085834324359894,-0.11450459808111191,0.3907020092010498,0.3159031271934509,-0.11247935146093369,0.3861800730228424,0.24994659423828125,-0.10868318378925323,0.48584675788879395,0.5716252326965332,-0.05646003410220146,0.45982128381729126,0.40146195888519287,-0.07060598582029343,0.4482535421848297,0.30647042393684387,-0.06841535866260529,0.44504818320274353,0.23369306325912476,-0.0650678277015686,0.5144370198249817,0.585038959980011,-0.007540195714682341,0.502957820892334,0.44885340332984924,-0.014867325313389301,0.4928025007247925,0.36433422565460205,-0.018068203702569008,0.48350104689598083,0.30454257130622864,-0.01716522127389908,0.5362188816070557,0.6090038418769836,0.0385589674115181,0.5412273406982422,0.5122629404067993,0.04399579390883446,0.5400647521018982,0.45178914070129395,0.04581974819302559,0.5360822677612305,0.40733012557029724,0.04778636619448662,Left
0.48440104722976685,0.8366988897323608,4.840579208575946e-07,0.39297011494636536,0.7882465124130249,-0.06648718565702438,0.3432077467441559,0.701137125492096,-0.09632842242717743,0.3170846700668335,0.5992145538330078,-0.10670775920152664,0.2975184917449951,0.5161595940589905,-0.11114564538002014,0.43996843695640564,0.5723573565483093,-0.09816328436136246,0.40879371762275696,0.4074264168739319,-0.10721327364444733,0.3921518623828888,0.31427499651908875,-0.10410209000110626,0.3879033029079437,0.24894770979881287,-0.0992821604013443,0.48616427183151245,0.5692989230155945,-0.05032354220747948,0.4600054621696472,0.3982495069503784,-0.06350342184305191,0.44848743081092834,0.3038088083267212,-0.05991947650909424,0.44480785727500916,0.23269549012184143,-0.055513422936201096,0.5134403705596924,0.5824946761131287,-0.0009274822077713907,0.5033255815505981,0.44701457023620605,-0.007716666907072067,0.4946739077568054,0.36277395486831665,-0.011209109798073769,0.48735639452934265,0.3031502664089203,-0.010278868488967419,0.534670352935791,0.6086509227752686,0.046344220638275146,0.5409726500511169,0.5144744515419006,0.05413989722728729,0.5408568978309631,0.4546915590763092,0.056189388036727905,0.5378987193107605,0.4087948501110077,0.057852230966091156,Left
0.47961992025375366,0.8417590260505676,5.709096626560495e-07,0.39048755168914795,0.7945153713226318,-0.07810600101947784,0.34135565161705017,0.7107138633728027,-0.1162649467587471,0.31652307510375977,0.6067395806312561,-0.13339953124523163,0.2969933748245239,0.5192607641220093,-0.1451147049665451,0.43771350383758545,0.5755292773246765,-0.11062561720609665,0.40806013345718384,0.4104469418525696,-0.12138006836175919,0.3919113576412201,0.31534889340400696,-0.11979199200868607,0.3872644305229187,0.24972277879714966,-0.11576429754495621,0.485183447599411,0.5739302039146423,-0.0579892061650753,0.46098649501800537,0.40283212065696716,-0.06990598887205124,0.449340283870697,0.3064115047454834,-0.0661233589053154,0.4456493854522705,0.23321518301963806,-0.06196004897356033,0.5135533213615417,0.5868801474571228,-0.004416241776198149,0.502028226852417,0.4517747163772583,-0.009192416444420815,0.4929519593715668,0.36566483974456787,-0.01255872007459402,0.48471251130104065,0.3042939007282257,-0.012450496666133404,0.535514771938324,0.6110493540763855,0.04589183256030083,0.5389692783355713,0.5159467458724976,0.05487249791622162,0.5385043025016785,0.4546881914138794,0.05745053291320801,0.5353358387947083,0.4086509644985199,0.05905367434024811,Left
0.4723376929759979,0.860194206237793,2.1193034172029002e-07,0.38669830560684204,0.8062542080879211,-0.06476746499538422,0.34051942825317383,0.7132301926612854,-0.08924715220928192,0.3177311420440674,0.6060158014297485,-0.09353271871805191,0.30151689052581787,0.5233336091041565,-0.09159014374017715,0.44178491830825806,0.5810250639915466,-0.08709518611431122,0.41167598962783813,0.4146401286125183,-0.09164594113826752,0.39407575130462646,0.32366061210632324,-0.08739647269248962,0.3910938799381256,0.2589013874530792,-0.08182952553033829,0.4907645881175995,0.574171781539917,-0.03586117550730705,0.463625431060791,0.40348362922668457,-0.04209933057427406,0.45061564445495605,0.30862945318222046,-0.03437551483511925,0.4431309998035431,0.24153339862823486,-0.027614057064056396,0.5167545676231384,0.5844624042510986,0.01647251285612583,0.504289984703064,0.45210838317871094,0.015231829136610031,0.49550193548202515,0.36576735973358154,0.01419147104024887,0.4884949028491974,0.30386191606521606,0.01659766398370266,0.5364704132080078,0.6106704473495483,0.06663758307695389,0.539143443107605,0.517765462398529,0.08093384653329849,0.5387190580368042,0.4602525234222412,0.08689585328102112,0.5360539555549622,0.4153646230697632,0.09098513424396515,Left
0.48609545826911926,0.8422545194625854,5.965373475191882e-07,0.38939371705055237,0.7936335802078247,-0.06514903157949448,0.3429625630378723,0.7078797221183777,-0.09567371010780334,0.31540459394454956,0.6066272258758545,-0.10576429963111877,0.29365408420562744,0.5224621295928955,-0.1098540723323822,0.4411190152168274,0.5769421458244324,-0.10138881951570511,0.41027557849884033,0.41529855132102966,-0.10778015851974487,0.3939526379108429,0.31959161162376404,-0.10121472924947739,0.38984718918800354,0.25471213459968567,-0.09303230792284012,0.4857788681983948,0.5752967596054077,-0.050207432359457016,0.4620513916015625,0.4063816964626312,-0.06158619001507759,0.4513874351978302,0.3112051784992218,-0.05574256181716919,0.44948577880859375,0.23884442448616028,-0.048678286373615265,0.5146121978759766,0.5883719325065613,0.0038531271275132895,0.5036838054656982,0.4534050226211548,0.0005286827799864113,0.4952961802482605,0.3673321604728699,3.264019687776454e-05,0.48857030272483826,0.30838871002197266,0.0034995542373508215,0.5373194217681885,0.6116271018981934,0.05637764558196068,0.5418486595153809,0.51446133852005,0.06913260370492935,0.5421249866485596,0.45504942536354065,0.07467284053564072,0.5410491824150085,0.411121129989624,0.07906614989042282,Left
0.4836019277572632,0.8452123403549194,4.268874533863709e-07,0.39197731018066406,0.7937452793121338,-0.059781476855278015,0.3436358571052551,0.7062517404556274,-0.08653554320335388,0.31664225459098816,0.60335373878479,-0.09377084672451019,0.29421937465667725,0.5217843651771545,-0.09508643299341202,0.43860504031181335,0.578552782535553,-0.09764472395181656,0.40784671902656555,0.41416826844215393,-0.10595889389514923,0.39213836193084717,0.3199992775917053,-0.10106585174798965,0.38857942819595337,0.2554593086242676,-0.09404994547367096,0.4857517182826996,0.5748702883720398,-0.049582589417696,0.4610091745853424,0.40459325909614563,-0.06101619824767113,0.4503982961177826,0.31098464131355286,-0.054642874747514725,0.4469442665576935,0.2417583465576172,-0.04781642556190491,0.5140222907066345,0.5876814723014832,0.0012904790928587317,0.5045061111450195,0.45371028780937195,-0.003753501921892166,0.49577319622039795,0.3694806694984436,-0.00638082530349493,0.48817354440689087,0.3114129304885864,-0.004355043638497591,0.5362840890884399,0.6130248308181763,0.0511726550757885,0.5421501398086548,0.5198848247528076,0.06226290017366409,0.5423624515533447,0.4612799286842346,0.06593654304742813,0.5391454696655273,0.416792094707489,0.06887353956699371,Left
0.4841374456882477,0.8470379114151001,4.1239488268729474e-07,0.39490437507629395,0.7977079749107361,-0.062217969447374344,0.3442733585834503,0.7106027603149414,-0.08928578346967697,0.31857526302337646,0.6077455282211304,-0.0966780036687851,0.29667696356773376,0.5255456566810608,-0.0980956181883812,0.438694030046463,0.5812365412712097,-0.09472325444221497,0.4082469344139099,0.4168979227542877,-0.10048020631074905,0.3920571208000183,0.3244125545024872,-0.09478018432855606,0.38810402154922485,0.26061737537384033,-0.0878925621509552,0.48669272661209106,0.577556312084198,-0.04494207724928856,0.4614719748497009,0.40840432047843933,-0.052876248955726624,0.4497472047805786,0.31493622064590454,-0.045480310916900635,0.4448162317276001,0.24561092257499695,-0.038694899529218674,0.5150728821754456,0.5899561643600464,0.007290128618478775,0.5032137632369995,0.4588470160961151,0.007263477426022291,0.49492859840393066,0.3710373044013977,0.006872248835861683,0.48800674080848694,0.30986475944519043,0.009008719585835934,0.5365281105041504,0.616255521774292,0.057775918394327164,0.5392149686813354,0.52382892370224,0.07196510583162308,0.5388625264167786,0.4627644717693329,0.07748126238584518,0.5360814929008484,0.4161457419395447,0.08121544122695923,Left
0.4812385141849518,0.8481069803237915,3.56366882670045e-07,0.39298588037490845,0.7999696731567383,-0.06347639113664627,0.3432711958885193,0.7113535404205322,-0.08974308520555496,0.31811749935150146,0.6070219278335571,-0.09569283574819565,0.2957679033279419,0.5237942337989807,-0.0954788476228714,0.4402521550655365,0.5823636651039124,-0.09620529413223267,0.4099317193031311,0.41681230068206787,-0.10182507336139679,0.39359015226364136,0.32400214672088623,-0.09620199352502823,0.3901551365852356,0.25982698798179626,-0.08935892581939697,0.4879038631916046,0.5779324173927307,-0.045340605080127716,0.46253859996795654,0.4098159074783325,-0.052958909422159195,0.449951171875,0.31612181663513184,-0.04545419290661812,0.44458141922950745,0.2471410036087036,-0.038835346698760986,0.5154607892036438,0.5892477631568909,0.007901173084974289,0.5032867789268494,0.4593421518802643,0.0072987619787454605,0.49493566155433655,0.37153276801109314,0.005799516569823027,0.4877730906009674,0.31020843982696533,0.007298849523067474,0.5358882546424866,0.614087700843811,0.05934779345989227,0.5391054749488831,0.5221298933029175,0.07327861338853836,0.5376577973365784,0.4611595869064331,0.0782126635313034,0.5333492755889893,0.41569983959198,0.08142486959695816,Left
0.4838985204696655,0.8448152542114258,5.793275477117277e-07,0.38732826709747314,0.7933035492897034,-0.06543664634227753,0.33991503715515137,0.7069791555404663,-0.09564372897148132,0.31536832451820374,0.6066731214523315,-0.10547275841236115,0.2964538037776947,0.5216952562332153,-0.10930219292640686,0.43930360674858093,0.5804933905601501,-0.09964518994092941,0.40958040952682495,0.41863131523132324,-0.10444074869155884,0.3924988806247711,0.32463860511779785,-0.09734407812356949,0.3874298334121704,0.25920918583869934,-0.08961142599582672,0.4856173098087311,0.5792798399925232,-0.04966652765870094,0.461353600025177,0.41047152876853943,-0.06034315377473831,0.4498499929904938,0.3162194788455963,-0.054795462638139725,0.44688379764556885,0.24462467432022095,-0.048356615006923676,0.5143426656723022,0.5918433666229248,0.0030018212273716927,0.5034694075584412,0.4577876925468445,0.00030497662373818457,0.4948284924030304,0.372889906167984,-0.0002799902867991477,0.4886484146118164,0.31334614753723145,0.0025526797398924828,0.5374383330345154,0.6145254969596863,0.05390562862157822,0.5410933494567871,0.5178391337394714,0.06596792489290237,0.541408121585846,0.4592069983482361,0.07120887190103531,0.5409011244773865,0.4154292941093445,0.0752481147646904,Left
0.4884321689605713,0.8492093682289124,3.544364233221131e-07,0.40081191062927246,0.7983715534210205,-0.06330906599760056,0.35055598616600037,0.7106181979179382,-0.09078513085842133,0.3236857056617737,0.6073920726776123,-0.0979493111371994,0.3021097779273987,0.5250875949859619,-0.09952054917812347,0.44490429759025574,0.5852711200714111,-0.10034424811601639,0.41163623332977295,0.41395843029022217,-0.10455518215894699,0.3934776186943054,0.32283318042755127,-0.09705863147974014,0.3905344307422638,0.26014450192451477,-0.08866118639707565,0.4924657344818115,0.5817384123802185,-0.04894936829805374,0.4659680426120758,0.40650367736816406,-0.052042312920093536,0.45390287041664124,0.31327444314956665,-0.04157993197441101,0.44897469878196716,0.24394506216049194,-0.0336424894630909,0.5202481150627136,0.5932943224906921,0.0051170517690479755,0.5099632740020752,0.45896750688552856,0.006666719447821379,0.5010423064231873,0.3709399700164795,0.003974209073930979,0.49306657910346985,0.3076498508453369,0.0039493003860116005,0.5423515439033508,0.6181057095527649,0.05787818878889084,0.5452055335044861,0.5257660746574402,0.07404601573944092,0.5445941090583801,0.4663125276565552,0.07942598313093185,0.5397624373435974,0.4221263527870178,0.08220776915550232,Left
0.4685244560241699,0.8668427467346191,3.139259661111282e-07,0.36257991194725037,0.8056655526161194,-0.04989854246377945,0.30593448877334595,0.7045817375183105,-0.0739365741610527,0.26782846450805664,0.5885162949562073,-0.08246031403541565,0.2337847650051117,0.5057988166809082,-0.08809508383274078,0.40991199016571045,0.5771640539169312,-0.0839536115527153,0.37726277112960815,0.4062708616256714,-0.08855019509792328,0.35993003845214844,0.3152184784412384,-0.08397180587053299,0.3566831946372986,0.24794229865074158,-0.07982470840215683,0.46582743525505066,0.5700616240501404,-0.04710104316473007,0.43797630071640015,0.39560550451278687,-0.0544465072453022,0.42901504039764404,0.30152466893196106,-0.04779359698295593,0.426820307970047,0.2320246398448944,-0.04233773052692413,0.5012912154197693,0.5832148194313049,-0.008211106061935425,0.4924163222312927,0.4403412938117981,-0.010569781064987183,0.49208760261535645,0.3534630537033081,-0.013615995645523071,0.49041521549224854,0.2874505817890167,-0.014206803403794765,0.5276310443878174,0.610500693321228,0.029497945681214333,0.5339547395706177,0.5090823769569397,0.03665319085121155,0.5366857051849365,0.44602182507514954,0.038031600415706635,0.5370320081710815,0.3963563144207001,0.039089102298021317,Left
0.47087937593460083,0.8619444370269775,3.6262983371671e-07,0.36475998163223267,0.8068665862083435,-0.04992105811834335,0.3073958158493042,0.7072747945785522,-0.07471578568220139,0.27058476209640503,0.5889794230461121,-0.0854785293340683,0.23475179076194763,0.5078085064888,-0.09377283602952957,0.4081200957298279,0.5763038396835327,-0.07843758910894394,0.37751877307891846,0.4076005220413208,-0.08537090569734573,0.3616322875022888,0.3162127137184143,-0.08397280424833298,0.3581139147281647,0.24718257784843445,-0.08283387869596481,0.46550223231315613,0.5679093599319458,-0.047233495861291885,0.4390348494052887,0.3947634696960449,-0.05824326351284981,0.42964687943458557,0.2995288670063019,-0.056364431977272034,0.4293147623538971,0.22727307677268982,-0.054545674473047256,0.5033366084098816,0.5810636281967163,-0.015069926157593727,0.4948998987674713,0.4375256896018982,-0.021462896838784218,0.49347907304763794,0.35130366683006287,-0.027617692947387695,0.4915909767150879,0.28424355387687683,-0.030749637633562088,0.5315502285957336,0.6082208156585693,0.015383768826723099,0.5399098992347717,0.503613293170929,0.01828155666589737,0.5428844690322876,0.44107186794281006,0.017425183206796646,0.5438665151596069,0.3924981653690338,0.016597338020801544,Left
0.47215479612350464,0.8563531637191772,4.00235222741685e-07,0.3653799891471863,0.8035151362419128,-0.04953915998339653,0.3068656027317047,0.705334484577179,-0.07396586239337921,0.26886940002441406,0.5892977714538574,-0.08492930233478546,0.23329368233680725,0.5075153708457947,-0.09349864721298218,0.4065287709236145,0.5718377828598022,-0.07315976172685623,0.37660539150238037,0.4054512083530426,-0.0807681530714035,0.3620372712612152,0.3152103126049042,-0.08130403608083725,0.3598676323890686,0.2452773153781891,-0.08186493068933487,0.46460723876953125,0.5638471245765686,-0.04336392506957054,0.43949025869369507,0.39313769340515137,-0.05504307150840759,0.4309595823287964,0.2979683578014374,-0.05591081455349922,0.4317183792591095,0.22631841897964478,-0.05629834532737732,0.5029264688491821,0.5791762471199036,-0.013080318458378315,0.49466490745544434,0.43691954016685486,-0.020388051867485046,0.49324268102645874,0.350823312997818,-0.028137557208538055,0.49222564697265625,0.283975213766098,-0.03250005841255188,0.5321035385131836,0.6079676151275635,0.015359355136752129,0.5407059192657471,0.5029624104499817,0.016485927626490593,0.5429421663284302,0.43956542015075684,0.014157993718981743,0.5444541573524475,0.38952726125717163,0.012293292209506035,Left
0.472974956035614,0.8364464044570923,3.2340469147129625e-07,0.3735528886318207,0.7857199907302856,-0.044865865260362625,0.31505489349365234,0.6985629796981812,-0.0705249160528183,0.2750494182109833,0.5946022868156433,-0.0833788737654686,0.2456538826227188,0.5168567299842834,-0.09500358253717422,0.4075850248336792,0.57208651304245,-0.08923844248056412,0.379045307636261,0.40766641497612,-0.10414288192987442,0.3625505268573761,0.3176899254322052,-0.10624423623085022,0.35833609104156494,0.25046300888061523,-0.10665250569581985,0.4628416895866394,0.5669816732406616,-0.06215706095099449,0.4394225478172302,0.39683571457862854,-0.08146245777606964,0.4300559163093567,0.30276307463645935,-0.08214416354894638,0.4280119836330414,0.22911325097084045,-0.08107878267765045,0.5000474452972412,0.5807086229324341,-0.03317790850996971,0.4940955936908722,0.437355101108551,-0.04657146707177162,0.4928288459777832,0.3523589074611664,-0.05424986034631729,0.4917100965976715,0.28413641452789307,-0.057238370180130005,0.5277330875396729,0.6077771782875061,-0.004971904680132866,0.5378683805465698,0.5058405995368958,-0.008152307942509651,0.5412489771842957,0.44364821910858154,-0.01089131087064743,0.543256938457489,0.3937426209449768,-0.012035232968628407,Left
0.46996375918388367,0.8630251288414001,3.112355102530273e-07,0.3674333393573761,0.804269015789032,-0.04961837828159332,0.3098210096359253,0.7059124708175659,-0.07305945456027985,0.26897579431533813,0.5926108956336975,-0.08165862411260605,0.23642471432685852,0.5123100876808167,-0.08759313076734543,0.4122907519340515,0.5792406797409058,-0.08255164325237274,0.37858182191848755,0.41003847122192383,-0.08743562549352646,0.36051610112190247,0.3203749358654022,-0.08308082073926926,0.3573569059371948,0.2535873055458069,-0.07947328686714172,0.4677741825580597,0.5716037154197693,-0.04780919477343559,0.4398508369922638,0.39817869663238525,-0.05719189718365669,0.4302370846271515,0.3036994934082031,-0.052400119602680206,0.42727816104888916,0.23347371816635132,-0.047895289957523346,0.5028806328773499,0.584469199180603,-0.011259281076490879,0.49327215552330017,0.4420076608657837,-0.0154786491766572,0.4919291138648987,0.3555765748023987,-0.019995901733636856,0.4892832636833191,0.28835344314575195,-0.02129361592233181,0.527870774269104,0.610525369644165,0.023953385651111603,0.5351107716560364,0.5095281600952148,0.028271440416574478,0.5382813215255737,0.44580474495887756,0.027791600674390793,0.5391891598701477,0.39530149102211,0.028035057708621025,Left
0.4687339663505554,0.8740516901016235,2.7921129230890074e-07,0.36388474702835083,0.8124733567237854,-0.045886196196079254,0.3070288300514221,0.7109408378601074,-0.06635402143001556,0.2696903645992279,0.5936589241027832,-0.07234874367713928,0.23600172996520996,0.5107215046882629,-0.0748310461640358,0.4131115972995758,0.5808263421058655,-0.0703851655125618,0.3789832293987274,0.40939342975616455,-0.07053539156913757,0.36133474111557007,0.3196318745613098,-0.06282848119735718,0.35869085788726807,0.2540262043476105,-0.05671282857656479,0.4688414931297302,0.5713331699371338,-0.0349675789475441,0.43890973925590515,0.3953236937522888,-0.04068225622177124,0.42933183908462524,0.3011811673641205,-0.032161157578229904,0.42799150943756104,0.23433101177215576,-0.02452767640352249,0.5038988590240479,0.5841609239578247,0.0020788414403796196,0.4944266378879547,0.43847084045410156,0.0011265610810369253,0.4936327636241913,0.35120850801467896,0.00038912257878109813,0.49192100763320923,0.2868221700191498,0.002107426756992936,0.5295947790145874,0.6133742332458496,0.03795790672302246,0.5357518196105957,0.5112207531929016,0.047511179000139236,0.5371858477592468,0.44732803106307983,0.0509556345641613,0.5359999537467957,0.39865973591804504,0.05387980118393898,Left
0.4694938361644745,0.8702752590179443,3.022518626494275e-07,0.3613375425338745,0.8020032644271851,-0.041346270591020584,0.30260491371154785,0.7023517489433289,-0.058000922203063965,0.2614693343639374,0.5937164425849915,-0.05863973870873451,0.22514989972114563,0.5122978687286377,-0.05566463991999626,0.40865805745124817,0.5733914375305176,-0.07591604441404343,0.3783811330795288,0.4063739776611328,-0.07439032942056656,0.36152034997940063,0.3159278631210327,-0.06486041098833084,0.35927140712738037,0.25031113624572754,-0.05660229176282883,0.46331170201301575,0.5679751038551331,-0.036906301975250244,0.4395444393157959,0.39446568489074707,-0.03866215795278549,0.4312637448310852,0.3012085556983948,-0.02825339324772358,0.42869988083839417,0.2334979772567749,-0.01959908939898014,0.4995565116405487,0.5821483135223389,0.005486149340867996,0.49531906843185425,0.44110316038131714,0.008750393986701965,0.49381402134895325,0.35482257604599,0.007588139735162258,0.4913676381111145,0.28909507393836975,0.008887788280844688,0.5268933176994324,0.6094748973846436,0.04794849827885628,0.5377280116081238,0.5108831524848938,0.06054605543613434,0.5414263606071472,0.44913774728775024,0.06369688361883163,0.5418731570243835,0.3991856575012207,0.06644070148468018,Left
0.4721424877643585,0.8706531524658203,4.131227626658074e-07,0.3651508688926697,0.8128159642219543,-0.04778705909848213,0.3017607629299164,0.7157237529754639,-0.07193072140216827,0.2517037093639374,0.6075241565704346,-0.08190534263849258,0.20944178104400635,0.5355027318000793,-0.0890761986374855,0.4102421998977661,0.5781517028808594,-0.07642639428377151,0.3790508210659027,0.4090407192707062,-0.0800369456410408,0.3637849986553192,0.3184860348701477,-0.07539555430412292,0.36221078038215637,0.2507531940937042,-0.07135017961263657,0.467206209897995,0.5702871084213257,-0.043443646281957626,0.4430637061595917,0.397230863571167,-0.050894275307655334,0.4339578151702881,0.3005160987377167,-0.046514879912137985,0.43541499972343445,0.23060044646263123,-0.04258767515420914,0.5056148171424866,0.5839521288871765,-0.008886977098882198,0.49796056747436523,0.4407670199871063,-0.010416020639240742,0.496773362159729,0.3539896607398987,-0.015222655609250069,0.49613407254219055,0.28807371854782104,-0.01747339405119419,0.5331390500068665,0.6105440258979797,0.02416631579399109,0.5428593754768372,0.506741464138031,0.03198523446917534,0.5455608367919922,0.44476544857025146,0.03326314687728882,0.5469768047332764,0.3967529535293579,0.034085195511579514,Left
0.4689655601978302,0.8676443099975586,5.041210329181922e-07,0.3610667586326599,0.8106967806816101,-0.04930604249238968,0.29534783959388733,0.7177013754844666,-0.07556912302970886,0.24446378648281097,0.6190475821495056,-0.08806928992271423,0.199884831905365,0.5552527904510498,-0.09823326766490936,0.4064592123031616,0.579312264919281,-0.08149512112140656,0.3782626688480377,0.41339311003685,-0.08921873569488525,0.3626652956008911,0.3223087191581726,-0.08836601674556732,0.36004263162612915,0.25268396735191345,-0.08723007887601852,0.4651136100292206,0.5724071264266968,-0.05104940012097359,0.44273120164871216,0.4015966057777405,-0.06238679215312004,0.4344830811023712,0.30446919798851013,-0.060185182839632034,0.4360131323337555,0.23446741700172424,-0.057422079145908356,0.5047045350074768,0.5879778861999512,-0.019353868439793587,0.4964958727359772,0.4437386989593506,-0.023994771763682365,0.4955526292324066,0.35695070028305054,-0.02894662506878376,0.49509957432746887,0.2903164327144623,-0.031200958415865898,0.5318220257759094,0.6152900457382202,0.010449645109474659,0.540992796421051,0.5133681297302246,0.013830333016812801,0.5429612994194031,0.45096635818481445,0.014216865412890911,0.544455349445343,0.40121570229530334,0.014981357380747795,Left
0.46646350622177124,0.8550664186477661,5.42028715244669e-07,0.3615116477012634,0.8065066337585449,-0.0538925975561142,0.2943200469017029,0.7185779213905334,-0.08383706957101822,0.23640507459640503,0.6255826950073242,-0.09988292306661606,0.18856534361839294,0.5655661225318909,-0.11362318694591522,0.40753504633903503,0.5830857157707214,-0.08974068611860275,0.37861478328704834,0.41686904430389404,-0.10451895743608475,0.3635396361351013,0.3252726197242737,-0.10919804126024246,0.36079341173171997,0.25290361046791077,-0.11166521906852722,0.46370455622673035,0.5745239853858948,-0.05890614539384842,0.44184190034866333,0.40380042791366577,-0.0751902237534523,0.434670090675354,0.30565956234931946,-0.0782499760389328,0.4360140860080719,0.2339840829372406,-0.07972913235425949,0.5035232305526733,0.5879824161529541,-0.027136465534567833,0.49757951498031616,0.44314810633659363,-0.03549579903483391,0.49574729800224304,0.358387291431427,-0.04353683069348335,0.4929197430610657,0.29459741711616516,-0.04805300384759903,0.5297145843505859,0.6116774678230286,0.0021770629100501537,0.5402041077613831,0.5096307396888733,0.00043831748189404607,0.5411339998245239,0.44970014691352844,-0.0028608159627765417,0.5408777594566345,0.40131688117980957,-0.00434317858889699,Left
0.4701043367385864,0.8610326647758484,5.407206344898441e-07,0.36358001828193665,0.8065997362136841,-0.04859055578708649,0.29531118273735046,0.7219839692115784,-0.0760401263833046,0.23908984661102295,0.636756181716919,-0.08997084945440292,0.19601792097091675,0.5804740190505981,-0.10240546613931656,0.4061303436756134,0.579143762588501,-0.08895274996757507,0.37802597880363464,0.41443976759910583,-0.09866008162498474,0.3629034757614136,0.323255330324173,-0.09776298701763153,0.3608412444591522,0.25447145104408264,-0.09628774225711823,0.4642457664012909,0.5738997459411621,-0.05945120006799698,0.4422832727432251,0.4005128741264343,-0.07310854643583298,0.4333476424217224,0.30277127027511597,-0.07162988185882568,0.43532198667526245,0.23165199160575867,-0.06916636973619461,0.5050009489059448,0.590326726436615,-0.027992144227027893,0.4982318580150604,0.4433174431324005,-0.03304585814476013,0.4964540898799896,0.35667359828948975,-0.03815843164920807,0.49629518389701843,0.28960561752319336,-0.040773142129182816,0.5318320393562317,0.6184996366500854,0.0016703999135643244,0.5412330031394958,0.5146307945251465,0.0041883899830281734,0.5429192185401917,0.4521617889404297,0.0043860627338290215,0.5451508164405823,0.40196773409843445,0.005206558853387833,Left
0.46358075737953186,0.8700668811798096,4.774091166837025e-07,0.3595903515815735,0.8103631138801575,-0.03975552320480347,0.2875058650970459,0.7196919918060303,-0.06470151990652084,0.22323456406593323,0.6361057162284851,-0.07882653921842575,0.16524744033813477,0.5953519940376282,-0.09147343784570694,0.4026055634021759,0.5814041495323181,-0.07213291525840759,0.37503984570503235,0.4137539565563202,-0.07854551821947098,0.36283597350120544,0.3236106038093567,-0.07477973401546478,0.361769437789917,0.25765135884284973,-0.06987554579973221,0.45831358432769775,0.5729829668998718,-0.044581279158592224,0.4368639290332794,0.39905720949172974,-0.053082216531038284,0.4312545657157898,0.30261433124542236,-0.04621170461177826,0.4353208541870117,0.2378101944923401,-0.038881510496139526,0.4981343448162079,0.5869154334068298,-0.015107175335288048,0.4893447160720825,0.4428480267524719,-0.015574858523905277,0.49024513363838196,0.35708653926849365,-0.01565183699131012,0.49038535356521606,0.2947031557559967,-0.013259492814540863,0.5242899656295776,0.6135851144790649,0.01295032724738121,0.5355769991874695,0.5089654326438904,0.022813329473137856,0.5382704734802246,0.4495660662651062,0.029208529740571976,0.5389466881752014,0.40529757738113403,0.03511728346347809,Left
0.4669089913368225,0.866578221321106,5.422334652394056e-07,0.36303067207336426,0.8139011859893799,-0.04550092667341232,0.2915823459625244,0.7254675626754761,-0.07295672595500946,0.22541119158267975,0.6393212676048279,-0.08859239518642426,0.16822034120559692,0.5951551795005798,-0.10276462882757187,0.40351253747940063,0.584926962852478,-0.0804799273610115,0.37710389494895935,0.4169182777404785,-0.09005973488092422,0.3637726902961731,0.32492366433143616,-0.08955144882202148,0.3620663285255432,0.25474005937576294,-0.0876951515674591,0.4604775309562683,0.57398521900177,-0.05195232480764389,0.43891847133636475,0.39948469400405884,-0.061771467328071594,0.43259376287460327,0.30218636989593506,-0.05759652704000473,0.43679460883140564,0.23459377884864807,-0.05330447107553482,0.5007258653640747,0.5872936844825745,-0.021902060136198997,0.4916366636753082,0.4417725205421448,-0.024355417117476463,0.4900338649749756,0.35685908794403076,-0.026879053562879562,0.4884485900402069,0.2945387065410614,-0.027112692594528198,0.5279088616371155,0.6128478050231934,0.00618778308853507,0.5372424125671387,0.5101709365844727,0.012593841180205345,0.5388555526733398,0.4491756558418274,0.015833957120776176,0.5392113327980042,0.40104392170906067,0.0189150869846344,Left
0.4660104215145111,0.8628333806991577,5.436213541543111e-07,0.36282679438591003,0.8115413784980774,-0.047220200300216675,0.2932583689689636,0.7228686213493347,-0.07417595386505127,0.22866465151309967,0.6382209062576294,-0.08820980787277222,0.17177969217300415,0.593587338924408,-0.10042713582515717,0.4055468440055847,0.5785854458808899,-0.07993719726800919,0.37827032804489136,0.4176429212093353,-0.09032046794891357,0.3640590310096741,0.32824063301086426,-0.092750184237957,0.3620710074901581,0.2579573392868042,-0.0931229293346405,0.46224114298820496,0.5716139078140259,-0.04936698451638222,0.44050174951553345,0.4051222503185272,-0.05981769412755966,0.4340735971927643,0.30890315771102905,-0.05966809391975403,0.43690866231918335,0.23832768201828003,-0.058770086616277695,0.5035016536712646,0.5861043334007263,-0.017275361344218254,0.49386629462242126,0.44495928287506104,-0.020693164318799973,0.493607759475708,0.3596271872520447,-0.027697399258613586,0.4920360743999481,0.296075701713562,-0.031436484307050705,0.5295212864875793,0.6093646287918091,0.013092417269945145,0.5380622148513794,0.5083401799201965,0.017639879137277603,0.5387423634529114,0.44894611835479736,0.01767662912607193,0.5386454463005066,0.4019930064678192,0.01820908486843109,Left
0.4711417555809021,0.8715870380401611,5.34087746473233e-07,0.3668982982635498,0.8147674798965454,-0.04635658860206604,0.29549640417099,0.7236307859420776,-0.0743262842297554,0.2303244173526764,0.6392461657524109,-0.09021079540252686,0.176664799451828,0.5939498543739319,-0.10492569208145142,0.40743714570999146,0.5837105512619019,-0.08034460991621017,0.3797075152397156,0.41896581649780273,-0.08821045607328415,0.3665415048599243,0.32733094692230225,-0.0865723267197609,0.36447200179100037,0.25894781947135925,-0.08417348563671112,0.4635113477706909,0.575862467288971,-0.0517549030482769,0.44151249527931213,0.4050898551940918,-0.06058454141020775,0.43474483489990234,0.307910293340683,-0.056581493467092514,0.43874552845954895,0.24075093865394592,-0.05275055393576622,0.5036813020706177,0.5905534625053406,-0.021706918254494667,0.4947352111339569,0.4464939832687378,-0.02282409556210041,0.4948631227016449,0.3612205982208252,-0.026658587157726288,0.49525168538093567,0.2981037497520447,-0.028782866895198822,0.5304015874862671,0.6173112392425537,0.006310284603387117,0.5396389365196228,0.5144131779670715,0.012425823137164116,0.5419835448265076,0.45392921566963196,0.014258138835430145,0.543615460395813,0.407135009765625,0.015842780470848083,Left
0.4689629077911377,0.8718713521957397,4.981300207873574e-07,0.3646813631057739,0.8126353025436401,-0.04147770255804062,0.29281502962112427,0.722622811794281,-0.06699096411466599,0.22719785571098328,0.6408296823501587,-0.08149968832731247,0.1687633991241455,0.6018221974372864,-0.09457725286483765,0.4074351489543915,0.583301305770874,-0.07119957357645035,0.37924548983573914,0.41821950674057007,-0.07677409797906876,0.3657959997653961,0.3277193307876587,-0.07347360998392105,0.36329594254493713,0.26006028056144714,-0.06928230822086334,0.4633997976779938,0.5737839937210083,-0.04275723546743393,0.4398995339870453,0.4020969867706299,-0.0498838946223259,0.4334562420845032,0.3045021593570709,-0.04291808605194092,0.4372277557849884,0.2375255525112152,-0.03573320433497429,0.5030707716941833,0.5880053639411926,-0.012635819613933563,0.4929572343826294,0.4437475800514221,-0.012852054089307785,0.4937477111816406,0.3581409156322479,-0.013204500079154968,0.4932539165019989,0.2953687012195587,-0.010978027246892452,0.5285965204238892,0.6152452826499939,0.015941312536597252,0.5384551286697388,0.5109041929244995,0.025680379942059517,0.5406917333602905,0.4503854811191559,0.03199603781104088,0.5412657260894775,0.40537214279174805,0.03785409405827522,Left
0.46784690022468567,0.8604387044906616,5.403676368587185e-07,0.3655899167060852,0.808186948299408,-0.050981953740119934,0.29973161220550537,0.7214227318763733,-0.08058101683855057,0.23948411643505096,0.6333277225494385,-0.09708447009325027,0.18957892060279846,0.5789013504981995,-0.1118006482720375,0.4078574776649475,0.5783756971359253,-0.08515190333127975,0.38215526938438416,0.41489243507385254,-0.09855729341506958,0.367517352104187,0.32352694869041443,-0.10313718765974045,0.36472195386886597,0.2519611418247223,-0.10535173118114471,0.46344447135925293,0.5715210437774658,-0.055258482694625854,0.44339707493782043,0.40336737036705017,-0.06788268685340881,0.43639320135116577,0.3063472509384155,-0.06872624158859253,0.4381697475910187,0.23615926504135132,-0.06877899914979935,0.5036982297897339,0.5874722003936768,-0.024404626339673996,0.49910035729408264,0.44372308254241943,-0.02850901335477829,0.4991302490234375,0.360329806804657,-0.033960431814193726,0.49827826023101807,0.2974476218223572,-0.03720509633421898,0.5303754806518555,0.6135570406913757,0.003969463519752026,0.5401562452316284,0.5105688571929932,0.006006037816405296,0.5409897565841675,0.4509787857532501,0.0056035444140434265,0.5419291257858276,0.40319621562957764,0.006055573932826519,Left
0.46768271923065186,0.857620358467102,5.494985089171678e-07,0.3662486970424652,0.8058478832244873,-0.048163000494241714,0.30087295174598694,0.7177644968032837,-0.07672536373138428,0.241729274392128,0.6268397569656372,-0.0923105850815773,0.18921038508415222,0.5739138126373291,-0.10585560649633408,0.40852177143096924,0.5765436887741089,-0.08405571430921555,0.383175790309906,0.4119534492492676,-0.09881328046321869,0.36919260025024414,0.32054316997528076,-0.10358630865812302,0.36627551913261414,0.24849125742912292,-0.10491124540567398,0.46584823727607727,0.5696711540222168,-0.05397743731737137,0.4461459517478943,0.3997997045516968,-0.0678444653749466,0.4396902918815613,0.3019736111164093,-0.06768765300512314,0.440540075302124,0.23132917284965515,-0.06587640196084976,0.507531464099884,0.5850895643234253,-0.022592604160308838,0.49991971254348755,0.440537691116333,-0.027850588783621788,0.49978870153427124,0.3554772436618805,-0.03246597200632095,0.4978828430175781,0.2919139564037323,-0.033733442425727844,0.5349845886230469,0.6101015210151672,0.006892836652696133,0.5426446199417114,0.50785893201828,0.01050468347966671,0.5427386164665222,0.4484744071960449,0.011905044317245483,0.5423893332481384,0.40191084146499634,0.014219939708709717,Left
0.42592787742614746,0.724480926990509,1.1857575827889377e-06,0.5252606272697449,0.7079075574874878,-0.055187392979860306,0.5958824157714844,0.644629180431366,-0.08801212161779404,0.662314236164093,0.5771076679229736,-0.10939010232686996,0.7208256125450134,0.5151923894882202,-0.12984217703342438,0.5124514698982239,0.48418164253234863,-0.07874385267496109,0.543235182762146,0.332030713558197,-0.09440328180789948,0.5689685940742493,0.24800944328308105,-0.09924318641424179,0.5865923166275024,0.19018754363059998,-0.10096616297960281,0.45283401012420654,0.46881604194641113,-0.058112263679504395,0.4872574806213379,0.3190287947654724,-0.06707913428544998,0.5091062784194946,0.2269403636455536,-0.06801236420869827,0.523292601108551,0.1661963164806366,-0.06904031336307526,0.4050988554954529,0.4805980622768402,-0.03923195227980614,0.4251406788825989,0.3507841229438782,-0.046623773872852325,0.4347916841506958,0.27167609333992004,-0.05437281355261803,0.4426785111427307,0.21646720170974731,-0.06052954122424126,0.37374037504196167,0.5094043612480164,-0.023714562878012657,0.37715715169906616,0.4134029448032379,-0.03282628580927849,0.3820546865463257,0.3563384413719177,-0.039427436888217926,0.38815319538116455,0.3119075894355774,-0.043380577117204666,Right
0.4145961105823517,0.7696963548660278,1.1965594239882194e-06,0.524371325969696,0.7520906925201416,-0.07037504762411118,0.603305995464325,0.6841678619384766,-0.10734812170267105,0.6729606986045837,0.6004498600959778,-0.12781108915805817,0.7399163246154785,0.5337846875190735,-0.1455380767583847,0.5083053112030029,0.5002020597457886,-0.09159741550683975,0.5417497754096985,0.3367141783237457,-0.10500820726156235,0.5681442022323608,0.24562841653823853,-0.10614065825939178,0.5865403413772583,0.1837117075920105,-0.10416249185800552,0.44709065556526184,0.48374077677726746,-0.056980594992637634,0.48069602251052856,0.32159197330474854,-0.06259375065565109,0.5039193630218506,0.22508636116981506,-0.05660367012023926,0.5181359648704529,0.16061118245124817,-0.051335517317056656,0.3981453776359558,0.49477672576904297,-0.02464747615158558,0.41900569200515747,0.3521593511104584,-0.029116392135620117,0.4296639561653137,0.26512768864631653,-0.029947038739919662,0.43533816933631897,0.20399951934814453,-0.029991934075951576,0.3661070466041565,0.5209949612617493,0.003225692082196474,0.3675885796546936,0.4153057336807251,-0.002803177572786808,0.3716520667076111,0.350369930267334,-0.00644271494820714,0.37665390968322754,0.2965654134750366,-0.006942870561033487,Right
0.4145961105823517,0.7696963548660278,1.1965594239882194e-06,0.524371325969696,0.7520906925201416,-0.07037504762411118,0.603305995464325,0.6841678619384766,-0.10734812170267105,0.6729606986045837,0.6004498600959778,-0.12781108915805817,0.7399163246154785,0.5337846875190735,-0.1455380767583847,0.5083053112030029,0.5002020597457886,-0.09159741550683975,0.5417497754096985,0.3367141783237457,-0.10500820726156235,0.5681442022323608,0.24562841653823853,-0.10614065825939178,0.5865403413772583,0.1837117075920105,-0.10416249185800552,0.44709065556526184,0.48374077677726746,-0.056980594992637634,0.48069602251052856,0.32159197330474854,-0.06259375065565109,0.5039193630218506,0.22508636116981506,-0.05660367012023926,0.5181359648704529,0.16061118245124817,-0.051335517317056656,0.3981453776359558,0.49477672576904297,-0.02464747615158558,0.41900569200515747,0.3521593511104584,-0.029116392135620117,0.4296639561653137,0.26512768864631653,-0.029947038739919662,0.43533816933631897,0.20399951934814453,-0.029991934075951576,0.3661070466041565,0.5209949612617493,0.003225692082196474,0.3675885796546936,0.4153057336807251,-0.002803177572786808,0.3716520667076111,0.350369930267334,-0.00644271494820714,0.37665390968322754,0.2965654134750366,-0.006942870561033487,Right
0.4245178997516632,0.779263973236084,1.2361712151687243e-06,0.5381491780281067,0.7476570010185242,-0.06402909010648727,0.6158731579780579,0.6730449199676514,-0.09742384403944016,0.6862415075302124,0.5881195664405823,-0.11496490240097046,0.7520284652709961,0.5152291059494019,-0.12922263145446777,0.5165669322013855,0.48789289593696594,-0.07496441900730133,0.550432026386261,0.32693368196487427,-0.07985284924507141,0.5763646364212036,0.23745369911193848,-0.07558349519968033,0.5948991775512695,0.17787033319473267,-0.06981322169303894,0.4569615125656128,0.4748946726322174,-0.03921185061335564,0.4868280589580536,0.31414273381233215,-0.0382431335747242,0.5095347762107849,0.21920597553253174,-0.02946682646870613,0.5234864950180054,0.15500420331954956,-0.021532230079174042,0.40751680731773376,0.4882713258266449,-0.004949701018631458,0.42519718408584595,0.3474377989768982,-0.0034810947254300117,0.43518733978271484,0.2609398365020752,-4.0387469198321924e-05,0.439155638217926,0.20143842697143555,0.0033706354442983866,0.3766471743583679,0.5174818634986877,0.025504060089588165,0.3756682872772217,0.41332554817199707,0.02632644772529602,0.381028413772583,0.3500514328479767,0.02752257138490677,0.3852648138999939,0.29640528559684753,0.030869854614138603,Right
0.42921656370162964,0.7597659826278687,1.2310014199101715e-06,0.5388482809066772,0.7351616621017456,-0.0634312778711319,0.6154987215995789,0.6703179478645325,-0.09858167171478271,0.6855307817459106,0.5914172530174255,-0.11723829805850983,0.7510350346565247,0.5241720676422119,-0.1330401748418808,0.5216335654258728,0.4907013177871704,-0.08785613626241684,0.554938018321991,0.3341047763824463,-0.09722759574651718,0.5778961181640625,0.24210932850837708,-0.09413280338048935,0.5917408466339111,0.18029150366783142,-0.08813178539276123,0.4608668386936188,0.4748896360397339,-0.052147358655929565,0.4913231432437897,0.31841176748275757,-0.05510677397251129,0.5130319595336914,0.22468003630638123,-0.04472624137997627,0.5248605012893677,0.16426041722297668,-0.03503100574016571,0.41127341985702515,0.4855022728443146,-0.017181893810629845,0.4272288978099823,0.35109737515449524,-0.019808879122138023,0.43769457936286926,0.2670091688632965,-0.016856681555509567,0.44278788566589355,0.2123386561870575,-0.012365087866783142,0.3806191682815552,0.5130426287651062,0.014744446612894535,0.38089415431022644,0.4128032624721527,0.01617646962404251,0.3868296146392822,0.35231512784957886,0.01921454444527626,0.39187830686569214,0.3052685856819153,0.023937895894050598,Right
0.4282912611961365,0.7725688219070435,1.1491846407807316e-06,0.5389173626899719,0.7450355291366577,-0.061871618032455444,0.6151828765869141,0.6726587414741516,-0.0949058085680008,0.6852326393127441,0.5902107954025269,-0.11396339535713196,0.7498663663864136,0.5174638032913208,-0.13073508441448212,0.5204602479934692,0.49338650703430176,-0.07344876229763031,0.550862193107605,0.33185237646102905,-0.08151305466890335,0.5759835243225098,0.2428281307220459,-0.08083890378475189,0.5937857031822205,0.18288341164588928,-0.07862410694360733,0.45995208621025085,0.480207234621048,-0.044001154601573944,0.48871132731437683,0.3196032643318176,-0.047160059213638306,0.5117478370666504,0.2246931791305542,-0.04386230930685997,0.5271310210227966,0.16101855039596558,-0.04110216721892357,0.41040346026420593,0.4933657646179199,-0.016583355143666267,0.42748579382896423,0.3532007336616516,-0.01840009167790413,0.4365086257457733,0.26719194650650024,-0.020375167950987816,0.44155174493789673,0.20638161897659302,-0.022337421774864197,0.37963080406188965,0.5224322080612183,0.0068670581094920635,0.37892624735832214,0.42006680369377136,0.002804721938446164,0.3826204240322113,0.3579041361808777,-0.0006045178743079305,0.38690757751464844,0.3048378825187683,-0.0016637311782687902,Right
0.429501473903656,0.7742670774459839,1.1197462299605832e-06,0.5397419333457947,0.7439388632774353,-0.06045442447066307,0.6174846291542053,0.6700401306152344,-0.09200306981801987,0.6868791580200195,0.5870128870010376,-0.10962796211242676,0.7544648051261902,0.5208476781845093,-0.12445490062236786,0.5220008492469788,0.49255579710006714,-0.07247389107942581,0.5525133013725281,0.33074837923049927,-0.0813622921705246,0.5776844620704651,0.24279552698135376,-0.08080074191093445,0.5963995456695557,0.18320387601852417,-0.07788734138011932,0.4605468213558197,0.47945544123649597,-0.04287115857005119,0.4906756579875946,0.3185425400733948,-0.04467009752988815,0.513270914554596,0.22391846776008606,-0.03854648396372795,0.5281723737716675,0.16228032112121582,-0.03339209035038948,0.41089653968811035,0.4927058517932892,-0.015608850866556168,0.4293955862522125,0.35193711519241333,-0.017733372747898102,0.4396228492259979,0.26725196838378906,-0.018383093178272247,0.4450792968273163,0.2082466185092926,-0.01848568581044674,0.3797585368156433,0.5202906131744385,0.00782622117549181,0.38209855556488037,0.4162730872631073,0.003779410384595394,0.3872215449810028,0.35450077056884766,0.0015183998038992286,0.39199739694595337,0.3022993803024292,0.0019341696752235293,Right
0.4290615916252136,0.7733957171440125,1.1640606771834427e-06,0.5378091931343079,0.7417032718658447,-0.059480100870132446,0.615399956703186,0.6690505146980286,-0.09137685596942902,0.6839712858200073,0.5871424078941345,-0.10830391198396683,0.7508751749992371,0.5229676961898804,-0.12197894603013992,0.5206607580184937,0.4916382431983948,-0.07709501683712006,0.5525477528572083,0.3311999440193176,-0.08569152653217316,0.5767817497253418,0.2413840889930725,-0.08258425444364548,0.5936387181282043,0.18148890137672424,-0.0767216756939888,0.46151816844940186,0.4769912362098694,-0.04501781985163689,0.4904618263244629,0.31733906269073486,-0.04642863571643829,0.5119848847389221,0.22182506322860718,-0.036698173731565475,0.5251550078392029,0.16014623641967773,-0.02779199741780758,0.4123513698577881,0.48899519443511963,-0.014317983761429787,0.4267059564590454,0.34999650716781616,-0.01650538109242916,0.43610063195228577,0.26497682929039,-0.013898437842726707,0.4411858320236206,0.20872709155082703,-0.010042120702564716,0.3810226619243622,0.5166008472442627,0.013164262287318707,0.381375253200531,0.4136410057544708,0.012106725014746189,0.38609784841537476,0.3526304066181183,0.013642661273479462,0.3904343247413635,0.30257493257522583,0.017630601301789284,Right
0.43023306131362915,0.764746904373169,1.102203441405436e-06,0.540198564529419,0.7366069555282593,-0.053868889808654785,0.6183847188949585,0.6679529547691345,-0.0815780833363533,0.6871738433837891,0.5879281759262085,-0.09606656432151794,0.7499001026153564,0.5219723582267761,-0.10779274255037308,0.5235296487808228,0.48983708024024963,-0.0677102729678154,0.555176854133606,0.33102500438690186,-0.07394440472126007,0.58036208152771,0.24440443515777588,-0.07169149070978165,0.5983059406280518,0.18493425846099854,-0.06872225552797318,0.46433690190315247,0.4724240303039551,-0.04159965738654137,0.49390214681625366,0.31530308723449707,-0.04443865269422531,0.5173373222351074,0.22449737787246704,-0.040583737194538116,0.5335232019424438,0.1645207703113556,-0.037609878927469254,0.4134269654750824,0.4842131435871124,-0.016590651124715805,0.42782506346702576,0.3452571928501129,-0.02057684026658535,0.43905824422836304,0.2619592845439911,-0.02260814979672432,0.44762325286865234,0.20714929699897766,-0.023546094074845314,0.3804848790168762,0.5151847004890442,0.005574977025389671,0.3802998960018158,0.41321051120758057,0.0010722853476181626,0.3860568702220917,0.3521844148635864,-0.0009003640152513981,0.3925153613090515,0.3032356798648834,-0.0004337007412686944,Right
0.4289611279964447,0.766510009765625,1.113739813263237e-06,0.5389165878295898,0.7365506887435913,-0.055975668132305145,0.6164778470993042,0.6656893491744995,-0.08556219935417175,0.6845935583114624,0.582955002784729,-0.10105361044406891,0.7522379159927368,0.5221002101898193,-0.11350270360708237,0.5233097672462463,0.4900696873664856,-0.07184688001871109,0.5548481941223145,0.3291407823562622,-0.07872626930475235,0.5792557597160339,0.2416287064552307,-0.07490567862987518,0.5965691208839417,0.18302205204963684,-0.0691400021314621,0.46364450454711914,0.4732344150543213,-0.0417773500084877,0.49349117279052734,0.31347358226776123,-0.039930857717990875,0.5163877010345459,0.22178316116333008,-0.029034053906798363,0.5309231877326965,0.16211766004562378,-0.02025356888771057,0.4134184718132019,0.4844265580177307,-0.013208654709160328,0.42876920104026794,0.3460491895675659,-0.01269579492509365,0.4391741454601288,0.2642281949520111,-0.009981715120375156,0.4458574056625366,0.21148905158042908,-0.007173861842602491,0.3816573917865753,0.5127316117286682,0.012203126214444637,0.38067150115966797,0.41291922330856323,0.012017453089356422,0.38586026430130005,0.35443782806396484,0.01289896760135889,0.3912809193134308,0.3073752224445343,0.01586168259382248,Right
0.4317416250705719,0.7648975849151611,1.0722415026975796e-06,0.5398605465888977,0.7406735420227051,-0.05669398233294487,0.6171334981918335,0.668130099773407,-0.0865182876586914,0.6844258904457092,0.5851553678512573,-0.10393171012401581,0.7509652376174927,0.5215624570846558,-0.11930876970291138,0.5224910974502563,0.49472877383232117,-0.06951462477445602,0.5524529814720154,0.33326902985572815,-0.08061875402927399,0.5765154957771301,0.24597451090812683,-0.08359447121620178,0.59425950050354,0.18422091007232666,-0.08472622185945511,0.4621860384941101,0.4784720242023468,-0.04553475230932236,0.49119070172309875,0.31982308626174927,-0.05089655518531799,0.5124300122261047,0.22385263442993164,-0.052003294229507446,0.5262652039527893,0.15957796573638916,-0.053606998175382614,0.4126969575881958,0.4903905987739563,-0.023651210591197014,0.42908456921577454,0.35110604763031006,-0.028322957456111908,0.43740057945251465,0.267062246799469,-0.03497808054089546,0.44258981943130493,0.20612233877182007,-0.040857572108507156,0.37993186712265015,0.5185999274253845,-0.005407759919762611,0.38192087411880493,0.4170165956020355,-0.013057522475719452,0.3851032555103302,0.3553927540779114,-0.0196726992726326,0.3890851140022278,0.30174720287323,-0.023511338979005814,Right
0.428905725479126,0.771805465221405,1.060996169144346e-06,0.5389816761016846,0.7411664128303528,-0.0552278608083725,0.6166735291481018,0.668117344379425,-0.08330672234296799,0.6856671571731567,0.5858452320098877,-0.0980844795703888,0.7520596385002136,0.5238502025604248,-0.10970992594957352,0.5214748382568359,0.4932977557182312,-0.06796706467866898,0.5518694519996643,0.32977157831192017,-0.07579705119132996,0.5760393142700195,0.24070993065834045,-0.0739949643611908,0.5939217805862427,0.18007221817970276,-0.0703432559967041,0.4606485366821289,0.4786358177661896,-0.04029536247253418,0.49184146523475647,0.3180435001850128,-0.04153338819742203,0.5145185589790344,0.22269871830940247,-0.03486909344792366,0.5294647216796875,0.15948376059532166,-0.029558755457401276,0.4112841486930847,0.49096086621284485,-0.014489184133708477,0.4287596046924591,0.3497565984725952,-0.016320092603564262,0.4387865662574768,0.2641949951648712,-0.0164320170879364,0.4443371891975403,0.20592376589775085,-0.016062159091234207,0.380024254322052,0.5184237360954285,0.007910218089818954,0.3816656470298767,0.41459959745407104,0.004471813794225454,0.38572949171066284,0.3534477949142456,0.002967463806271553,0.3900793492794037,0.3026127219200134,0.004011503886431456,Right
0.432342529296875,0.7637141942977905,1.081491177501448e-06,0.5395970344543457,0.7326876521110535,-0.05120909959077835,0.6166882514953613,0.6620370745658875,-0.07891859114170074,0.6847550272941589,0.5818410515785217,-0.093869648873806,0.7492684125900269,0.5216781497001648,-0.10629231482744217,0.5230739116668701,0.490482896566391,-0.07052812725305557,0.5539253354072571,0.32897019386291504,-0.07937352359294891,0.5790153741836548,0.24222448468208313,-0.07830064743757248,0.5972046852111816,0.1820550262928009,-0.07544336467981339,0.463721364736557,0.47302746772766113,-0.04583296552300453,0.49319374561309814,0.3141780495643616,-0.04938540607690811,0.5158871412277222,0.22135120630264282,-0.04473745450377464,0.5304464101791382,0.16163742542266846,-0.041236087679862976,0.4136146306991577,0.4844221770763397,-0.022009847685694695,0.4266454875469208,0.3446063995361328,-0.026716262102127075,0.4371051788330078,0.2597770094871521,-0.02991148643195629,0.44435495138168335,0.20478734374046326,-0.031593140214681625,0.38180750608444214,0.5141680836677551,-0.0005913387285545468,0.3808104991912842,0.4124884605407715,-0.0045287711545825005,0.385477215051651,0.3519362211227417,-0.0064791059121489525,0.3903529644012451,0.3039606511592865,-0.006276146043092012,Right
0.432342529296875,0.7637141942977905,1.081491177501448e-06,0.5395970344543457,0.7326876521110535,-0.05120909959077835,0.6166882514953613,0.6620370745658875,-0.07891859114170074,0.6847550272941589,0.5818410515785217,-0.093869648873806,0.7492684125900269,0.5216781497001648,-0.10629231482744217,0.5230739116668701,0.490482896566391,-0.07052812725305557,0.5539253354072571,0.32897019386291504,-0.07937352359294891,0.5790153741836548,0.24222448468208313,-0.07830064743757248,0.5972046852111816,0.1820550262928009,-0.07544336467981339,0.463721364736557,0.47302746772766113,-0.04583296552300453,0.49319374561309814,0.3141780495643616,-0.04938540607690811,0.5158871412277222,0.22135120630264282,-0.04473745450377464,0.5304464101791382,0.16163742542266846,-0.041236087679862976,0.4136146306991577,0.4844221770763397,-0.022009847685694695,0.4266454875469208,0.3446063995361328,-0.026716262102127075,0.4371051788330078,0.2597770094871521,-0.02991148643195629,0.44435495138168335,0.20478734374046326,-0.031593140214681625,0.38180750608444214,0.5141680836677551,-0.0005913387285545468,0.3808104991912842,0.4124884605407715,-0.0045287711545825005,0.385477215051651,0.3519362211227417,-0.0064791059121489525,0.3903529644012451,0.3039606511592865,-0.006276146043092012,Right
0.43831801414489746,0.7195428609848022,1.0587538099571248e-06,0.5351585149765015,0.6860091686248779,-0.06027115508913994,0.5933292508125305,0.6081131100654602,-0.09734003245830536,0.6470941305160522,0.5230523347854614,-0.12044156342744827,0.7015610933303833,0.4490850865840912,-0.14210395514965057,0.5228524804115295,0.46315860748291016,-0.08930137008428574,0.5544475317001343,0.3102850914001465,-0.10643581300973892,0.5815929770469666,0.22481554746627808,-0.10839881002902985,0.6004573702812195,0.16955435276031494,-0.10431551188230515,0.4671536087989807,0.44948893785476685,-0.05727903172373772,0.5014081597328186,0.295170396566391,-0.06543625891208649,0.5287899971008301,0.20411786437034607,-0.05700324475765228,0.5472898483276367,0.1429009735584259,-0.04837634786963463,0.42182913422584534,0.45907795429229736,-0.026302626356482506,0.4441564083099365,0.3282946050167084,-0.031822752207517624,0.46199482679367065,0.24685819447040558,-0.031396906822919846,0.4730885326862335,0.19330312311649323,-0.02886013127863407,0.39365825057029724,0.4820822477340698,0.0017918437952175736,0.4008875787258148,0.38442546129226685,0.002352769486606121,0.4138071537017822,0.32862377166748047,0.0044427854008972645,0.42490434646606445,0.2891194820404053,0.007448888383805752,Right
0.4360045790672302,0.7091941833496094,1.2575210348586552e-06,0.5354927182197571,0.6822292804718018,-0.06608305871486664,0.591668426990509,0.6094881892204285,-0.11063318699598312,0.6464932560920715,0.5307058095932007,-0.14017845690250397,0.6975100636482239,0.4502769410610199,-0.16927243769168854,0.5255306363105774,0.4582294523715973,-0.1045977920293808,0.5532338619232178,0.30977123975753784,-0.12095832079648972,0.5799287557601929,0.22211095690727234,-0.11970527470111847,0.5974473357200623,0.1662643849849701,-0.11351477354764938,0.4679481089115143,0.4478691816329956,-0.07136447727680206,0.4991038143634796,0.29905152320861816,-0.08063620328903198,0.5273591876029968,0.20732197165489197,-0.07044323533773422,0.5484061241149902,0.1462508738040924,-0.06022972613573074,0.4211750030517578,0.45941388607025146,-0.03862600028514862,0.4437902569770813,0.32946836948394775,-0.04367666319012642,0.4617844223976135,0.24695350229740143,-0.04158271476626396,0.47439247369766235,0.1922995150089264,-0.03866339102387428,0.3922135829925537,0.4808284342288971,-0.00904133915901184,0.3986138701438904,0.3858816623687744,-0.010657936334609985,0.41109585762023926,0.32605159282684326,-0.010092725977301598,0.4222526252269745,0.28122052550315857,-0.008056667633354664,Right
0.4337310791015625,0.7194550037384033,1.1644407322819461e-06,0.5361555218696594,0.6898360252380371,-0.0601501390337944,0.5981391072273254,0.6165869235992432,-0.09855508804321289,0.6529508233070374,0.5306346416473389,-0.1225176528096199,0.7046451568603516,0.4537864923477173,-0.14515943825244904,0.5236983299255371,0.4601176679134369,-0.08663978427648544,0.5560176372528076,0.30897408723831177,-0.09598419070243835,0.5824857354164124,0.22276471555233002,-0.09189538657665253,0.5986853241920471,0.16717609763145447,-0.08437390625476837,0.4687287211418152,0.4492644667625427,-0.0523926243185997,0.5019819736480713,0.296651154756546,-0.05391034111380577,0.5275346040725708,0.20702381432056427,-0.04097554460167885,0.5428495407104492,0.14583340287208557,-0.02917652018368244,0.4216352701187134,0.4601665139198303,-0.0184028297662735,0.44329163432121277,0.32864999771118164,-0.0191002506762743,0.4587600827217102,0.2459789663553238,-0.01534770056605339,0.46640822291374207,0.192556232213974,-0.010774998925626278,0.3928923010826111,0.48446327447891235,0.012989434413611889,0.4002389907836914,0.38558894395828247,0.017436757683753967,0.4134458303451538,0.32859620451927185,0.02216360718011856,0.42345815896987915,0.288920134305954,0.026995643973350525,Right
0.43418923020362854,0.7278463840484619,1.0001933787862072e-06,0.53140789270401,0.6943181157112122,-0.056496940553188324,0.593315601348877,0.6188783645629883,-0.08940199762582779,0.6489798426628113,0.5290741324424744,-0.10877775400876999,0.7027350664138794,0.452801913022995,-0.12641583383083344,0.5207608342170715,0.46467655897140503,-0.07925891131162643,0.5543363094329834,0.3116239011287689,-0.0931003987789154,0.5816746354103088,0.2262529879808426,-0.09428486973047256,0.6003824472427368,0.16969957947731018,-0.09027691185474396,0.4676179885864258,0.4518507122993469,-0.04828401282429695,0.5001421570777893,0.29701513051986694,-0.051549069583415985,0.5261573791503906,0.20710553228855133,-0.04159802570939064,0.5420467853546143,0.14722168445587158,-0.03271845355629921,0.42271074652671814,0.4622388482093811,-0.018563976511359215,0.44222205877304077,0.3274940848350525,-0.021378248929977417,0.4591151773929596,0.2469053566455841,-0.01998262293636799,0.4687039852142334,0.19313806295394897,-0.017396127805113792,0.3930914103984833,0.4854488670825958,0.008309366181492805,0.3999049663543701,0.3848065137863159,0.009212162345647812,0.41269150376319885,0.3290055990219116,0.011763426475226879,0.42272844910621643,0.28880125284194946,0.015252557583153248,Right
0.43757832050323486,0.7195068597793579,1.1845951348732342e-06,0.5389199256896973,0.6886662244796753,-0.058436326682567596,0.598825991153717,0.6145147085189819,-0.09771968424320221,0.6524938941001892,0.5291757583618164,-0.12325155735015869,0.7065752744674683,0.4558901786804199,-0.1482468545436859,0.5267866253852844,0.45917361974716187,-0.08671904355287552,0.5576279163360596,0.3108004033565521,-0.09679321944713593,0.5826319456100464,0.2252088189125061,-0.09381457418203354,0.5987893342971802,0.16952770948410034,-0.08768947422504425,0.47131186723709106,0.44890958070755005,-0.05485545098781586,0.5025774836540222,0.29921138286590576,-0.05737678334116936,0.5281631350517273,0.2102324664592743,-0.04667271301150322,0.545007586479187,0.14849531650543213,-0.03711656108498573,0.423382043838501,0.4617038667201996,-0.0230590607970953,0.4438074231147766,0.3314322829246521,-0.024518247693777084,0.45922398567199707,0.24926795065402985,-0.02300097793340683,0.4682069718837738,0.19484946131706238,-0.02084081619977951,0.39357876777648926,0.48763635754585266,0.006370876915752888,0.3989138901233673,0.39003902673721313,0.008925458416342735,0.4117555618286133,0.3332985043525696,0.01155741699039936,0.42214956879615784,0.2920295000076294,0.014418402686715126,Right
0.4341992437839508,0.7264983057975769,1.2394410759952734e-06,0.5384262204170227,0.6916707754135132,-0.0634693056344986,0.5989124178886414,0.620193362236023,-0.10696835815906525,0.6541789770126343,0.5363837480545044,-0.13294367492198944,0.70872962474823,0.45457136631011963,-0.15683427453041077,0.5279495716094971,0.4577435851097107,-0.10873902589082718,0.5575006008148193,0.3112823963165283,-0.12017465382814407,0.5847127437591553,0.22500964999198914,-0.11273402720689774,0.6023091673851013,0.17062196135520935,-0.10063029080629349,0.4734836220741272,0.44698935747146606,-0.06662219017744064,0.502318799495697,0.2964050769805908,-0.07312140613794327,0.530336320400238,0.20709598064422607,-0.05739426240324974,0.5497892498970032,0.14425042271614075,-0.04182346537709236,0.42735186219215393,0.45705121755599976,-0.02244778908789158,0.4465053379535675,0.3282071352005005,-0.025088341906666756,0.4635862112045288,0.2468222975730896,-0.018514635041356087,0.4726935029029846,0.19398090243339539,-0.010121013969182968,0.39809560775756836,0.4773861765861511,0.020212046802043915,0.40282583236694336,0.3837704360485077,0.028174085542559624,0.41567912697792053,0.3276549279689789,0.036435388028621674,0.42462146282196045,0.28741586208343506,0.044503215700387955,Right
0.43674853444099426,0.723348081111908,1.1578355270103202e-06,0.5375493168830872,0.694153904914856,-0.06246519461274147,0.5996994972229004,0.6200805306434631,-0.10149066150188446,0.6567315459251404,0.5350712537765503,-0.1256633698940277,0.7118315696716309,0.4581531584262848,-0.14833663403987885,0.5263698697090149,0.46292993426322937,-0.08777521550655365,0.5591103434562683,0.3105093836784363,-0.09818920493125916,0.5865673422813416,0.22425074875354767,-0.09533378481864929,0.6044138669967651,0.16919302940368652,-0.088554747402668,0.4717838764190674,0.4511650502681732,-0.052388306707143784,0.5045571327209473,0.29728007316589355,-0.053624168038368225,0.5307666063308716,0.20686213672161102,-0.04123588278889656,0.5480543971061707,0.1456291377544403,-0.030212456360459328,0.4258422553539276,0.4611978232860565,-0.01771344058215618,0.44694918394088745,0.32893362641334534,-0.016939111053943634,0.46311402320861816,0.2478960007429123,-0.01373319886624813,0.47230803966522217,0.19462746381759644,-0.010330495424568653,0.3969152569770813,0.4843851923942566,0.013905772939324379,0.40285778045654297,0.38641366362571716,0.018811924383044243,0.4149540662765503,0.3292451798915863,0.022665802389383316,0.424404114484787,0.2881685495376587,0.026477500796318054,Right
0.4451006352901459,0.6967467069625854,1.2322228712946526e-06,0.539835512638092,0.6775057911872864,-0.05775805935263634,0.5958204865455627,0.6082366108894348,-0.09660448879003525,0.6482736468315125,0.5322169661521912,-0.1235605925321579,0.7005499601364136,0.4626922309398651,-0.1511327475309372,0.5284931659698486,0.46417146921157837,-0.08502019941806793,0.5570757985115051,0.31567853689193726,-0.10044530034065247,0.5818459987640381,0.23005326092243195,-0.10435783863067627,0.5979232788085938,0.1722225844860077,-0.10477357357740402,0.47211897373199463,0.4528229832649231,-0.060896843671798706,0.5062270760536194,0.3041536808013916,-0.06907869875431061,0.5307164192199707,0.21061688661575317,-0.0681835263967514,0.5470083951950073,0.14378532767295837,-0.0676538422703743,0.42465806007385254,0.46372583508491516,-0.0378677099943161,0.44667306542396545,0.3316900432109833,-0.04397813603281975,0.4601050615310669,0.25160372257232666,-0.05146779865026474,0.4691374599933624,0.19611644744873047,-0.057985275983810425,0.39456188678741455,0.48707160353660583,-0.017669882625341415,0.4039413034915924,0.3887990713119507,-0.02268614061176777,0.414426326751709,0.3307732343673706,-0.027416668832302094,0.4225441515445709,0.2865975499153137,-0.03147538751363754,Right
0.4373694658279419,0.718919038772583,1.2613336366484873e-06,0.5394500494003296,0.6905691027641296,-0.06287411600351334,0.5988777875900269,0.6179342269897461,-0.10744605958461761,0.6535719633102417,0.5359382033348083,-0.13746586441993713,0.7088711857795715,0.4588804841041565,-0.16790784895420074,0.5294070243835449,0.46531015634536743,-0.10077213495969772,0.5585076212882996,0.3171555995941162,-0.11396633088588715,0.5851566791534424,0.23142433166503906,-0.11175893247127533,0.6030372977256775,0.17599111795425415,-0.10592913627624512,0.4727487862110138,0.45586177706718445,-0.06870178133249283,0.5023820996284485,0.306375652551651,-0.07424011826515198,0.5302680134773254,0.21637944877147675,-0.06545253098011017,0.5515501499176025,0.1534927487373352,-0.057522960007190704,0.4254106879234314,0.4666506350040436,-0.03651392087340355,0.44600239396095276,0.33316469192504883,-0.0399598702788353,0.4625557065010071,0.2511371970176697,-0.04215393587946892,0.47413504123687744,0.19519099593162537,-0.04334216192364693,0.3962094187736511,0.48791420459747314,-0.006714508403092623,0.4024955928325653,0.3901127576828003,-0.006953766103833914,0.4156748652458191,0.3315938115119934,-0.00822215061634779,0.4267274737358093,0.2875770330429077,-0.00859922543168068,Right
0.42893505096435547,0.7714203000068665,9.284050292990287e-07,0.5351160764694214,0.7385976314544678,-0.04828578978776932,0.6117504835128784,0.6661363840103149,-0.07318086922168732,0.683845043182373,0.5839835405349731,-0.0884215459227562,0.7493964433670044,0.5177242159843445,-0.10252910107374191,0.5370602607727051,0.4920364320278168,-0.053148407489061356,0.5842471718788147,0.3417185842990875,-0.059221476316452026,0.6112139821052551,0.2556394934654236,-0.06128081679344177,0.6297455430030823,0.19167086482048035,-0.06315086781978607,0.479491651058197,0.4744316339492798,-0.03236519545316696,0.5137999057769775,0.31667959690093994,-0.03464408963918686,0.5348483324050903,0.2196733057498932,-0.037211328744888306,0.5474856495857239,0.15126848220825195,-0.041179362684488297,0.4291617274284363,0.48436659574508667,-0.013076589442789555,0.44360771775245667,0.3432907164096832,-0.014348886907100677,0.4525384306907654,0.2569117844104767,-0.020573096349835396,0.4562559425830841,0.1960923671722412,-0.027626531198620796,0.39455342292785645,0.5129844546318054,0.002763092750683427,0.39313817024230957,0.4131045639514923,-0.0016274326480925083,0.3948890268802643,0.35230904817581177,-0.007260550279170275,0.39687854051589966,0.30210617184638977,-0.011160138063132763,Right
0.4313980042934418,0.7738822102546692,1.0105904948431998e-06,0.5397348999977112,0.7406041622161865,-0.05863770842552185,0.6139606237411499,0.6672482490539551,-0.08799400925636292,0.682280421257019,0.5822047591209412,-0.10410283505916595,0.7498124241828918,0.5166581273078918,-0.11814671009778976,0.5348189473152161,0.49007484316825867,-0.0692259669303894,0.5796419978141785,0.34081363677978516,-0.07761915773153305,0.6069296598434448,0.25333747267723083,-0.07882107049226761,0.6257296800613403,0.19085562229156494,-0.07875335216522217,0.4757480323314667,0.4720989167690277,-0.039956457912921906,0.5068693161010742,0.31419748067855835,-0.04402259364724159,0.5298247933387756,0.21736270189285278,-0.042840972542762756,0.54252690076828,0.14996442198753357,-0.04245128482580185,0.4254467189311981,0.48413753509521484,-0.012368946336209774,0.43812352418899536,0.3445667624473572,-0.01567472331225872,0.44776207208633423,0.2592441439628601,-0.02049870416522026,0.4514029324054718,0.19860440492630005,-0.024712683632969856,0.392792284488678,0.514711320400238,0.011613644659519196,0.3898635506629944,0.417452871799469,0.007125928066670895,0.3934558033943176,0.35645467042922974,0.0017560996348038316,0.3970755934715271,0.3046037554740906,-0.0011445089476183057,Right
0.42770928144454956,0.7511074542999268,1.0403813348602853e-06,0.5317041873931885,0.7232826948165894,-0.05186021327972412,0.6101627945899963,0.6579234004020691,-0.08022399246692657,0.6805694103240967,0.5819603204727173,-0.09892252087593079,0.7418352365493774,0.5169885158538818,-0.11731922626495361,0.5332255959510803,0.4844813048839569,-0.05628158524632454,0.5804886221885681,0.33495181798934937,-0.06197657063603401,0.6093611717224121,0.24864253401756287,-0.06501314043998718,0.6268974542617798,0.1843329668045044,-0.06844446808099747,0.4759089946746826,0.4663679599761963,-0.03660179302096367,0.5089313387870789,0.3114984929561615,-0.03823570907115936,0.5294274091720581,0.2152794599533081,-0.043092358857393265,0.5404245257377625,0.14880919456481934,-0.04930529370903969,0.4254932403564453,0.4763951003551483,-0.018657131120562553,0.44017213582992554,0.33894410729408264,-0.019188955426216125,0.4475401043891907,0.2546514570713043,-0.029027486220002174,0.45104604959487915,0.1947571039199829,-0.039429157972335815,0.3901821970939636,0.5062152147293091,-0.004423290025442839,0.388780415058136,0.40950173139572144,-0.009593687951564789,0.3912535309791565,0.34897348284721375,-0.017628712579607964,0.395187109708786,0.2993764281272888,-0.023817703127861023,Right
0.4306069016456604,0.7484395503997803,1.1597404636631836e-06,0.5353165864944458,0.7245187163352966,-0.06237592548131943,0.610544741153717,0.657321572303772,-0.09651945531368256,0.6782861351966858,0.5774522423744202,-0.1168341413140297,0.7437738180160522,0.511947751045227,-0.13623788952827454,0.5302664637565613,0.48426365852355957,-0.08015788346529007,0.5771979689598083,0.33543944358825684,-0.09040861576795578,0.6076080799102783,0.24737879633903503,-0.09304134547710419,0.6264656186103821,0.18289798498153687,-0.09487249702215195,0.47353845834732056,0.4633011519908905,-0.052405573427677155,0.5052609443664551,0.30637723207473755,-0.05761457607150078,0.529536247253418,0.21218401193618774,-0.05957630276679993,0.5447801947593689,0.1464763581752777,-0.06268326193094254,0.4241592288017273,0.4739479720592499,-0.026007739827036858,0.4359498620033264,0.33485937118530273,-0.03132963925600052,0.44434359669685364,0.25312474370002747,-0.040649328380823135,0.45032787322998047,0.19516533613204956,-0.04908174276351929,0.3911691904067993,0.5043895244598389,-0.003086668439209461,0.387310266494751,0.40734314918518066,-0.011526234447956085,0.39071714878082275,0.3455686569213867,-0.020383337512612343,0.39616847038269043,0.29417234659194946,-0.02644464187324047,Right
0.43115246295928955,0.7464466094970703,1.174876956611115e-06,0.5349233746528625,0.7259988784790039,-0.06266865134239197,0.6122180223464966,0.6588436961174011,-0.0968143418431282,0.679989218711853,0.5812764167785645,-0.1185426414012909,0.7438855171203613,0.5157282948493958,-0.14015111327171326,0.5302302241325378,0.48440244793891907,-0.07471572607755661,0.5761187672615051,0.33591023087501526,-0.08677982538938522,0.6046574711799622,0.24744760990142822,-0.09322735667228699,0.6215521097183228,0.1797575056552887,-0.09895395487546921,0.47208404541015625,0.4623112678527832,-0.05153203383088112,0.5041006207466125,0.30570071935653687,-0.059931088238954544,0.5275424122810364,0.210536926984787,-0.06866586208343506,0.541637659072876,0.1434975266456604,-0.07703156769275665,0.4226731061935425,0.4735986292362213,-0.030381586402654648,0.43492504954338074,0.3344588875770569,-0.038830168545246124,0.44034260511398315,0.2525961697101593,-0.053723886609077454,0.4442062973976135,0.19244998693466187,-0.06638674437999725,0.3885095715522766,0.5053321123123169,-0.013068418949842453,0.38786935806274414,0.40798866748809814,-0.02631409280002117,0.3898143172264099,0.34632787108421326,-0.03907967731356621,0.39354315400123596,0.29507118463516235,-0.04785751923918724,Right
0.43131887912750244,0.7395292520523071,1.1695966577462968e-06,0.5343162417411804,0.7237489223480225,-0.06420257687568665,0.6116529703140259,0.6574812531471252,-0.09898378700017929,0.6785125732421875,0.5782133340835571,-0.12042354792356491,0.7439748644828796,0.5147319436073303,-0.1416388303041458,0.531466543674469,0.4852176606655121,-0.0798015221953392,0.5775209069252014,0.3351336121559143,-0.0907767191529274,0.6063841581344604,0.2465394139289856,-0.09500942379236221,0.6238901615142822,0.18008649349212646,-0.09904493391513824,0.4731675386428833,0.4638083577156067,-0.05458126217126846,0.5054267048835754,0.30728673934936523,-0.06232016161084175,0.5278030633926392,0.2116064429283142,-0.06867638975381851,0.541275143623352,0.14465859532356262,-0.07510538399219513,0.42363688349723816,0.4743776321411133,-0.031103970482945442,0.4367152750492096,0.33487385511398315,-0.038544394075870514,0.44241583347320557,0.2524149715900421,-0.05230394005775452,0.44751131534576416,0.19251537322998047,-0.06436136364936829,0.3905021548271179,0.5050536394119263,-0.011393683031201363,0.38874566555023193,0.4082147479057312,-0.02352774143218994,0.3901466131210327,0.3477746248245239,-0.03574705496430397,0.39422327280044556,0.2981112003326416,-0.0443272665143013,Right
0.4342542588710785,0.7383449077606201,1.1637149555099313e-06,0.5362311005592346,0.7202810645103455,-0.06462691724300385,0.6113399267196655,0.6593348979949951,-0.10078410059213638,0.6776094436645508,0.5836203098297119,-0.12304583936929703,0.7408131957054138,0.5206371545791626,-0.14474906027317047,0.5321980118751526,0.48087799549102783,-0.08290895819664001,0.578438401222229,0.3379039168357849,-0.09355982393026352,0.6067408919334412,0.2511133551597595,-0.09698974341154099,0.6237762570381165,0.18808799982070923,-0.0997564047574997,0.4739159941673279,0.461061954498291,-0.0552469827234745,0.5047929883003235,0.30653417110443115,-0.06250876188278198,0.527116060256958,0.21184197068214417,-0.06657339632511139,0.54133540391922,0.14318206906318665,-0.0709846019744873,0.42468059062957764,0.4711899757385254,-0.028925003483891487,0.4372783303260803,0.33537226915359497,-0.034585803747177124,0.4444729685783386,0.254398912191391,-0.04442964494228363,0.4491863548755646,0.19637569785118103,-0.05341605469584465,0.39225590229034424,0.5014243125915527,-0.006403477396816015,0.3884531855583191,0.4059273898601532,-0.014658188447356224,0.39139682054519653,0.3447413444519043,-0.023725563660264015,0.3963782787322998,0.29448556900024414,-0.03011282905936241,Right
0.42995381355285645,0.7528193593025208,1.1667004855553387e-06,0.5361502766609192,0.7273855209350586,-0.06058492511510849,0.6117745637893677,0.6603645086288452,-0.09399973601102829,0.6801699995994568,0.5819425582885742,-0.1147683709859848,0.7438465356826782,0.5137406587600708,-0.1349433958530426,0.531062662601471,0.485533744096756,-0.07199046015739441,0.5777276158332825,0.33420640230178833,-0.07921262830495834,0.6075946688652039,0.24591627717018127,-0.0810268297791481,0.6252610087394714,0.18152952194213867,-0.08251506090164185,0.47294625639915466,0.46708980202674866,-0.04563945531845093,0.5053945779800415,0.3098328709602356,-0.04747924208641052,0.5284777879714966,0.21498659253120422,-0.049455709755420685,0.5423492789268494,0.14934125542640686,-0.05284392088651657,0.42264020442962646,0.47811269760131836,-0.020870493724942207,0.43631404638290405,0.33757609128952026,-0.022229261696338654,0.444486528635025,0.2554309368133545,-0.030941737815737724,0.4498881995677948,0.19758766889572144,-0.039663370698690414,0.38868629932403564,0.5075805187225342,0.00013961938384454697,0.3872268795967102,0.40825527906417847,-0.0054132831282913685,0.39133089780807495,0.34662461280822754,-0.013219716027379036,0.3970983624458313,0.2968199551105499,-0.018722902983427048,Right
0.4321373701095581,0.7526529431343079,1.0249232218484394e-06,0.5370301008224487,0.7240750789642334,-0.05619039759039879,0.612505316734314,0.6547460556030273,-0.0854773297905922,0.679232120513916,0.5732570290565491,-0.10307805240154266,0.7449625730514526,0.5125537514686584,-0.11949657648801804,0.5330657362937927,0.4821498692035675,-0.06654214859008789,0.5779082775115967,0.33447253704071045,-0.0743388906121254,0.6060993075370789,0.24920129776000977,-0.07656770199537277,0.6256440877914429,0.18768274784088135,-0.07898834347724915,0.4748776853084564,0.46412044763565063,-0.043069157749414444,0.5047966241836548,0.30893319845199585,-0.04784652963280678,0.527277946472168,0.21410679817199707,-0.051360588520765305,0.5420127511024475,0.14701241254806519,-0.055977385491132736,0.4252493679523468,0.47597023844718933,-0.021381473168730736,0.4380495846271515,0.33780336380004883,-0.026054035872220993,0.4465448260307312,0.2556179463863373,-0.03605623543262482,0.45212793350219727,0.19611003994941711,-0.04561256617307663,0.39216458797454834,0.5072989463806152,-0.003285194281488657,0.38800549507141113,0.41158485412597656,-0.012044919654726982,0.39030778408050537,0.3507234454154968,-0.02194206789135933,0.3952605128288269,0.2991757392883301,-0.0290529765188694,Right
0.42761898040771484,0.7620341777801514,1.105094384001859e-06,0.5345459580421448,0.7302628755569458,-0.054106973111629486,0.6132542490959167,0.6588901281356812,-0.08287325501441956,0.6824893951416016,0.5767854452133179,-0.10132969915866852,0.7448137998580933,0.5100036263465881,-0.1190962940454483,0.5314030051231384,0.4847143292427063,-0.05562691017985344,0.5777862668037415,0.33270543813705444,-0.05938303470611572,0.6069670915603638,0.24544697999954224,-0.06065457686781883,0.6248680949211121,0.18133223056793213,-0.06270384788513184,0.47142839431762695,0.4667613208293915,-0.03374630957841873,0.5046023726463318,0.30849581956863403,-0.034022778272628784,0.5267212986946106,0.21205779910087585,-0.03800944983959198,0.5396689176559448,0.14545109868049622,-0.04305581375956535,0.4208030700683594,0.4772748053073883,-0.013717339374125004,0.4361647367477417,0.33691537380218506,-0.013646191917359829,0.4448762834072113,0.2536437511444092,-0.023147843778133392,0.44917866587638855,0.194606751203537,-0.03271143510937691,0.38705962896347046,0.5080835223197937,0.002511951606720686,0.3869878947734833,0.40769267082214355,-0.0022667504381388426,0.39064282178878784,0.3462827801704407,-0.010161680169403553,0.39521145820617676,0.29605984687805176,-0.015758275985717773,Right
0.4310775399208069,0.7719441056251526,9.745925808601896e-07,0.5389623641967773,0.7361952066421509,-0.05167065188288689,0.6156036853790283,0.6606966853141785,-0.07983521372079849,0.6872563362121582,0.5758273005485535,-0.09746183454990387,0.7547091841697693,0.5102003812789917,-0.11428554356098175,0.5352481007575989,0.4883206784725189,-0.05802292004227638,0.5794549584388733,0.3360706567764282,-0.06337188184261322,0.6067996025085449,0.24910172820091248,-0.06391479820013046,0.6246969103813171,0.18616601824760437,-0.06428597867488861,0.4773399829864502,0.4717095196247101,-0.03443584963679314,0.5095667839050293,0.31000620126724243,-0.034479208290576935,0.5300078392028809,0.21342617273330688,-0.033915091305971146,0.542271614074707,0.14421197772026062,-0.03534102439880371,0.42726030945777893,0.48169758915901184,-0.012375698424875736,0.4411245584487915,0.3378816843032837,-0.011005351319909096,0.4502018690109253,0.2526330351829529,-0.015906237065792084,0.4537515640258789,0.19200995564460754,-0.022183241322636604,0.3934917151927948,0.5097445845603943,0.006103253457695246,0.3920903205871582,0.40848374366760254,0.0049863592721521854,0.39482468366622925,0.3479768931865692,0.0006665188702754676,0.3963593542575836,0.2988126873970032,-0.0026756743900477886,Right
0.43225425481796265,0.7630051970481873,1.0361900422140025e-06,0.5375980734825134,0.7295172214508057,-0.05261820927262306,0.6147357821464539,0.6567516326904297,-0.08019039779901505,0.685703694820404,0.5749224424362183,-0.09739410877227783,0.7497335076332092,0.508147120475769,-0.11356531083583832,0.5353578329086304,0.48377665877342224,-0.055369604378938675,0.581238865852356,0.332597553730011,-0.06016513705253601,0.6101770401000977,0.24767202138900757,-0.061183806508779526,0.6298321485519409,0.18623048067092896,-0.06215892732143402,0.47710511088371277,0.46796858310699463,-0.03236747905611992,0.508867084980011,0.3078153729438782,-0.03266406059265137,0.5305600762367249,0.20935320854187012,-0.03368842601776123,0.5430691242218018,0.14160743355751038,-0.03619387373328209,0.4268912672996521,0.4784586727619171,-0.011257669888436794,0.44097062945365906,0.33714109659194946,-0.010372948832809925,0.4507485330104828,0.25286081433296204,-0.015744099393486977,0.45474910736083984,0.19408726692199707,-0.02219192497432232,0.3936316967010498,0.5077628493309021,0.005958140827715397,0.3937719762325287,0.40917786955833435,0.0033852607011795044,0.3966209292411804,0.34969955682754517,-0.0015086558414623141,0.39843839406967163,0.3006412982940674,-0.004976673983037472,Right
0.43531012535095215,0.7509135603904724,1.0572246083029313e-06,0.542365312576294,0.7252132892608643,-0.05789358168840408,0.617962121963501,0.6537076234817505,-0.08734655380249023,0.6847525835037231,0.5705447196960449,-0.10386171191930771,0.7517567276954651,0.5115029811859131,-0.1186632513999939,0.5354790091514587,0.48040544986724854,-0.07221080362796783,0.5801892280578613,0.33173367381095886,-0.0815679132938385,0.6073254346847534,0.24498331546783447,-0.08370407670736313,0.6257646083831787,0.18237993121147156,-0.08523602783679962,0.4750751852989197,0.45874902606010437,-0.04684234410524368,0.507542073726654,0.30331146717071533,-0.05166025832295418,0.5303829312324524,0.20836663246154785,-0.05313866212964058,0.5445293188095093,0.14294669032096863,-0.05567533150315285,0.4236355423927307,0.46910202503204346,-0.023104602470993996,0.43799859285354614,0.3305918872356415,-0.0284938495606184,0.44690871238708496,0.24930992722511292,-0.03722916543483734,0.45278680324554443,0.19217753410339355,-0.04515915736556053,0.38975608348846436,0.4991970956325531,-0.002739529823884368,0.3877159655094147,0.4030528962612152,-0.011528638191521168,0.39108070731163025,0.3450865149497986,-0.01997644454240799,0.39704060554504395,0.29769468307495117,-0.025495389476418495,Right
0.4328967332839966,0.7552258968353271,1.1118876273030764e-06,0.5398274064064026,0.727867066860199,-0.06108176335692406,0.617643415927887,0.6579239964485168,-0.09148707985877991,0.6857742071151733,0.5762431025505066,-0.10889580100774765,0.7513360381126404,0.5094336271286011,-0.12488403171300888,0.5348848104476929,0.4785417318344116,-0.06734175235033035,0.5813485383987427,0.3311197757720947,-0.07323218137025833,0.609338104724884,0.2445800006389618,-0.07501046359539032,0.627741813659668,0.18102595210075378,-0.0769772008061409,0.4760565757751465,0.45900464057922363,-0.03993411734700203,0.5093748569488525,0.3041875958442688,-0.04211791977286339,0.531909167766571,0.20814916491508484,-0.04515611007809639,0.5451793074607849,0.14160576462745667,-0.04935380443930626,0.4251389503479004,0.46884602308273315,-0.014440827071666718,0.4393816292285919,0.3309163451194763,-0.016480479389429092,0.4473605155944824,0.24897074699401855,-0.025508282706141472,0.4520384669303894,0.19046077132225037,-0.034424129873514175,0.391011118888855,0.49791380763053894,0.007101006340235472,0.3903665840625763,0.4020618796348572,0.0017056992510333657,0.39363470673561096,0.3434641361236572,-0.005754666402935982,0.3980252742767334,0.29517215490341187,-0.01123435515910387,Right
0.4341779351234436,0.7633274793624878,1.11035558347794e-06,0.5411527156829834,0.7337087392807007,-0.05871680751442909,0.6192173957824707,0.6601830720901489,-0.08934437483549118,0.6896257400512695,0.5761833190917969,-0.10814470797777176,0.7565819025039673,0.5097212791442871,-0.12605968117713928,0.5356079936027527,0.4839407503604889,-0.06179356202483177,0.5799482464790344,0.3296743631362915,-0.06509721279144287,0.6093859076499939,0.24246737360954285,-0.06505491584539413,0.6289650201797485,0.18068841099739075,-0.06575211882591248,0.4763011932373047,0.46679750084877014,-0.03536907956004143,0.507951021194458,0.30703747272491455,-0.03429185971617699,0.5302199125289917,0.20966026186943054,-0.0356140062212944,0.5440026521682739,0.14114123582839966,-0.03869359940290451,0.42623624205589294,0.47668689489364624,-0.010921217501163483,0.44044429063796997,0.334961473941803,-0.007731730118393898,0.44944244623184204,0.2503502070903778,-0.014707722701132298,0.45452597737312317,0.18953120708465576,-0.023198869079351425,0.3935147821903229,0.5048731565475464,0.00922433752566576,0.39125967025756836,0.4046872854232788,0.007930477149784565,0.3940983712673187,0.34380972385406494,0.001352453837171197,0.3975266218185425,0.2929760813713074,-0.003989896737039089,Right
0.43293309211730957,0.7446429133415222,1.1482293302833568e-06,0.5379618406295776,0.719342827796936,-0.05923496186733246,0.6143060922622681,0.6502155661582947,-0.09248603880405426,0.681162416934967,0.5684650540351868,-0.11340972036123276,0.748162567615509,0.5089212656021118,-0.13387806713581085,0.5315476059913635,0.4774884283542633,-0.07204890996217728,0.5775600671768188,0.3278881311416626,-0.08170120418071747,0.6070519685745239,0.23958837985992432,-0.08528599143028259,0.6251714825630188,0.17438390851020813,-0.0881863683462143,0.4739081561565399,0.4576011598110199,-0.047232236713171005,0.505283534526825,0.30246037244796753,-0.05160044506192207,0.5286511182785034,0.20801207423210144,-0.055233292281627655,0.543067216873169,0.14155209064483643,-0.059790175408124924,0.4239618182182312,0.46904850006103516,-0.023915830999612808,0.43590474128723145,0.32954928278923035,-0.028099551796913147,0.4436078369617462,0.24773240089416504,-0.03820725902915001,0.4491025507450104,0.19036653637886047,-0.04756387323141098,0.38995474576950073,0.5002647638320923,-0.004094681236892939,0.38760870695114136,0.4015454053878784,-0.011928197927772999,0.39123082160949707,0.34029847383499146,-0.02055773325264454,0.3970670700073242,0.2906368374824524,-0.026487471535801888,Right
0.42998623847961426,0.7560115456581116,1.0596277206786908e-06,0.5355949997901917,0.7288870811462402,-0.058115262538194656,0.6120047569274902,0.6583878993988037,-0.08825166523456573,0.6792368292808533,0.5772238373756409,-0.10666070133447647,0.7455939054489136,0.5127571225166321,-0.12410599738359451,0.5311863422393799,0.48249295353889465,-0.06621269881725311,0.5773981213569641,0.3322637379169464,-0.07386758923530579,0.6062225699424744,0.24573522806167603,-0.07641566544771194,0.6255290508270264,0.1834844946861267,-0.0788068100810051,0.47303134202957153,0.4650123119354248,-0.041602637618780136,0.5043618679046631,0.30551159381866455,-0.04470013827085495,0.5272244811058044,0.20804208517074585,-0.04737547039985657,0.5410007834434509,0.14068001508712769,-0.05125608295202255,0.42284905910491943,0.4768907427787781,-0.0190640427172184,0.4365862309932709,0.33538341522216797,-0.02147858962416649,0.44565287232398987,0.2504907250404358,-0.030249908566474915,0.4512249231338501,0.1901198923587799,-0.039206452667713165,0.38933008909225464,0.5080583095550537,-0.00048340248758904636,0.3870585560798645,0.4102208614349365,-0.007182297762483358,0.3897859454154968,0.3482446074485779,-0.015771597623825073,0.3937225043773651,0.29734984040260315,-0.022028788924217224,Right
0.428260862827301,0.7593263387680054,9.321871061729325e-07,0.534832775592804,0.7292119264602661,-0.04736405238509178,0.6130816340446472,0.6568599343299866,-0.0729154720902443,0.6836182475090027,0.5756083726882935,-0.08914558589458466,0.7499722242355347,0.5148122310638428,-0.10501448810100555,0.530738890171051,0.48651784658432007,-0.05576334521174431,0.574812114238739,0.3339417576789856,-0.06268271058797836,0.6022550463676453,0.24890676140785217,-0.06560713797807693,0.6210582256317139,0.18525785207748413,-0.0687500610947609,0.47392240166664124,0.4698028564453125,-0.03739644214510918,0.5059285759925842,0.3115379810333252,-0.041120197623968124,0.5253949165344238,0.21421003341674805,-0.04611966013908386,0.5365615487098694,0.14493143558502197,-0.05237453803420067,0.42406943440437317,0.48023831844329834,-0.020290128886699677,0.43900662660598755,0.3383324146270752,-0.022154413163661957,0.44543594121932983,0.25258365273475647,-0.03172117844223976,0.4477898180484772,0.1914098560810089,-0.04171346127986908,0.38906559348106384,0.5089766383171082,-0.006332105491310358,0.38810768723487854,0.4083532989025116,-0.011280900798738003,0.39013248682022095,0.3479293882846832,-0.01876448653638363,0.3922197222709656,0.2981668710708618,-0.02466646209359169,Right
0.42573678493499756,0.7479535937309265,1.1150659702252597e-06,0.5320437550544739,0.7245921492576599,-0.06061539426445961,0.6098953485488892,0.6583566665649414,-0.09311378747224808,0.6776987314224243,0.5787352323532104,-0.11331688612699509,0.7443909645080566,0.5132588148117065,-0.13282005488872528,0.5287237763404846,0.4792611002922058,-0.06641525775194168,0.5733075141906738,0.33104783296585083,-0.07172568887472153,0.6028308272361755,0.2447713017463684,-0.07305154949426651,0.6222440004348755,0.18365976214408875,-0.07475770264863968,0.47074416279792786,0.4623367190361023,-0.03948797658085823,0.5024871230125427,0.3074629306793213,-0.0411301888525486,0.524243950843811,0.21107220649719238,-0.0439731702208519,0.5374135375022888,0.14226076006889343,-0.04812818020582199,0.42142602801322937,0.4717774987220764,-0.014424300752580166,0.4357379078865051,0.33532631397247314,-0.013807486742734909,0.44325917959213257,0.2515263855457306,-0.02178938500583172,0.4474976360797882,0.19179436564445496,-0.030755452811717987,0.38882315158843994,0.4999522566795349,0.006389541085809469,0.38640034198760986,0.4042925536632538,0.00325463037006557,0.38894060254096985,0.3447890281677246,-0.003973070066422224,0.3922661244869232,0.29535678029060364,-0.009795000776648521,Right
0.42917633056640625,0.7449156641960144,1.0680222430892172e-06,0.5341320633888245,0.7186134457588196,-0.0552724227309227,0.6098712682723999,0.6541725397109985,-0.08618742972612381,0.6775481104850769,0.5768595933914185,-0.10574507713317871,0.7436924576759338,0.5135709643363953,-0.12438198924064636,0.5304271578788757,0.4785965383052826,-0.06470966339111328,0.5741560459136963,0.3286151885986328,-0.07161559164524078,0.6033626794815063,0.24263358116149902,-0.07312371581792831,0.622650682926178,0.18131279945373535,-0.0745302066206932,0.4729980528354645,0.4618704915046692,-0.04061611369252205,0.5046426653862,0.3063738942146301,-0.044714827090501785,0.5252949595451355,0.20993074774742126,-0.04773281514644623,0.5373603701591492,0.14119508862495422,-0.051769036799669266,0.42299914360046387,0.47151121497154236,-0.017917253077030182,0.43734484910964966,0.3346954584121704,-0.01981852576136589,0.44510072469711304,0.2502426207065582,-0.027624309062957764,0.44911080598831177,0.19135868549346924,-0.03586619347333908,0.3897351622581482,0.4992092251777649,0.001200290396809578,0.3869418799877167,0.40277689695358276,-0.0030815459322184324,0.3900213837623596,0.34312644600868225,-0.009929618798196316,0.39353352785110474,0.2931172847747803,-0.015188945457339287,Right
0.4918855130672455,0.7199737429618835,2.714922970881162e-07,0.3842727541923523,0.6719317436218262,-0.019090283662080765,0.3165092468261719,0.5792379975318909,-0.029739756137132645,0.2651010751724243,0.4792270064353943,-0.03639654070138931,0.22141891717910767,0.4158405363559723,-0.042342279106378555,0.39657384157180786,0.4306623041629791,-0.01992153748869896,0.37048184871673584,0.2910974621772766,-0.022107811644673347,0.3603288531303406,0.2134900838136673,-0.024018796160817146,0.35698580741882324,0.15084660053253174,-0.0267921295017004,0.4567509591579437,0.4128950238227844,-0.011681715957820415,0.44613999128341675,0.25883948802948,-0.015993526205420494,0.4461074471473694,0.17356586456298828,-0.018756834790110588,0.45258092880249023,0.11347585916519165,-0.021401450037956238,0.5086572766304016,0.42655202746391296,-0.004003467038273811,0.5142643451690674,0.2872105836868286,-0.007596276234835386,0.5227047204971313,0.20548418164253235,-0.015646152198314667,0.5298741459846497,0.14453893899917603,-0.021284976974129677,0.5540128350257874,0.46126899123191833,0.0030381290707737207,0.5786945223808289,0.36054563522338867,0.005138076841831207,0.5902616381645203,0.30083751678466797,0.004505063872784376,0.6002364754676819,0.2510806918144226,0.003729201154783368,Wrong
0.49803662300109863,0.7051701545715332,2.098401097327951e-07,0.3926510512828827,0.6652438640594482,-0.023087048903107643,0.3272709548473358,0.5780470371246338,-0.03588418290019035,0.2821066081523895,0.483336865901947,-0.04406873136758804,0.24203944206237793,0.42269450426101685,-0.05226260423660278,0.40774276852607727,0.43673110008239746,-0.03042398951947689,0.38084495067596436,0.30383092164993286,-0.03794384375214577,0.36982232332229614,0.22569821774959564,-0.043307263404130936,0.3654843866825104,0.16413460671901703,-0.04801933467388153,0.4642435312271118,0.4199918210506439,-0.023403892293572426,0.45444968342781067,0.27368536591529846,-0.03023177944123745,0.45286163687705994,0.18797644972801208,-0.03579329699277878,0.45840612053871155,0.12721610069274902,-0.04097577556967735,0.5143327713012695,0.4320152997970581,-0.017339469864964485,0.5210960507392883,0.2999892830848694,-0.023836057633161545,0.5283342003822327,0.22110547125339508,-0.03544802591204643,0.5349276065826416,0.16040576994419098,-0.04433634877204895,0.5583778619766235,0.46307089924812317,-0.012314480729401112,0.5823960304260254,0.36990106105804443,-0.015028426423668861,0.5947059988975525,0.3131239712238312,-0.019488874822854996,0.6050571203231812,0.264355331659317,-0.02319023199379444,Wrong
0.5123161673545837,0.7042739391326904,2.6225598048768006e-07,0.4048193395137787,0.6634824275970459,-0.02142510935664177,0.33855104446411133,0.5773704051971436,-0.03315500169992447,0.2926921844482422,0.48288318514823914,-0.0396871380507946,0.2517191767692566,0.4228981137275696,-0.04578592628240585,0.4215322732925415,0.43737807869911194,-0.028363486751914024,0.39460402727127075,0.30619803071022034,-0.03110675700008869,0.3834143877029419,0.2308925986289978,-0.032804764807224274,0.3803600072860718,0.17082388699054718,-0.03530086204409599,0.47841164469718933,0.4201130270957947,-0.018830595538020134,0.4671275019645691,0.27541980147361755,-0.022252285853028297,0.4652588367462158,0.19124747812747955,-0.02543466165661812,0.47228944301605225,0.1312602162361145,-0.02924475632607937,0.527292013168335,0.4323713183403015,-0.009490656666457653,0.5332851409912109,0.3017597794532776,-0.012255644425749779,0.5402466654777527,0.22409512102603912,-0.0225767120718956,0.5473018288612366,0.16551928222179413,-0.030836040154099464,0.5698699951171875,0.46439316868782043,-0.0008112102514132857,0.5947061777114868,0.37095528841018677,0.00015529009397141635,0.6066198348999023,0.3152439296245575,-0.0031625963747501373,0.6165046095848083,0.2681329846382141,-0.006372455507516861,Wrong
0.5123161673545837,0.7042739391326904,2.6225598048768006e-07,0.4048193395137787,0.6634824275970459,-0.02142510935664177,0.33855104446411133,0.5773704051971436,-0.03315500169992447,0.2926921844482422,0.48288318514823914,-0.0396871380507946,0.2517191767692566,0.4228981137275696,-0.04578592628240585,0.4215322732925415,0.43737807869911194,-0.028363486751914024,0.39460402727127075,0.30619803071022034,-0.03110675700008869,0.3834143877029419,0.2308925986289978,-0.032804764807224274,0.3803600072860718,0.17082388699054718,-0.03530086204409599,0.47841164469718933,0.4201130270957947,-0.018830595538020134,0.4671275019645691,0.27541980147361755,-0.022252285853028297,0.4652588367462158,0.19124747812747955,-0.02543466165661812,0.47228944301605225,0.1312602162361145,-0.02924475632607937,0.527292013168335,0.4323713183403015,-0.009490656666457653,0.5332851409912109,0.3017597794532776,-0.012255644425749779,0.5402466654777527,0.22409512102603912,-0.0225767120718956,0.5473018288612366,0.16551928222179413,-0.030836040154099464,0.5698699951171875,0.46439316868782043,-0.0008112102514132857,0.5947061777114868,0.37095528841018677,0.00015529009397141635,0.6066198348999023,0.3152439296245575,-0.0031625963747501373,0.6165046095848083,0.2681329846382141,-0.006372455507516861,Wrong
0.5122960805892944,0.7071453332901001,2.838946215888427e-07,0.4067288041114807,0.665790319442749,-0.02359727956354618,0.3425913453102112,0.5825002193450928,-0.038540519773960114,0.29558104276657104,0.4871182143688202,-0.04824524745345116,0.25669121742248535,0.42517754435539246,-0.0577288419008255,0.42626771330833435,0.43753692507743835,-0.035077646374702454,0.39784443378448486,0.3037307858467102,-0.04179167002439499,0.3867260217666626,0.22785015404224396,-0.04556744918227196,0.3853653073310852,0.1675250232219696,-0.048939939588308334,0.4829731583595276,0.42149320244789124,-0.02472946047782898,0.4704771339893341,0.2767912745475769,-0.03178469091653824,0.4680100083351135,0.1930660605430603,-0.03594578802585602,0.47410959005355835,0.13318583369255066,-0.03984662890434265,0.5314285159111023,0.4349440038204193,-0.014418317005038261,0.5368172526359558,0.3063797354698181,-0.019376374781131744,0.5443041920661926,0.2270362824201584,-0.029699960723519325,0.5517532825469971,0.1674528419971466,-0.037269677966833115,0.572404682636261,0.46661075949668884,-0.0048590367659926414,0.597011148929596,0.37153568863868713,-0.005476562771946192,0.6097117066383362,0.3158760070800781,-0.008911247365176678,0.6204865574836731,0.2695471942424774,-0.01154599990695715,Wrong
0.5140365958213806,0.7143458127975464,3.0627268188254675e-07,0.4077860713005066,0.6719880700111389,-0.023151308298110962,0.3438982367515564,0.5865271091461182,-0.03706555813550949,0.29868242144584656,0.49266886711120605,-0.04585474729537964,0.2579074800014496,0.43064597249031067,-0.05428730696439743,0.42788589000701904,0.4470198452472687,-0.032028090208768845,0.4003058671951294,0.3152407705783844,-0.03718217462301254,0.3892834484577179,0.23882143199443817,-0.04013246297836304,0.38630348443984985,0.17851069569587708,-0.043232377618551254,0.48503220081329346,0.43171244859695435,-0.023147471249103546,0.4736471176147461,0.28607600927352905,-0.029662851244211197,0.4711815416812897,0.2015681266784668,-0.03441291302442551,0.4772559404373169,0.14127162098884583,-0.038767218589782715,0.5339290499687195,0.4451787769794464,-0.014515155926346779,0.5402956008911133,0.3130236566066742,-0.020183291286230087,0.5472177267074585,0.23476983606815338,-0.031044047325849533,0.5541115999221802,0.1756463199853897,-0.03908155485987663,0.5755119323730469,0.4776102900505066,-0.006582185160368681,0.6009194254875183,0.38167282938957214,-0.008118510246276855,0.613564670085907,0.32412147521972656,-0.012107934802770615,0.6244127154350281,0.27579009532928467,-0.015263987705111504,Wrong
0.5120148658752441,0.7170864939689636,2.242682910491567e-07,0.4065382778644562,0.6746382713317871,-0.0207369402050972,0.34131479263305664,0.5866407752037048,-0.031509168446063995,0.2965238392353058,0.49020886421203613,-0.03747054561972618,0.2578446567058563,0.42848145961761475,-0.043040625751018524,0.4226490259170532,0.4474877119064331,-0.02626808173954487,0.39766815304756165,0.3169773519039154,-0.02947358787059784,0.38810551166534424,0.24151907861232758,-0.031496722251176834,0.38672900199890137,0.181602343916893,-0.03411199152469635,0.4806842505931854,0.43028074502944946,-0.01743699051439762,0.4707792103290558,0.28700006008148193,-0.021105801686644554,0.47030866146087646,0.203065887093544,-0.024446433410048485,0.47803956270217896,0.14508742094039917,-0.0282537080347538,0.5304372310638428,0.4428810775279999,-0.009026005864143372,0.5362256169319153,0.3137780725955963,-0.012259289622306824,0.5444215536117554,0.23657886683940887,-0.02254078909754753,0.5524815320968628,0.17942258715629578,-0.03046482987701893,0.5732972025871277,0.47565677762031555,-0.0012958872830495238,0.5981048345565796,0.38299793004989624,0.0001922777883009985,0.6096656322479248,0.3272908627986908,-0.002706831321120262,0.6189624667167664,0.2812630236148834,-0.005616448353976011,Wrong
0.5138364434242249,0.7120630145072937,2.595198509425245e-07,0.4100833535194397,0.672218918800354,-0.025416895747184753,0.3450204133987427,0.5875948667526245,-0.039787620306015015,0.3001304268836975,0.49340325593948364,-0.04888405278325081,0.2586671710014343,0.4332609474658966,-0.057791613042354584,0.42892736196517944,0.4434046447277069,-0.03257639333605766,0.402245432138443,0.3172326683998108,-0.03774453327059746,0.39173316955566406,0.24182716012001038,-0.04174565151333809,0.3891431987285614,0.18111690878868103,-0.04619856923818588,0.4856187105178833,0.42714232206344604,-0.023552367463707924,0.4739163815975189,0.28767260909080505,-0.03033660352230072,0.47154203057289124,0.20324359834194183,-0.03686000406742096,0.4781374931335449,0.1427919864654541,-0.043138183653354645,0.5333406925201416,0.44057679176330566,-0.014958662912249565,0.5397363901138306,0.3129984438419342,-0.021148284897208214,0.5465695261955261,0.2357291281223297,-0.03327459096908569,0.5529943108558655,0.17704910039901733,-0.04274100810289383,0.5733795166015625,0.47296223044395447,-0.007367216981947422,0.5981595516204834,0.3817733824253082,-0.009563598781824112,0.6104497313499451,0.325665146112442,-0.014355441555380821,0.6206768751144409,0.27883249521255493,-0.01859775185585022,Wrong
0.5154740214347839,0.7183340787887573,3.2275406169901544e-07,0.40896856784820557,0.6754750609397888,-0.02349269948899746,0.3452500104904175,0.590827226638794,-0.03695571795105934,0.299547016620636,0.4966644048690796,-0.04508114606142044,0.26004189252853394,0.4323638379573822,-0.052662935107946396,0.42794451117515564,0.45089879631996155,-0.029727386310696602,0.40142130851745605,0.3185383379459381,-0.03382754325866699,0.3913459777832031,0.2426341027021408,-0.036308951675891876,0.3890607953071594,0.1824808567762375,-0.03901797533035278,0.4856165051460266,0.43626469373703003,-0.01959764026105404,0.47467052936553955,0.29110008478164673,-0.024591034278273582,0.4723694622516632,0.20717813074588776,-0.02851250395178795,0.4779958128929138,0.14714956283569336,-0.03228890150785446,0.5341913104057312,0.45028960704803467,-0.009877352975308895,0.5400224924087524,0.3191109299659729,-0.014268825761973858,0.5469898581504822,0.24040654301643372,-0.024157045409083366,0.5536004304885864,0.18117655813694,-0.031474824994802475,0.575104296207428,0.48293280601501465,-0.0009115093853324652,0.6001898646354675,0.3884434700012207,-0.001046609366312623,0.6125986576080322,0.3312331736087799,-0.004153788089752197,0.6230335235595703,0.28342312574386597,-0.006710505578666925,Wrong
0.5114947557449341,0.7183965444564819,2.824973535098252e-07,0.4061834216117859,0.6779608726501465,-0.023831266909837723,0.34261804819107056,0.5917785167694092,-0.03721826523542404,0.2979079484939575,0.4957404136657715,-0.04518081247806549,0.25799548625946045,0.4314296841621399,-0.052706051617860794,0.42441701889038086,0.4536038935184479,-0.03160190209746361,0.4003068208694458,0.32197538018226624,-0.03591005876660347,0.39048460125923157,0.24646040797233582,-0.03808625414967537,0.387290894985199,0.18643270432949066,-0.04065893962979317,0.481772243976593,0.43870675563812256,-0.02207344025373459,0.47405341267585754,0.2926586866378784,-0.027388157323002815,0.4726601243019104,0.20911741256713867,-0.031042495742440224,0.47867029905319214,0.14955970644950867,-0.03457213565707207,0.5304900407791138,0.4522964656352997,-0.012938794679939747,0.5391601324081421,0.32119718194007874,-0.01777731627225876,0.547002911567688,0.2441466897726059,-0.027762364596128464,0.5538519620895386,0.18504661321640015,-0.03525231033563614,0.5715725421905518,0.48411113023757935,-0.004579894244670868,0.5968325138092041,0.3908783197402954,-0.005029892083257437,0.6093953251838684,0.33499518036842346,-0.008017046377062798,0.6197758913040161,0.28746724128723145,-0.010611943900585175,Wrong
0.4973145127296448,0.7110840678215027,3.5217394156461523e-07,0.3953380286693573,0.6762130260467529,-0.030758162960410118,0.3339200019836426,0.5887974500656128,-0.04641459882259369,0.29137516021728516,0.4930528700351715,-0.05314818024635315,0.251817524433136,0.42808982729911804,-0.054653044790029526,0.4110579490661621,0.45232951641082764,-0.050359904766082764,0.4002682864665985,0.315678209066391,-0.048753269016742706,0.3926444947719574,0.2582508325576782,-0.030299441888928413,0.3831639885902405,0.23542772233486176,-0.012820901349186897,0.4722477197647095,0.43930163979530334,-0.03195580467581749,0.4617113173007965,0.2965850830078125,-0.030703017488121986,0.45270267128944397,0.24078039824962616,-0.010229957289993763,0.4414214491844177,0.225160151720047,0.009884319268167019,0.5196076035499573,0.451383501291275,-0.013592381030321121,0.5141465067863464,0.31537002325057983,-0.012764502316713333,0.5074543356895447,0.26511338353157043,0.004897348582744598,0.49462446570396423,0.24581870436668396,0.022686908021569252,0.5562743544578552,0.4766525626182556,0.00311482441611588,0.5673569440841675,0.37310779094696045,0.0018140457104891539,0.5701566338539124,0.3179926872253418,0.008612191304564476,0.5658165812492371,0.2783663868904114,0.019971631467342377,Wrong
0.4943920969963074,0.707151472568512,2.6995965640708164e-07,0.39189597964286804,0.6718181371688843,-0.025574645027518272,0.33073359727859497,0.5899607539176941,-0.03910914435982704,0.2897142171859741,0.495520681142807,-0.04282557591795921,0.25051748752593994,0.4282132387161255,-0.037657976150512695,0.40954792499542236,0.4547545611858368,-0.06057077646255493,0.4052284061908722,0.31384751200675964,-0.053344883024692535,0.3929317593574524,0.27383410930633545,-0.01725747622549534,0.3807811141014099,0.2889619767665863,0.016615938395261765,0.47283801436424255,0.44533753395080566,-0.038660742342472076,0.4660169780254364,0.29504287242889404,-0.037573400884866714,0.4534720778465271,0.25133514404296875,0.0010490694548934698,0.4400652348995209,0.25713226199150085,0.03954513370990753,0.5207333564758301,0.4584396481513977,-0.0149076534435153,0.5216628909111023,0.3206319212913513,-0.014320404268801212,0.5107930302619934,0.276907742023468,0.02128433622419834,0.49215951561927795,0.2702547013759613,0.05710522085428238,0.556243896484375,0.4847070872783661,0.008363348431885242,0.568835973739624,0.373544842004776,0.010106793604791164,0.560954749584198,0.32549652457237244,0.02920394577085972,0.5418933033943176,0.3063894510269165,0.05408335477113724,Wrong
0.49047717452049255,0.6980561017990112,1.9246826354901714e-09,0.3860226273536682,0.6690270304679871,-0.02980540506541729,0.3360831141471863,0.582198441028595,-0.03899342194199562,0.3047292232513428,0.48118168115615845,-0.03729797899723053,0.27560746669769287,0.412585586309433,-0.025615915656089783,0.4106641411781311,0.45291459560394287,-0.044248007237911224,0.41843724250793457,0.31169193983078003,-0.029630938544869423,0.4049629867076874,0.31260865926742554,0.00523478863760829,0.4012896418571472,0.3502923250198364,0.033839114010334015,0.4744669795036316,0.44308528304100037,-0.01883719488978386,0.47818228602409363,0.2954326570034027,-0.012241428717970848,0.4571785032749176,0.3089139461517334,0.02236546017229557,0.4489540755748749,0.3468700051307678,0.054361775517463684,0.5203274488449097,0.45509469509124756,0.007807859219610691,0.5290910601615906,0.324205219745636,0.014618496410548687,0.5077604055404663,0.33922117948532104,0.04676768556237221,0.498384565114975,0.37298309803009033,0.07450918108224869,0.5539725422859192,0.48116400837898254,0.03310855105519295,0.5630449652671814,0.3823985457420349,0.04122093319892883,0.543768584728241,0.38593590259552,0.06016647815704346,0.5329232811927795,0.4168021082878113,0.07956837117671967,Wrong
0.4812875986099243,0.6988948583602905,-1.6115885159706522e-07,0.37949636578559875,0.6671353578567505,-0.014365362003445625,0.32771724462509155,0.5805291533470154,-0.0202027577906847,0.30105674266815186,0.477462500333786,-0.020954173058271408,0.2772871255874634,0.4070928692817688,-0.014413832686841488,0.40366631746292114,0.4368728995323181,-0.021165836602449417,0.40644729137420654,0.31231945753097534,-0.0064293863251805305,0.40151548385620117,0.3213058114051819,0.0212795939296484,0.4037863612174988,0.35358279943466187,0.04282040148973465,0.46619269251823425,0.42556631565093994,-0.007388788275420666,0.4683201313018799,0.2951371967792511,0.003181713866069913,0.4550968408584595,0.3180805444717407,0.031085507944226265,0.45479515194892883,0.3560066223144531,0.05514407530426979,0.5151867866516113,0.439685195684433,0.007937482558190823,0.5216923952102661,0.3253933787345886,0.019930260255932808,0.5044559836387634,0.35018640756607056,0.04683217406272888,0.49798548221588135,0.3869185745716095,0.06781674921512604,0.5509188175201416,0.4708807170391083,0.022454971447587013,0.5616894364356995,0.3882911801338196,0.03802625834941864,0.5431221723556519,0.3935964107513428,0.05749289691448212,0.5325470566749573,0.4227586090564728,0.07449150085449219,Wrong
0.46844547986984253,0.6908265352249146,-8.742713220044607e-08,0.36683085560798645,0.6589142680168152,-0.014981739223003387,0.31429892778396606,0.5746474266052246,-0.021773284301161766,0.2861955165863037,0.472817063331604,-0.023299407213926315,0.26095378398895264,0.40324169397354126,-0.0175939928740263,0.3895546793937683,0.43242311477661133,-0.02450181171298027,0.3884812891483307,0.30816999077796936,-0.01046648807823658,0.38748544454574585,0.30488234758377075,0.02011842466890812,0.39181843400001526,0.3334074318408966,0.04504401981830597,0.45161283016204834,0.42056700587272644,-0.01022227481007576,0.45436206459999084,0.28820401430130005,-0.0014649713411927223,0.443939745426178,0.3058527112007141,0.02984701469540596,0.4437280595302582,0.34096065163612366,0.05851304531097412,0.501665472984314,0.4339330494403839,0.005635357461869717,0.5094856023788452,0.3204403519630432,0.015508833341300488,0.4938185214996338,0.3419175148010254,0.04608922824263573,0.48683783411979675,0.37709781527519226,0.07185261696577072,0.5378492474555969,0.4659949541091919,0.020732413977384567,0.54668128490448,0.38066405057907104,0.035264380276203156,0.5283335447311401,0.3875369429588318,0.05744365602731705,0.5178186893463135,0.41975244879722595,0.07821564376354218,Wrong
0.4604715406894684,0.6980332136154175,-1.153305646539593e-07,0.35929861664772034,0.6639025211334229,-0.014405397698283195,0.306466281414032,0.5762933492660522,-0.01989007741212845,0.2762916088104248,0.47139912843704224,-0.01868569478392601,0.24955017864704132,0.4031921923160553,-0.008914755657315254,0.37940239906311035,0.439512699842453,-0.02924819104373455,0.37875351309776306,0.3106275796890259,-0.010352790355682373,0.372594952583313,0.31335216760635376,0.02621466852724552,0.3737320005893707,0.3441559374332428,0.05500108003616333,0.44365060329437256,0.4245085120201111,-0.011692052707076073,0.4435660243034363,0.2896312177181244,0.0007517207995988429,0.42896196246147156,0.30581289529800415,0.03664664179086685,0.42586496472358704,0.3394695818424225,0.06790915876626968,0.4932313561439514,0.4362872242927551,0.008568926714360714,0.49794113636016846,0.3209637999534607,0.023934802040457726,0.4795897603034973,0.33798569440841675,0.058287378400564194,0.47014179825782776,0.370596706867218,0.08547768741846085,0.5284025073051453,0.46723508834838867,0.02820642851293087,0.5381370782852173,0.38239815831184387,0.047973617911338806,0.5183387994766235,0.3832310438156128,0.07204997539520264,0.5059120059013367,0.4112328290939331,0.09338466823101044,Wrong
0.4614417254924774,0.6971831321716309,-1.3786228691969882e-07,0.35749953985214233,0.6702263355255127,-0.014549327082931995,0.30487972497940063,0.5873161554336548,-0.020575255155563354,0.2754216194152832,0.4828190505504608,-0.019397513940930367,0.24958865344524384,0.41251006722450256,-0.008924426510930061,0.38008689880371094,0.44834548234939575,-0.03157421201467514,0.3799012005329132,0.31404614448547363,-0.01329310517758131,0.3694394528865814,0.32615309953689575,0.02437330037355423,0.369601309299469,0.36532658338546753,0.05423809215426445,0.44424453377723694,0.4339655041694641,-0.012870398350059986,0.4441489577293396,0.2954685091972351,-0.0037789945490658283,0.42658868432044983,0.31843751668930054,0.0328550823032856,0.4243001341819763,0.355823278427124,0.06572654098272324,0.49274754524230957,0.4462355375289917,0.008882705122232437,0.499502032995224,0.32447367906570435,0.020911503583192825,0.4799218773841858,0.34419137239456177,0.05762128904461861,0.4720308184623718,0.37970781326293945,0.08775603771209717,0.5273854732513428,0.4785664975643158,0.03036695159971714,0.5381291508674622,0.38619351387023926,0.048949554562568665,0.5169489979743958,0.3899117708206177,0.07531459629535675,0.5048964619636536,0.4227931499481201,0.09889073669910431,Wrong
0.48098230361938477,0.6900377869606018,-1.3694696576749266e-07,0.3733236789703369,0.6643072366714478,-0.008349796757102013,0.3168109059333801,0.5811924934387207,-0.011065979488193989,0.28889256715774536,0.47775572538375854,-0.007960100658237934,0.26436054706573486,0.4071866273880005,0.003984495066106319,0.39293280243873596,0.4382265508174896,-0.02194051444530487,0.39222216606140137,0.3067361116409302,-0.0006502959877252579,0.38514837622642517,0.30918240547180176,0.03896724805235863,0.3851982355117798,0.34388822317123413,0.07062354683876038,0.4576168358325958,0.42497649788856506,-0.006282461807131767,0.45573148131370544,0.2872716784477234,0.008420136757194996,0.4422159194946289,0.30752429366111755,0.04825034737586975,0.44035449624061584,0.34335440397262573,0.08296353369951248,0.5073524713516235,0.4389818608760834,0.012202681973576546,0.5118311047554016,0.3180537223815918,0.02754443697631359,0.495136559009552,0.33718422055244446,0.06611614674329758,0.4877132475376129,0.37317267060279846,0.0971306785941124,0.5456539392471313,0.47416144609451294,0.030724983662366867,0.5555509924888611,0.37781578302383423,0.05048372596502304,0.5361717343330383,0.3824833035469055,0.07795801013708115,0.5247063040733337,0.4159502387046814,0.1024082750082016,Wrong
0.4927923083305359,0.718382716178894,-1.993019083101899e-07,0.38829168677330017,0.6774396300315857,-0.0034000277519226074,0.32633236050605774,0.5944482088088989,-0.009603836573660374,0.27411192655563354,0.5044186115264893,-0.013389283791184425,0.22823762893676758,0.45376452803611755,-0.010916446335613728,0.40766164660453796,0.4578269422054291,-0.018642419949173927,0.4036782383918762,0.3223733901977539,-0.0008390411385335028,0.3941115736961365,0.3386096954345703,0.031348615884780884,0.39507386088371277,0.3744073808193207,0.056492142379283905,0.46561622619628906,0.44276782870292664,-0.007456375751644373,0.4579561650753021,0.30382636189460754,0.008461989462375641,0.4418833553791046,0.33127859234809875,0.04280856251716614,0.442818820476532,0.3740116357803345,0.07115256786346436,0.5141172409057617,0.4564156234264374,0.006886314135044813,0.5095788240432739,0.32942962646484375,0.027872275561094284,0.49170082807540894,0.3597424626350403,0.061872754245996475,0.48615410923957825,0.40044569969177246,0.08631258457899094,0.5511085987091064,0.48930031061172485,0.021165305748581886,0.5578412413597107,0.3969234526157379,0.044751912355422974,0.5359652638435364,0.40511971712112427,0.06987841427326202,0.5221890211105347,0.43691229820251465,0.09035103768110275,Wrong
0.49084144830703735,0.7307371497154236,-1.9929061068069132e-07,0.3864559531211853,0.6868053674697876,-0.010722801089286804,0.3174048662185669,0.6063421964645386,-0.02097276970744133,0.2510279417037964,0.5316145420074463,-0.02733992412686348,0.1959960162639618,0.4962438642978668,-0.02797766774892807,0.4005853533744812,0.45910608768463135,-0.031570710241794586,0.39973729848861694,0.3279232978820801,-0.013236557133495808,0.38769978284835815,0.3563365638256073,0.01646193489432335,0.38713014125823975,0.39421412348747253,0.037900395691394806,0.4604889154434204,0.4444107115268707,-0.01794356107711792,0.4535300135612488,0.31194621324539185,-0.0013160036178305745,0.43542981147766113,0.3444732129573822,0.02835932746529579,0.43647730350494385,0.390632301568985,0.050965093076229095,0.5101470351219177,0.45712167024612427,-0.0005005626007914543,0.5036418437957764,0.33774346113204956,0.022837409749627113,0.4865909218788147,0.3675416111946106,0.05219142511487007,0.48270124197006226,0.4083798825740814,0.07083155959844589,0.5478960871696472,0.48523786664009094,0.016248730942606926,0.5523932576179504,0.39710134267807007,0.039952926337718964,0.531833291053772,0.40776729583740234,0.06302009522914886,0.5201368927955627,0.4399064779281616,0.08057637512683868,Wrong
0.49212485551834106,0.7355145215988159,-1.489157313017131e-07,0.38626283407211304,0.6891000866889954,-0.003119042608886957,0.31515616178512573,0.6141015887260437,-0.011117140762507915,0.24733461439609528,0.5465803742408752,-0.01768413931131363,0.19028297066688538,0.5194666981697083,-0.019879156723618507,0.3980698883533478,0.46912556886672974,-0.022605715319514275,0.3944687843322754,0.33679690957069397,-0.0033377292566001415,0.38718104362487793,0.3457379639148712,0.027388768270611763,0.38906946778297424,0.3701840043067932,0.049488820135593414,0.45727381110191345,0.45084017515182495,-0.014113121666014194,0.44767501950263977,0.3168771266937256,0.004709004424512386,0.43081048130989075,0.3425068259239197,0.036454424262046814,0.4330871105194092,0.3845962584018707,0.0600757896900177,0.5075849890708923,0.4609408378601074,-0.0018116662977263331,0.49887511134147644,0.33502066135406494,0.02270854264497757,0.4812008738517761,0.36321306228637695,0.05488060787320137,0.4776988625526428,0.4041498899459839,0.07526995241641998,0.5458974838256836,0.4890543222427368,0.00998277310281992,0.5518913269042969,0.3980907201766968,0.03455738723278046,0.529981791973114,0.4054855704307556,0.05942126363515854,0.5164361596107483,0.4354419410228729,0.07825121283531189,Wrong
0.4880521297454834,0.7339029312133789,-1.7954607756109908e-07,0.381965696811676,0.6920154094696045,-0.008370083756744862,0.30866771936416626,0.6176069378852844,-0.019710583612322807,0.23888203501701355,0.5573791265487671,-0.02960595302283764,0.18305635452270508,0.5340695977210999,-0.035388607531785965,0.39595848321914673,0.46575093269348145,-0.023934895172715187,0.3929622173309326,0.3374044597148895,-0.009946834295988083,0.38073036074638367,0.3590356409549713,0.01120781060308218,0.3832940459251404,0.3937532901763916,0.02617470733821392,0.4550616145133972,0.45301297307014465,-0.01514217909425497,0.4474509656429291,0.3218652307987213,0.001764591783285141,0.42698943614959717,0.3494144678115845,0.026545220986008644,0.42984408140182495,0.3927103281021118,0.043992120772600174,0.5038084983825684,0.46554800868034363,-0.0035196724347770214,0.4984472692012787,0.3446011245250702,0.018928388133645058,0.4786226153373718,0.37181583046913147,0.045079346746206284,0.4748249053955078,0.4123240113258362,0.06045373156666756,0.5430154800415039,0.49353522062301636,0.007051452994346619,0.5477359890937805,0.400986909866333,0.02808460220694542,0.525908887386322,0.407780259847641,0.0496210977435112,0.5133252143859863,0.43690475821495056,0.06561435014009476,Wrong
0.4759805202484131,0.7302286624908447,-1.5637475314633775e-07,0.3730008006095886,0.6911065578460693,-0.00439862348139286,0.3020992875099182,0.6252450942993164,-0.015909262001514435,0.232533261179924,0.5699118375778198,-0.026298224925994873,0.17746785283088684,0.5456257462501526,-0.0324147529900074,0.3865988850593567,0.47107353806495667,-0.02851773239672184,0.38442063331604004,0.3431796729564667,-0.013554553501307964,0.37535351514816284,0.36006003618240356,0.013463118113577366,0.3768756091594696,0.392314076423645,0.033429622650146484,0.44551482796669006,0.4551359713077545,-0.021678343415260315,0.4378199875354767,0.3245450258255005,-0.005999964661896229,0.4204632639884949,0.35240438580513,0.022982817143201828,0.4232206642627716,0.396814227104187,0.044492222368717194,0.495128870010376,0.4659906327724457,-0.01106391754001379,0.4878973066806793,0.347983717918396,0.011697307229042053,0.47076162695884705,0.3766782283782959,0.04237404838204384,0.46784326434135437,0.41655123233795166,0.06132331117987633,0.5335553884506226,0.49364936351776123,-0.0011002656538039446,0.5394474267959595,0.40134698152542114,0.02160417102277279,0.5184746980667114,0.4114769995212555,0.04635953903198242,0.5050778985023499,0.4428693652153015,0.06506385654211044,Wrong
0.46182864904403687,0.7414401769638062,-3.199571096956788e-08,0.35905569791793823,0.6981861591339111,-0.010440823622047901,0.2877196669578552,0.6300442218780518,-0.02568359673023224,0.21650153398513794,0.5731877088546753,-0.03892763331532478,0.16123712062835693,0.548103928565979,-0.047717273235321045,0.3768765330314636,0.47346702218055725,-0.03417946398258209,0.3727431297302246,0.34491443634033203,-0.02013997733592987,0.36493998765945435,0.3447830080986023,0.009995709173381329,0.36637476086616516,0.3731037974357605,0.034105464816093445,0.43366146087646484,0.4603329002857208,-0.023295307531952858,0.4268699586391449,0.3256438374519348,-0.0060072410851716995,0.4101681709289551,0.3441339135169983,0.03023543767631054,0.4115619659423828,0.38544338941574097,0.05907096713781357,0.48323729634284973,0.47240960597991943,-0.009533656761050224,0.4789275825023651,0.3503660559654236,0.013559837825596333,0.46191513538360596,0.37608638405799866,0.05057927966117859,0.4568541347980499,0.415211945772171,0.07630490511655807,0.5204764604568481,0.5015078186988831,0.002655832562595606,0.5274437069892883,0.40842899680137634,0.0249191764742136,0.5070218443870544,0.4141373038291931,0.05216618999838829,0.49314141273498535,0.44294092059135437,0.0748758539557457,Wrong
0.45444047451019287,0.7363244891166687,-5.8027325167131494e-08,0.3543834686279297,0.6927024126052856,-0.01011517085134983,0.28536176681518555,0.6306565999984741,-0.027297955006361008,0.21846966445446014,0.5726491212844849,-0.04234876483678818,0.1662350296974182,0.5421948432922363,-0.05195443704724312,0.3727070987224579,0.4685728847980499,-0.04075567051768303,0.3674186170101166,0.34189578890800476,-0.026599999517202377,0.35721147060394287,0.3549073040485382,0.005870207212865353,0.3582191467285156,0.38899046182632446,0.0313502699136734,0.4299296736717224,0.45709851384162903,-0.03026069886982441,0.42060476541519165,0.3245268762111664,-0.015220239758491516,0.4029276967048645,0.3487182557582855,0.022692332044243813,0.4054490923881531,0.3902527987957001,0.052823156118392944,0.47868773341178894,0.47097715735435486,-0.01618349365890026,0.474317342042923,0.34633445739746094,0.003931290004402399,0.4571034908294678,0.37312713265419006,0.04257858172059059,0.4518076479434967,0.4117588698863983,0.07002895325422287,0.5152508020401001,0.501488983631134,-0.0032475427724421024,0.5224463939666748,0.4075963497161865,0.017225226387381554,0.5011940002441406,0.4133399426937103,0.04523244872689247,0.4868156909942627,0.4421440362930298,0.0687963217496872,Wrong
0.4509073495864868,0.7351109981536865,-7.450988448454154e-08,0.3510349690914154,0.6923060417175293,-0.007472698576748371,0.2829596698284149,0.6313190460205078,-0.022365786135196686,0.21601712703704834,0.57274329662323,-0.035615790635347366,0.16322553157806396,0.5440067052841187,-0.043830547481775284,0.3666439354419708,0.4671645164489746,-0.03561443090438843,0.3647317588329315,0.3397666811943054,-0.02175321988761425,0.35555732250213623,0.35487180948257446,0.009287387132644653,0.3559267222881317,0.3907712996006012,0.034198153764009476,0.42456188797950745,0.4540031850337982,-0.02529110573232174,0.4182271361351013,0.32306599617004395,-0.008495899848639965,0.40198564529418945,0.3488098382949829,0.028774375095963478,0.4042288661003113,0.390934556722641,0.05817561224102974,0.47422176599502563,0.46837061643600464,-0.011428928934037685,0.47123658657073975,0.34685149788856506,0.009394034743309021,0.4545547366142273,0.3769298791885376,0.046228066086769104,0.4495030343532562,0.4165891706943512,0.07251973450183868,0.5109688639640808,0.4999532699584961,0.0016882212366908789,0.5172763466835022,0.40681880712509155,0.02321743220090866,0.4966825544834137,0.41508644819259644,0.05076245218515396,0.48352399468421936,0.4455302059650421,0.07381321489810944,Wrong
0.4513651430606842,0.7331279516220093,-3.973456941253062e-08,0.3516376316547394,0.6911712288856506,-0.007284663617610931,0.2827757000923157,0.62830650806427,-0.02206176146864891,0.2152603566646576,0.5713939070701599,-0.03540895879268646,0.16237932443618774,0.5409998893737793,-0.04400521516799927,0.36793965101242065,0.4664995074272156,-0.032818663865327835,0.3630638122558594,0.34059932827949524,-0.01865904964506626,0.35533490777015686,0.34576094150543213,0.012290852144360542,0.35717424750328064,0.3761366903781891,0.0370870865881443,0.4243772029876709,0.45369860529899597,-0.023528993129730225,0.4165158271789551,0.32512718439102173,-0.0070159947499632835,0.4003615081310272,0.34790104627609253,0.02956688217818737,0.4030728042125702,0.38960912823677063,0.05888812988996506,0.4732952117919922,0.467526376247406,-0.01092536747455597,0.4682897925376892,0.3469811677932739,0.010352976620197296,0.45139703154563904,0.37500572204589844,0.047938574105501175,0.44673585891723633,0.41418135166168213,0.07469911873340607,0.5098771452903748,0.4984276592731476,0.000732069369405508,0.5169796943664551,0.4060979187488556,0.02227178029716015,0.49618616700172424,0.4148726165294647,0.050307996571063995,0.4828508794307709,0.44625627994537354,0.07393896579742432,Wrong
0.4564759433269501,0.7375105619430542,-4.418989973942189e-08,0.3536360263824463,0.6921508312225342,-0.002661467529833317,0.285636842250824,0.6268411874771118,-0.012503131292760372,0.219205841422081,0.5663068294525146,-0.02065500244498253,0.16636359691619873,0.5374844670295715,-0.0232598427683115,0.37220826745033264,0.4650048017501831,-0.0247885063290596,0.36777347326278687,0.3376750946044922,-0.004656880162656307,0.35965824127197266,0.3477056622505188,0.03211516514420509,0.36153554916381836,0.3799816966056824,0.0614297054708004,0.42951491475105286,0.45074227452278137,-0.012811572290956974,0.42238152027130127,0.32074296474456787,0.008775684982538223,0.4060007929801941,0.345384418964386,0.05111583694815636,0.40777331590652466,0.3868599832057953,0.08566572517156601,0.4789232909679413,0.46558088064193726,0.003030309220775962,0.4742814302444458,0.3450114130973816,0.02927456609904766,0.45736515522003174,0.3727501332759857,0.07085835933685303,0.4509596824645996,0.40997833013534546,0.10151680558919907,0.5139797329902649,0.49901726841926575,0.018430231139063835,0.5216566920280457,0.40872612595558167,0.045841895043849945,0.500289797782898,0.4138886332511902,0.07673808932304382,0.48574671149253845,0.44226592779159546,0.10298524796962738,Wrong
0.4614364206790924,0.7468234300613403,-7.69410775092183e-08,0.35768550634384155,0.6975897550582886,-0.010542194359004498,0.28755199909210205,0.6282854080200195,-0.02548527531325817,0.21702900528907776,0.5706554651260376,-0.03746962547302246,0.160816490650177,0.5446833968162537,-0.044775914400815964,0.37696564197540283,0.4744205176830292,-0.03776364400982857,0.3722771108150482,0.34421584010124207,-0.020463697612285614,0.3600998520851135,0.3517910838127136,0.01162046380341053,0.3598218262195587,0.38210365176200867,0.03562598675489426,0.4348779618740082,0.46177953481674194,-0.026327969506382942,0.4278656542301178,0.3223276734352112,-0.008605117909610271,0.4080377519130707,0.34230655431747437,0.02712535485625267,0.40846115350723267,0.38300207257270813,0.05428207293152809,0.48390454053878784,0.47476643323898315,-0.011104177683591843,0.4817143976688385,0.34805381298065186,0.012088358402252197,0.46265268325805664,0.3737008571624756,0.048386018723249435,0.45693743228912354,0.4119950234889984,0.07244866341352463,0.5200147032737732,0.5051090717315674,0.0029537861701101065,0.5259509682655334,0.4085187017917633,0.026229817420244217,0.50364750623703,0.41587671637535095,0.0542183555662632,0.4901208281517029,0.4463369846343994,0.0761827751994133,Wrong
0.45634937286376953,0.7439740300178528,-6.277159059209225e-08,0.35416847467422485,0.6968658566474915,-0.0096583878621459,0.2857440710067749,0.6303240060806274,-0.02501828968524933,0.2168535441160202,0.5710638165473938,-0.038260672241449356,0.16229912638664246,0.5413113832473755,-0.04614853486418724,0.3721570074558258,0.46785834431648254,-0.035083550959825516,0.36706119775772095,0.3408949077129364,-0.018955646082758904,0.35712262988090515,0.3605634272098541,0.012561707757413387,0.35903507471084595,0.3954812288284302,0.036749668419361115,0.4304116666316986,0.4554680585861206,-0.02378586120903492,0.42214617133140564,0.3238651752471924,-0.005391738843172789,0.40485623478889465,0.3492320477962494,0.031315166503190994,0.4067872166633606,0.3904362916946411,0.05953117832541466,0.4791896343231201,0.4700983464717865,-0.008972486481070518,0.47542569041252136,0.34640175104141235,0.013980361633002758,0.4583590030670166,0.37430593371391296,0.05131448060274124,0.4525432884693146,0.4135410189628601,0.07701216638088226,0.5150858163833618,0.5016271471977234,0.004665703512728214,0.5225734114646912,0.4082508683204651,0.027149388566613197,0.5013289451599121,0.4152468740940094,0.05502140522003174,0.4865875244140625,0.44491568207740784,0.07796876132488251,Wrong
0.4520139992237091,0.7320433855056763,-4.3435768759536586e-08,0.35026538372039795,0.6922317743301392,0.0021807909943163395,0.28423306345939636,0.6316307783126831,-0.006132805719971657,0.21971596777439117,0.5726199746131897,-0.01459425501525402,0.1694355309009552,0.5398648977279663,-0.01748417690396309,0.36823371052742004,0.46668827533721924,-0.016101660206913948,0.367229163646698,0.3364206552505493,0.001452967757359147,0.35766011476516724,0.34696781635284424,0.03422987088561058,0.35782742500305176,0.3821295499801636,0.061124298721551895,0.42463603615760803,0.45226341485977173,-0.007847045548260212,0.4195776879787445,0.32003217935562134,0.011590689420700073,0.40466853976249695,0.34136050939559937,0.05050923302769661,0.405906081199646,0.3831801116466522,0.08252004534006119,0.4733527600765228,0.4675596058368683,0.003802261082455516,0.47116619348526,0.3454369008541107,0.028771953657269478,0.4550916254520416,0.3731400668621063,0.06855348497629166,0.4485750198364258,0.411043256521225,0.0977439284324646,0.5084535479545593,0.5021224021911621,0.015229076147079468,0.5201129913330078,0.4091090261936188,0.04145672172307968,0.4983105957508087,0.41316550970077515,0.07110816985368729,0.4817476272583008,0.4421989619731903,0.09622565656900406,Wrong
0.4574631154537201,0.7408542633056641,-2.5179868856639587e-08,0.3551733195781708,0.6952160596847534,0.0004114812472835183,0.2869270145893097,0.6322687864303589,-0.00801065657287836,0.22017289698123932,0.5719977021217346,-0.014631330035626888,0.16761809587478638,0.542161762714386,-0.015457202680408955,0.37115564942359924,0.4703531563282013,-0.025302115827798843,0.367431640625,0.3415168523788452,-0.0007241132552735507,0.35892587900161743,0.3461195230484009,0.043482035398483276,0.36004987359046936,0.3785921335220337,0.07909274101257324,0.4291270077228546,0.45615655183792114,-0.01184456143528223,0.42293205857276917,0.3219844102859497,0.013607775792479515,0.4063722491264343,0.34372732043266296,0.06377401202917099,0.407602995634079,0.38306331634521484,0.10529463738203049,0.4802519381046295,0.4713517129421234,0.006135268602520227,0.477267861366272,0.3491673469543457,0.036049921065568924,0.4609728455543518,0.37343740463256836,0.08343944698572159,0.4541248083114624,0.4076210856437683,0.1191166490316391,0.5147495865821838,0.5047308802604675,0.024100227281451225,0.522340714931488,0.41063588857650757,0.055268459022045135,0.5019750595092773,0.41501516103744507,0.09016831964254379,0.4881913959980011,0.4446036219596863,0.12007392942905426,Wrong
0.4571981728076935,0.7323637008666992,-3.443042828621401e-08,0.35464662313461304,0.6927021741867065,0.0022905697114765644,0.28709661960601807,0.6331346035003662,-0.006916149519383907,0.22459246218204498,0.5740917325019836,-0.01536318939179182,0.17476347088813782,0.5410689115524292,-0.017694460228085518,0.37013572454452515,0.4724244177341461,-0.024628514423966408,0.3680495321750641,0.3396761417388916,-0.006583414040505886,0.36036616563796997,0.34281298518180847,0.031706199049949646,0.36070841550827026,0.3752788305282593,0.06382764875888824,0.42742204666137695,0.45662474632263184,-0.014490091241896152,0.4217633605003357,0.3193536698818207,0.0048617771826684475,0.408096581697464,0.3401455283164978,0.050479430705308914,0.4097413420677185,0.3814453184604645,0.08906447887420654,0.4775944948196411,0.4698983430862427,-0.0002049620234174654,0.4751386344432831,0.3454604744911194,0.025287974625825882,0.4607154428958893,0.37243229150772095,0.07115501910448074,0.4542029798030853,0.41063451766967773,0.10601199418306351,0.5130739808082581,0.5032715201377869,0.014048748649656773,0.5238341093063354,0.41045331954956055,0.0415443554520607,0.5036191344261169,0.4131529927253723,0.07445068657398224,0.487701416015625,0.441013902425766,0.10309953987598419,Wrong
0.4483965039253235,0.7243971824645996,-1.3441277246784011e-07,0.3448311984539032,0.6869182586669922,-0.00787887629121542,0.2760513424873352,0.6157466769218445,-0.018462693318724632,0.21189101040363312,0.543211817741394,-0.024906018748879433,0.16151386499404907,0.5010778307914734,-0.024940568953752518,0.357963502407074,0.46261274814605713,-0.03442174941301346,0.3568545877933502,0.32806918025016785,-0.014426855370402336,0.347173810005188,0.343771368265152,0.021437814459204674,0.34595078229904175,0.37846511602401733,0.04881813004612923,0.41688889265060425,0.4452192485332489,-0.019926492124795914,0.4113040864467621,0.3115254342556,-0.0009583887294866145,0.39567604660987854,0.3391953408718109,0.03680625185370445,0.3956989645957947,0.38181471824645996,0.06648344546556473,0.4670555591583252,0.4572230279445648,-0.0012642130022868514,0.4625539779663086,0.33567190170288086,0.02393282949924469,0.4468367099761963,0.3610962927341461,0.0601608082652092,0.44169676303863525,0.39675748348236084,0.08465473353862762,0.5039916038513184,0.48737937211990356,0.01708896830677986,0.5105836391448975,0.3965795040130615,0.0433906614780426,0.4898023009300232,0.4053555727005005,0.07050293684005737,0.47722959518432617,0.43633314967155457,0.09182347357273102,Wrong
0.4413011968135834,0.7125082612037659,-6.839521660140235e-08,0.33923083543777466,0.679132878780365,-0.023879358544945717,0.28154757618904114,0.6047983169555664,-0.03854973986744881,0.23451532423496246,0.5193209052085876,-0.046187300235033035,0.198992520570755,0.45832106471061707,-0.04604073986411095,0.36036285758018494,0.4679412245750427,-0.05076837167143822,0.36273109912872314,0.32485318183898926,-0.04553423449397087,0.3395172655582428,0.3231959342956543,-0.017957966774702072,0.3308475613594055,0.36183106899261475,0.00609610928222537,0.41877231001853943,0.459812730550766,-0.03379799425601959,0.4163537621498108,0.3129882514476776,-0.03270284831523895,0.3889745771884918,0.32199418544769287,-0.0017753607826307416,0.38134875893592834,0.35728901624679565,0.026627955958247185,0.46635690331459045,0.47327062487602234,-0.015402818098664284,0.46738341450691223,0.3383364677429199,-0.010030020959675312,0.442727655172348,0.3555176854133606,0.021449636667966843,0.4345010221004486,0.39073583483695984,0.04737841337919235,0.50152987241745,0.5008373260498047,0.0014778205659240484,0.5079301595687866,0.400688111782074,0.008306039497256279,0.48452693223953247,0.40370312333106995,0.027171267196536064,0.47194433212280273,0.4350545406341553,0.046117331832647324,Wrong
0.4439484179019928,0.718527615070343,-3.443008012027349e-08,0.3417125940322876,0.6853188276290894,-0.02334430068731308,0.2813764214515686,0.6029534935951233,-0.037822745740413666,0.237775057554245,0.5093635320663452,-0.04466412216424942,0.19902637600898743,0.4454541802406311,-0.04328245669603348,0.3641336262226105,0.47021323442459106,-0.05558007210493088,0.36257341504096985,0.3305847644805908,-0.048058729618787766,0.33959895372390747,0.31826865673065186,-0.014160050079226494,0.32611942291259766,0.3531002998352051,0.015768181532621384,0.4242658019065857,0.46073058247566223,-0.037770312279462814,0.4222221374511719,0.3143159747123718,-0.0356416292488575,0.39480262994766235,0.3090333640575409,0.002467524027451873,0.3805052936077118,0.3374691605567932,0.03831532225012779,0.4712669253349304,0.47390714287757874,-0.01787172257900238,0.47004958987236023,0.3471068739891052,-0.00987030565738678,0.44620752334594727,0.35071849822998047,0.029355118051171303,0.43267548084259033,0.3783678412437439,0.06232283636927605,0.5037517547607422,0.5018309950828552,0.0004052725271321833,0.5103503465652466,0.4061097502708435,0.01075778342783451,0.4870370626449585,0.40115591883659363,0.03528008982539177,0.4700917899608612,0.4278580844402313,0.05989803746342659,Wrong
0.44279006123542786,0.7149989008903503,7.169843740939541e-08,0.34266430139541626,0.6839152574539185,-0.02727697230875492,0.2852051258087158,0.6082410216331482,-0.04200004041194916,0.24879565834999084,0.5202770233154297,-0.04743151739239693,0.2219683676958084,0.4505324363708496,-0.04392194375395775,0.36146780848503113,0.4802655279636383,-0.07517611980438232,0.3642134368419647,0.33696457743644714,-0.07652798295021057,0.34442681074142456,0.3077092468738556,-0.043550677597522736,0.3282737135887146,0.3337215185165405,-0.011646492406725883,0.42300477623939514,0.47541701793670654,-0.05719637870788574,0.4229041635990143,0.3232854902744293,-0.06631257385015488,0.40129393339157104,0.2921386957168579,-0.029367497190833092,0.3844960331916809,0.3087688386440277,0.009011570364236832,0.4704493284225464,0.48782527446746826,-0.037487562745809555,0.47164446115493774,0.3501911759376526,-0.04270318150520325,0.4510952830314636,0.32416629791259766,-0.004542980343103409,0.43244558572769165,0.33302682638168335,0.032834555953741074,0.5044570565223694,0.5117884874343872,-0.019243381917476654,0.5181114673614502,0.4093657433986664,-0.023569518700242043,0.502200722694397,0.3762207627296448,-0.005614507477730513,0.4810793995857239,0.3773558735847473,0.018893441185355186,Wrong
0.4380677342414856,0.7224128246307373,8.748893520760248e-08,0.33927246928215027,0.6875854730606079,-0.02670319564640522,0.2816762924194336,0.6116174459457397,-0.04213554412126541,0.24928469955921173,0.5161365866661072,-0.04801121726632118,0.22573204338550568,0.44056010246276855,-0.044874176383018494,0.35832521319389343,0.489461213350296,-0.07443013787269592,0.3642374277114868,0.3453500270843506,-0.07303830236196518,0.3468725085258484,0.3230368196964264,-0.03876041620969772,0.33345577120780945,0.35301321744918823,-0.0074226432479918,0.4194281995296478,0.48105472326278687,-0.056553080677986145,0.4204346537590027,0.326691210269928,-0.06514529138803482,0.40274715423583984,0.2922641932964325,-0.031595490872859955,0.38661473989486694,0.3029617369174957,0.00238448241725564,0.46632012724876404,0.491555780172348,-0.03640571981668472,0.4712746739387512,0.35294413566589355,-0.042693838477134705,0.4570668637752533,0.31370216608047485,-0.011495020240545273,0.43844515085220337,0.3096327781677246,0.019592296332120895,0.4996946156024933,0.5162186026573181,-0.01698647066950798,0.5143576264381409,0.4141465425491333,-0.02093461900949478,0.5074499249458313,0.37307116389274597,-0.006395644973963499,0.49086281657218933,0.3613436818122864,0.013608286157250404,Wrong
0.4362700581550598,0.7493481040000916,1.9260885153471463e-07,0.33362695574760437,0.6987599730491638,-0.016564108431339264,0.2726951539516449,0.6114304065704346,-0.02973978780210018,0.23417909443378448,0.5094502568244934,-0.036160796880722046,0.19404566287994385,0.4397478997707367,-0.035342201590538025,0.3570335805416107,0.4890734851360321,-0.04647550731897354,0.3616073429584503,0.3546452224254608,-0.032741088420152664,0.35792821645736694,0.33661651611328125,0.0024830643087625504,0.35408198833465576,0.35570505261421204,0.032237179577350616,0.4179398715496063,0.48083096742630005,-0.030960343778133392,0.4211869239807129,0.3347499668598175,-0.02419828623533249,0.4141964614391327,0.28588491678237915,0.008029070682823658,0.4058249294757843,0.27772951126098633,0.03706594556570053,0.4619206488132477,0.4947412312030792,-0.012429459020495415,0.46550828218460083,0.3631124496459961,-0.0036363834515213966,0.46125879883766174,0.31480008363723755,0.025302274152636528,0.44838598370552063,0.29892611503601074,0.050926435738801956,0.4937419593334198,0.5233523845672607,0.005917453672736883,0.5090480446815491,0.41489794850349426,0.017709987238049507,0.5047619342803955,0.3647654354572296,0.03734837472438812,0.4907248318195343,0.3396793305873871,0.0572345070540905,Wrong
0.43970349431037903,0.7460417151451111,3.1241449960361933e-07,0.3337584137916565,0.6994132995605469,-0.027059869840741158,0.26779091358184814,0.6145119667053223,-0.04463358595967293,0.213213250041008,0.5233318209648132,-0.054209448397159576,0.16700398921966553,0.4639492928981781,-0.056327905505895615,0.3499867022037506,0.476699560880661,-0.04673846811056137,0.34510257840156555,0.3600618839263916,-0.041997138410806656,0.3358042240142822,0.39106079936027527,-0.02331867441534996,0.330647349357605,0.43834739923477173,-0.0065915328450500965,0.41271257400512695,0.4621758759021759,-0.02946638874709606,0.41812261939048767,0.31720873713493347,-0.032763756811618805,0.4224521815776825,0.2470388114452362,-0.02514076419174671,0.4281598627567291,0.19768786430358887,-0.019372278824448586,0.45591598749160767,0.4740050137042999,-0.010450499132275581,0.4651278853416443,0.3428400158882141,-0.010887736454606056,0.474280446767807,0.26664185523986816,-0.010486086830496788,0.47726625204086304,0.21335256099700928,-0.009235481731593609,0.487035870552063,0.5024051070213318,0.008658654987812042,0.5016921162605286,0.39270031452178955,0.017930559813976288,0.5046877861022949,0.33356690406799316,0.027186991646885872,0.5024579763412476,0.28963759541511536,0.03366943448781967,Wrong
0.44677987694740295,0.7429293990135193,3.431854906921217e-07,0.3389401435852051,0.699413001537323,-0.0293621513992548,0.2707780599594116,0.6158139109611511,-0.048501357436180115,0.21279379725456238,0.5275739431381226,-0.0608970932662487,0.1658661961555481,0.472639262676239,-0.06649865210056305,0.3568349778652191,0.4703662693500519,-0.03798600658774376,0.3473976254463196,0.361038476228714,-0.03733983635902405,0.3412921130657196,0.39751577377319336,-0.027012430131435394,0.34094685316085815,0.4443865418434143,-0.016618769615888596,0.4183373749256134,0.4549160301685333,-0.021796680986881256,0.4209977686405182,0.31747525930404663,-0.02436734549701214,0.42829859256744385,0.247430220246315,-0.021866165101528168,0.43911609053611755,0.1926998496055603,-0.021008022129535675,0.46187183260917664,0.4686606228351593,-0.005438567604869604,0.47175678610801697,0.3462153971195221,-0.00593555485829711,0.487112432718277,0.27154606580734253,-0.009822218678891659,0.4976729452610016,0.2149379849433899,-0.01263156346976757,0.494882732629776,0.5000082850456238,0.01029826421290636,0.512531578540802,0.4003128111362457,0.018605098128318787,0.5211036205291748,0.3454548418521881,0.02569764479994774,0.5265117287635803,0.30160456895828247,0.02986546978354454,Wrong
0.45707303285598755,0.7527395486831665,1.888101621716487e-07,0.34993648529052734,0.70172119140625,-0.031185125932097435,0.27988213300704956,0.6150217056274414,-0.05073932930827141,0.21674662828445435,0.531574010848999,-0.06386610865592957,0.16965919733047485,0.4825289845466614,-0.07019177824258804,0.371620237827301,0.4712386727333069,-0.037865594029426575,0.34777402877807617,0.36350569128990173,-0.04503870755434036,0.33088740706443787,0.4088013470172882,-0.042457275092601776,0.32877403497695923,0.4667867422103882,-0.035463377833366394,0.42846211791038513,0.45553499460220337,-0.02005176804959774,0.42718684673309326,0.32038044929504395,-0.02152932435274124,0.4352005124092102,0.2539536952972412,-0.016242574900388718,0.4508415460586548,0.20050138235092163,-0.0132667887955904,0.47017672657966614,0.4722254276275635,-0.0034412271343171597,0.4796360433101654,0.35340866446495056,-0.0008525845478288829,0.4954918324947357,0.2854583263397217,0.0009689850267022848,0.5102341175079346,0.23335333168506622,0.002034979173913598,0.5033281445503235,0.5083894729614258,0.01142448652535677,0.5187497735023499,0.41484901309013367,0.02116088755428791,0.5274989008903503,0.36179614067077637,0.031063521280884743,0.53650963306427,0.3189164996147156,0.03810222074389458,Wrong
0.4562717378139496,0.7671717405319214,2.2208729433259577e-07,0.3505457937717438,0.7096229791641235,-0.02556413784623146,0.2784046530723572,0.6268473267555237,-0.04101674631237984,0.21013887226581573,0.548886775970459,-0.05029600113630295,0.16213184595108032,0.5053941607475281,-0.05255283787846565,0.3761497139930725,0.48416125774383545,-0.031207865104079247,0.3427383601665497,0.38138771057128906,-0.02953425794839859,0.3241974413394928,0.4194123148918152,-0.017628168687224388,0.3223433494567871,0.47206729650497437,-0.004730673506855965,0.43243229389190674,0.4666321873664856,-0.012469069100916386,0.4275530278682709,0.332705557346344,-0.012864271178841591,0.4352760314941406,0.2629266679286957,-0.0032345119398087263,0.4503931403160095,0.20681488513946533,0.004440161865204573,0.473817378282547,0.4825197756290436,0.006450642365962267,0.4808395206928253,0.36742720007896423,0.012175722047686577,0.4981306791305542,0.29783564805984497,0.019032543525099754,0.5137572288513184,0.24626120924949646,0.02517075277864933,0.5060166120529175,0.5213835835456848,0.024141930043697357,0.5232288241386414,0.4251094460487366,0.039396982640028,0.5325255990028381,0.3716084361076355,0.05453656613826752,0.5400108098983765,0.3317534923553467,0.06619025021791458,Wrong
0.44473421573638916,0.7466355562210083,4.020911035240715e-07,0.3352302610874176,0.6955094337463379,-0.028878243640065193,0.26140618324279785,0.6183568835258484,-0.04598884657025337,0.19034993648529053,0.5424948334693909,-0.05603770911693573,0.13894587755203247,0.4966488480567932,-0.05862634256482124,0.35577815771102905,0.4624330997467041,-0.027832847088575363,0.31902259588241577,0.3626422882080078,-0.018862169235944748,0.3027006685733795,0.40372756123542786,-0.0026966724544763565,0.3029322028160095,0.4536912143230438,0.011877035722136497,0.41419517993927,0.4477209746837616,-0.0066937957890331745,0.40717095136642456,0.3136258125305176,-0.0005624710465781391,0.4128725528717041,0.24216455221176147,0.008664139546453953,0.4257533848285675,0.18346315622329712,0.014586647972464561,0.45681050419807434,0.46520093083381653,0.014521627686917782,0.46218544244766235,0.34987637400627136,0.02394218184053898,0.47821125388145447,0.2781480550765991,0.02591700665652752,0.48982366919517517,0.22416961193084717,0.026926973834633827,0.48969143629074097,0.5035532116889954,0.034732356667518616,0.5050877928733826,0.4074017107486725,0.050650935620069504,0.5138999819755554,0.35455089807510376,0.06222744286060333,0.5204012393951416,0.3146819770336151,0.07030601054430008,Wrong
0.4497520625591278,0.7545144557952881,2.0032192082908296e-07,0.33872362971305847,0.6940467357635498,-0.021371327340602875,0.26259666681289673,0.6118271350860596,-0.03191783279180527,0.19049033522605896,0.5337200164794922,-0.03669673949480057,0.14360734820365906,0.4880165457725525,-0.033659424632787704,0.3594583570957184,0.4629414677619934,-0.015616249293088913,0.3216727375984192,0.35540884733200073,-0.009306284599006176,0.3018743395805359,0.3923540413379669,0.00425343494862318,0.30156052112579346,0.44326165318489075,0.018247149884700775,0.41669905185699463,0.44510096311569214,0.004774018190801144,0.4089268445968628,0.30441606044769287,0.009853250347077847,0.4146859049797058,0.23389621078968048,0.02229876071214676,0.42778170108795166,0.17561781406402588,0.03191603347659111,0.4591846168041229,0.46064600348472595,0.024763578549027443,0.4666673243045807,0.3415105938911438,0.03615189343690872,0.482293039560318,0.2698386311531067,0.046135999262332916,0.4968865215778351,0.21580353379249573,0.0543552041053772,0.4944990873336792,0.5004610419273376,0.04351269081234932,0.5113997459411621,0.4018535912036896,0.0644056648015976,0.5192728638648987,0.3474767804145813,0.08221693336963654,0.5254588723182678,0.30592823028564453,0.09566617757081985,Wrong
0.4507918655872345,0.7464317083358765,3.632559923971712e-07,0.34037724137306213,0.6956496238708496,-0.02902223728597164,0.26728636026382446,0.6148979663848877,-0.04417882114648819,0.1992170661687851,0.5371109843254089,-0.051941342651844025,0.14864543080329895,0.4952493906021118,-0.05213657394051552,0.3602766990661621,0.4578121304512024,-0.026064982637763023,0.32946062088012695,0.35757747292518616,-0.017456097528338432,0.31176066398620605,0.400119811296463,-0.0020595372188836336,0.3085266053676605,0.4518260359764099,0.012079250998795033,0.41870707273483276,0.44339460134506226,-0.004913843236863613,0.41469430923461914,0.30866992473602295,0.0006697251228615642,0.4196401536464691,0.23888182640075684,0.009143189527094364,0.43167227506637573,0.18163886666297913,0.014672810211777687,0.46063780784606934,0.4614622890949249,0.01598876155912876,0.4690067172050476,0.3435327112674713,0.023408712819218636,0.4840346574783325,0.26992955803871155,0.02316950261592865,0.4957730770111084,0.21509046852588654,0.02321786992251873,0.49364662170410156,0.5001498460769653,0.03597038984298706,0.5107219219207764,0.40347597002983093,0.05065290257334709,0.5198556780815125,0.34991687536239624,0.06056277081370354,0.5272811651229858,0.30875110626220703,0.06739196926355362,Wrong
0.44768378138542175,0.740761399269104,3.143312028441869e-07,0.337850958108902,0.694764256477356,-0.022814691066741943,0.2676238417625427,0.6183122396469116,-0.03672555088996887,0.2001926153898239,0.5418156981468201,-0.044250890612602234,0.14957699179649353,0.497939795255661,-0.044422682374715805,0.35584330558776855,0.4678114056587219,-0.024424642324447632,0.3402090072631836,0.35403764247894287,-0.017156530171632767,0.32516661286354065,0.3863491415977478,-0.0017108223401010036,0.32140034437179565,0.43243613839149475,0.013091916218400002,0.4134286940097809,0.45025044679641724,-0.004384670872241259,0.410562664270401,0.31189703941345215,0.002149754436686635,0.4138307273387909,0.24127312004566193,0.012899552471935749,0.4218304455280304,0.18576139211654663,0.020505907014012337,0.45688411593437195,0.4634515345096588,0.016190078109502792,0.46276354789733887,0.3434503376483917,0.028360452502965927,0.4751874804496765,0.27019256353378296,0.034040048718452454,0.4835689067840576,0.2168395221233368,0.03760595992207527,0.491690456867218,0.49817925691604614,0.03594958782196045,0.509368360042572,0.4050091803073883,0.05540180578827858,0.5193361639976501,0.3537602126598358,0.06893189251422882,0.5270887017250061,0.3147163987159729,0.07833466678857803,Wrong
0.44170066714286804,0.7433650493621826,5.350933065528807e-07,0.33495616912841797,0.7023314833641052,-0.023497434332966805,0.2617027759552002,0.6262799501419067,-0.04087270796298981,0.1962408572435379,0.5477796792984009,-0.05139322951436043,0.14274862408638,0.49980154633522034,-0.056313399225473404,0.34790611267089844,0.47879794239997864,-0.04691386595368385,0.345522940158844,0.33791837096214294,-0.04551555588841438,0.3233731687068939,0.3116105794906616,-0.027951085940003395,0.30587321519851685,0.3229038119316101,-0.010535947978496552,0.4050728678703308,0.46142497658729553,-0.029433688148856163,0.4107915163040161,0.30590587854385376,-0.032491378486156464,0.4142424464225769,0.22188186645507812,-0.02088448964059353,0.4197165071964264,0.16483378410339355,-0.009706368669867516,0.45199429988861084,0.47308799624443054,-0.010077160783112049,0.45996078848838806,0.34602534770965576,-0.0054673245176672935,0.469915509223938,0.26787930727005005,7.034029840724543e-05,0.47283458709716797,0.2111760377883911,0.0055620623752474785,0.4881455600261688,0.5030137300491333,0.008790247142314911,0.505603551864624,0.40331268310546875,0.020077897235751152,0.5124180912971497,0.3475078344345093,0.02997921220958233,0.5149745941162109,0.3054823875427246,0.03875967115163803,Wrong
0.44170066714286804,0.7433650493621826,5.350933065528807e-07,0.33495616912841797,0.7023314833641052,-0.023497434332966805,0.2617027759552002,0.6262799501419067,-0.04087270796298981,0.1962408572435379,0.5477796792984009,-0.05139322951436043,0.14274862408638,0.49980154633522034,-0.056313399225473404,0.34790611267089844,0.47879794239997864,-0.04691386595368385,0.345522940158844,0.33791837096214294,-0.04551555588841438,0.3233731687068939,0.3116105794906616,-0.027951085940003395,0.30587321519851685,0.3229038119316101,-0.010535947978496552,0.4050728678703308,0.46142497658729553,-0.029433688148856163,0.4107915163040161,0.30590587854385376,-0.032491378486156464,0.4142424464225769,0.22188186645507812,-0.02088448964059353,0.4197165071964264,0.16483378410339355,-0.009706368669867516,0.45199429988861084,0.47308799624443054,-0.010077160783112049,0.45996078848838806,0.34602534770965576,-0.0054673245176672935,0.469915509223938,0.26787930727005005,7.034029840724543e-05,0.47283458709716797,0.2111760377883911,0.0055620623752474785,0.4881455600261688,0.5030137300491333,0.008790247142314911,0.505603551864624,0.40331268310546875,0.020077897235751152,0.5124180912971497,0.3475078344345093,0.02997921220958233,0.5149745941162109,0.3054823875427246,0.03875967115163803,Wrong
0.4415225684642792,0.7538418173789978,5.30394345332752e-07,0.34245648980140686,0.7047808170318604,-0.018740659579634666,0.26705271005630493,0.6276400089263916,-0.037199243903160095,0.20032955706119537,0.5515170097351074,-0.04837459325790405,0.1425780951976776,0.5071457028388977,-0.05498436465859413,0.35169243812561035,0.4886779189109802,-0.060202404856681824,0.3324398398399353,0.33702874183654785,-0.06754085421562195,0.3081815242767334,0.2698572278022766,-0.058050595223903656,0.2900327146053314,0.22098077833652496,-0.04607057198882103,0.40769854187965393,0.46802252531051636,-0.04245786368846893,0.4032335877418518,0.29743877053260803,-0.06057756394147873,0.405189573764801,0.1999865174293518,-0.05124561861157417,0.4103831648826599,0.13202524185180664,-0.03753088042140007,0.4530199468135834,0.4770919978618622,-0.020097164437174797,0.4554821252822876,0.34001976251602173,-0.025902826339006424,0.4580405354499817,0.26416075229644775,-0.01355279516428709,0.45357227325439453,0.2119140625,0.0029571012128144503,0.48610347509384155,0.503036379814148,0.002976439893245697,0.499309241771698,0.3947725296020508,0.015994494780898094,0.4942295551300049,0.33963778614997864,0.03583952784538269,0.4828915596008301,0.30103427171707153,0.0549507699906826,Wrong
0.4455105662345886,0.7649040222167969,4.2991990767404786e-07,0.34452497959136963,0.7177770137786865,-0.03039035201072693,0.27374589443206787,0.6348395943641663,-0.053677238523960114,0.20715735852718353,0.5494493246078491,-0.06754332780838013,0.15084126591682434,0.4968833923339844,-0.07684594392776489,0.35662397742271423,0.5000306963920593,-0.07293827086687088,0.32324427366256714,0.3393402695655823,-0.09232628345489502,0.30190885066986084,0.25407859683036804,-0.09634355455636978,0.2912184000015259,0.1861330270767212,-0.09319685399532318,0.4119850695133209,0.4794295132160187,-0.04795362800359726,0.3894171416759491,0.3034825921058655,-0.0682755708694458,0.37419185042381287,0.20364397764205933,-0.06014694273471832,0.36603057384490967,0.1383403241634369,-0.04678690433502197,0.45890185236930847,0.48766228556632996,-0.01924637146294117,0.44249027967453003,0.34292545914649963,-0.023447131738066673,0.41247910261154175,0.29437851905822754,-0.0014565516030415893,0.38697174191474915,0.2734793722629547,0.02320104092359543,0.4927336871623993,0.5120205879211426,0.008136304095387459,0.48554760217666626,0.4022844135761261,0.021789943799376488,0.4564107060432434,0.36848974227905273,0.04740621894598007,0.4318684935569763,0.3589681386947632,0.07304580509662628,Wrong
0.44440487027168274,0.7726634740829468,4.179138102244906e-07,0.34323495626449585,0.718015193939209,-0.02695406600832939,0.2740325331687927,0.629698634147644,-0.04831366613507271,0.2104654759168625,0.5399935841560364,-0.06161411479115486,0.15580427646636963,0.4849056005477905,-0.07022280246019363,0.3568553030490875,0.5018925666809082,-0.06886926293373108,0.3232736587524414,0.3408806025981903,-0.08815804868936539,0.30456119775772095,0.25331735610961914,-0.09321219474077225,0.29601383209228516,0.1845306158065796,-0.0922694131731987,0.41280052065849304,0.4831284284591675,-0.04730610549449921,0.3917839527130127,0.3080584406852722,-0.06933394819498062,0.37751227617263794,0.20528876781463623,-0.06539224833250046,0.3713451027870178,0.13858559727668762,-0.0568486712872982,0.46109265089035034,0.4937049448490143,-0.021687032654881477,0.44722628593444824,0.34335824847221375,-0.025702401995658875,0.4151604175567627,0.32023000717163086,-0.0019670259207487106,0.39107659459114075,0.32451796531677246,0.02263190597295761,0.4969783127307892,0.5192098021507263,0.0021499572321772575,0.4954976737499237,0.4125604033470154,0.01419405173510313,0.46635356545448303,0.4000857174396515,0.03884027525782585,0.4467112421989441,0.41301071643829346,0.06324587762355804,Wrong
0.43438005447387695,0.7554305195808411,4.1600040390221693e-07,0.33236223459243774,0.7152838706970215,-0.03296962380409241,0.2631368637084961,0.6308462023735046,-0.05680154263973236,0.2017456442117691,0.5419673323631287,-0.07259301096200943,0.14635112881660461,0.4875713586807251,-0.08442103862762451,0.3419615626335144,0.49379780888557434,-0.07008965313434601,0.3080175518989563,0.3413947820663452,-0.0902329832315445,0.2875048518180847,0.2564137578010559,-0.0995999425649643,0.2791248857975006,0.1873992681503296,-0.10320992767810822,0.39741161465644836,0.4717421531677246,-0.0482814721763134,0.37271058559417725,0.3086462914943695,-0.0685490220785141,0.3559379577636719,0.20681574940681458,-0.07167786359786987,0.35244104266166687,0.1338357925415039,-0.07121841609477997,0.4478447735309601,0.4793088734149933,-0.02287152037024498,0.4326239228248596,0.34323355555534363,-0.027974916622042656,0.40761154890060425,0.3609056770801544,-0.011834369972348213,0.3949221968650818,0.3979087173938751,0.0054554115049541,0.4871869385242462,0.4990077018737793,0.00015997031005099416,0.4793269634246826,0.40520042181015015,0.005894305184483528,0.45492106676101685,0.41158390045166016,0.022521842271089554,0.4461108446121216,0.4365786015987396,0.04018939658999443,Wrong
0.42372792959213257,0.7562325596809387,3.8534315649485507e-07,0.3223610520362854,0.7092704772949219,-0.031231416389346123,0.2548295855522156,0.624392032623291,-0.049000028520822525,0.19268225133419037,0.537033200263977,-0.056161876767873764,0.13877683877944946,0.4822690486907959,-0.05845870450139046,0.3368368148803711,0.48836612701416016,-0.0634511262178421,0.3069249987602234,0.33150577545166016,-0.07160227745771408,0.2898033857345581,0.24938277900218964,-0.06829096376895905,0.28485992550849915,0.18509986996650696,-0.06241427734494209,0.39290061593055725,0.47187212109565735,-0.03569650277495384,0.3682127296924591,0.3103368282318115,-0.04652192071080208,0.35746967792510986,0.2209080010652542,-0.03728974238038063,0.3519832491874695,0.16446202993392944,-0.025809824466705322,0.44035911560058594,0.4853733777999878,-0.004563531372696161,0.43733349442481995,0.3582460582256317,-0.00303411646746099,0.4269142746925354,0.3090968132019043,0.011650631204247475,0.41199928522109985,0.2862437963485718,0.0274573415517807,0.47251954674720764,0.5123887062072754,0.025434128940105438,0.46676361560821533,0.4333696961402893,0.041494570672512054,0.4494490623474121,0.4159795939922333,0.060667894780635834,0.4349513351917267,0.417519748210907,0.07874664664268494,Wrong
0.42257776856422424,0.7549047470092773,2.2974369073835987e-07,0.32053226232528687,0.7119554281234741,-0.026738325133919716,0.2512974143028259,0.6254028677940369,-0.03885592520236969,0.18837574124336243,0.541072428226471,-0.04346979781985283,0.13640475273132324,0.49159830808639526,-0.04642700403928757,0.33403024077415466,0.4790056049823761,-0.0298459529876709,0.3002498745918274,0.3544599413871765,-0.027072519063949585,0.28469860553741455,0.28461402654647827,-0.02430097758769989,0.27789393067359924,0.2271057516336441,-0.023079030215740204,0.39075541496276855,0.46265092492103577,-0.010866774246096611,0.36814919114112854,0.32450979948043823,-0.01157903578132391,0.3578570783138275,0.24941281974315643,-0.005846675019711256,0.355585515499115,0.19562461972236633,-0.0007932247826829553,0.4388677477836609,0.47833067178726196,0.008450082503259182,0.4388856589794159,0.35374507308006287,0.005532430950552225,0.43431442975997925,0.28226199746131897,0.000688251166138798,0.4293260872364044,0.23258809745311737,-0.0006134016439318657,0.47548502683639526,0.5122867822647095,0.027475126087665558,0.4764370918273926,0.4351683557033539,0.03349069878458977,0.46107959747314453,0.4296824634075165,0.04110339283943176,0.45093536376953125,0.4440213739871979,0.04753921553492546,Wrong
0.41561073064804077,0.7729247808456421,-2.3726617826014262e-07,0.31829118728637695,0.7084693312644958,-0.024798786267638206,0.26020410656929016,0.597967803478241,-0.03946976363658905,0.23192787170410156,0.4790955185890198,-0.0455961748957634,0.20191967487335205,0.39611324667930603,-0.04843926057219505,0.34617891907691956,0.5118067264556885,-0.05493178963661194,0.33426329493522644,0.3679215610027313,-0.05019592493772507,0.32080739736557007,0.3054848909378052,-0.03241463378071785,0.30758875608444214,0.262520432472229,-0.02091747522354126,0.40813982486724854,0.49571549892425537,-0.041013509035110474,0.3746819794178009,0.35902389883995056,-0.04141522943973541,0.34791672229766846,0.3355324864387512,-0.02811507135629654,0.33218008279800415,0.33765292167663574,-0.019168902188539505,0.45423078536987305,0.5008127093315125,-0.02587619423866272,0.4364704489707947,0.34918656945228577,-0.031733397394418716,0.4193350374698639,0.2716407775878906,-0.03521569073200226,0.40286242961883545,0.22101369500160217,-0.039519838988780975,0.4893840551376343,0.516393780708313,-0.0099577521905303,0.5133513808250427,0.4159509241580963,-0.01851845346391201,0.525111973285675,0.35363340377807617,-0.028680339455604553,0.5310840606689453,0.3010611832141876,-0.037196893244981766,Wrong
0.41939374804496765,0.7600966691970825,-1.8135921209250228e-07,0.3165892958641052,0.705902636051178,-0.024604808539152145,0.2558194100856781,0.6014878153800964,-0.03814665973186493,0.2200637012720108,0.4934557378292084,-0.043477147817611694,0.18728600442409515,0.41374969482421875,-0.04624801129102707,0.3389299809932709,0.4923223555088043,-0.04071347042918205,0.31953465938568115,0.3521101176738739,-0.032905254513025284,0.3133331537246704,0.28348445892333984,-0.017804915085434914,0.30921053886413574,0.22974687814712524,-0.008243975229561329,0.4010184407234192,0.47499868273735046,-0.021709216758608818,0.35723811388015747,0.37686142325401306,-0.010575962252914906,0.3393550217151642,0.37408682703971863,0.009419439360499382,0.3371216654777527,0.38890641927719116,0.022158067673444748,0.4464132785797119,0.4835878908634186,-0.002878983272239566,0.4240359365940094,0.3488437533378601,-0.002968650544062257,0.41000622510910034,0.27545246481895447,-0.0022551536094397306,0.4018019139766693,0.22403253614902496,-0.003429505741223693,0.48230040073394775,0.5019763708114624,0.017007004469633102,0.5021152496337891,0.40391987562179565,0.016091138124465942,0.512537956237793,0.34363609552383423,0.013135810382664204,0.5202114582061768,0.2918669581413269,0.009864858351647854,Wrong
0.4204767644405365,0.7642065286636353,-1.334122430307616e-07,0.31610411405563354,0.7107768058776855,-0.02592056430876255,0.2550278306007385,0.6056148409843445,-0.037773046642541885,0.21528826653957367,0.5003073811531067,-0.04076168313622475,0.18115279078483582,0.42444345355033875,-0.04125908017158508,0.33607980608940125,0.4857649803161621,-0.03894741088151932,0.3151172697544098,0.34277039766311646,-0.02966460771858692,0.3101158142089844,0.2706422209739685,-0.013339797966182232,0.3073628544807434,0.21473979949951172,-0.0015613416908308864,0.39589762687683105,0.4687716066837311,-0.01531913597136736,0.3550036549568176,0.3778369724750519,0.0064685712568461895,0.33864349126815796,0.36491164565086365,0.032750118523836136,0.33457687497138977,0.370941162109375,0.048813194036483765,0.44120821356773376,0.4776982069015503,0.00808163546025753,0.4201090931892395,0.35496434569358826,0.018138231709599495,0.4051054120063782,0.2856798768043518,0.028176935389637947,0.39537450671195984,0.23679186403751373,0.033317483961582184,0.4759717583656311,0.49570658802986145,0.03167521581053734,0.49409687519073486,0.39748379588127136,0.03682053089141846,0.5039640665054321,0.33626413345336914,0.04033224284648895,0.5125430822372437,0.28269508481025696,0.043483708053827286,Wrong
0.4240225553512573,0.7642137408256531,-2.1291468499384791e-07,0.3179352283477783,0.7037103176116943,-0.012750353664159775,0.25694364309310913,0.6015547513961792,-0.017026280984282494,0.21422503888607025,0.5019486546516418,-0.014106472954154015,0.17706292867660522,0.4336472451686859,-0.00877552479505539,0.33961740136146545,0.4687140882015228,-0.019099893048405647,0.3167889714241028,0.33095529675483704,-0.003137232270091772,0.31447774171829224,0.2592564821243286,0.017055807635188103,0.3166664242744446,0.20286065340042114,0.032377444207668304,0.4010995924472809,0.4535759687423706,0.004796826280653477,0.3580767512321472,0.38570404052734375,0.03795905411243439,0.3419916033744812,0.39316391944885254,0.07350815832614899,0.3406212329864502,0.41673752665519714,0.09633763879537582,0.44381752610206604,0.46757587790489197,0.028896819800138474,0.4270482361316681,0.36233603954315186,0.0442650206387043,0.41891032457351685,0.2978971004486084,0.05830445885658264,0.41717109084129333,0.25546687841415405,0.06714586168527603,0.47841814160346985,0.48928382992744446,0.05515122786164284,0.49559295177459717,0.39776983857154846,0.06874027103185654,0.5096175670623779,0.34476128220558167,0.08014307171106339,0.524082601070404,0.29738104343414307,0.0888020247220993,Wrong
0.42306315898895264,0.7575678825378418,-2.2605155436394853e-07,0.3173794150352478,0.7028952836990356,-0.009919011034071445,0.2547415792942047,0.6051334738731384,-0.01405849028378725,0.20941641926765442,0.5096174478530884,-0.013385606929659843,0.1680831015110016,0.4466179609298706,-0.011386343277990818,0.3321501910686493,0.4669630527496338,-0.009724522940814495,0.30139103531837463,0.35025733709335327,0.010068443603813648,0.29426127672195435,0.29423201084136963,0.03080250509083271,0.29358765482902527,0.24827158451080322,0.04433641955256462,0.3946513235569,0.44818198680877686,0.006199341733008623,0.3562510311603546,0.3875042200088501,0.03445317596197128,0.34361398220062256,0.39667028188705444,0.05860869213938713,0.3434579074382782,0.4231921434402466,0.07231521606445312,0.43880197405815125,0.46124938130378723,0.022726690396666527,0.4248741567134857,0.3612990975379944,0.03214365988969803,0.41749876737594604,0.2966747283935547,0.0362381786108017,0.41448459029197693,0.2563609480857849,0.037677280604839325,0.475202351808548,0.48521995544433594,0.04183078184723854,0.49934351444244385,0.3938666880130768,0.04981496185064316,0.5177327394485474,0.3443300127983093,0.05601121857762337,0.5329030156135559,0.3012659549713135,0.06012071296572685,Wrong
0.42407315969467163,0.7548915147781372,-2.153345093347525e-07,0.3183632493019104,0.7015323638916016,-0.006393300835043192,0.25431331992149353,0.6074044704437256,-0.00915379449725151,0.20613539218902588,0.5124383568763733,-0.007881728932261467,0.16494496166706085,0.44935110211372375,-0.0056548165157437325,0.32886162400245667,0.4703783690929413,-0.002878321800380945,0.29756277799606323,0.3543660044670105,0.017501255497336388,0.28937408328056335,0.2970844507217407,0.03711593896150589,0.2883412837982178,0.25010332465171814,0.04982227832078934,0.3917299807071686,0.4495760500431061,0.012438680045306683,0.35783472657203674,0.39219966530799866,0.04315907135605812,0.3462600111961365,0.40281447768211365,0.0666980892419815,0.3457387089729309,0.4297652542591095,0.07927055656909943,0.43692654371261597,0.46157824993133545,0.028388114646077156,0.4262774884700775,0.36397475004196167,0.0395282506942749,0.4200505316257477,0.2975052297115326,0.04214978963136673,0.4173382520675659,0.2564347982406616,0.04198848828673363,0.4753524959087372,0.4853915572166443,0.04735463857650757,0.5003694891929626,0.3953438997268677,0.05754775181412697,0.5186651349067688,0.3460278809070587,0.06444873660802841,0.5328119993209839,0.30349868535995483,0.06842252612113953,Wrong
0.42258164286613464,0.7551082372665405,-2.690948122108239e-07,0.3193572163581848,0.7026548981666565,-0.007417143322527409,0.2554461359977722,0.6055440902709961,-0.01193360798060894,0.20668897032737732,0.5124845504760742,-0.012560278177261353,0.16211804747581482,0.45583757758140564,-0.012612690217792988,0.33323168754577637,0.4771994948387146,-0.010548013262450695,0.2972691059112549,0.36318889260292053,0.009383484721183777,0.28504183888435364,0.3114515542984009,0.0301529411226511,0.2819238305091858,0.2679908871650696,0.04303457587957382,0.39597299695014954,0.45519569516181946,0.002753241453319788,0.35835427045822144,0.4007275700569153,0.02888742834329605,0.345392107963562,0.41462141275405884,0.05046020820736885,0.344911128282547,0.44327425956726074,0.0619104728102684,0.4416392147541046,0.4657863676548004,0.017173990607261658,0.42904219031333923,0.36794430017471313,0.025394989177584648,0.42305871844291687,0.30148565769195557,0.025466516613960266,0.4201568067073822,0.2591472864151001,0.0233567226678133,0.478895902633667,0.4889260530471802,0.03460534289479256,0.5053617358207703,0.40167543292045593,0.042850032448768616,0.5224162340164185,0.35374265909194946,0.04780245199799538,0.5336261987686157,0.3110923767089844,0.05003008991479874,Wrong
0.4229373037815094,0.7617025375366211,-3.2811823302836274e-07,0.3198642432689667,0.7111960053443909,-0.004705506842583418,0.25670793652534485,0.6142874956130981,-0.0069383904337882996,0.20844696462154388,0.5210781097412109,-0.006213619373738766,0.1638418436050415,0.4632819890975952,-0.005296568386256695,0.33153045177459717,0.4794776141643524,-0.0031558119226247072,0.29747921228408813,0.3685225248336792,0.01822986640036106,0.28540897369384766,0.3174494802951813,0.038922276347875595,0.2816360294818878,0.27263540029525757,0.05135933309793472,0.394650936126709,0.45629844069480896,0.008593046106398106,0.3560640513896942,0.4039299488067627,0.035701192915439606,0.3420969545841217,0.4194958806037903,0.05687480419874191,0.3400779366493225,0.4485599994659424,0.06787659972906113,0.44040754437446594,0.46702033281326294,0.021197916939854622,0.4307967722415924,0.370305597782135,0.02905740588903427,0.4259582757949829,0.30178719758987427,0.028542635962367058,0.4232427477836609,0.2579618990421295,0.02624591812491417,0.478973388671875,0.49211013317108154,0.037041276693344116,0.5067920088768005,0.4048379361629486,0.045854371041059494,0.5262690782546997,0.35853251814842224,0.05132802575826645,0.538428544998169,0.31693851947784424,0.05378609523177147,Wrong
0.4211133122444153,0.7613170146942139,-3.3960048995140824e-07,0.3178268074989319,0.7090466022491455,-0.005715437699109316,0.2542304992675781,0.6116058826446533,-0.007207691203802824,0.20547813177108765,0.519257128238678,-0.005577540025115013,0.16055744886398315,0.46194761991500854,-0.0036467709578573704,0.32871338725090027,0.4762483537197113,-0.0030884521547704935,0.2940303385257721,0.36431241035461426,0.0186630729585886,0.2831873595714569,0.31487733125686646,0.040295518934726715,0.2806539237499237,0.27117103338241577,0.053379323333501816,0.3917861580848694,0.45400893688201904,0.008253643289208412,0.3520564138889313,0.40033796429634094,0.03405696153640747,0.33780765533447266,0.41278892755508423,0.05369887501001358,0.33547157049179077,0.439881831407547,0.06377735733985901,0.4386726915836334,0.4640370011329651,0.020255696028470993,0.4283146858215332,0.36705920100212097,0.027284475043416023,0.4217800498008728,0.2986723780632019,0.025849875062704086,0.41764676570892334,0.2548404037952423,0.023035792633891106,0.4781610369682312,0.4862785041332245,0.03521379083395004,0.5057096481323242,0.3992289900779724,0.041997890919446945,0.5247896313667297,0.35314810276031494,0.04566653072834015,0.5375348925590515,0.31152358651161194,0.047272905707359314,Wrong
0.41873234510421753,0.7580996751785278,-3.031362894034828e-07,0.31491804122924805,0.7046527862548828,-0.001813133480027318,0.25096437335014343,0.6098129749298096,-0.002816973952576518,0.20168882608413696,0.5185248255729675,-0.0012007970362901688,0.15931516885757446,0.4589115381240845,0.0007394913700409234,0.3255365192890167,0.4753556549549103,0.0032403389923274517,0.29124483466148376,0.36144450306892395,0.02620222233235836,0.27928635478019714,0.31200912594795227,0.04617655649781227,0.2764904499053955,0.26710957288742065,0.0580916628241539,0.38889414072036743,0.45361438393592834,0.014802219346165657,0.35341569781303406,0.39965173602104187,0.042186006903648376,0.33946582674980164,0.42051780223846436,0.060653217136859894,0.3363817632198334,0.45308732986450195,0.07031732052564621,0.4347112476825714,0.46421968936920166,0.02761177159845829,0.4258897006511688,0.36746346950531006,0.03819860517978668,0.4208129048347473,0.2981712818145752,0.036054983735084534,0.41783374547958374,0.2533690631389618,0.03217310458421707,0.4735119640827179,0.4883580803871155,0.0438963808119297,0.5007870197296143,0.4015261232852936,0.05642220005393028,0.5187866687774658,0.355029821395874,0.0625714585185051,0.5308839678764343,0.312041312456131,0.06491968780755997,Wrong
0.41713348031044006,0.7540209293365479,-2.862634858047386e-07,0.3145487904548645,0.7033724188804626,-0.0033888055477291346,0.25061169266700745,0.6100996136665344,-0.005560341291129589,0.20119808614253998,0.5193793177604675,-0.004679277539253235,0.1579689383506775,0.46146491169929504,-0.0032010278664529324,0.3245995044708252,0.47257474064826965,-0.0018101598834618926,0.2895411252975464,0.3610241711139679,0.02040213532745838,0.2775889039039612,0.31241166591644287,0.041618697345256805,0.27504634857177734,0.2698187828063965,0.054657138884067535,0.3869331181049347,0.45074477791786194,0.010272850282490253,0.351943701505661,0.3984296917915344,0.03658038377761841,0.3384591042995453,0.41721880435943604,0.05669049173593521,0.33626309037208557,0.449114590883255,0.06755686551332474,0.43202054500579834,0.4622975289821625,0.023644516244530678,0.42462122440338135,0.36597973108291626,0.031053287908434868,0.4192972779273987,0.2972731590270996,0.029478827491402626,0.4164399206638336,0.2539427876472473,0.026690524071455002,0.4707217514514923,0.4872153699398041,0.0406760536134243,0.5012842416763306,0.3998039662837982,0.0494183786213398,0.5207061767578125,0.3526928424835205,0.05461917817592621,0.5346283316612244,0.3093227446079254,0.05689765885472298,Wrong
0.41479820013046265,0.7574819326400757,-2.523044884128467e-07,0.31190651655197144,0.7047494649887085,-0.0028624555561691523,0.24962417781352997,0.6049765348434448,-0.0024570089299231768,0.20129843056201935,0.5117350816726685,0.000928338326048106,0.15763774514198303,0.456143856048584,0.00495890760794282,0.32604020833969116,0.47210603952407837,0.008045198395848274,0.2904600501060486,0.3574138879776001,0.035187575966119766,0.27923035621643066,0.3070410490036011,0.05814969167113304,0.27680230140686035,0.26467829942703247,0.07192301750183105,0.3906560242176056,0.4514499604701996,0.02077532559633255,0.35186776518821716,0.40112990140914917,0.05347462370991707,0.33941730856895447,0.4199684262275696,0.07458586990833282,0.33910438418388367,0.4508377015590668,0.086102694272995,0.43624770641326904,0.4626743495464325,0.03445393964648247,0.42471832036972046,0.3645092248916626,0.04868173226714134,0.41919106245040894,0.29583504796028137,0.049419086426496506,0.4172576665878296,0.2522413730621338,0.04784128814935684,0.4748776853084564,0.4902956783771515,0.051206402480602264,0.50079745054245,0.4018680453300476,0.06561567634344101,0.5185678005218506,0.35474157333374023,0.07373865693807602,0.5294530391693115,0.31296759843826294,0.07816141843795776,Wrong
0.4202756881713867,0.7557871341705322,-2.969874515201809e-07,0.31725841760635376,0.7057414054870605,-0.0018117104191333055,0.2521657943725586,0.6098858118057251,-0.0023528023157268763,0.20211665332317352,0.5178341865539551,-0.0008630934753455222,0.1591361165046692,0.4618062674999237,0.0005362819647416472,0.32537513971328735,0.4685107469558716,0.008784203790128231,0.29035118222236633,0.3582339286804199,0.03051161952316761,0.2783295512199402,0.3092131018638611,0.04781094938516617,0.27674323320388794,0.2655661106109619,0.05798090994358063,0.38701608777046204,0.4471765458583832,0.019722675904631615,0.3496728837490082,0.39963603019714355,0.04763507843017578,0.33528685569763184,0.41889289021492004,0.06579034775495529,0.3334096372127533,0.450328528881073,0.07552020251750946,0.4323939383029938,0.4594827890396118,0.03109051287174225,0.42319756746292114,0.3655793368816376,0.04206453636288643,0.4175470173358917,0.2957538366317749,0.04077679291367531,0.4150397479534149,0.24989508092403412,0.037750519812107086,0.47180917859077454,0.48610034584999084,0.045540980994701385,0.4966578185558319,0.4055209755897522,0.05901740863919258,0.5142296552658081,0.36272308230400085,0.06630722433328629,0.5271614193916321,0.32296687364578247,0.06969494372606277,Wrong
0.4124196767807007,0.7559423446655273,-3.279835709690815e-07,0.30980396270751953,0.7056647539138794,-0.0019453591667115688,0.24529047310352325,0.6111441850662231,-0.0033965210895985365,0.1958916336297989,0.5193378925323486,-0.0024658581241965294,0.15344464778900146,0.4632285535335541,-0.0013784654438495636,0.317626029253006,0.47210782766342163,0.003737516002729535,0.2831883430480957,0.3591017425060272,0.022087935358285904,0.2708202004432678,0.31013697385787964,0.03776252269744873,0.26886940002441406,0.26677268743515015,0.04739639535546303,0.3800221383571625,0.44970059394836426,0.014899755828082561,0.34369564056396484,0.39984560012817383,0.03988344594836235,0.3297518193721771,0.4209311306476593,0.0582331083714962,0.32700401544570923,0.45590561628341675,0.06858067959547043,0.42551374435424805,0.46206149458885193,0.0265217088162899,0.41724061965942383,0.3667356073856354,0.034147538244724274,0.4122522473335266,0.29537707567214966,0.03163619711995125,0.40974172949790955,0.24850310385227203,0.028447525575757027,0.4649569094181061,0.4898643493652344,0.0416577123105526,0.49021822214126587,0.40909436345100403,0.05383601039648056,0.5076907873153687,0.3662557005882263,0.06073032692074776,0.5200701951980591,0.32638755440711975,0.06379914283752441,Wrong
0.41023048758506775,0.7564506530761719,-2.817208155647677e-07,0.3038664758205414,0.7082172632217407,-0.0037366074975579977,0.24024637043476105,0.6112543344497681,-0.0037488385569304228,0.1912924349308014,0.5173284411430359,-0.0020574433729052544,0.1489698588848114,0.46052220463752747,-0.0001353969273623079,0.31458431482315063,0.4715447425842285,0.02331896871328354,0.2789052724838257,0.35569679737091064,0.05379988253116608,0.26879292726516724,0.3077995777130127,0.0734013020992279,0.266215980052948,0.26438844203948975,0.08356811106204987,0.37966084480285645,0.4489479064941406,0.03561003878712654,0.33890196681022644,0.40233510732650757,0.06914792954921722,0.3254272937774658,0.42454013228416443,0.08299898356199265,0.322327584028244,0.45905986428260803,0.0896589457988739,0.4247564673423767,0.45859336853027344,0.04828387871384621,0.4130193889141083,0.3614634871482849,0.06889856606721878,0.40763798356056213,0.2882721424102783,0.0683600902557373,0.4058098793029785,0.23848159611225128,0.06419377028942108,0.4641355872154236,0.4890601634979248,0.06298571825027466,0.4803355932235718,0.4039166569709778,0.08805666863918304,0.4930129051208496,0.36071592569351196,0.10081943869590759,0.49974676966667175,0.3201463222503662,0.10632350295782089,Wrong
0.42639583349227905,0.7568460702896118,-2.3543081795196485e-07,0.3229266107082367,0.7079231142997742,-0.005521615967154503,0.2579966187477112,0.6143459677696228,-0.009187819436192513,0.20774801075458527,0.5199961066246033,-0.009520561434328556,0.16797341406345367,0.4576601982116699,-0.008689947426319122,0.3275701701641083,0.4741843044757843,0.0008960397681221366,0.29205241799354553,0.3591768741607666,0.021136479452252388,0.2810920476913452,0.3077176809310913,0.03927946090698242,0.2793358564376831,0.2635495662689209,0.05062888190150261,0.39063799381256104,0.4498594403266907,0.016472075134515762,0.35255780816078186,0.3894127607345581,0.047617796808481216,0.34107694029808044,0.4031352996826172,0.07094889879226685,0.3409414291381836,0.43615251779556274,0.08391005545854568,0.4375874996185303,0.461786150932312,0.03257257863879204,0.42518851161003113,0.3628723919391632,0.048246897757053375,0.4200931787490845,0.2948414087295532,0.053208932280540466,0.41805195808410645,0.2512761652469635,0.053679343312978745,0.4776720702648163,0.4896678626537323,0.05137666314840317,0.4949885606765747,0.4098232686519623,0.07026493549346924,0.5072434544563293,0.3679431676864624,0.08182934671640396,0.5154901742935181,0.33119726181030273,0.08772988617420197,Wrong
0.4233238697052002,0.7610154747962952,-2.2258529952523531e-07,0.3202415704727173,0.7101934552192688,-0.006164995022118092,0.25534796714782715,0.6128555536270142,-0.008903903886675835,0.20752421021461487,0.5170314908027649,-0.008038798347115517,0.1637793928384781,0.4535435438156128,-0.005779593251645565,0.32701626420021057,0.4721839725971222,0.003930018283426762,0.29364195466041565,0.3635367453098297,0.029197633266448975,0.28579819202423096,0.31314846873283386,0.050612710416316986,0.28624847531318665,0.26764529943466187,0.0629696324467659,0.38865771889686584,0.44864940643310547,0.01942000910639763,0.35022279620170593,0.38927724957466125,0.054271310567855835,0.3372701108455658,0.40129950642585754,0.07959722727537155,0.3393157124519348,0.4327668249607086,0.09318704158067703,0.43478143215179443,0.4610016644001007,0.03540241718292236,0.422898530960083,0.3592030107975006,0.05284557491540909,0.41843390464782715,0.2938963770866394,0.05892351269721985,0.4188019633293152,0.2536400854587555,0.059395164251327515,0.47477415204048157,0.49068185687065125,0.05387112498283386,0.4954422116279602,0.40949055552482605,0.07100725919008255,0.5088655352592468,0.36518561840057373,0.08106133341789246,0.5168953537940979,0.3288063406944275,0.08569930493831635,Wrong
0.41562706232070923,0.7562921047210693,-1.9822208230380056e-07,0.3158199191093445,0.7013713121414185,-0.014581718482077122,0.25473445653915405,0.605029284954071,-0.02030857652425766,0.21340115368366241,0.5021683573722839,-0.017519883811473846,0.17503759264945984,0.43196725845336914,-0.011008272878825665,0.3244827687740326,0.49203574657440186,-0.040165141224861145,0.29407480359077454,0.35410022735595703,-0.02564227394759655,0.28659000992774963,0.28803586959838867,0.002910372568294406,0.2831888794898987,0.2348003387451172,0.02405170165002346,0.3885575830936432,0.46488073468208313,-0.01953606866300106,0.3455086648464203,0.37455061078071594,0.006658491212874651,0.33072298765182495,0.3793686032295227,0.04634498804807663,0.3272511065006256,0.4030871093273163,0.07269513607025146,0.43896540999412537,0.4702797532081604,0.002145203296095133,0.41864481568336487,0.3566214144229889,0.010064879432320595,0.40525853633880615,0.30570828914642334,0.026055051013827324,0.3932863175868988,0.27697300910949707,0.037612807005643845,0.4792565703392029,0.4873282313346863,0.025994930416345596,0.5041689872741699,0.39294004440307617,0.028852539137005806,0.5194969773292542,0.33859527111053467,0.0336642786860466,0.5262815952301025,0.2951553165912628,0.03883625194430351,Wrong
0.4120834767818451,0.7575525045394897,-2.3971125528987614e-07,0.31448423862457275,0.7031213045120239,-0.02037820592522621,0.2545316815376282,0.6003727912902832,-0.0313328318297863,0.22072502970695496,0.48829928040504456,-0.03370082750916481,0.1851963996887207,0.4118451476097107,-0.032447922974824905,0.3235504925251007,0.5051743984222412,-0.0532204732298851,0.29415363073349,0.35919827222824097,-0.04860028997063637,0.2840116620063782,0.28626906871795654,-0.026652732864022255,0.27735936641693115,0.22798793017864227,-0.01084640808403492,0.3894936442375183,0.47654274106025696,-0.0367758572101593,0.3434671461582184,0.3727998733520508,-0.025415297597646713,0.32700395584106445,0.37589043378829956,0.006346376147121191,0.3245064914226532,0.39890432357788086,0.027655577287077904,0.44066718220710754,0.4791187345981598,-0.01993458904325962,0.41610825061798096,0.35275039076805115,-0.024532144889235497,0.3973845839500427,0.29627564549446106,-0.0143080810084939,0.38199731707572937,0.2622452974319458,-0.006479778327047825,0.4811364412307739,0.49323204159736633,-0.001456402475014329,0.5050370693206787,0.39705222845077515,-0.009008078835904598,0.5190967917442322,0.3388518691062927,-0.010803629644215107,0.5248814225196838,0.2901274561882019,-0.010786693543195724,Wrong
0.4074658155441284,0.769037127494812,-1.974640753132917e-07,0.31436097621917725,0.7093316912651062,-0.03374455124139786,0.2569202184677124,0.6052694320678711,-0.0512155219912529,0.22489109635353088,0.4904361367225647,-0.05543234571814537,0.19599804282188416,0.40718165040016174,-0.05422521010041237,0.3319692611694336,0.5310063362121582,-0.08941911906003952,0.3076739013195038,0.3673613667488098,-0.10030686110258102,0.29745104908943176,0.2844333350658417,-0.08492773026227951,0.2905140519142151,0.219468891620636,-0.07183550298213959,0.39954355359077454,0.5058964490890503,-0.06782836467027664,0.3552108108997345,0.3669936954975128,-0.07224928587675095,0.3316754400730133,0.3686996102333069,-0.038453202694654465,0.3227232098579407,0.39685148000717163,-0.0121909873560071,0.4489906430244446,0.5059691071510315,-0.04630821943283081,0.4253023862838745,0.3618288040161133,-0.06108301505446434,0.40054380893707275,0.31284916400909424,-0.04548769071698189,0.379058301448822,0.29043158888816833,-0.030615288764238358,0.4850033223628998,0.514826774597168,-0.024518227204680443,0.5113763213157654,0.4167095422744751,-0.044580500572919846,0.5251330733299255,0.35566407442092896,-0.05117316544055939,0.5307648777961731,0.30601978302001953,-0.05170736089348793,Wrong
0.1341211497783661,0.8152681589126587,4.634799779523746e-07,0.25201359391212463,0.7701144218444824,-0.01988687552511692,0.3419792056083679,0.68497633934021,-0.02844989486038685,0.41759228706359863,0.6223312616348267,-0.035853780806064606,0.4814160466194153,0.5969499945640564,-0.0440165139734745,0.25444141030311584,0.5122005939483643,-0.02504623308777809,0.2915995419025421,0.3669125437736511,-0.034368157386779785,0.30986323952674866,0.2866239547729492,-0.04313873499631882,0.32016506791114807,0.2238236665725708,-0.05206156522035599,0.18351276218891144,0.48764514923095703,-0.02650711126625538,0.19530075788497925,0.32687026262283325,-0.0348840169608593,0.19728735089302063,0.2315627634525299,-0.04894004762172699,0.1924733817577362,0.1608789563179016,-0.06274772435426712,0.1196717768907547,0.4970107674598694,-0.02860976569354534,0.10210984945297241,0.34780222177505493,-0.03850754722952843,0.09298624098300934,0.26097744703292847,-0.054958466440439224,0.08327923715114594,0.19578686356544495,-0.07029940187931061,0.06951066851615906,0.5311341285705566,-0.03203499689698219,0.03073820471763611,0.4331052005290985,-0.04459520801901817,0.00763469934463501,0.3716059625148773,-0.05489135906100273,-0.008197516202926636,0.3246474862098694,-0.06278758496046066,Wrong
0.13595201075077057,0.803710401058197,4.688169212840876e-07,0.25418204069137573,0.7624304294586182,-0.02254633978009224,0.3435400724411011,0.6798980236053467,-0.03232589364051819,0.4194527268409729,0.6174945831298828,-0.04141755402088165,0.4835364520549774,0.589799702167511,-0.05142616853117943,0.2551124691963196,0.5038542747497559,-0.022255605086684227,0.290801465511322,0.36599230766296387,-0.030259493738412857,0.3100478947162628,0.28624099493026733,-0.038862377405166626,0.3212008476257324,0.22339627146720886,-0.047961171716451645,0.18505069613456726,0.4784570038318634,-0.02315889112651348,0.1969405710697174,0.3235126733779907,-0.028850464150309563,0.19866031408309937,0.2311917245388031,-0.041134972125291824,0.19381681084632874,0.16461730003356934,-0.05403241142630577,0.12152312695980072,0.48682358860969543,-0.025481251999735832,0.10663916170597076,0.3434261679649353,-0.03469157963991165,0.09730011224746704,0.2587645947933197,-0.05115260183811188,0.0871378481388092,0.19648277759552002,-0.06688005477190018,0.07029290497303009,0.5193632245063782,-0.02963583543896675,0.030025184154510498,0.42795515060424805,-0.043642353266477585,0.007631421089172363,0.3699910044670105,-0.055095694959163666,-0.008502483367919922,0.3261309862136841,-0.06388507038354874,Wrong
0.11218048632144928,0.8116242289543152,4.1948968032556877e-07,0.22976088523864746,0.7665042877197266,-0.017547206953167915,0.319306880235672,0.6836773157119751,-0.021219586953520775,0.39749765396118164,0.6159444451332092,-0.023745248094201088,0.4630505442619324,0.585395097732544,-0.026948552578687668,0.23471231758594513,0.5012158751487732,-0.010255027562379837,0.2700099050998688,0.3578681945800781,-0.009751507081091404,0.28781622648239136,0.28143370151519775,-0.01379246823489666,0.2969670295715332,0.22084984183311462,-0.019773397594690323,0.16254550218582153,0.47431448101997375,-0.008919586427509785,0.1740434169769287,0.3185410499572754,-0.005468194838613272,0.17780336737632751,0.22794240713119507,-0.014852877706289291,0.1722339689731598,0.1608821153640747,-0.026517944410443306,0.095675989985466,0.4824369549751282,-0.00871802307665348,0.07856576144695282,0.3415449857711792,-0.012118208222091198,0.06843686103820801,0.2593061029911041,-0.030830591917037964,0.0531744509935379,0.20092254877090454,-0.048398371785879135,0.042658984661102295,0.5147652626037598,-0.009609231725335121,-0.006978586316108704,0.42836013436317444,-0.019942160695791245,-0.03945842385292053,0.3744131326675415,-0.032561998814344406,-0.06572473049163818,0.3363267779350281,-0.042081866413354874,Wrong
0.10362206399440765,0.8133655786514282,4.6241808604463586e-07,0.22175665199756622,0.765881359577179,-0.017582204192876816,0.3112645149230957,0.6791496276855469,-0.02448992244899273,0.38920485973358154,0.6124559044837952,-0.02926919423043728,0.45402151346206665,0.5812361836433411,-0.03483301028609276,0.22426702082157135,0.5035845041275024,-0.025464093312621117,0.2610595226287842,0.356174111366272,-0.027979925274848938,0.2786964774131775,0.2773337662220001,-0.03176211938261986,0.28834426403045654,0.21537357568740845,-0.037290528416633606,0.15074393153190613,0.47771236300468445,-0.024079466238617897,0.1645275205373764,0.3169141113758087,-0.023801663890480995,0.16800457239151,0.22263950109481812,-0.0317322239279747,0.16245576739311218,0.15518689155578613,-0.04194100201129913,0.0837322473526001,0.4876153767108917,-0.022548792883753777,0.06784474849700928,0.3405914902687073,-0.02685270830988884,0.057111307978630066,0.25492480397224426,-0.04454902186989784,0.04191398620605469,0.19412344694137573,-0.061509162187576294,0.0337674617767334,0.5221123695373535,-0.021643154323101044,-0.01074245572090149,0.4383293688297272,-0.03169521689414978,-0.04127433896064758,0.3875095844268799,-0.04363984987139702,-0.0677453875541687,0.3531261086463928,-0.05274200066924095,Wrong
0.08877637982368469,0.8129940032958984,4.982388190910569e-07,0.2067970335483551,0.7631604671478271,-0.019096659496426582,0.2983716130256653,0.6810038089752197,-0.026492634788155556,0.3778560757637024,0.6126320958137512,-0.031612809747457504,0.4438759684562683,0.5793089866638184,-0.03703421354293823,0.21227818727493286,0.5007820129394531,-0.01979510299861431,0.2500370740890503,0.35442399978637695,-0.0209620613604784,0.26837995648384094,0.27663302421569824,-0.024916768074035645,0.27862679958343506,0.21553221344947815,-0.030600840225815773,0.1393662393093109,0.475850909948349,-0.016748350113630295,0.1518395096063614,0.3158370554447174,-0.014295193366706371,0.15675218403339386,0.2224363088607788,-0.023366300389170647,0.15365438163280487,0.15291109681129456,-0.03466593474149704,0.07309842109680176,0.48775774240493774,-0.013940652832388878,0.056144148111343384,0.3437042236328125,-0.017443129792809486,0.04519520699977875,0.2575831711292267,-0.036815863102674484,0.031146958470344543,0.1946195363998413,-0.05499051883816719,0.02584931254386902,0.5249496102333069,-0.011879666708409786,-0.015915021300315857,0.4483919143676758,-0.02056308649480343,-0.04274052381515503,0.40476924180984497,-0.032349515706300735,-0.06581026315689087,0.37399446964263916,-0.041524410247802734,Wrong
0.0969250276684761,0.8168653845787048,4.957186092724442e-07,0.21268446743488312,0.765550971031189,-0.021400058642029762,0.3036120533943176,0.6784751415252686,-0.028420638293027878,0.38265112042427063,0.6100214719772339,-0.03375108540058136,0.4478800892829895,0.5754449367523193,-0.03949403390288353,0.21589142084121704,0.49529892206192017,-0.015896350145339966,0.25176745653152466,0.35059934854507446,-0.016461607068777084,0.26931050419807434,0.2717166543006897,-0.020668940618634224,0.2793968915939331,0.2078123390674591,-0.027221178635954857,0.1435578465461731,0.4712739586830139,-0.013707149773836136,0.15210047364234924,0.31231924891471863,-0.012282704003155231,0.15472471714019775,0.21947145462036133,-0.022730469703674316,0.15018334984779358,0.15053865313529968,-0.034630488604307175,0.07769526541233063,0.4843796193599701,-0.012574095278978348,0.05600379407405853,0.3426881432533264,-0.01750965416431427,0.0422903448343277,0.25611522793769836,-0.037963129580020905,0.026101604104042053,0.19187405705451965,-0.05658836290240288,0.02997523546218872,0.5233935713768005,-0.01276378147304058,-0.015027165412902832,0.4469936788082123,-0.023640159517526627,-0.04461096227169037,0.40031319856643677,-0.03675335645675659,-0.0700632780790329,0.36616799235343933,-0.04665476828813553,Wrong
0.10906535387039185,0.8102598786354065,4.600491649853211e-07,0.22539262473583221,0.7604326009750366,-0.019127538427710533,0.31518685817718506,0.6749175786972046,-0.02608330547809601,0.39426660537719727,0.6069345474243164,-0.030785400420427322,0.45979413390159607,0.5739891529083252,-0.03626811131834984,0.22807060182094574,0.4964379668235779,-0.021326513960957527,0.26290130615234375,0.3489375114440918,-0.022109847515821457,0.2803425192832947,0.26976287364959717,-0.02558169700205326,0.2897517681121826,0.2061602771282196,-0.031230095773935318,0.1544220745563507,0.47113358974456787,-0.019177012145519257,0.16470029950141907,0.3091354966163635,-0.017341917380690575,0.16753995418548584,0.2144443392753601,-0.02596735581755638,0.16174635291099548,0.14567121863365173,-0.037045273929834366,0.08749374747276306,0.4820883870124817,-0.017354123294353485,0.06874321401119232,0.33587658405303955,-0.021045437082648277,0.05805040895938873,0.24961991608142853,-0.0393608920276165,0.042084187269210815,0.18870097398757935,-0.05683435499668121,0.0379214882850647,0.5176458954811096,-0.016421737149357796,-0.00832231342792511,0.43144577741622925,-0.026038769632577896,-0.03962421417236328,0.3783329725265503,-0.038161203265190125,-0.06609538197517395,0.34055131673812866,-0.047529883682727814,Wrong
0.12478841096162796,0.8031039237976074,4.929524379804207e-07,0.24314206838607788,0.7592179775238037,-0.02408231794834137,0.3310411274433136,0.6751231551170349,-0.034847158938646317,0.406502366065979,0.6118875741958618,-0.04473419860005379,0.47119563817977905,0.5875978469848633,-0.055745694786310196,0.24066109955310822,0.4960617125034332,-0.023899205029010773,0.27491453289985657,0.35568299889564514,-0.029965758323669434,0.29329830408096313,0.27464407682418823,-0.03678923100233078,0.3038102388381958,0.21037989854812622,-0.04479582607746124,0.16881027817726135,0.4724855422973633,-0.023953592404723167,0.17899392545223236,0.31509673595428467,-0.0267728753387928,0.17995549738407135,0.22368723154067993,-0.035965289920568466,0.17449292540550232,0.15907973051071167,-0.046653419733047485,0.10411053895950317,0.48217615485191345,-0.025632061064243317,0.08592964708805084,0.338985800743103,-0.03302920237183571,0.07488863170146942,0.25424307584762573,-0.04916873201727867,0.06195838749408722,0.19313260912895203,-0.06473898142576218,0.053037211298942566,0.516323447227478,-0.02933673933148384,0.004769310355186462,0.42724886536598206,-0.04272014647722244,-0.024266749620437622,0.3707990050315857,-0.0543593093752861,-0.04679402709007263,0.32944244146347046,-0.06317965686321259,Wrong
0.12642823159694672,0.8047859072685242,5.005240382160991e-07,0.2443625032901764,0.7632256150245667,-0.0203230120241642,0.3341996967792511,0.6791876554489136,-0.029373610392212868,0.4095965325832367,0.6123900413513184,-0.03780418261885643,0.47156548500061035,0.5833969712257385,-0.047446344047784805,0.24687421321868896,0.502269983291626,-0.02263408713042736,0.2822522521018982,0.35927942395210266,-0.02877921052277088,0.29627150297164917,0.27596110105514526,-0.034047406166791916,0.3018348515033722,0.21244671940803528,-0.04042806848883629,0.17486219108104706,0.4756142497062683,-0.023944303393363953,0.18708017468452454,0.31723254919052124,-0.028345949947834015,0.18413498997688293,0.22532910108566284,-0.037192825227975845,0.1750028133392334,0.15902027487754822,-0.04659906402230263,0.10975342988967896,0.48237237334251404,-0.02647581323981285,0.09102146327495575,0.33973997831344604,-0.03360527753829956,0.07962805032730103,0.25344687700271606,-0.04890894517302513,0.06541293859481812,0.19033107161521912,-0.06353412568569183,0.05660271644592285,0.5136298537254333,-0.030586183071136475,0.006712675094604492,0.4234113395214081,-0.042466871440410614,-0.025268077850341797,0.3636883497238159,-0.05366259813308716,-0.0497383177280426,0.3181453347206116,-0.06201295927166939,Wrong
0.14041315019130707,0.8116166591644287,4.6876817805241444e-07,0.2623211443424225,0.7668490409851074,-0.01909584179520607,0.35097235441207886,0.6804397106170654,-0.024304796010255814,0.4267517328262329,0.6135716438293457,-0.02802782878279686,0.49071067571640015,0.5862671732902527,-0.032131850719451904,0.2623074948787689,0.500260591506958,-0.015689626336097717,0.2974076271057129,0.35725682973861694,-0.01831303909420967,0.31453952193260193,0.2768738269805908,-0.022933539003133774,0.32246536016464233,0.21431314945220947,-0.0293863695114851,0.1890818178653717,0.4742906391620636,-0.01545089203864336,0.20283472537994385,0.3147914409637451,-0.016472365707159042,0.20694085955619812,0.221403568983078,-0.026586132124066353,0.20356005430221558,0.15139466524124146,-0.03814119100570679,0.12428437173366547,0.4850820004940033,-0.016252892091870308,0.1086796373128891,0.3363723158836365,-0.021872902289032936,0.09870573878288269,0.2496354877948761,-0.03836659714579582,0.08824874460697174,0.18359079957008362,-0.05428167060017586,0.07327157258987427,0.5211238861083984,-0.018339524045586586,0.030919253826141357,0.42524421215057373,-0.029546089470386505,0.004076749086380005,0.3648427724838257,-0.04088446497917175,-0.014246165752410889,0.31875550746917725,-0.04971184581518173,Wrong
0.166540265083313,0.8009233474731445,5.252194341665017e-07,0.28456565737724304,0.7623802423477173,-0.023338081315159798,0.3722163736820221,0.6807563304901123,-0.032502103596925735,0.44470566511154175,0.6160668730735779,-0.040525615215301514,0.5069190859794617,0.5835227370262146,-0.04928118735551834,0.2835811972618103,0.496881365776062,-0.022942734882235527,0.32216760516166687,0.3559422492980957,-0.03255469724535942,0.3402620851993561,0.2758820056915283,-0.0417020358145237,0.34926751255989075,0.2135414481163025,-0.05112922936677933,0.21332713961601257,0.4708237051963806,-0.024728083983063698,0.22617533802986145,0.31513941287994385,-0.03324674814939499,0.22762422263622284,0.22114160656929016,-0.048265401273965836,0.22187769412994385,0.15168452262878418,-0.06280630826950073,0.1497010588645935,0.4825807511806488,-0.028042960911989212,0.13590191304683685,0.33716127276420593,-0.039796240627765656,0.1306723952293396,0.2515309453010559,-0.057438887655735016,0.12346571683883667,0.18594279885292053,-0.07366993278265,0.09839227795600891,0.5205756425857544,-0.03317762911319733,0.05982069671154022,0.42679157853126526,-0.04988952353596687,0.037664636969566345,0.3640671372413635,-0.06264382600784302,0.022670269012451172,0.31205350160598755,-0.07206060737371445,Wrong
0.2458360195159912,0.808341383934021,4.851781909565034e-07,0.36390605568885803,0.7738613486289978,-0.017633268609642982,0.44723957777023315,0.6987324357032776,-0.024698399007320404,0.5185630321502686,0.6383851766586304,-0.03148190677165985,0.5787955522537231,0.6110111474990845,-0.03926367312669754,0.36351847648620605,0.5148338079452515,-0.017705796286463737,0.3999611437320709,0.3778756856918335,-0.02409457415342331,0.41862544417381287,0.29905325174331665,-0.030151741579174995,0.42871588468551636,0.23735272884368896,-0.03738870471715927,0.29485392570495605,0.4876975119113922,-0.020847350358963013,0.3106575906276703,0.33457016944885254,-0.026646381244063377,0.31390082836151123,0.24195590615272522,-0.03798963874578476,0.31027036905288696,0.1744231879711151,-0.049399107694625854,0.2319812774658203,0.49678489565849304,-0.02508440986275673,0.220053032040596,0.35207825899124146,-0.036013536155223846,0.21557794511318207,0.267444372177124,-0.05272417515516281,0.2093774825334549,0.20317181944847107,-0.06775257736444473,0.18138210475444794,0.5318124890327454,-0.03044142574071884,0.14208686351776123,0.4399084448814392,-0.04702821746468544,0.11994656920433044,0.37946566939353943,-0.05969084054231644,0.1054544448852539,0.32930126786231995,-0.06876569241285324,Wrong
0.24654072523117065,0.8060884475708008,4.6927178232181177e-07,0.3648676574230194,0.7686432003974915,-0.0169510655105114,0.449374794960022,0.6954613924026489,-0.023526472970843315,0.5205385684967041,0.6324999928474426,-0.029778452590107918,0.578839123249054,0.6046711206436157,-0.03691558167338371,0.36596250534057617,0.5124881863594055,-0.01715022325515747,0.40143337845802307,0.3733299970626831,-0.02472475729882717,0.4197010397911072,0.29587575793266296,-0.03180814906954765,0.4291457533836365,0.23608502745628357,-0.039590392261743546,0.29708629846572876,0.4862607419490814,-0.02079411782324314,0.31314969062805176,0.33142247796058655,-0.0287186112254858,0.32000234723091125,0.2381443977355957,-0.04228614643216133,0.319070965051651,0.16994616389274597,-0.05550440028309822,0.23423820734024048,0.4964475631713867,-0.025518791750073433,0.2219678908586502,0.3502306640148163,-0.03881218284368515,0.21778802573680878,0.26540178060531616,-0.05771525949239731,0.21255473792552948,0.20112347602844238,-0.07404391467571259,0.18330015242099762,0.531610369682312,-0.031114421784877777,0.14628906548023224,0.43761885166168213,-0.04920158162713051,0.12357136607170105,0.37761351466178894,-0.06334438920021057,0.10903388261795044,0.32789260149002075,-0.07370000332593918,Wrong
0.2436104714870453,0.8069133758544922,4.2494804119996843e-07,0.36416834592819214,0.7717245817184448,-0.01401175931096077,0.44946497678756714,0.694256067276001,-0.018362578004598618,0.519432008266449,0.6323825120925903,-0.022638875991106033,0.5770854949951172,0.6075618267059326,-0.028063930571079254,0.3630942702293396,0.5124329328536987,-0.016569560393691063,0.3973677456378937,0.3731556832790375,-0.023797623813152313,0.4164487421512604,0.29460442066192627,-0.030712636187672615,0.4271833002567291,0.23462587594985962,-0.0382741279900074,0.2938348054885864,0.4872719943523407,-0.020618703216314316,0.309289813041687,0.33305007219314575,-0.026770681142807007,0.3151226341724396,0.24062079191207886,-0.03861827403306961,0.31449010968208313,0.1726236641407013,-0.05068188160657883,0.2307692915201187,0.4968392252922058,-0.025389542803168297,0.21895815432071686,0.3503101170063019,-0.03605028614401817,0.21550118923187256,0.2653467059135437,-0.052719421684741974,0.21189211308956146,0.2006882131099701,-0.06797708570957184,0.17989596724510193,0.5315260887145996,-0.03092583641409874,0.13993564248085022,0.43754875659942627,-0.04696144536137581,0.1185542643070221,0.3758828043937683,-0.059571798890829086,0.10593914985656738,0.3253239393234253,-0.06891649216413498,Wrong
0.25755763053894043,0.8047349452972412,4.607713890436571e-07,0.38565385341644287,0.7573858499526978,-0.005502166226506233,0.47010645270347595,0.6753140091896057,0.00024164057685993612,0.5382576584815979,0.5874589681625366,0.00948785524815321,0.589942455291748,0.529109537601471,0.019551873207092285,0.4024258852005005,0.4887103736400604,0.0022420973982661963,0.43638738989830017,0.34971874952316284,0.020238250494003296,0.45033714175224304,0.2793084383010864,0.03249732032418251,0.4586904048919678,0.2254977524280548,0.03882019221782684,0.3315492868423462,0.4627637267112732,0.009502572007477283,0.35226917266845703,0.3049297630786896,0.025160441175103188,0.3634503185749054,0.22730261087417603,0.03043842501938343,0.37066054344177246,0.17073732614517212,0.030252128839492798,0.26828867197036743,0.4713066518306732,0.01818178966641426,0.2798650860786438,0.3367515802383423,0.022014856338500977,0.29245591163635254,0.2598609924316406,0.009903660044074059,0.2949336767196655,0.20874527096748352,-0.0018224728992208838,0.22313645482063293,0.5057542324066162,0.028009958565235138,0.23947270214557648,0.47203895449638367,0.03193235024809837,0.2548753619194031,0.48142266273498535,0.029365237802267075,0.258545458316803,0.4975011646747589,0.026108724996447563,Wrong
