x0,y0,z0,x1,y1,z1,x2,y2,z2,x3,y3,z3,x4,y4,z4,x5,y5,z5,x6,y6,z6,x7,y7,z7,x8,y8,z8,x9,y9,z9,x10,y10,z10,x11,y11,z11,x12,y12,z12,x13,y13,z13,x14,y14,z14,x15,y15,z15,x16,y16,z16,x17,y17,z17,x18,y18,z18,x19,y19,z19,x20,y20,z20,label
0.4922923147678375,0.8382772207260132,1.2239641478117846e-07,0.39307650923728943,0.7695388793945312,-0.019743669778108597,0.33102500438690186,0.6641722917556763,-0.032446861267089844,0.2953266501426697,0.5528260469436646,-0.04151821881532669,0.2587229907512665,0.48146942257881165,-0.05080561339855194,0.417728990316391,0.5276694297790527,-0.03250736743211746,0.39718830585479736,0.3789757490158081,-0.04527197778224945,0.3893771767616272,0.2950572967529297,-0.052714284509420395,0.3882380425930023,0.22816449403762817,-0.058098163455724716,0.47870802879333496,0.5152932405471802,-0.02989279478788376,0.4797400236129761,0.3503890633583069,-0.04493262618780136,0.4827648997306824,0.2582749128341675,-0.05358140170574188,0.49073702096939087,0.19205906987190247,-0.06012966111302376,0.5277758240699768,0.5319788455963135,-0.02763299085199833,0.5339866876602173,0.387116402387619,-0.04100659862160683,0.5418828725814819,0.30131709575653076,-0.05105990916490555,0.5481078624725342,0.23651272058486938,-0.05783572420477867,0.5681180953979492,0.5653999447822571,-0.026171913370490074,0.5915878415107727,0.46079888939857483,-0.031510889530181885,0.6033735871315002,0.39656001329421997,-0.03372054919600487,0.6128946542739868,0.3421628177165985,-0.03572080284357071,PA Finger
0.4929181635379791,0.8396735787391663,1.5116154372663004e-07,0.3930729329586029,0.7720000743865967,-0.018398746848106384,0.3319275975227356,0.6681619882583618,-0.03022168017923832,0.29599085450172424,0.5581113696098328,-0.03870798274874687,0.25939759612083435,0.4851091504096985,-0.046963565051555634,0.4216041564941406,0.5296938419342041,-0.02658335492014885,0.39964765310287476,0.38326430320739746,-0.03729167580604553,0.39048120379447937,0.3010038733482361,-0.04425970837473869,0.38845202326774597,0.234455406665802,-0.04958964139223099,0.4819726347923279,0.5193866491317749,-0.023890014737844467,0.48212915658950806,0.35530775785446167,-0.03800772503018379,0.4861759841442108,0.263264536857605,-0.04652197286486626,0.4958115220069885,0.19599583745002747,-0.052619535475969315,0.5303139686584473,0.5376566648483276,-0.021657628938555717,0.538862943649292,0.39502301812171936,-0.03478093445301056,0.5484346747398376,0.3085690438747406,-0.04452110081911087,0.5554520487785339,0.24289587140083313,-0.05038416385650635,0.5706619024276733,0.5730838775634766,-0.020048830658197403,0.5955199599266052,0.4712928533554077,-0.024561190977692604,0.6074836850166321,0.4072543978691101,-0.025854289531707764,0.615720272064209,0.35371002554893494,-0.02681015618145466,PA Finger
0.49323147535324097,0.8372287750244141,1.678165801877185e-07,0.392891526222229,0.7708791494369507,-0.018538659438490868,0.3321422338485718,0.6647446155548096,-0.029489394277334213,0.29748380184173584,0.554715633392334,-0.03660301864147186,0.26161861419677734,0.48247450590133667,-0.04362247511744499,0.4241218566894531,0.5318002700805664,-0.027726219967007637,0.40004098415374756,0.3837754428386688,-0.03642619028687477,0.39069005846977234,0.30369502305984497,-0.04157835245132446,0.38834553956985474,0.23779451847076416,-0.04571564495563507,0.4846678376197815,0.5213221311569214,-0.024116594344377518,0.48443254828453064,0.35795676708221436,-0.03666747733950615,0.48641878366470337,0.2677534222602844,-0.0443401113152504,0.49374258518218994,0.20163503289222717,-0.049958907067775726,0.5323644280433655,0.5380821228027344,-0.020583778619766235,0.5409780144691467,0.3939579129219055,-0.031877368688583374,0.5493279695510864,0.30833151936531067,-0.04073304310441017,0.5555838942527771,0.2448023110628128,-0.046395182609558105,0.5707483887672424,0.5726348161697388,-0.01763361133635044,0.5950314998626709,0.4699365794658661,-0.020889919251203537,0.6068845391273499,0.40538668632507324,-0.021764837205410004,0.6153126358985901,0.3530345559120178,-0.022767534479498863,PA Finger
0.49323147535324097,0.8372287750244141,1.678165801877185e-07,0.392891526222229,0.7708791494369507,-0.018538659438490868,0.3321422338485718,0.6647446155548096,-0.029489394277334213,0.29748380184173584,0.554715633392334,-0.03660301864147186,0.26161861419677734,0.48247450590133667,-0.04362247511744499,0.4241218566894531,0.5318002700805664,-0.027726219967007637,0.40004098415374756,0.3837754428386688,-0.03642619028687477,0.39069005846977234,0.30369502305984497,-0.04157835245132446,0.38834553956985474,0.23779451847076416,-0.04571564495563507,0.4846678376197815,0.5213221311569214,-0.024116594344377518,0.48443254828453064,0.35795676708221436,-0.03666747733950615,0.48641878366470337,0.2677534222602844,-0.0443401113152504,0.49374258518218994,0.20163503289222717,-0.049958907067775726,0.5323644280433655,0.5380821228027344,-0.020583778619766235,0.5409780144691467,0.3939579129219055,-0.031877368688583374,0.5493279695510864,0.30833151936531067,-0.04073304310441017,0.5555838942527771,0.2448023110628128,-0.046395182609558105,0.5707483887672424,0.5726348161697388,-0.01763361133635044,0.5950314998626709,0.4699365794658661,-0.020889919251203537,0.6068845391273499,0.40538668632507324,-0.021764837205410004,0.6153126358985901,0.3530345559120178,-0.022767534479498863,PA Finger
0.494255393743515,0.836735725402832,2.0742643869198218e-07,0.39329224824905396,0.7708718776702881,-0.019987957552075386,0.3312286138534546,0.6648837327957153,-0.031765829771757126,0.2953813076019287,0.55614173412323,-0.03923190012574196,0.26007789373397827,0.4837435781955719,-0.04602912813425064,0.4232860803604126,0.5309796929359436,-0.03074311837553978,0.39990943670272827,0.38327154517173767,-0.04078885167837143,0.39176052808761597,0.3038399815559387,-0.045698802918195724,0.390546977519989,0.23972970247268677,-0.04885319247841835,0.4839071035385132,0.5222894549369812,-0.026760714128613472,0.4857045114040375,0.35792315006256104,-0.0406588651239872,0.4882645606994629,0.26651233434677124,-0.0476604588329792,0.4961598217487335,0.19832110404968262,-0.05200472101569176,0.5312603116035461,0.53980553150177,-0.023043952882289886,0.5419403910636902,0.39710187911987305,-0.03579471632838249,0.5508414506912231,0.3093481659889221,-0.044341105967760086,0.5577427744865417,0.24365592002868652,-0.04901306331157684,0.5689083933830261,0.5727965831756592,-0.01987668313086033,0.5927619338035583,0.46930333971977234,-0.023191416636109352,0.6042755246162415,0.4063900411128998,-0.022742092609405518,0.6122152805328369,0.35563603043556213,-0.022340863943099976,PA Finger
0.4939489960670471,0.8414223194122314,1.4309965479242237e-07,0.3934790790081024,0.7754507660865784,-0.017029447481036186,0.3315291404724121,0.6705561876296997,-0.027826469391584396,0.29624611139297485,0.5595963597297668,-0.03539356216788292,0.26011592149734497,0.4872507154941559,-0.04314009100198746,0.4171296954154968,0.5341046452522278,-0.02850170247256756,0.398079514503479,0.3844403624534607,-0.038762737065553665,0.39219602942466736,0.3017873167991638,-0.04420914128422737,0.392345666885376,0.23492330312728882,-0.04837758466601372,0.4775797128677368,0.5221707224845886,-0.026292361319065094,0.4806455373764038,0.35579991340637207,-0.038372643291950226,0.4853646159172058,0.2653582692146301,-0.04496826231479645,0.49421682953834534,0.20093554258346558,-0.05022801086306572,0.5270375609397888,0.5391411781311035,-0.02432996965944767,0.5370655655860901,0.393408864736557,-0.03509223833680153,0.5470385551452637,0.30829548835754395,-0.04376526176929474,0.5543728470802307,0.2447398602962494,-0.04987604171037674,0.5680301785469055,0.5732834339141846,-0.022995302453637123,0.593366265296936,0.47084662318229675,-0.026374680921435356,0.6051091551780701,0.4075811505317688,-0.027637852355837822,0.6130960583686829,0.35483649373054504,-0.029148980975151062,PA Finger
0.4939489960670471,0.8414223194122314,1.4309965479242237e-07,0.3934790790081024,0.7754507660865784,-0.017029447481036186,0.3315291404724121,0.6705561876296997,-0.027826469391584396,0.29624611139297485,0.5595963597297668,-0.03539356216788292,0.26011592149734497,0.4872507154941559,-0.04314009100198746,0.4171296954154968,0.5341046452522278,-0.02850170247256756,0.398079514503479,0.3844403624534607,-0.038762737065553665,0.39219602942466736,0.3017873167991638,-0.04420914128422737,0.392345666885376,0.23492330312728882,-0.04837758466601372,0.4775797128677368,0.5221707224845886,-0.026292361319065094,0.4806455373764038,0.35579991340637207,-0.038372643291950226,0.4853646159172058,0.2653582692146301,-0.04496826231479645,0.49421682953834534,0.20093554258346558,-0.05022801086306572,0.5270375609397888,0.5391411781311035,-0.02432996965944767,0.5370655655860901,0.393408864736557,-0.03509223833680153,0.5470385551452637,0.30829548835754395,-0.04376526176929474,0.5543728470802307,0.2447398602962494,-0.04987604171037674,0.5680301785469055,0.5732834339141846,-0.022995302453637123,0.593366265296936,0.47084662318229675,-0.026374680921435356,0.6051091551780701,0.4075811505317688,-0.027637852355837822,0.6130960583686829,0.35483649373054504,-0.029148980975151062,PA Finger
0.4947507679462433,0.84187912940979,1.3972613999158057e-07,0.3931363821029663,0.7759740352630615,-0.017835451290011406,0.33146795630455017,0.6687585115432739,-0.028604656457901,0.2964838445186615,0.5572404265403748,-0.03580266237258911,0.2593594789505005,0.48695600032806396,-0.04313647374510765,0.41890525817871094,0.534054160118103,-0.029280731454491615,0.39874786138534546,0.3836289048194885,-0.0401235967874527,0.3912498354911804,0.3012600243091583,-0.04605785384774208,0.39002740383148193,0.23490777611732483,-0.05030636116862297,0.4792361855506897,0.5238879919052124,-0.026553131639957428,0.48222970962524414,0.35862624645233154,-0.03894403949379921,0.48528388142585754,0.26864999532699585,-0.04536143317818642,0.49256306886672974,0.20343315601348877,-0.05025884136557579,0.5279816389083862,0.5412382483482361,-0.024204198271036148,0.5395076870918274,0.3949131965637207,-0.03569426015019417,0.5493363738059998,0.310070276260376,-0.044156450778245926,0.5567886829376221,0.24708636105060577,-0.04971780255436897,0.5673946142196655,0.5750274658203125,-0.022487802430987358,0.5930866599082947,0.4722813069820404,-0.02642088569700718,0.6055405735969543,0.4090474843978882,-0.027529047802090645,0.6144919395446777,0.3574864864349365,-0.02866681106388569,PA Finger
0.49455979466438293,0.8408276438713074,1.3798469922221557e-07,0.3935924470424652,0.7755303382873535,-0.0223939698189497,0.3316492438316345,0.6689892411231995,-0.03508883714675903,0.2958916425704956,0.558626651763916,-0.04346012324094772,0.2599142789840698,0.48704633116722107,-0.05160614103078842,0.42420849204063416,0.534062922000885,-0.032016344368457794,0.39906468987464905,0.38842618465423584,-0.04332767054438591,0.38933753967285156,0.3093608617782593,-0.05042451247572899,0.3866885304450989,0.24409009516239166,-0.055747222155332565,0.48359718918800354,0.5243726968765259,-0.027827715501189232,0.48298409581184387,0.3609740436077118,-0.03962858393788338,0.4844041168689728,0.27103114128112793,-0.04661083593964577,0.4914490878582001,0.20508629083633423,-0.052407942712306976,0.5306289792060852,0.5418750047683716,-0.024590710178017616,0.5402388572692871,0.3963312804698944,-0.03675887733697891,0.5498857498168945,0.3102889358997345,-0.04669472202658653,0.5581580996513367,0.24674096703529358,-0.05353950336575508,0.5689655542373657,0.5749573111534119,-0.022374862805008888,0.5940226912498474,0.47309228777885437,-0.02819506824016571,0.6067284941673279,0.4083545207977295,-0.03112330473959446,0.6161500215530396,0.3548479378223419,-0.03367694467306137,PA Finger
0.4946281313896179,0.8376590013504028,1.756865799507068e-07,0.39407438039779663,0.7725529670715332,-0.021930286660790443,0.33176422119140625,0.6673031449317932,-0.03474108874797821,0.2952432334423065,0.557789146900177,-0.04312001168727875,0.2590162754058838,0.48499131202697754,-0.05099397525191307,0.42353901267051697,0.5334591865539551,-0.0324791856110096,0.39999690651893616,0.38670578598976135,-0.04340796545147896,0.39083966612815857,0.3071483373641968,-0.04951834678649902,0.388244092464447,0.24207720160484314,-0.05388117954134941,0.48333731293678284,0.523116946220398,-0.028034063056111336,0.4860479235649109,0.3589203953742981,-0.041582588106393814,0.48777681589126587,0.26775699853897095,-0.048800889402627945,0.4937521517276764,0.20097997784614563,-0.0539095364511013,0.5300890803337097,0.5397522449493408,-0.024179792031645775,0.5403478145599365,0.39589589834213257,-0.03691382333636284,0.5487622022628784,0.30957943201065063,-0.04602719470858574,0.5544121265411377,0.24601858854293823,-0.0515754409134388,0.5677847862243652,0.5722867846488953,-0.021174289286136627,0.5937880277633667,0.46971577405929565,-0.0258482675999403,0.6055312752723694,0.40626198053359985,-0.027213264256715775,0.6124159097671509,0.35477083921432495,-0.02834785170853138,PA Finger
0.4955950975418091,0.8386270403862,1.436106344954169e-07,0.39532846212387085,0.7722790241241455,-0.016209902241826057,0.33381029963493347,0.6677491068840027,-0.027248065918684006,0.2974700331687927,0.5570936799049377,-0.03501082956790924,0.2600659132003784,0.48646312952041626,-0.04298260807991028,0.41951239109039307,0.5303400158882141,-0.02783404104411602,0.398048460483551,0.3835109770298004,-0.03844516724348068,0.3897590637207031,0.3008272051811218,-0.04432932659983635,0.38848453760147095,0.2353663146495819,-0.04855861887335777,0.480068564414978,0.5193937420845032,-0.02556231990456581,0.4811466932296753,0.35549917817115784,-0.03905133903026581,0.48583298921585083,0.2649412155151367,-0.04578981548547745,0.49588894844055176,0.20018109679222107,-0.050392501056194305,0.5290699005126953,0.5371046662330627,-0.02338031306862831,0.5360103249549866,0.3935428857803345,-0.035508207976818085,0.5459176301956177,0.30782949924468994,-0.044227518141269684,0.5537435412406921,0.2431422770023346,-0.04945719987154007,0.5692711472511292,0.572063684463501,-0.02157682366669178,0.5924408435821533,0.46883708238601685,-0.024724386632442474,0.604640781879425,0.40558406710624695,-0.02505762316286564,0.614047646522522,0.3529563248157501,-0.02549409680068493,PA Finger
0.4950803816318512,0.835952877998352,1.3599806436559447e-07,0.39411211013793945,0.7716856002807617,-0.021273795515298843,0.33248862624168396,0.6685243844985962,-0.03612317889928818,0.29493045806884766,0.5583288669586182,-0.047124672681093216,0.25770193338394165,0.48684555292129517,-0.058351971209049225,0.4214736819267273,0.5294731855392456,-0.03525906801223755,0.40010422468185425,0.38346922397613525,-0.04800332710146904,0.3919062316417694,0.3000195026397705,-0.05553454905748367,0.391108900308609,0.23402485251426697,-0.06096642464399338,0.4831148386001587,0.518055260181427,-0.031277772039175034,0.48212069272994995,0.35549986362457275,-0.04612497240304947,0.48608648777008057,0.2632601857185364,-0.05423218384385109,0.4960044026374817,0.19739630818367004,-0.06031068041920662,0.5319323539733887,0.5358842611312866,-0.027534062042832375,0.5397630929946899,0.39177006483078003,-0.04064309224486351,0.5499754548072815,0.3085394501686096,-0.05061468482017517,0.5569058060646057,0.2460707426071167,-0.057006724178791046,0.570919930934906,0.5713013410568237,-0.024548545479774475,0.5937615036964417,0.4653632342815399,-0.029696360230445862,0.6041482090950012,0.4012099504470825,-0.0315079391002655,0.6107645630836487,0.3478747010231018,-0.032895736396312714,PA Finger
0.4950803816318512,0.835952877998352,1.3599806436559447e-07,0.39411211013793945,0.7716856002807617,-0.021273795515298843,0.33248862624168396,0.6685243844985962,-0.03612317889928818,0.29493045806884766,0.5583288669586182,-0.047124672681093216,0.25770193338394165,0.48684555292129517,-0.058351971209049225,0.4214736819267273,0.5294731855392456,-0.03525906801223755,0.40010422468185425,0.38346922397613525,-0.04800332710146904,0.3919062316417694,0.3000195026397705,-0.05553454905748367,0.391108900308609,0.23402485251426697,-0.06096642464399338,0.4831148386001587,0.518055260181427,-0.031277772039175034,0.48212069272994995,0.35549986362457275,-0.04612497240304947,0.48608648777008057,0.2632601857185364,-0.05423218384385109,0.4960044026374817,0.19739630818367004,-0.06031068041920662,0.5319323539733887,0.5358842611312866,-0.027534062042832375,0.5397630929946899,0.39177006483078003,-0.04064309224486351,0.5499754548072815,0.3085394501686096,-0.05061468482017517,0.5569058060646057,0.2460707426071167,-0.057006724178791046,0.570919930934906,0.5713013410568237,-0.024548545479774475,0.5937615036964417,0.4653632342815399,-0.029696360230445862,0.6041482090950012,0.4012099504470825,-0.0315079391002655,0.6107645630836487,0.3478747010231018,-0.032895736396312714,PA Finger
0.4966963231563568,0.8337833285331726,2.1187949528211902e-07,0.3961378037929535,0.7699985504150391,-0.023924924433231354,0.33397430181503296,0.6656753420829773,-0.03817243501543999,0.2985341548919678,0.5560917258262634,-0.0477222204208374,0.26246726512908936,0.4828073978424072,-0.05658528581261635,0.42565488815307617,0.5304039120674133,-0.03581022471189499,0.40198591351509094,0.3821773827075958,-0.049077119678258896,0.3939307928085327,0.3012751638889313,-0.05633873865008354,0.3928207755088806,0.23576506972312927,-0.06123249605298042,0.48590248823165894,0.522369384765625,-0.031865451484918594,0.4852467477321625,0.357636958360672,-0.047727156430482864,0.48775094747543335,0.2650042176246643,-0.0564468689262867,0.49578195810317993,0.19436118006706238,-0.06248536333441734,0.5328088402748108,0.540732204914093,-0.028751930221915245,0.5420523881912231,0.3966484069824219,-0.044712238013744354,0.5511442422866821,0.3069315254688263,-0.055495984852313995,0.5589427351951599,0.23838497698307037,-0.06192496418952942,0.5715146064758301,0.5735193490982056,-0.026492444798350334,0.595789909362793,0.4689808189868927,-0.03480035066604614,0.6084927320480347,0.4035659432411194,-0.037728022783994675,0.6184502840042114,0.34848546981811523,-0.03961236774921417,PA Finger
0.4966963231563568,0.8337833285331726,2.1187949528211902e-07,0.3961378037929535,0.7699985504150391,-0.023924924433231354,0.33397430181503296,0.6656753420829773,-0.03817243501543999,0.2985341548919678,0.5560917258262634,-0.0477222204208374,0.26246726512908936,0.4828073978424072,-0.05658528581261635,0.42565488815307617,0.5304039120674133,-0.03581022471189499,0.40198591351509094,0.3821773827075958,-0.049077119678258896,0.3939307928085327,0.3012751638889313,-0.05633873865008354,0.3928207755088806,0.23576506972312927,-0.06123249605298042,0.48590248823165894,0.522369384765625,-0.031865451484918594,0.4852467477321625,0.357636958360672,-0.047727156430482864,0.48775094747543335,0.2650042176246643,-0.0564468689262867,0.49578195810317993,0.19436118006706238,-0.06248536333441734,0.5328088402748108,0.540732204914093,-0.028751930221915245,0.5420523881912231,0.3966484069824219,-0.044712238013744354,0.5511442422866821,0.3069315254688263,-0.055495984852313995,0.5589427351951599,0.23838497698307037,-0.06192496418952942,0.5715146064758301,0.5735193490982056,-0.026492444798350334,0.595789909362793,0.4689808189868927,-0.03480035066604614,0.6084927320480347,0.4035659432411194,-0.037728022783994675,0.6184502840042114,0.34848546981811523,-0.03961236774921417,PA Finger
0.49909135699272156,0.8352943658828735,1.72266709341784e-07,0.3981776237487793,0.7696837186813354,-0.017453867942094803,0.33585548400878906,0.6666033267974854,-0.02901420369744301,0.301118403673172,0.5568222999572754,-0.03734131157398224,0.2668344974517822,0.4825716018676758,-0.04571712389588356,0.4246181845664978,0.5283586978912354,-0.027009671553969383,0.4035586714744568,0.38046199083328247,-0.037700969725847244,0.39533746242523193,0.29759928584098816,-0.044685427099466324,0.39406299591064453,0.23003125190734863,-0.04999709129333496,0.4849711060523987,0.5177502632141113,-0.024957558140158653,0.4849992096424103,0.3532527685165405,-0.03827965632081032,0.48965418338775635,0.2606944441795349,-0.046792201697826385,0.5002235770225525,0.19285720586776733,-0.053172484040260315,0.5341483950614929,0.5360488295555115,-0.023199738934636116,0.5422351360321045,0.39203062653541565,-0.03570418432354927,0.5526595115661621,0.3040894865989685,-0.045518938452005386,0.5607617497444153,0.23748889565467834,-0.05181848630309105,0.5754702091217041,0.5719087719917297,-0.021971503272652626,0.5991637110710144,0.46736642718315125,-0.02678527683019638,0.6108033061027527,0.4020726978778839,-0.02814292348921299,0.6193030476570129,0.3473544120788574,-0.02922223135828972,PA Finger
0.49909135699272156,0.8352943658828735,1.72266709341784e-07,0.3981776237487793,0.7696837186813354,-0.017453867942094803,0.33585548400878906,0.6666033267974854,-0.02901420369744301,0.301118403673172,0.5568222999572754,-0.03734131157398224,0.2668344974517822,0.4825716018676758,-0.04571712389588356,0.4246181845664978,0.5283586978912354,-0.027009671553969383,0.4035586714744568,0.38046199083328247,-0.037700969725847244,0.39533746242523193,0.29759928584098816,-0.044685427099466324,0.39406299591064453,0.23003125190734863,-0.04999709129333496,0.4849711060523987,0.5177502632141113,-0.024957558140158653,0.4849992096424103,0.3532527685165405,-0.03827965632081032,0.48965418338775635,0.2606944441795349,-0.046792201697826385,0.5002235770225525,0.19285720586776733,-0.053172484040260315,0.5341483950614929,0.5360488295555115,-0.023199738934636116,0.5422351360321045,0.39203062653541565,-0.03570418432354927,0.5526595115661621,0.3040894865989685,-0.045518938452005386,0.5607617497444153,0.23748889565467834,-0.05181848630309105,0.5754702091217041,0.5719087719917297,-0.021971503272652626,0.5991637110710144,0.46736642718315125,-0.02678527683019638,0.6108033061027527,0.4020726978778839,-0.02814292348921299,0.6193030476570129,0.3473544120788574,-0.02922223135828972,PA Finger
0.49748218059539795,0.8354768753051758,2.3233458534832607e-07,0.3961256444454193,0.7685718536376953,-0.021384119987487793,0.3337359130382538,0.6619753837585449,-0.033158086240291595,0.29826098680496216,0.5540795922279358,-0.040756236761808395,0.2617951035499573,0.4836232662200928,-0.04780532792210579,0.426280677318573,0.5288858413696289,-0.02943817526102066,0.40169933438301086,0.3812341094017029,-0.040495891124010086,0.393441766500473,0.30038321018218994,-0.04724389687180519,0.3923342823982239,0.23584994673728943,-0.051841914653778076,0.48590394854545593,0.5197970271110535,-0.026247799396514893,0.4865066409111023,0.35669592022895813,-0.03922833129763603,0.489606112241745,0.2645907402038574,-0.04775656387209892,0.4981509745121002,0.19529709219932556,-0.05384375527501106,0.5324462652206421,0.5366794466972351,-0.023937692865729332,0.5427746176719666,0.39544862508773804,-0.03723139688372612,0.552152693271637,0.30616751313209534,-0.048622000962495804,0.5602350831031799,0.23827104270458221,-0.05594780296087265,0.5704006552696228,0.5688110589981079,-0.022400572896003723,0.5959480404853821,0.4668617248535156,-0.02850828506052494,0.6092144250869751,0.40297970175743103,-0.031102685257792473,0.6200233697891235,0.3499155640602112,-0.033053603023290634,PA Finger
0.4973766803741455,0.8419075608253479,1.045265562993336e-07,0.3972471356391907,0.7718336582183838,-0.015895109623670578,0.33519208431243896,0.6633015871047974,-0.02596786804497242,0.29887330532073975,0.5524735450744629,-0.03314121440052986,0.26285868883132935,0.48286664485931396,-0.04062554985284805,0.42056164145469666,0.5269424915313721,-0.024875137954950333,0.39894676208496094,0.3800029456615448,-0.03482291102409363,0.3909587264060974,0.298257976770401,-0.041362181305885315,0.39000117778778076,0.23312494158744812,-0.046182096004486084,0.4822094440460205,0.5145465135574341,-0.023080717772245407,0.48236778378486633,0.3514775037765503,-0.03451022505760193,0.4854195713996887,0.2602997422218323,-0.04206818342208862,0.4941670000553131,0.19510284066200256,-0.04807927459478378,0.5318318009376526,0.5313626527786255,-0.02157571166753769,0.5370773077011108,0.387830913066864,-0.031891416758298874,0.5447386503219604,0.302875816822052,-0.04119157791137695,0.5509154796600342,0.2389811873435974,-0.04765699803829193,0.5726369619369507,0.5649343729019165,-0.020624348893761635,0.5949627757072449,0.4593449831008911,-0.022907132282853127,0.6060556769371033,0.39560914039611816,-0.023357830941677094,0.6146895289421082,0.34238797426223755,-0.02431691810488701,PA Finger
0.49654093384742737,0.8308589458465576,1.6242780986885919e-07,0.39598241448402405,0.7680025100708008,-0.020316727459430695,0.3341723382472992,0.6668382287025452,-0.03271247819066048,0.2966494858264923,0.555806040763855,-0.04027829319238663,0.2599588632583618,0.4816460907459259,-0.04716697707772255,0.42511671781539917,0.5270450115203857,-0.03331835940480232,0.3988586664199829,0.3778746724128723,-0.041439007967710495,0.38775941729545593,0.29834800958633423,-0.044123321771621704,0.38440394401550293,0.23344016075134277,-0.04622018337249756,0.4851396977901459,0.5163848400115967,-0.027227751910686493,0.48321592807769775,0.35022005438804626,-0.041952598839998245,0.48374316096305847,0.2601793706417084,-0.04789705201983452,0.4893312156200409,0.19466063380241394,-0.051413942128419876,0.5321386456489563,0.533481776714325,-0.020778600126504898,0.5406029224395752,0.38706153631210327,-0.03338922932744026,0.5492469072341919,0.3020270764827728,-0.04034043103456497,0.5553524494171143,0.23939085006713867,-0.04364468902349472,0.5690106153488159,0.5677414536476135,-0.014726954512298107,0.594862163066864,0.46380242705345154,-0.017110832035541534,0.6077259182929993,0.4000398516654968,-0.016458431258797646,0.6161912679672241,0.34899890422821045,-0.01595846749842167,PA Finger
0.49608391523361206,0.8374490737915039,1.0066089828342228e-07,0.39706218242645264,0.7701413631439209,-0.01797357201576233,0.3344733715057373,0.664067804813385,-0.029408462345600128,0.29734939336776733,0.5527734756469727,-0.03772584721446037,0.2611953616142273,0.4812568128108978,-0.0462646409869194,0.4205617308616638,0.5260204076766968,-0.026881681755185127,0.39925384521484375,0.37985771894454956,-0.03848252445459366,0.3904380798339844,0.2970864176750183,-0.04630499705672264,0.3881114721298218,0.2307678461074829,-0.05217961594462395,0.4804261326789856,0.5136131048202515,-0.024828314781188965,0.4814234673976898,0.35077154636383057,-0.03793516382575035,0.4842442274093628,0.25973546504974365,-0.046291399747133255,0.49197161197662354,0.19400230050086975,-0.05280880630016327,0.5291105508804321,0.5307508111000061,-0.023326603695750237,0.5349040031433105,0.3857383131980896,-0.0353541262447834,0.5426791906356812,0.30039024353027344,-0.045219652354717255,0.5486031770706177,0.2356415092945099,-0.05199200659990311,0.569871723651886,0.5649721622467041,-0.02255486138164997,0.5924174785614014,0.46174097061157227,-0.026953773573040962,0.6039367914199829,0.3981248438358307,-0.02869986928999424,0.6127282381057739,0.34442615509033203,-0.030452555045485497,PA Finger
0.49532240629196167,0.8309729099273682,2.1184351339798013e-07,0.3931483328342438,0.7671558856964111,-0.020704234018921852,0.33160722255706787,0.6607385873794556,-0.032070428133010864,0.29662024974823,0.5533036589622498,-0.03920071944594383,0.26014143228530884,0.4833502769470215,-0.045974358916282654,0.4238685965538025,0.5252354145050049,-0.028521524742245674,0.39858976006507874,0.3802066445350647,-0.038792867213487625,0.38973668217658997,0.3007591962814331,-0.04548387601971626,0.3881174325942993,0.23690560460090637,-0.05036245658993721,0.4840211272239685,0.5168882012367249,-0.02531307563185692,0.4844745695590973,0.3565778136253357,-0.037416838109493256,0.4871698021888733,0.2657473683357239,-0.04482360556721687,0.49537938833236694,0.19756856560707092,-0.050064604729413986,0.5313069820404053,0.5353173017501831,-0.02298939973115921,0.5413455963134766,0.39332637190818787,-0.03578833118081093,0.5502474904060364,0.304463267326355,-0.04604709893465042,0.5579212307929993,0.2365809679031372,-0.052410148084163666,0.5695621371269226,0.5707321166992188,-0.021374395117163658,0.5931351184844971,0.4665089547634125,-0.027221674099564552,0.6047632694244385,0.4019072651863098,-0.028927011415362358,0.6142680644989014,0.3486727476119995,-0.030077345669269562,PA Finger
0.49532240629196167,0.8309729099273682,2.1184351339798013e-07,0.3931483328342438,0.7671558856964111,-0.020704234018921852,0.33160722255706787,0.6607385873794556,-0.032070428133010864,0.29662024974823,0.5533036589622498,-0.03920071944594383,0.26014143228530884,0.4833502769470215,-0.045974358916282654,0.4238685965538025,0.5252354145050049,-0.028521524742245674,0.39858976006507874,0.3802066445350647,-0.038792867213487625,0.38973668217658997,0.3007591962814331,-0.04548387601971626,0.3881174325942993,0.23690560460090637,-0.05036245658993721,0.4840211272239685,0.5168882012367249,-0.02531307563185692,0.4844745695590973,0.3565778136253357,-0.037416838109493256,0.4871698021888733,0.2657473683357239,-0.04482360556721687,0.49537938833236694,0.19756856560707092,-0.050064604729413986,0.5313069820404053,0.5353173017501831,-0.02298939973115921,0.5413455963134766,0.39332637190818787,-0.03578833118081093,0.5502474904060364,0.304463267326355,-0.04604709893465042,0.5579212307929993,0.2365809679031372,-0.052410148084163666,0.5695621371269226,0.5707321166992188,-0.021374395117163658,0.5931351184844971,0.4665089547634125,-0.027221674099564552,0.6047632694244385,0.4019072651863098,-0.028927011415362358,0.6142680644989014,0.3486727476119995,-0.030077345669269562,PA Finger
0.49498528242111206,0.8336398005485535,2.1931987248535734e-07,0.3945266008377075,0.769772469997406,-0.020393112674355507,0.3322752118110657,0.6660114526748657,-0.032403700053691864,0.29732227325439453,0.5573660135269165,-0.0407002791762352,0.2598026394844055,0.4848640561103821,-0.04853309318423271,0.42367228865623474,0.5280317664146423,-0.027148116379976273,0.40186595916748047,0.37993553280830383,-0.038423459976911545,0.3944185972213745,0.2991410493850708,-0.045722395181655884,0.39298903942108154,0.23473268747329712,-0.05098054185509682,0.4835912585258484,0.5192139148712158,-0.02516796439886093,0.484144002199173,0.3575604557991028,-0.037042148411273956,0.48818475008010864,0.26688534021377563,-0.04524003341794014,0.4966247081756592,0.19801771640777588,-0.05150637403130531,0.5311546325683594,0.5371207594871521,-0.024358412250876427,0.540123701095581,0.39545395970344543,-0.03719264268875122,0.5504706501960754,0.30611833930015564,-0.04798008129000664,0.5589213967323303,0.23699545860290527,-0.05531154200434685,0.5715437531471252,0.5705589652061462,-0.02439136989414692,0.595562756061554,0.4672250747680664,-0.031431008130311966,0.607553243637085,0.40313050150871277,-0.03431803733110428,0.6166603565216064,0.3486633896827698,-0.03652837127447128,PA Finger
0.49883484840393066,0.8350444436073303,2.108634475916915e-07,0.39670974016189575,0.7709807753562927,-0.01956763118505478,0.33459213376045227,0.6651467084884644,-0.030980274081230164,0.30010998249053955,0.5553908348083496,-0.038137033581733704,0.2635786235332489,0.4831824004650116,-0.04473143443465233,0.42773473262786865,0.528132438659668,-0.028554996475577354,0.4023178219795227,0.38211387395858765,-0.03792967274785042,0.3926704525947571,0.3026247024536133,-0.0430784672498703,0.39039742946624756,0.23813331127166748,-0.046677008271217346,0.48791152238845825,0.520146906375885,-0.02492717280983925,0.4887610673904419,0.3579825162887573,-0.038584329187870026,0.4907251298427582,0.26648372411727905,-0.04617691412568092,0.49841493368148804,0.1976381540298462,-0.051012005656957626,0.5346964597702026,0.5381066799163818,-0.021607656031847,0.5445785522460938,0.3965725600719452,-0.03476579487323761,0.5530903339385986,0.30762818455696106,-0.04423819109797478,0.5601860284805298,0.24002626538276672,-0.04955679550766945,0.5718690156936646,0.5717157125473022,-0.01874278485774994,0.5962772369384766,0.46835047006607056,-0.022798510268330574,0.6089907884597778,0.40493303537368774,-0.0230035949498415,0.6188660860061646,0.3533371686935425,-0.023031488060951233,PA Finger
0.49896860122680664,0.8399862051010132,1.8707746107793355e-07,0.39763128757476807,0.773154616355896,-0.019573792815208435,0.33635205030441284,0.6662529706954956,-0.030939647927880287,0.3018677830696106,0.5548474788665771,-0.037916239351034164,0.2654508352279663,0.48226121068000793,-0.04441038519144058,0.4294625520706177,0.532234787940979,-0.030214976519346237,0.40296226739883423,0.38265350461006165,-0.03874478489160538,0.39365339279174805,0.30287349224090576,-0.04299306869506836,0.3920002281665802,0.2368011474609375,-0.04641129449009895,0.4906338155269623,0.5219559073448181,-0.0255862008780241,0.4891061782836914,0.3580481708049774,-0.03984455391764641,0.4904877245426178,0.26674020290374756,-0.0476207435131073,0.4975166916847229,0.1986202597618103,-0.05273611471056938,0.5382262468338013,0.5390552878379822,-0.020788727328181267,0.5463588237762451,0.3952583968639374,-0.033500462770462036,0.5546367764472961,0.3069964647293091,-0.042591072618961334,0.5610234141349792,0.24027767777442932,-0.04783935472369194,0.5756604075431824,0.5735660791397095,-0.016459135338664055,0.5996426343917847,0.4715120494365692,-0.020230494439601898,0.6112838983535767,0.40545758605003357,-0.02117965742945671,0.6199177503585815,0.35078877210617065,-0.021930217742919922,PA Finger
0.498674601316452,0.8412002325057983,1.6098248067919485e-07,0.39756008982658386,0.7758889198303223,-0.01752573437988758,0.33645719289779663,0.6717913150787354,-0.02894839085638523,0.3020758628845215,0.560968279838562,-0.03688090667128563,0.26626116037368774,0.487333208322525,-0.0447378046810627,0.42526209354400635,0.5321106314659119,-0.028124960139393806,0.4033967852592468,0.3846239447593689,-0.0379151925444603,0.3944436311721802,0.3024290204048157,-0.04343272000551224,0.3927164077758789,0.23538517951965332,-0.04781342297792435,0.4859347343444824,0.5223589539527893,-0.025549201294779778,0.4852604568004608,0.35650449991226196,-0.04001317918300629,0.4894755780696869,0.2642829418182373,-0.048095349222421646,0.49967139959335327,0.19657859206199646,-0.053705789148807526,0.5346019268035889,0.5412419438362122,-0.023003706708550453,0.5427937507629395,0.3961046636104584,-0.03647457808256149,0.5533581376075745,0.3077808618545532,-0.04595339298248291,0.5616657733917236,0.2408672571182251,-0.05148981884121895,0.574737548828125,0.5775558352470398,-0.020819449797272682,0.5984145402908325,0.4727729558944702,-0.025224050506949425,0.6106053590774536,0.4077010750770569,-0.026019325479865074,0.6193376779556274,0.35390251874923706,-0.02664838172495365,PA Finger
0.49744778871536255,0.838651180267334,1.6570254501857562e-07,0.3975371718406677,0.772160530090332,-0.021755695343017578,0.3366234004497528,0.667991578578949,-0.03465096279978752,0.30168527364730835,0.5570938587188721,-0.043118298053741455,0.26672670245170593,0.4832022786140442,-0.051211535930633545,0.42840176820755005,0.5330209732055664,-0.032533690333366394,0.40356138348579407,0.38451921939849854,-0.042522456496953964,0.3936978876590729,0.30430325865745544,-0.04803137853741646,0.39087581634521484,0.23783016204833984,-0.052474427968263626,0.48877018690109253,0.5228846073150635,-0.027945229783654213,0.4876115024089813,0.3595227003097534,-0.042267974466085434,0.48908448219299316,0.2691361904144287,-0.050479549914598465,0.49582505226135254,0.2024720311164856,-0.05652112141251564,0.5362717509269714,0.5403258204460144,-0.02361183799803257,0.5438043475151062,0.394939661026001,-0.03695603832602501,0.5515603423118591,0.3081251382827759,-0.046524569392204285,0.5573174953460693,0.24366715550422668,-0.05254283547401428,0.5749453902244568,0.5742498636245728,-0.020017510280013084,0.5987095832824707,0.47082602977752686,-0.025391198694705963,0.6105737686157227,0.4057629406452179,-0.027537956833839417,0.6192947626113892,0.35222214460372925,-0.02933494560420513,PA Finger
0.49744778871536255,0.838651180267334,1.6570254501857562e-07,0.3975371718406677,0.772160530090332,-0.021755695343017578,0.3366234004497528,0.667991578578949,-0.03465096279978752,0.30168527364730835,0.5570938587188721,-0.043118298053741455,0.26672670245170593,0.4832022786140442,-0.051211535930633545,0.42840176820755005,0.5330209732055664,-0.032533690333366394,0.40356138348579407,0.38451921939849854,-0.042522456496953964,0.3936978876590729,0.30430325865745544,-0.04803137853741646,0.39087581634521484,0.23783016204833984,-0.052474427968263626,0.48877018690109253,0.5228846073150635,-0.027945229783654213,0.4876115024089813,0.3595227003097534,-0.042267974466085434,0.48908448219299316,0.2691361904144287,-0.050479549914598465,0.49582505226135254,0.2024720311164856,-0.05652112141251564,0.5362717509269714,0.5403258204460144,-0.02361183799803257,0.5438043475151062,0.394939661026001,-0.03695603832602501,0.5515603423118591,0.3081251382827759,-0.046524569392204285,0.5573174953460693,0.24366715550422668,-0.05254283547401428,0.5749453902244568,0.5742498636245728,-0.020017510280013084,0.5987095832824707,0.47082602977752686,-0.025391198694705963,0.6105737686157227,0.4057629406452179,-0.027537956833839417,0.6192947626113892,0.35222214460372925,-0.02933494560420513,PA Finger
0.4974340498447418,0.8357387781143188,2.0556093716095347e-07,0.39564651250839233,0.771306037902832,-0.022275321185588837,0.3345448970794678,0.6677774786949158,-0.03666495904326439,0.2979339361190796,0.5593838691711426,-0.04644051939249039,0.25807175040245056,0.4892834722995758,-0.056284982711076736,0.426516056060791,0.5293165445327759,-0.03412318602204323,0.4033593535423279,0.38511136174201965,-0.04424777626991272,0.394555926322937,0.3028995990753174,-0.05068203806877136,0.3926223814487457,0.2369636595249176,-0.05583149194717407,0.4887562692165375,0.5204885005950928,-0.029389791190624237,0.48567113280296326,0.36018431186676025,-0.04290750250220299,0.4885779321193695,0.26776576042175293,-0.05121453106403351,0.49695584177970886,0.20154690742492676,-0.05753830447793007,0.536324143409729,0.5394511818885803,-0.024854611605405807,0.5423057675361633,0.39557594060897827,-0.03842058405280113,0.5521835684776306,0.3088582754135132,-0.05000443384051323,0.5586473345756531,0.2437717616558075,-0.05737312510609627,0.5731796622276306,0.5750091075897217,-0.020872846245765686,0.595158040523529,0.4693768620491028,-0.027550043538212776,0.6053194999694824,0.40333420038223267,-0.030940048396587372,0.6120399236679077,0.34856367111206055,-0.033333223313093185,PA Finger
0.49598395824432373,0.8318339586257935,1.974608210275619e-07,0.39477115869522095,0.7686572074890137,-0.019074449315667152,0.33491238951683044,0.6656904220581055,-0.031243016943335533,0.3014090657234192,0.5572043061256409,-0.03942447900772095,0.26303330063819885,0.4866211712360382,-0.047759536653757095,0.4250730276107788,0.5277339816093445,-0.029803140088915825,0.4037933349609375,0.38299351930618286,-0.0391416996717453,0.3953198492527008,0.3026282787322998,-0.04480810463428497,0.3928684890270233,0.2372789978981018,-0.04924062639474869,0.48582354187965393,0.5199530124664307,-0.02642958238720894,0.48704156279563904,0.358134925365448,-0.038442742079496384,0.49177664518356323,0.267214298248291,-0.04534350708127022,0.5015395879745483,0.2011588215827942,-0.0504976250231266,0.5338743925094604,0.540019690990448,-0.02330145426094532,0.5423094630241394,0.39746811985969543,-0.0351656898856163,0.5526148676872253,0.3107043504714966,-0.044924698770046234,0.5600186586380005,0.24491700530052185,-0.05111885443329811,0.5734657049179077,0.5766736268997192,-0.020696720108389854,0.5973177552223206,0.4729914665222168,-0.025558989495038986,0.6085500121116638,0.4076051712036133,-0.027352439239621162,0.616277813911438,0.35280710458755493,-0.028726786375045776,PA Finger
0.49950385093688965,0.8368015289306641,1.9968447872997785e-07,0.39904993772506714,0.7709475755691528,-0.021111957728862762,0.3380706012248993,0.6669256091117859,-0.03319887816905975,0.3023737370967865,0.558393120765686,-0.04115265607833862,0.2675015926361084,0.48476558923721313,-0.04886247217655182,0.4287865161895752,0.5264699459075928,-0.027526404708623886,0.40506070852279663,0.38427311182022095,-0.03666466847062111,0.39589807391166687,0.30284449458122253,-0.043430913239717484,0.39414092898368835,0.23596495389938354,-0.04928923025727272,0.4890829920768738,0.517270565032959,-0.02327844686806202,0.4885282516479492,0.3595700263977051,-0.03655606880784035,0.4922179877758026,0.2682858109474182,-0.045734476298093796,0.50152587890625,0.20102709531784058,-0.05266888439655304,0.536866307258606,0.536510169506073,-0.01958942785859108,0.5453543066978455,0.3963874876499176,-0.032702989876270294,0.5546953678131104,0.30926769971847534,-0.04350637272000313,0.5617998242378235,0.24271178245544434,-0.05034756660461426,0.5763264298439026,0.5739154815673828,-0.016664933413267136,0.6007366180419922,0.4718739092350006,-0.022304413840174675,0.6127893924713135,0.40625813603401184,-0.024958813562989235,0.6219400763511658,0.35172468423843384,-0.027012743055820465,PA Finger
0.49950385093688965,0.8368015289306641,1.9968447872997785e-07,0.39904993772506714,0.7709475755691528,-0.021111957728862762,0.3380706012248993,0.6669256091117859,-0.03319887816905975,0.3023737370967865,0.558393120765686,-0.04115265607833862,0.2675015926361084,0.48476558923721313,-0.04886247217655182,0.4287865161895752,0.5264699459075928,-0.027526404708623886,0.40506070852279663,0.38427311182022095,-0.03666466847062111,0.39589807391166687,0.30284449458122253,-0.043430913239717484,0.39414092898368835,0.23596495389938354,-0.04928923025727272,0.4890829920768738,0.517270565032959,-0.02327844686806202,0.4885282516479492,0.3595700263977051,-0.03655606880784035,0.4922179877758026,0.2682858109474182,-0.045734476298093796,0.50152587890625,0.20102709531784058,-0.05266888439655304,0.536866307258606,0.536510169506073,-0.01958942785859108,0.5453543066978455,0.3963874876499176,-0.032702989876270294,0.5546953678131104,0.30926769971847534,-0.04350637272000313,0.5617998242378235,0.24271178245544434,-0.05034756660461426,0.5763264298439026,0.5739154815673828,-0.016664933413267136,0.6007366180419922,0.4718739092350006,-0.022304413840174675,0.6127893924713135,0.40625813603401184,-0.024958813562989235,0.6219400763511658,0.35172468423843384,-0.027012743055820465,PA Finger
0.49932610988616943,0.8311997056007385,3.1579997994413134e-07,0.3970129191875458,0.7690203785896301,-0.02458558790385723,0.33626964688301086,0.6631760001182556,-0.039178572595119476,0.30086660385131836,0.5531154870986938,-0.04780318960547447,0.26197972893714905,0.48138368129730225,-0.05596444755792618,0.42928504943847656,0.5290859341621399,-0.038874249905347824,0.40698978304862976,0.3845309615135193,-0.049176692962646484,0.3986318111419678,0.3024401068687439,-0.05522391200065613,0.3961260914802551,0.23493406176567078,-0.06002800539135933,0.49007245898246765,0.5229865312576294,-0.0318877249956131,0.48927003145217896,0.36628878116607666,-0.04728300869464874,0.4923071265220642,0.272298127412796,-0.056057970970869064,0.49991142749786377,0.20169827342033386,-0.06201082840561867,0.5367364883422852,0.5441868305206299,-0.024880191311240196,0.5449366569519043,0.4026459753513336,-0.04011676460504532,0.5535294413566589,0.31285351514816284,-0.052908774465322495,0.5586017370223999,0.24427413940429688,-0.06021009013056755,0.5741205811500549,0.5811428427696228,-0.018222786486148834,0.5988726019859314,0.4762633740901947,-0.026311885565519333,0.6096605062484741,0.40963637828826904,-0.031163262203335762,0.6175674796104431,0.353305459022522,-0.034028176218271255,PA Finger
0.49932610988616943,0.8311997056007385,3.1579997994413134e-07,0.3970129191875458,0.7690203785896301,-0.02458558790385723,0.33626964688301086,0.6631760001182556,-0.039178572595119476,0.30086660385131836,0.5531154870986938,-0.04780318960547447,0.26197972893714905,0.48138368129730225,-0.05596444755792618,0.42928504943847656,0.5290859341621399,-0.038874249905347824,0.40698978304862976,0.3845309615135193,-0.049176692962646484,0.3986318111419678,0.3024401068687439,-0.05522391200065613,0.3961260914802551,0.23493406176567078,-0.06002800539135933,0.49007245898246765,0.5229865312576294,-0.0318877249956131,0.48927003145217896,0.36628878116607666,-0.04728300869464874,0.4923071265220642,0.272298127412796,-0.056057970970869064,0.49991142749786377,0.20169827342033386,-0.06201082840561867,0.5367364883422852,0.5441868305206299,-0.024880191311240196,0.5449366569519043,0.4026459753513336,-0.04011676460504532,0.5535294413566589,0.31285351514816284,-0.052908774465322495,0.5586017370223999,0.24427413940429688,-0.06021009013056755,0.5741205811500549,0.5811428427696228,-0.018222786486148834,0.5988726019859314,0.4762633740901947,-0.026311885565519333,0.6096605062484741,0.40963637828826904,-0.031163262203335762,0.6175674796104431,0.353305459022522,-0.034028176218271255,PA Finger
0.5002004504203796,0.8354402780532837,3.079711632381077e-07,0.3983428478240967,0.7716865539550781,-0.026940330862998962,0.33801156282424927,0.6659051179885864,-0.043098531663417816,0.3018071949481964,0.5555538535118103,-0.05345615744590759,0.2635524272918701,0.4853372573852539,-0.06365959346294403,0.42923101782798767,0.5288809537887573,-0.039996758103370667,0.404433012008667,0.38424089550971985,-0.0511309877038002,0.395590603351593,0.30273959040641785,-0.058015722781419754,0.39448782801628113,0.23725026845932007,-0.06335357576608658,0.4899696111679077,0.5231792330741882,-0.03248245641589165,0.48929935693740845,0.3644295036792755,-0.04744322597980499,0.4942795932292938,0.2705143392086029,-0.056547001004219055,0.5050352811813354,0.20209059119224548,-0.06292199343442917,0.5369041562080383,0.5441295504570007,-0.025378268212080002,0.5449327230453491,0.40050163865089417,-0.04015820845961571,0.5556591749191284,0.31028759479522705,-0.05422382056713104,0.564481794834137,0.2427649199962616,-0.06260159611701965,0.574053943157196,0.5807774662971497,-0.018969057127833366,0.5963796377182007,0.47344672679901123,-0.026887943968176842,0.6066669821739197,0.40688422322273254,-0.03218023478984833,0.6151435971260071,0.35251155495643616,-0.035406336188316345,PA Finger
0.49942368268966675,0.8268414735794067,3.545263211890415e-07,0.3987843990325928,0.7675930261611938,-0.026644300669431686,0.33845552802085876,0.6646064519882202,-0.04298532381653786,0.3013453483581543,0.5554237365722656,-0.05311570689082146,0.2609015107154846,0.48628756403923035,-0.06292467564344406,0.4275802969932556,0.5303159952163696,-0.04384435713291168,0.40660712122917175,0.38568663597106934,-0.05575396865606308,0.39953944087028503,0.30421286821365356,-0.062122050672769547,0.39817067980766296,0.23691514134407043,-0.06695432215929031,0.488191157579422,0.5242145657539368,-0.036208491772413254,0.48838508129119873,0.3686326742172241,-0.05257308855652809,0.49234139919281006,0.27546200156211853,-0.0612015537917614,0.5004934668540955,0.20399600267410278,-0.0669345036149025,0.5352731943130493,0.5448048710823059,-0.028610844165086746,0.5423806309700012,0.4061606526374817,-0.04432632401585579,0.551807701587677,0.3164958953857422,-0.057408854365348816,0.558570384979248,0.24728739261627197,-0.06484267115592957,0.5733126401901245,0.5799051523208618,-0.021528244018554688,0.5968838930130005,0.47465842962265015,-0.030028173699975014,0.6078862547874451,0.40872102975845337,-0.03517794981598854,0.6169272661209106,0.3529689908027649,-0.038216084241867065,PA Finger
0.49942368268966675,0.8268414735794067,3.545263211890415e-07,0.3987843990325928,0.7675930261611938,-0.026644300669431686,0.33845552802085876,0.6646064519882202,-0.04298532381653786,0.3013453483581543,0.5554237365722656,-0.05311570689082146,0.2609015107154846,0.48628756403923035,-0.06292467564344406,0.4275802969932556,0.5303159952163696,-0.04384435713291168,0.40660712122917175,0.38568663597106934,-0.05575396865606308,0.39953944087028503,0.30421286821365356,-0.062122050672769547,0.39817067980766296,0.23691514134407043,-0.06695432215929031,0.488191157579422,0.5242145657539368,-0.036208491772413254,0.48838508129119873,0.3686326742172241,-0.05257308855652809,0.49234139919281006,0.27546200156211853,-0.0612015537917614,0.5004934668540955,0.20399600267410278,-0.0669345036149025,0.5352731943130493,0.5448048710823059,-0.028610844165086746,0.5423806309700012,0.4061606526374817,-0.04432632401585579,0.551807701587677,0.3164958953857422,-0.057408854365348816,0.558570384979248,0.24728739261627197,-0.06484267115592957,0.5733126401901245,0.5799051523208618,-0.021528244018554688,0.5968838930130005,0.47465842962265015,-0.030028173699975014,0.6078862547874451,0.40872102975845337,-0.03517794981598854,0.6169272661209106,0.3529689908027649,-0.038216084241867065,PA Finger
0.49778762459754944,0.8371373414993286,2.682836850453896e-07,0.39609700441360474,0.7731153964996338,-0.02185070514678955,0.33548837900161743,0.6661289930343628,-0.035089850425720215,0.3008224368095398,0.5562101602554321,-0.0434858612716198,0.26248669624328613,0.48472458124160767,-0.05116567015647888,0.4295317828655243,0.5312528014183044,-0.03187570720911026,0.4059980511665344,0.3849314749240875,-0.042683787643909454,0.3973104655742645,0.30423641204833984,-0.04925913363695145,0.3950159549713135,0.2396937608718872,-0.054009489715099335,0.48913565278053284,0.523768424987793,-0.027798868715763092,0.4906376302242279,0.36319974064826965,-0.042907148599624634,0.49298614263534546,0.2702162265777588,-0.051368411630392075,0.5001754760742188,0.20093265175819397,-0.05670790746808052,0.5353882312774658,0.5433895587921143,-0.02411707676947117,0.5467983484268188,0.3999078869819641,-0.038591090589761734,0.5555722713470459,0.30963021516799927,-0.04860010743141174,0.5621829032897949,0.2404709756374359,-0.054119836539030075,0.5722887516021729,0.5811951756477356,-0.02102433331310749,0.5954530239105225,0.4753294289112091,-0.027858570218086243,0.6068651676177979,0.4086156189441681,-0.02940947748720646,0.615949273109436,0.3527034819126129,-0.029928339645266533,PA Finger
0.49914631247520447,0.8347907066345215,1.9428166808665992e-07,0.398800790309906,0.7699460387229919,-0.021272435784339905,0.33739233016967773,0.6645625233650208,-0.0334567129611969,0.3011275827884674,0.5564479827880859,-0.0412646122276783,0.26468414068222046,0.4853758215904236,-0.04855617508292198,0.42822176218032837,0.5281546115875244,-0.030606811866164207,0.40535613894462585,0.38079750537872314,-0.04019918292760849,0.39707666635513306,0.30203551054000854,-0.04566115885972977,0.3955531120300293,0.23777170479297638,-0.04985150694847107,0.4883731007575989,0.5211158394813538,-0.026962822303175926,0.48600584268569946,0.35836613178253174,-0.03889781981706619,0.4881347417831421,0.26841914653778076,-0.04617500305175781,0.4961179792881012,0.1993439793586731,-0.051728684455156326,0.5348712801933289,0.5410789251327515,-0.024005534127354622,0.5430938601493835,0.3961603343486786,-0.03688505291938782,0.552384078502655,0.30817851424217224,-0.046931859105825424,0.5604590773582458,0.24016666412353516,-0.053519491106271744,0.5726941227912903,0.5752511620521545,-0.021684659644961357,0.5957915186882019,0.4712809920310974,-0.027817504480481148,0.6082253456115723,0.4064432382583618,-0.03014206700026989,0.6186124682426453,0.35113048553466797,-0.032085809856653214,PA Finger
0.49934956431388855,0.8356791734695435,1.8889441832925513e-07,0.39791345596313477,0.7714002728462219,-0.01925438828766346,0.33720308542251587,0.6664382219314575,-0.029553992673754692,0.3025963306427002,0.5568616390228271,-0.035925522446632385,0.26696884632110596,0.48519185185432434,-0.04183138161897659,0.4272180199623108,0.5286182165145874,-0.023953907191753387,0.4034929871559143,0.38450682163238525,-0.03173821419477463,0.3941571116447449,0.30572909116744995,-0.03688456863164902,0.39183706045150757,0.24120083451271057,-0.040938716381788254,0.4878126084804535,0.51864093542099,-0.019910821691155434,0.4885147213935852,0.3590604066848755,-0.032275374978780746,0.4898498058319092,0.26875820755958557,-0.040116794407367706,0.4966999292373657,0.20205074548721313,-0.045422084629535675,0.5350170135498047,0.5355762839317322,-0.016312504187226295,0.5448638200759888,0.3953496813774109,-0.027678806334733963,0.5523715019226074,0.30898016691207886,-0.036388225853443146,0.5580050349235535,0.2442549616098404,-0.041473668068647385,0.5727755427360535,0.5694321393966675,-0.013365007936954498,0.5969501733779907,0.466488778591156,-0.015551920048892498,0.6082959771156311,0.4038718044757843,-0.014980017207562923,0.6163207292556763,0.3537605106830597,-0.01478356122970581,PA Finger
0.49792155623435974,0.8349531888961792,2.3082924371919944e-07,0.39621368050575256,0.7686254978179932,-0.019990960136055946,0.3355720043182373,0.6613380908966064,-0.03059898130595684,0.30058416724205017,0.5540719032287598,-0.03707270324230194,0.2622120976448059,0.48458126187324524,-0.04315878450870514,0.429868221282959,0.5253665447235107,-0.02412794902920723,0.4030463695526123,0.38506078720092773,-0.03175920620560646,0.39342883229255676,0.30686599016189575,-0.037655532360076904,0.39175650477409363,0.24244943261146545,-0.04252656176686287,0.4907354712486267,0.5176342129707336,-0.020502863451838493,0.4903143048286438,0.3622022271156311,-0.031799085438251495,0.4922376573085785,0.2715924382209778,-0.03999136760830879,0.5003311634063721,0.20308572053909302,-0.045982297509908676,0.5374282598495483,0.5367381572723389,-0.017530571669340134,0.5476545691490173,0.39969557523727417,-0.02939976193010807,0.5556774139404297,0.31081250309944153,-0.0397624596953392,0.56236732006073,0.2420176863670349,-0.046339649707078934,0.5741434097290039,0.5720741748809814,-0.015198507346212864,0.5972203612327576,0.4710218012332916,-0.01954173669219017,0.6087030172348022,0.4075731933116913,-0.02055426314473152,0.6183235049247742,0.35469892621040344,-0.02147790789604187,PA Finger
0.49792155623435974,0.8349531888961792,2.3082924371919944e-07,0.39621368050575256,0.7686254978179932,-0.019990960136055946,0.3355720043182373,0.6613380908966064,-0.03059898130595684,0.30058416724205017,0.5540719032287598,-0.03707270324230194,0.2622120976448059,0.48458126187324524,-0.04315878450870514,0.429868221282959,0.5253665447235107,-0.02412794902920723,0.4030463695526123,0.38506078720092773,-0.03175920620560646,0.39342883229255676,0.30686599016189575,-0.037655532360076904,0.39175650477409363,0.24244943261146545,-0.04252656176686287,0.4907354712486267,0.5176342129707336,-0.020502863451838493,0.4903143048286438,0.3622022271156311,-0.031799085438251495,0.4922376573085785,0.2715924382209778,-0.03999136760830879,0.5003311634063721,0.20308572053909302,-0.045982297509908676,0.5374282598495483,0.5367381572723389,-0.017530571669340134,0.5476545691490173,0.39969557523727417,-0.02939976193010807,0.5556774139404297,0.31081250309944153,-0.0397624596953392,0.56236732006073,0.2420176863670349,-0.046339649707078934,0.5741434097290039,0.5720741748809814,-0.015198507346212864,0.5972203612327576,0.4710218012332916,-0.01954173669219017,0.6087030172348022,0.4075731933116913,-0.02055426314473152,0.6183235049247742,0.35469892621040344,-0.02147790789604187,PA Finger
0.4992859959602356,0.8391183614730835,1.6434835004019988e-07,0.3992629647254944,0.7724018096923828,-0.017297202721238136,0.3378521203994751,0.6646547317504883,-0.027072397992014885,0.30316662788391113,0.5542042255401611,-0.032990843057632446,0.2678777873516083,0.48177847266197205,-0.038616281002759933,0.42869406938552856,0.5283961892127991,-0.026357699185609818,0.4043533205986023,0.3810198903083801,-0.033702995628118515,0.3951747417449951,0.30024802684783936,-0.037948135286569595,0.3937329947948456,0.23377180099487305,-0.04164551571011543,0.4891887903213501,0.5178460478782654,-0.022626949474215508,0.4894993305206299,0.35626059770584106,-0.0349784679710865,0.4928579032421112,0.26614880561828613,-0.042425528168678284,0.5024839639663696,0.20007458329200745,-0.04782756790518761,0.5366896986961365,0.5357410907745361,-0.018709009513258934,0.5456789135932922,0.3943125903606415,-0.030131421983242035,0.5547061562538147,0.3075517416000366,-0.039166368544101715,0.5621302127838135,0.24200037121772766,-0.044750045984983444,0.5752134323120117,0.5707026720046997,-0.015143384225666523,0.5991817116737366,0.46818816661834717,-0.018092678859829903,0.6107236742973328,0.40333402156829834,-0.018752772361040115,0.6189222931861877,0.3492662310600281,-0.01952066831290722,PA Finger
0.5000452995300293,0.8364571928977966,2.3805097271178965e-07,0.39938417077064514,0.7693091630935669,-0.02150173857808113,0.3379567265510559,0.6634528636932373,-0.034957196563482285,0.30351585149765015,0.5552966594696045,-0.04343884810805321,0.26642462611198425,0.48265349864959717,-0.05141114816069603,0.4288024604320526,0.532177209854126,-0.03581307828426361,0.4055112600326538,0.3877086639404297,-0.04497671499848366,0.3968999981880188,0.30582886934280396,-0.05009711906313896,0.3946933448314667,0.2388688325881958,-0.054522719234228134,0.48949235677719116,0.5226665139198303,-0.030977768823504448,0.48913151025772095,0.36415064334869385,-0.04570532962679863,0.4929507076740265,0.26960140466690063,-0.05450725927948952,0.5004385113716125,0.19970303773880005,-0.060977738350629807,0.5366275906562805,0.5403071641921997,-0.025835057720541954,0.5441102981567383,0.3996347486972809,-0.039764758199453354,0.5539070963859558,0.31114494800567627,-0.051872801035642624,0.5591625571250916,0.24425378441810608,-0.05941588431596756,0.5746146440505981,0.5747650265693665,-0.021043410524725914,0.598054051399231,0.4717039465904236,-0.027876155450940132,0.6082866787910461,0.4069191813468933,-0.03169597312808037,0.6145661473274231,0.3530306816101074,-0.034296147525310516,PA Finger
0.4994197189807892,0.8375343680381775,2.0698263369922643e-07,0.39812156558036804,0.7714616060256958,-0.02111954614520073,0.3373022675514221,0.6662005186080933,-0.03358336538076401,0.30406731367111206,0.557162880897522,-0.041653264313936234,0.26661932468414307,0.48503318428993225,-0.049603693187236786,0.429342657327652,0.5285659432411194,-0.029597457498311996,0.4054895043373108,0.38766103982925415,-0.038587335497140884,0.3960265815258026,0.3067251145839691,-0.04541501775383949,0.39315730333328247,0.23967233300209045,-0.05137244239449501,0.4895511567592621,0.5204903483390808,-0.025459695607423782,0.48946288228034973,0.36381083726882935,-0.03863808140158653,0.49281084537506104,0.271004855632782,-0.047447118908166885,0.5007241368293762,0.20277562737464905,-0.05424186587333679,0.5360915064811707,0.5402840971946716,-0.021789709106087685,0.544764518737793,0.4006553590297699,-0.03537135198712349,0.5535848736763,0.3122346103191376,-0.047275543212890625,0.5590481162071228,0.24469685554504395,-0.054877717047929764,0.5738253593444824,0.5772508978843689,-0.018709789961576462,0.5991577506065369,0.4749963581562042,-0.025673268362879753,0.6105896234512329,0.40896904468536377,-0.029629062861204147,0.6183624863624573,0.3536231219768524,-0.03253217414021492,PA Finger
0.4980948567390442,0.8312408924102783,2.9286093194969e-07,0.39717942476272583,0.7676125764846802,-0.02547159604728222,0.336199015378952,0.6625642776489258,-0.040985677391290665,0.2998056411743164,0.5549038648605347,-0.05093803256750107,0.26069071888923645,0.48538121581077576,-0.06067855656147003,0.42790764570236206,0.5268709063529968,-0.03885595127940178,0.4058331251144409,0.3832356333732605,-0.049690235406160355,0.39746683835983276,0.3021610677242279,-0.056496065109968185,0.3945513367652893,0.23637676239013672,-0.06191727891564369,0.48795318603515625,0.5212167501449585,-0.032470814883708954,0.4881700575351715,0.36383044719696045,-0.04686560109257698,0.49283090233802795,0.27098268270492554,-0.055576812475919724,0.5014857053756714,0.20168772339820862,-0.06195787340402603,0.534673273563385,0.5427820682525635,-0.026502542197704315,0.5428698062896729,0.4004928171634674,-0.0410422720015049,0.553746223449707,0.3117029070854187,-0.05456911772489548,0.5610659718513489,0.24412968754768372,-0.0628894791007042,0.5726360082626343,0.5801669955253601,-0.02118789218366146,0.5960028767585754,0.47445330023765564,-0.029502684250473976,0.6061277985572815,0.408279150724411,-0.034998100250959396,0.6134068369865417,0.35272687673568726,-0.03860912844538689,PA Finger
0.4980948567390442,0.8312408924102783,2.9286093194969e-07,0.39717942476272583,0.7676125764846802,-0.02547159604728222,0.336199015378952,0.6625642776489258,-0.040985677391290665,0.2998056411743164,0.5549038648605347,-0.05093803256750107,0.26069071888923645,0.48538121581077576,-0.06067855656147003,0.42790764570236206,0.5268709063529968,-0.03885595127940178,0.4058331251144409,0.3832356333732605,-0.049690235406160355,0.39746683835983276,0.3021610677242279,-0.056496065109968185,0.3945513367652893,0.23637676239013672,-0.06191727891564369,0.48795318603515625,0.5212167501449585,-0.032470814883708954,0.4881700575351715,0.36383044719696045,-0.04686560109257698,0.49283090233802795,0.27098268270492554,-0.055576812475919724,0.5014857053756714,0.20168772339820862,-0.06195787340402603,0.534673273563385,0.5427820682525635,-0.026502542197704315,0.5428698062896729,0.4004928171634674,-0.0410422720015049,0.553746223449707,0.3117029070854187,-0.05456911772489548,0.5610659718513489,0.24412968754768372,-0.0628894791007042,0.5726360082626343,0.5801669955253601,-0.02118789218366146,0.5960028767585754,0.47445330023765564,-0.029502684250473976,0.6061277985572815,0.408279150724411,-0.034998100250959396,0.6134068369865417,0.35272687673568726,-0.03860912844538689,PA Finger
0.5003998279571533,0.8294191956520081,3.183224350777891e-07,0.3986402451992035,0.7701454162597656,-0.026917682960629463,0.3388148248195648,0.6674066781997681,-0.042965635657310486,0.30245110392570496,0.5589120984077454,-0.052981555461883545,0.265389621257782,0.4890506863594055,-0.06273110955953598,0.4294266402721405,0.528616189956665,-0.04067232459783554,0.4058348536491394,0.38530534505844116,-0.05240832269191742,0.39659467339515686,0.3049113154411316,-0.059353772550821304,0.3940616846084595,0.23955094814300537,-0.06465067714452744,0.4899429678916931,0.5232833027839661,-0.033060118556022644,0.48938286304473877,0.36676087975502014,-0.04849851503968239,0.493014395236969,0.2744706869125366,-0.057293329387903214,0.5018555521965027,0.20514407753944397,-0.06334616988897324,0.536702036857605,0.5444953441619873,-0.02602778933942318,0.5444234013557434,0.40264075994491577,-0.04173382744193077,0.5538599491119385,0.31325042247772217,-0.05583548918366432,0.5612794160842896,0.24460071325302124,-0.06405114382505417,0.5744328498840332,0.5813506841659546,-0.019610432907938957,0.5973010659217834,0.47408008575439453,-0.028661925345659256,0.6069281101226807,0.4078652858734131,-0.03469218313694,0.6139832735061646,0.3518543243408203,-0.038382139056921005,PA Finger
0.5003998279571533,0.8294191956520081,3.183224350777891e-07,0.3986402451992035,0.7701454162597656,-0.026917682960629463,0.3388148248195648,0.6674066781997681,-0.042965635657310486,0.30245110392570496,0.5589120984077454,-0.052981555461883545,0.265389621257782,0.4890506863594055,-0.06273110955953598,0.4294266402721405,0.528616189956665,-0.04067232459783554,0.4058348536491394,0.38530534505844116,-0.05240832269191742,0.39659467339515686,0.3049113154411316,-0.059353772550821304,0.3940616846084595,0.23955094814300537,-0.06465067714452744,0.4899429678916931,0.5232833027839661,-0.033060118556022644,0.48938286304473877,0.36676087975502014,-0.04849851503968239,0.493014395236969,0.2744706869125366,-0.057293329387903214,0.5018555521965027,0.20514407753944397,-0.06334616988897324,0.536702036857605,0.5444953441619873,-0.02602778933942318,0.5444234013557434,0.40264075994491577,-0.04173382744193077,0.5538599491119385,0.31325042247772217,-0.05583548918366432,0.5612794160842896,0.24460071325302124,-0.06405114382505417,0.5744328498840332,0.5813506841659546,-0.019610432907938957,0.5973010659217834,0.47408008575439453,-0.028661925345659256,0.6069281101226807,0.4078652858734131,-0.03469218313694,0.6139832735061646,0.3518543243408203,-0.038382139056921005,PA Finger
0.5001181960105896,0.834021806716919,2.1849288600606087e-07,0.3992694020271301,0.769938588142395,-0.020673483610153198,0.33869603276252747,0.6666296720504761,-0.03302071988582611,0.3047417998313904,0.5590150356292725,-0.041187454015016556,0.2667243778705597,0.4885849952697754,-0.04935441166162491,0.42839130759239197,0.5285539031028748,-0.029211217537522316,0.40735769271850586,0.38656720519065857,-0.03889340162277222,0.39887917041778564,0.30586832761764526,-0.045717012137174606,0.3960573673248291,0.2399688959121704,-0.051278602331876755,0.4887659251689911,0.5207349061965942,-0.025560863316059113,0.4901362955570221,0.3627746105194092,-0.03851039335131645,0.4942954182624817,0.2708970010280609,-0.046762615442276,0.5026057362556458,0.20404717326164246,-0.052878186106681824,0.5362244844436646,0.5405806303024292,-0.022538509219884872,0.5457257032394409,0.40096473693847656,-0.03605585917830467,0.5555931925773621,0.31354767084121704,-0.04763154312968254,0.5619891881942749,0.24687600135803223,-0.05485040321946144,0.5750203728675842,0.5774086117744446,-0.02012775093317032,0.600915253162384,0.47547033429145813,-0.026850217953324318,0.6129046678543091,0.40993329882621765,-0.03034362755715847,0.6212069988250732,0.3556498885154724,-0.032804224640131,PA Finger
0.49956196546554565,0.8377536535263062,2.0738515615903452e-07,0.39983999729156494,0.7734798192977905,-0.02269863337278366,0.33810728788375854,0.6687831878662109,-0.03688238188624382,0.30020880699157715,0.5602879524230957,-0.04661533236503601,0.26101499795913696,0.49021705985069275,-0.056572601199150085,0.42908379435539246,0.5274768471717834,-0.031805869191884995,0.4068225622177124,0.38662534952163696,-0.04117930307984352,0.39816057682037354,0.3056136965751648,-0.047930870205163956,0.39697766304016113,0.23968935012817383,-0.05362730100750923,0.4905857443809509,0.5202341675758362,-0.026698283851146698,0.4884830415248871,0.3626174330711365,-0.03890165686607361,0.4925411343574524,0.2715955972671509,-0.047003861516714096,0.5028382539749146,0.20581850409507751,-0.053465209901332855,0.5377033352851868,0.5416816473007202,-0.022078393027186394,0.544363796710968,0.399919331073761,-0.034675028175115585,0.5547173619270325,0.3148791790008545,-0.04659514129161835,0.5621291995048523,0.2503940761089325,-0.054371125996112823,0.5745999217033386,0.5796110033988953,-0.018147926777601242,0.5965057611465454,0.4733180105686188,-0.02430455945432186,0.6062190532684326,0.4073278307914734,-0.02781672030687332,0.6125947833061218,0.3525324761867523,-0.030460594221949577,PA Finger
0.49912410974502563,0.8337150812149048,2.796455760289973e-07,0.398649662733078,0.7710268497467041,-0.024533452466130257,0.33788827061653137,0.6666235327720642,-0.03948250785470009,0.3001173734664917,0.5574315786361694,-0.04876123368740082,0.26003608107566833,0.48842623829841614,-0.05779802054166794,0.42915886640548706,0.5309836864471436,-0.038112569600343704,0.40689292550086975,0.3870711624622345,-0.047433238476514816,0.39805859327316284,0.30569785833358765,-0.05252528935670853,0.3956666588783264,0.23973292112350464,-0.056536708027124405,0.4898851215839386,0.5234549641609192,-0.03081771358847618,0.4898669719696045,0.3642667829990387,-0.044621288776397705,0.4950467646121979,0.2706206142902374,-0.052050672471523285,0.5049945712089539,0.2024744153022766,-0.05709799379110336,0.5367292761802673,0.5428755283355713,-0.023486215621232986,0.5439796447753906,0.40100157260894775,-0.03636176511645317,0.554877758026123,0.3134492039680481,-0.04786773771047592,0.5624793767929077,0.24724507331848145,-0.054523296654224396,0.5732684135437012,0.5780196189880371,-0.016723280772566795,0.5948324203491211,0.47117847204208374,-0.021730417385697365,0.6054018139839172,0.4057818055152893,-0.024415604770183563,0.6139833927154541,0.3527178466320038,-0.02602372318506241,PA Finger
0.49912410974502563,0.8337150812149048,2.796455760289973e-07,0.398649662733078,0.7710268497467041,-0.024533452466130257,0.33788827061653137,0.6666235327720642,-0.03948250785470009,0.3001173734664917,0.5574315786361694,-0.04876123368740082,0.26003608107566833,0.48842623829841614,-0.05779802054166794,0.42915886640548706,0.5309836864471436,-0.038112569600343704,0.40689292550086975,0.3870711624622345,-0.047433238476514816,0.39805859327316284,0.30569785833358765,-0.05252528935670853,0.3956666588783264,0.23973292112350464,-0.056536708027124405,0.4898851215839386,0.5234549641609192,-0.03081771358847618,0.4898669719696045,0.3642667829990387,-0.044621288776397705,0.4950467646121979,0.2706206142902374,-0.052050672471523285,0.5049945712089539,0.2024744153022766,-0.05709799379110336,0.5367292761802673,0.5428755283355713,-0.023486215621232986,0.5439796447753906,0.40100157260894775,-0.03636176511645317,0.554877758026123,0.3134492039680481,-0.04786773771047592,0.5624793767929077,0.24724507331848145,-0.054523296654224396,0.5732684135437012,0.5780196189880371,-0.016723280772566795,0.5948324203491211,0.47117847204208374,-0.021730417385697365,0.6054018139839172,0.4057818055152893,-0.024415604770183563,0.6139833927154541,0.3527178466320038,-0.02602372318506241,PA Finger
0.49628686904907227,0.8328119516372681,1.9161778652687644e-07,0.39640840888023376,0.765960156917572,-0.018131639808416367,0.33656811714172363,0.6615176200866699,-0.029874209314584732,0.30345046520233154,0.5534112453460693,-0.038153234869241714,0.26614639163017273,0.48357415199279785,-0.04667021334171295,0.42497149109840393,0.5277881026268005,-0.026693295687437057,0.405471533536911,0.3874894380569458,-0.03628642112016678,0.3985137641429901,0.3055267333984375,-0.043402865529060364,0.39709609746932983,0.23918333649635315,-0.04941745102405548,0.48521456122398376,0.5187674164772034,-0.0248243547976017,0.48878031969070435,0.36295604705810547,-0.037469565868377686,0.49403712153434753,0.27101966738700867,-0.046430595219135284,0.5026562213897705,0.2046244740486145,-0.05343694984912872,0.5332289338111877,0.5376096963882446,-0.023347709327936172,0.5439918637275696,0.39829668402671814,-0.03608453646302223,0.55471271276474,0.31113195419311523,-0.04734843224287033,0.5612058043479919,0.24479874968528748,-0.05481946840882301,0.5729872584342957,0.5744060277938843,-0.022372065111994743,0.5986539721488953,0.47266602516174316,-0.028468511998653412,0.6107569932937622,0.4078578054904938,-0.031391844153404236,0.6187548041343689,0.3535650968551636,-0.03369557857513428,PA Finger
0.49628686904907227,0.8328119516372681,1.9161778652687644e-07,0.39640840888023376,0.765960156917572,-0.018131639808416367,0.33656811714172363,0.6615176200866699,-0.029874209314584732,0.30345046520233154,0.5534112453460693,-0.038153234869241714,0.26614639163017273,0.48357415199279785,-0.04667021334171295,0.42497149109840393,0.5277881026268005,-0.026693295687437057,0.405471533536911,0.3874894380569458,-0.03628642112016678,0.3985137641429901,0.3055267333984375,-0.043402865529060364,0.39709609746932983,0.23918333649635315,-0.04941745102405548,0.48521456122398376,0.5187674164772034,-0.0248243547976017,0.48878031969070435,0.36295604705810547,-0.037469565868377686,0.49403712153434753,0.27101966738700867,-0.046430595219135284,0.5026562213897705,0.2046244740486145,-0.05343694984912872,0.5332289338111877,0.5376096963882446,-0.023347709327936172,0.5439918637275696,0.39829668402671814,-0.03608453646302223,0.55471271276474,0.31113195419311523,-0.04734843224287033,0.5612058043479919,0.24479874968528748,-0.05481946840882301,0.5729872584342957,0.5744060277938843,-0.022372065111994743,0.5986539721488953,0.47266602516174316,-0.028468511998653412,0.6107569932937622,0.4078578054904938,-0.031391844153404236,0.6187548041343689,0.3535650968551636,-0.03369557857513428,PA Finger
0.49624791741371155,0.8345441818237305,1.7926787165833957e-07,0.39591458439826965,0.7708589434623718,-0.018511686474084854,0.3348829746246338,0.670150876045227,-0.03103170171380043,0.29995259642601013,0.5625550746917725,-0.039301998913288116,0.26292797923088074,0.48956671357154846,-0.04747283086180687,0.42487984895706177,0.5323683023452759,-0.03270843252539635,0.4060913920402527,0.38601747155189514,-0.0408671572804451,0.3981097340583801,0.302490234375,-0.04452386870980263,0.39648643136024475,0.23535612225532532,-0.04780862107872963,0.48687002062797546,0.5201364159584045,-0.02828020416200161,0.4872716963291168,0.35981839895248413,-0.04215283319354057,0.4914564788341522,0.26844000816345215,-0.049736861139535904,0.5006287693977356,0.20370221138000488,-0.055201973766088486,0.53497314453125,0.537118673324585,-0.023196566849946976,0.5446985960006714,0.39687395095825195,-0.035702578723430634,0.5562136769294739,0.3116745948791504,-0.045965321362018585,0.5639244914054871,0.24734988808631897,-0.05239959433674812,0.5719730257987976,0.5716727375984192,-0.018221575766801834,0.5969220399856567,0.4704108238220215,-0.02243266999721527,0.6088163256645203,0.40750837326049805,-0.024236250668764114,0.6164093613624573,0.35525214672088623,-0.025698676705360413,PA Finger
0.4883134067058563,0.8350984454154968,2.3916777536214795e-07,0.38983219861984253,0.7712777853012085,-0.01866910234093666,0.3302531838417053,0.6675406694412231,-0.029619526118040085,0.2985227406024933,0.5600322484970093,-0.036648672074079514,0.2650803327560425,0.487836629152298,-0.043030474334955215,0.4197748303413391,0.5291643738746643,-0.02752331830561161,0.40321534872055054,0.3824758529663086,-0.03740071877837181,0.3981865644454956,0.3018310070037842,-0.04281911253929138,0.39813312888145447,0.23934856057167053,-0.04659031704068184,0.48010629415512085,0.5214945673942566,-0.025129323825240135,0.4861580729484558,0.3616238832473755,-0.03702106326818466,0.492552787065506,0.27215322852134705,-0.04425739496946335,0.5021802186965942,0.2057277262210846,-0.04947030171751976,0.5275589823722839,0.5405281782150269,-0.023395327851176262,0.5425670742988586,0.3990313410758972,-0.035565633326768875,0.5557233691215515,0.31178510189056396,-0.045264244079589844,0.5659314393997192,0.24555504322052002,-0.05157461017370224,0.5662013292312622,0.5755809545516968,-0.02216026932001114,0.5940495133399963,0.47430169582366943,-0.027475962415337563,0.6087864637374878,0.41202619671821594,-0.029226696118712425,0.6201073527336121,0.3599058985710144,-0.03058203123509884,PA Finger
0.48753929138183594,0.8365710377693176,2.428576522106596e-07,0.3879779875278473,0.7705357074737549,-0.019794944673776627,0.3292157053947449,0.662954568862915,-0.030651487410068512,0.2984715700149536,0.5539087653160095,-0.03706371784210205,0.26377493143081665,0.4827096462249756,-0.042725514620542526,0.42046281695365906,0.527662992477417,-0.026613004505634308,0.4010671377182007,0.3859899342060089,-0.03443899005651474,0.3943880498409271,0.30719971656799316,-0.039191488176584244,0.3941073417663574,0.24391093850135803,-0.04305608198046684,0.4816884696483612,0.5195100903511047,-0.02245209366083145,0.4901188015937805,0.36607760190963745,-0.03564197197556496,0.495241641998291,0.27642542123794556,-0.044186487793922424,0.5047644376754761,0.20933228731155396,-0.04995529726147652,0.5287700295448303,0.5376607179641724,-0.0184538122266531,0.5466926097869873,0.40178656578063965,-0.030732465907931328,0.5593253374099731,0.31585508584976196,-0.04015428572893143,0.5690526962280273,0.24975526332855225,-0.04570280760526657,0.5649316906929016,0.5730565786361694,-0.01496649719774723,0.5933306217193604,0.4744252860546112,-0.018473966047167778,0.6077585220336914,0.4123324453830719,-0.018711352720856667,0.6187640428543091,0.3606366515159607,-0.01887495070695877,PA Finger
0.48678627610206604,0.8364782333374023,2.9650044552909094e-07,0.38529953360557556,0.7730276584625244,-0.021976105868816376,0.3276671767234802,0.6656832695007324,-0.03466329723596573,0.29807883501052856,0.5555967688560486,-0.04233020916581154,0.263245552778244,0.4844595193862915,-0.04924222081899643,0.42039990425109863,0.5344468951225281,-0.03383936733007431,0.40381133556365967,0.3860704004764557,-0.046013232320547104,0.3974463939666748,0.3035120368003845,-0.05333467572927475,0.3968532085418701,0.23887470364570618,-0.05831828713417053,0.4801328480243683,0.5271573662757874,-0.03003538027405739,0.4898260533809662,0.36772364377975464,-0.04565029591321945,0.4964252710342407,0.27445733547210693,-0.054550934582948685,0.506919801235199,0.20553088188171387,-0.060235172510147095,0.5266404747962952,0.5456771850585938,-0.02669968642294407,0.5456169247627258,0.40587592124938965,-0.04169329255819321,0.5587304830551147,0.317912757396698,-0.052545223385095596,0.5691043734550476,0.25019562244415283,-0.05867966264486313,0.5633910894393921,0.5820174217224121,-0.024031108245253563,0.591854453086853,0.4794255495071411,-0.03190942481160164,0.6063079833984375,0.41476792097091675,-0.034786075353622437,0.618062436580658,0.35966265201568604,-0.036142777651548386,PA Finger
0.48678627610206604,0.8364782333374023,2.9650044552909094e-07,0.38529953360557556,0.7730276584625244,-0.021976105868816376,0.3276671767234802,0.6656832695007324,-0.03466329723596573,0.29807883501052856,0.5555967688560486,-0.04233020916581154,0.263245552778244,0.4844595193862915,-0.04924222081899643,0.42039990425109863,0.5344468951225281,-0.03383936733007431,0.40381133556365967,0.3860704004764557,-0.046013232320547104,0.3974463939666748,0.3035120368003845,-0.05333467572927475,0.3968532085418701,0.23887470364570618,-0.05831828713417053,0.4801328480243683,0.5271573662757874,-0.03003538027405739,0.4898260533809662,0.36772364377975464,-0.04565029591321945,0.4964252710342407,0.27445733547210693,-0.054550934582948685,0.506919801235199,0.20553088188171387,-0.060235172510147095,0.5266404747962952,0.5456771850585938,-0.02669968642294407,0.5456169247627258,0.40587592124938965,-0.04169329255819321,0.5587304830551147,0.317912757396698,-0.052545223385095596,0.5691043734550476,0.25019562244415283,-0.05867966264486313,0.5633910894393921,0.5820174217224121,-0.024031108245253563,0.591854453086853,0.4794255495071411,-0.03190942481160164,0.6063079833984375,0.41476792097091675,-0.034786075353622437,0.618062436580658,0.35966265201568604,-0.036142777651548386,PA Finger
0.4851776361465454,0.8399104475975037,2.657527318206121e-07,0.38658058643341064,0.77321457862854,-0.018193094059824944,0.32796531915664673,0.6695243120193481,-0.02931942604482174,0.29870080947875977,0.5616984963417053,-0.036572039127349854,0.26450732350349426,0.490155428647995,-0.043165456503629684,0.42039525508880615,0.5331839919090271,-0.027825109660625458,0.4055025577545166,0.3885718286037445,-0.036692362278699875,0.4005460739135742,0.30885380506515503,-0.04136184975504875,0.40084755420684814,0.2465883195400238,-0.04489845409989357,0.48145732283592224,0.5261122584342957,-0.025868555530905724,0.48934024572372437,0.3693281412124634,-0.03925621882081032,0.4966956079006195,0.2800830602645874,-0.04727558046579361,0.5078247785568237,0.21377718448638916,-0.05277564004063606,0.5283606052398682,0.5458458662033081,-0.024158187210559845,0.5464149713516235,0.40791934728622437,-0.037313442677259445,0.5607532262802124,0.32095712423324585,-0.047040410339832306,0.5719346404075623,0.25377339124679565,-0.053143616765737534,0.5654923319816589,0.5823073387145996,-0.022854818031191826,0.59511399269104,0.48244228959083557,-0.028618497774004936,0.6099258661270142,0.4205549955368042,-0.030132923275232315,0.6215075254440308,0.36833471059799194,-0.031173868104815483,PA Finger
0.4851776361465454,0.8399104475975037,2.657527318206121e-07,0.38658058643341064,0.77321457862854,-0.018193094059824944,0.32796531915664673,0.6695243120193481,-0.02931942604482174,0.29870080947875977,0.5616984963417053,-0.036572039127349854,0.26450732350349426,0.490155428647995,-0.043165456503629684,0.42039525508880615,0.5331839919090271,-0.027825109660625458,0.4055025577545166,0.3885718286037445,-0.036692362278699875,0.4005460739135742,0.30885380506515503,-0.04136184975504875,0.40084755420684814,0.2465883195400238,-0.04489845409989357,0.48145732283592224,0.5261122584342957,-0.025868555530905724,0.48934024572372437,0.3693281412124634,-0.03925621882081032,0.4966956079006195,0.2800830602645874,-0.04727558046579361,0.5078247785568237,0.21377718448638916,-0.05277564004063606,0.5283606052398682,0.5458458662033081,-0.024158187210559845,0.5464149713516235,0.40791934728622437,-0.037313442677259445,0.5607532262802124,0.32095712423324585,-0.047040410339832306,0.5719346404075623,0.25377339124679565,-0.053143616765737534,0.5654923319816589,0.5823073387145996,-0.022854818031191826,0.59511399269104,0.48244228959083557,-0.028618497774004936,0.6099258661270142,0.4205549955368042,-0.030132923275232315,0.6215075254440308,0.36833471059799194,-0.031173868104815483,PA Finger
0.48435014486312866,0.8418242931365967,2.8674301688624837e-07,0.38512247800827026,0.7748805284500122,-0.01963026449084282,0.32776182889938354,0.6709969639778137,-0.031858138740062714,0.29880788922309875,0.56173175573349,-0.03992639109492302,0.2638434171676636,0.489246129989624,-0.04718800261616707,0.4195494055747986,0.5366554260253906,-0.030171381309628487,0.4041408598423004,0.39026230573654175,-0.03962746262550354,0.39954453706741333,0.30929064750671387,-0.044283945113420486,0.40028244256973267,0.24660781025886536,-0.04764536768198013,0.48063570261001587,0.5292860269546509,-0.027770163491368294,0.4892987012863159,0.3706752061843872,-0.0409277118742466,0.49737349152565,0.28024476766586304,-0.04890401288866997,0.5092260837554932,0.21359112858772278,-0.05449295789003372,0.5279886722564697,0.5479303598403931,-0.025646410882472992,0.546434760093689,0.4080178141593933,-0.038592055439949036,0.5613457560539246,0.3202207088470459,-0.048491306602954865,0.5733011364936829,0.25314319133758545,-0.054852548986673355,0.5659019351005554,0.5833396315574646,-0.024038026109337807,0.5952281951904297,0.482643187046051,-0.029825452715158463,0.6103029847145081,0.4200829267501831,-0.03157321736216545,0.6222991943359375,0.36740946769714355,-0.03278185799717903,PA Finger
0.4878751039505005,0.8378285765647888,2.274492487686075e-07,0.38849711418151855,0.7716228365898132,-0.02015349268913269,0.3301834166049957,0.66811603307724,-0.0328754261136055,0.3009296655654907,0.5606451630592346,-0.041752032935619354,0.2678593397140503,0.48665544390678406,-0.05064339190721512,0.4191983938217163,0.5315325260162354,-0.0290039274841547,0.4038417339324951,0.39077743887901306,-0.03918011114001274,0.39875540137290955,0.31055402755737305,-0.04695674777030945,0.3987109959125519,0.24444416165351868,-0.05370980128645897,0.48045098781585693,0.5239086747169495,-0.027155904099345207,0.48949384689331055,0.3702215254306793,-0.039484310895204544,0.4970822334289551,0.2802498936653137,-0.049122512340545654,0.507797122001648,0.21322420239448547,-0.05716374143958092,0.5283491611480713,0.5442543625831604,-0.025919513776898384,0.5449820756912231,0.4061972200870514,-0.03901837393641472,0.5595313906669617,0.31917792558670044,-0.05126482993364334,0.5698556303977966,0.25154587626457214,-0.06009984761476517,0.5674905180931091,0.5825858116149902,-0.02536599151790142,0.5965023040771484,0.4837220311164856,-0.03344244882464409,0.6111430525779724,0.42017656564712524,-0.037871167063713074,0.621817946434021,0.36548686027526855,-0.04140084609389305,PA Finger
0.4879913926124573,0.837593674659729,2.424573892767512e-07,0.3894231915473938,0.7745888233184814,-0.019566796720027924,0.3300495743751526,0.6744943261146545,-0.03227420896291733,0.299361914396286,0.5680058598518372,-0.04134082794189453,0.26748090982437134,0.49344828724861145,-0.049846965819597244,0.4173550605773926,0.5346056818962097,-0.030250944197177887,0.40531644225120544,0.38829368352890015,-0.042633846402168274,0.4007713496685028,0.3066784143447876,-0.04910707473754883,0.4003273844718933,0.24335968494415283,-0.05341630056500435,0.4782349765300751,0.5278541445732117,-0.029287118464708328,0.48696041107177734,0.3689720034599304,-0.0432216078042984,0.49444812536239624,0.27907589077949524,-0.05138218030333519,0.5049188733100891,0.21166002750396729,-0.05719897150993347,0.5268336534500122,0.548519492149353,-0.029242977499961853,0.5445003509521484,0.40891233086586,-0.04363153129816055,0.5585229992866516,0.321918249130249,-0.053822100162506104,0.5694449543952942,0.25513553619384766,-0.06034362316131592,0.5670156478881836,0.5842992067337036,-0.029832661151885986,0.5954852104187012,0.4840452969074249,-0.03759858384728432,0.6108596324920654,0.4215872883796692,-0.040296174585819244,0.6230112910270691,0.3685244023799896,-0.04206026345491409,PA Finger
0.4879913926124573,0.837593674659729,2.424573892767512e-07,0.3894231915473938,0.7745888233184814,-0.019566796720027924,0.3300495743751526,0.6744943261146545,-0.03227420896291733,0.299361914396286,0.5680058598518372,-0.04134082794189453,0.26748090982437134,0.49344828724861145,-0.049846965819597244,0.4173550605773926,0.5346056818962097,-0.030250944197177887,0.40531644225120544,0.38829368352890015,-0.042633846402168274,0.4007713496685028,0.3066784143447876,-0.04910707473754883,0.4003273844718933,0.24335968494415283,-0.05341630056500435,0.4782349765300751,0.5278541445732117,-0.029287118464708328,0.48696041107177734,0.3689720034599304,-0.0432216078042984,0.49444812536239624,0.27907589077949524,-0.05138218030333519,0.5049188733100891,0.21166002750396729,-0.05719897150993347,0.5268336534500122,0.548519492149353,-0.029242977499961853,0.5445003509521484,0.40891233086586,-0.04363153129816055,0.5585229992866516,0.321918249130249,-0.053822100162506104,0.5694449543952942,0.25513553619384766,-0.06034362316131592,0.5670156478881836,0.5842992067337036,-0.029832661151885986,0.5954852104187012,0.4840452969074249,-0.03759858384728432,0.6108596324920654,0.4215872883796692,-0.040296174585819244,0.6230112910270691,0.3685244023799896,-0.04206026345491409,PA Finger
0.4869615137577057,0.8401732444763184,2.8268453888813383e-07,0.3889729082584381,0.7731773853302002,-0.020718833431601524,0.33067139983177185,0.6691228151321411,-0.03277801349759102,0.2992585003376007,0.5601803660392761,-0.040583644062280655,0.2635941207408905,0.4869300127029419,-0.047759171575307846,0.41905730962753296,0.5335981845855713,-0.02845269814133644,0.40322625637054443,0.38823220133781433,-0.037402328103780746,0.39776915311813354,0.3084315061569214,-0.0426483117043972,0.39753013849258423,0.2451607882976532,-0.04677679389715195,0.48018255829811096,0.525602400302887,-0.025194644927978516,0.48734378814697266,0.36892056465148926,-0.03786727413535118,0.49401336908340454,0.27987393736839294,-0.046737607568502426,0.5043025612831116,0.21310552954673767,-0.053438276052474976,0.5269256234169006,0.5448657870292664,-0.022414714097976685,0.5437349677085876,0.40651923418045044,-0.03497227653861046,0.5573130249977112,0.32006949186325073,-0.045070748776197433,0.5681021809577942,0.2529201805591583,-0.05194859206676483,0.5641408562660217,0.5800650715827942,-0.02026042900979519,0.5915655493736267,0.4796636402606964,-0.02557148039340973,0.6061803102493286,0.4183560609817505,-0.027271680533885956,0.6179076433181763,0.36623847484588623,-0.028894776478409767,PA Finger
0.4869615137577057,0.8401732444763184,2.8268453888813383e-07,0.3889729082584381,0.7731773853302002,-0.020718833431601524,0.33067139983177185,0.6691228151321411,-0.03277801349759102,0.2992585003376007,0.5601803660392761,-0.040583644062280655,0.2635941207408905,0.4869300127029419,-0.047759171575307846,0.41905730962753296,0.5335981845855713,-0.02845269814133644,0.40322625637054443,0.38823220133781433,-0.037402328103780746,0.39776915311813354,0.3084315061569214,-0.0426483117043972,0.39753013849258423,0.2451607882976532,-0.04677679389715195,0.48018255829811096,0.525602400302887,-0.025194644927978516,0.48734378814697266,0.36892056465148926,-0.03786727413535118,0.49401336908340454,0.27987393736839294,-0.046737607568502426,0.5043025612831116,0.21310552954673767,-0.053438276052474976,0.5269256234169006,0.5448657870292664,-0.022414714097976685,0.5437349677085876,0.40651923418045044,-0.03497227653861046,0.5573130249977112,0.32006949186325073,-0.045070748776197433,0.5681021809577942,0.2529201805591583,-0.05194859206676483,0.5641408562660217,0.5800650715827942,-0.02026042900979519,0.5915655493736267,0.4796636402606964,-0.02557148039340973,0.6061803102493286,0.4183560609817505,-0.027271680533885956,0.6179076433181763,0.36623847484588623,-0.028894776478409767,PA Finger
0.4852290451526642,0.845255970954895,2.6915816420114425e-07,0.387241929769516,0.7758437395095825,-0.01934443600475788,0.3304844796657562,0.6707680225372314,-0.030781785026192665,0.2992633581161499,0.5615994930267334,-0.038253337144851685,0.26440227031707764,0.4884137809276581,-0.045105475932359695,0.42017674446105957,0.5346460342407227,-0.026168208569288254,0.40320783853530884,0.38968902826309204,-0.034724339842796326,0.39773693680763245,0.3092462122440338,-0.03986178711056709,0.39807724952697754,0.2455473244190216,-0.043668076395988464,0.48119527101516724,0.5266304612159729,-0.02306770347058773,0.4866734743118286,0.36964839696884155,-0.0347898006439209,0.4922695755958557,0.27896952629089355,-0.042829833924770355,0.5026728510856628,0.2115660011768341,-0.048754189163446426,0.5282281041145325,0.5455276370048523,-0.020404620096087456,0.5442466735839844,0.4060133397579193,-0.03202259540557861,0.556226909160614,0.31714725494384766,-0.04183425381779671,0.5659281611442566,0.24862989783287048,-0.04837379604578018,0.56561678647995,0.5810360312461853,-0.018295424059033394,0.592962384223938,0.47994500398635864,-0.022433388978242874,0.6068228483200073,0.41645288467407227,-0.023385431617498398,0.6179947257041931,0.3628521263599396,-0.0243375301361084,PA Finger
0.4881346821784973,0.8431762456893921,2.567499564065656e-07,0.38994649052619934,0.7774798274040222,-0.022065168246626854,0.3317463994026184,0.6732900142669678,-0.034938231110572815,0.30126404762268066,0.5632302761077881,-0.0438026487827301,0.2657257318496704,0.48955363035202026,-0.05219313129782677,0.42033228278160095,0.5361093878746033,-0.028470328077673912,0.40412449836730957,0.39070767164230347,-0.03916124254465103,0.3990391790866852,0.31051546335220337,-0.04632990062236786,0.39976993203163147,0.24674084782600403,-0.05177317559719086,0.48106464743614197,0.5272015333175659,-0.02549833059310913,0.4861794114112854,0.36938321590423584,-0.03902329131960869,0.491504967212677,0.27880528569221497,-0.04900206997990608,0.5011821985244751,0.210921972990036,-0.05660063028335571,0.5278744101524353,0.545412003993988,-0.023393798619508743,0.5443307161331177,0.40631604194641113,-0.036765482276678085,0.5567119121551514,0.3190813660621643,-0.047832950949668884,0.566143810749054,0.25154998898506165,-0.05546434223651886,0.5652233362197876,0.5801642537117004,-0.022161919623613358,0.5929825305938721,0.47970691323280334,-0.02857930399477482,0.6068384647369385,0.417131245136261,-0.03113558329641819,0.6177478432655334,0.3640018105506897,-0.03334607928991318,PA Finger
0.4866476356983185,0.8411130905151367,2.3728900089281524e-07,0.38905906677246094,0.7750096321105957,-0.01847185008227825,0.3309832811355591,0.6695305109024048,-0.029073383659124374,0.29975008964538574,0.562105119228363,-0.03656483069062233,0.26444801688194275,0.49021562933921814,-0.04374763369560242,0.419533371925354,0.5317022204399109,-0.023679370060563087,0.4040692150592804,0.3869667053222656,-0.03381463885307312,0.39930763840675354,0.30703091621398926,-0.04064404219388962,0.3995630443096161,0.24415051937103271,-0.045590102672576904,0.4800562858581543,0.5243186950683594,-0.022984005510807037,0.48602551221847534,0.3666534423828125,-0.03374289721250534,0.49210768938064575,0.27757924795150757,-0.042001351714134216,0.5019760727882385,0.21065902709960938,-0.04855480045080185,0.527466893196106,0.5440487265586853,-0.023427922278642654,0.5435845255851746,0.4059496819972992,-0.035413771867752075,0.5565940737724304,0.319469153881073,-0.04575522243976593,0.566831648349762,0.25214213132858276,-0.053044646978378296,0.5663780570030212,0.5795574188232422,-0.024631133303046227,0.5946105122566223,0.4788815379142761,-0.030711086466908455,0.6092430949211121,0.41592147946357727,-0.0327887199819088,0.6206142902374268,0.36230596899986267,-0.034637078642845154,PA Finger
0.4854259490966797,0.8370661735534668,3.600184754759539e-07,0.3858160972595215,0.7710064649581909,-0.023818686604499817,0.3286100924015045,0.6720364093780518,-0.03803209960460663,0.29965484142303467,0.5641272664070129,-0.04761914163827896,0.2648431062698364,0.48779794573783875,-0.05624023452401161,0.4209144115447998,0.5327215790748596,-0.03281121701002121,0.40318524837493896,0.38796037435531616,-0.04394888877868652,0.3980051279067993,0.3068813681602478,-0.049933407455682755,0.3979054391384125,0.24153980612754822,-0.054262250661849976,0.4816399812698364,0.5269960761070251,-0.030356084927916527,0.48634663224220276,0.36984288692474365,-0.04354405775666237,0.4926254451274872,0.27720779180526733,-0.05253877490758896,0.5032217502593994,0.2083270251750946,-0.05923733487725258,0.5283679962158203,0.5468413829803467,-0.028939470648765564,0.5445596575737,0.4095675051212311,-0.0429820790886879,0.5567822456359863,0.32125893235206604,-0.05455220490694046,0.5673206448554993,0.2516652047634125,-0.06271179020404816,0.5658809542655945,0.5809862017631531,-0.028541354462504387,0.5930905938148499,0.4812321066856384,-0.03862345218658447,0.6074848771095276,0.4177822768688202,-0.04300105571746826,0.6195909380912781,0.3613658547401428,-0.04584723711013794,PA Finger
0.487048476934433,0.8318768739700317,3.3650482578195806e-07,0.38718342781066895,0.7662185430526733,-0.022550832480192184,0.3310728371143341,0.663932204246521,-0.036646779626607895,0.30210238695144653,0.5580294132232666,-0.046569664031267166,0.2666683793067932,0.4858839511871338,-0.0561365969479084,0.41860172152519226,0.5298604965209961,-0.03209644928574562,0.4044618010520935,0.387954443693161,-0.04591009393334389,0.4007053077220917,0.30717411637306213,-0.054962605237960815,0.401552677154541,0.24422341585159302,-0.06142406165599823,0.4796621799468994,0.5236979722976685,-0.031114738434553146,0.48827865719795227,0.36840832233428955,-0.04379381239414215,0.49605798721313477,0.27667558193206787,-0.05346852168440819,0.5068997740745544,0.20886364579200745,-0.06108410656452179,0.5274162292480469,0.5436331033706665,-0.031557392328977585,0.5441879630088806,0.4051327407360077,-0.04628763347864151,0.5568557977676392,0.3188995122909546,-0.05901792645454407,0.5669671893119812,0.25266125798225403,-0.06804133951663971,0.5670072436332703,0.5792288184165955,-0.03297244757413864,0.594059407711029,0.48129206895828247,-0.044146519154310226,0.6081190705299377,0.41846394538879395,-0.050002288073301315,0.6195217370986938,0.3635460138320923,-0.054041869938373566,PA Finger
0.487048476934433,0.8318768739700317,3.3650482578195806e-07,0.38718342781066895,0.7662185430526733,-0.022550832480192184,0.3310728371143341,0.663932204246521,-0.036646779626607895,0.30210238695144653,0.5580294132232666,-0.046569664031267166,0.2666683793067932,0.4858839511871338,-0.0561365969479084,0.41860172152519226,0.5298604965209961,-0.03209644928574562,0.4044618010520935,0.387954443693161,-0.04591009393334389,0.4007053077220917,0.30717411637306213,-0.054962605237960815,0.401552677154541,0.24422341585159302,-0.06142406165599823,0.4796621799468994,0.5236979722976685,-0.031114738434553146,0.48827865719795227,0.36840832233428955,-0.04379381239414215,0.49605798721313477,0.27667558193206787,-0.05346852168440819,0.5068997740745544,0.20886364579200745,-0.06108410656452179,0.5274162292480469,0.5436331033706665,-0.031557392328977585,0.5441879630088806,0.4051327407360077,-0.04628763347864151,0.5568557977676392,0.3188995122909546,-0.05901792645454407,0.5669671893119812,0.25266125798225403,-0.06804133951663971,0.5670072436332703,0.5792288184165955,-0.03297244757413864,0.594059407711029,0.48129206895828247,-0.044146519154310226,0.6081190705299377,0.41846394538879395,-0.050002288073301315,0.6195217370986938,0.3635460138320923,-0.054041869938373566,PA Finger
0.4924289882183075,0.8358439207077026,2.1897231761158764e-07,0.3931660056114197,0.7698917388916016,-0.018108291551470757,0.33275532722473145,0.6652562022209167,-0.02958649955689907,0.30116161704063416,0.5574691295623779,-0.03771437704563141,0.2675691843032837,0.4850672483444214,-0.045730505138635635,0.4211227297782898,0.5326963067054749,-0.027221981436014175,0.40417176485061646,0.38768136501312256,-0.038438934832811356,0.3987926244735718,0.30919569730758667,-0.04517332836985588,0.3988926112651825,0.2458362877368927,-0.04987110570073128,0.4806298613548279,0.525407075881958,-0.026150228455662727,0.48700380325317383,0.3644746243953705,-0.03967147693037987,0.4926404356956482,0.2744651734828949,-0.048061124980449677,0.5026534199714661,0.20676827430725098,-0.0539652481675148,0.5278447866439819,0.5446200370788574,-0.025777481496334076,0.5434448719024658,0.40434160828590393,-0.03930189087986946,0.5564497709274292,0.31661441922187805,-0.04966330528259277,0.5671476125717163,0.24962051212787628,-0.056195925921201706,0.5667359828948975,0.579328179359436,-0.025925813242793083,0.5932676196098328,0.4776460826396942,-0.031474389135837555,0.6075699925422668,0.4144570827484131,-0.03290786221623421,0.6195098161697388,0.36193251609802246,-0.03407550975680351,PA Finger
0.4909414052963257,0.8322329521179199,3.293913835022977e-07,0.3887256681919098,0.7713919281959534,-0.02098044566810131,0.3311604857444763,0.6651920080184937,-0.032796118408441544,0.301499605178833,0.5555660128593445,-0.03972097486257553,0.2661871910095215,0.48613086342811584,-0.04615886136889458,0.4203534722328186,0.5328636169433594,-0.031331535428762436,0.4051359295845032,0.3889308571815491,-0.04221887141466141,0.3994256258010864,0.30579787492752075,-0.049166541546583176,0.39826837182044983,0.24074742197990417,-0.05421358346939087,0.4802761971950531,0.5254918932914734,-0.0279056578874588,0.48972582817077637,0.3696534037590027,-0.04038902372121811,0.4961022734642029,0.2756156325340271,-0.0485079251229763,0.5055626630783081,0.2065710723400116,-0.054048098623752594,0.5276961922645569,0.5445287227630615,-0.025058576837182045,0.5442333817481995,0.40662670135498047,-0.03840715065598488,0.5581451058387756,0.31668758392333984,-0.05113990977406502,0.5686342716217041,0.2479548156261444,-0.05912335216999054,0.5664349794387817,0.5810785889625549,-0.02272135578095913,0.5940577983856201,0.4802151918411255,-0.030980266630649567,0.6086345911026001,0.41591325402259827,-0.035627782344818115,0.6206777095794678,0.36133748292922974,-0.0383671298623085,PA Finger
0.48885485529899597,0.8357810974121094,3.162684834023821e-07,0.3883305788040161,0.7729021310806274,-0.02346998080611229,0.33025476336479187,0.6662483215332031,-0.036675941199064255,0.2994799315929413,0.5560255646705627,-0.044643837958574295,0.26304134726524353,0.48402053117752075,-0.051742516458034515,0.4210929274559021,0.5330727100372314,-0.03263889253139496,0.40345680713653564,0.3857654333114624,-0.04370574653148651,0.39666905999183655,0.3038376569747925,-0.05058199167251587,0.39550721645355225,0.2389145791530609,-0.05556132271885872,0.4811551570892334,0.5259312987327576,-0.027903735637664795,0.48881247639656067,0.3678663671016693,-0.04285776615142822,0.49510347843170166,0.2749636769294739,-0.0519014447927475,0.5056514143943787,0.20636209845542908,-0.057747889310121536,0.527690589427948,0.5452465415000916,-0.023771455511450768,0.5433456897735596,0.4054964482784271,-0.03836558014154434,0.5558802485466003,0.3159463405609131,-0.049455054104328156,0.5661304593086243,0.24652323126792908,-0.05583692714571953,0.5649763345718384,0.5827040076255798,-0.020410148426890373,0.5910733938217163,0.4790383279323578,-0.028190109878778458,0.603914737701416,0.4127417802810669,-0.03107902593910694,0.6146489381790161,0.3565711975097656,-0.032483506947755814,PA Finger
0.48834681510925293,0.8361583948135376,2.3133199533731386e-07,0.38878554105758667,0.7707428932189941,-0.01791868545114994,0.32922977209091187,0.664151668548584,-0.027457090094685555,0.29691052436828613,0.556374728679657,-0.03308989107608795,0.26437920331954956,0.48481112718582153,-0.038089580833911896,0.42011162638664246,0.5275800824165344,-0.023995814844965935,0.4007894992828369,0.3845389485359192,-0.03125292807817459,0.3947443664073944,0.3065366744995117,-0.03565774857997894,0.3950065076351166,0.2439863383769989,-0.039075933396816254,0.4803842306137085,0.5185408592224121,-0.02081228792667389,0.48532170057296753,0.3609854280948639,-0.032465893775224686,0.49010440707206726,0.271024227142334,-0.040285948663949966,0.5002993941307068,0.20457148551940918,-0.04569085314869881,0.5272443294525146,0.5366984605789185,-0.01793462596833706,0.5420271754264832,0.39901748299598694,-0.02943335473537445,0.553656280040741,0.31215769052505493,-0.03907743841409683,0.5633975267410278,0.24595907330513,-0.04496766999363899,0.5645595788955688,0.5721414685249329,-0.015477847307920456,0.5912157297134399,0.4711364805698395,-0.018573196604847908,0.604691207408905,0.40804344415664673,-0.0189770869910717,0.6151545643806458,0.3558182120323181,-0.01945188269019127,PA Finger
0.4893704056739807,0.837360680103302,1.6022724480535544e-07,0.3912673592567444,0.7708455324172974,-0.016254661604762077,0.33154135942459106,0.6662735939025879,-0.026714203879237175,0.2991943955421448,0.5562765002250671,-0.034410808235406876,0.26598790287971497,0.4840063452720642,-0.04248658940196037,0.4150165915489197,0.5262734293937683,-0.02418728917837143,0.3997829258441925,0.3816150724887848,-0.03373492881655693,0.39386677742004395,0.300082266330719,-0.040473341941833496,0.39352190494537354,0.23348766565322876,-0.04603077098727226,0.475587397813797,0.5150731801986694,-0.02272219955921173,0.48171958327293396,0.35608989000320435,-0.03357324376702309,0.4889495074748993,0.26666951179504395,-0.04164917394518852,0.5005785822868347,0.20220640301704407,-0.04851089045405388,0.524555504322052,0.5331928730010986,-0.02166079543530941,0.5373973846435547,0.39226287603378296,-0.031659044325351715,0.550571858882904,0.307823121547699,-0.041343964636325836,0.5606679320335388,0.24341857433319092,-0.04865438491106033,0.564337432384491,0.5691946148872375,-0.02123928815126419,0.5907395482063293,0.4700833261013031,-0.024192947894334793,0.6048675775527954,0.40762490034103394,-0.025667928159236908,0.6161574721336365,0.3549918234348297,-0.027639739215373993,PA Finger
0.4913356602191925,0.8390247821807861,1.8206768004347396e-07,0.39256200194358826,0.7713260054588318,-0.016175303608179092,0.33279895782470703,0.6658313274383545,-0.026739850640296936,0.2995176315307617,0.5547007918357849,-0.034288156777620316,0.2659706771373749,0.4811420738697052,-0.04198164865374565,0.4172121286392212,0.5276094079017639,-0.024992473423480988,0.39949992299079895,0.38119518756866455,-0.03419842943549156,0.39332425594329834,0.29923683404922485,-0.04032782092690468,0.3937515318393707,0.23313918709754944,-0.04525629058480263,0.4770096242427826,0.5168671607971191,-0.023196812719106674,0.48182213306427,0.3547326922416687,-0.0352080799639225,0.48922857642173767,0.2630390524864197,-0.043432533740997314,0.501495897769928,0.19752249121665955,-0.049844883382320404,0.5254802703857422,0.5347520112991333,-0.021591633558273315,0.5373705625534058,0.39325860142707825,-0.032570160925388336,0.5512099862098694,0.30680492520332336,-0.042478661984205246,0.5619913339614868,0.241568922996521,-0.04925772547721863,0.566088855266571,0.5704198479652405,-0.020467452704906464,0.5923378467559814,0.46807628870010376,-0.023830844089388847,0.6064479351043701,0.4034522473812103,-0.0251462459564209,0.6171428561210632,0.3491278886795044,-0.02662096545100212,PA Finger
0.4913356602191925,0.8390247821807861,1.8206768004347396e-07,0.39256200194358826,0.7713260054588318,-0.016175303608179092,0.33279895782470703,0.6658313274383545,-0.026739850640296936,0.2995176315307617,0.5547007918357849,-0.034288156777620316,0.2659706771373749,0.4811420738697052,-0.04198164865374565,0.4172121286392212,0.5276094079017639,-0.024992473423480988,0.39949992299079895,0.38119518756866455,-0.03419842943549156,0.39332425594329834,0.29923683404922485,-0.04032782092690468,0.3937515318393707,0.23313918709754944,-0.04525629058480263,0.4770096242427826,0.5168671607971191,-0.023196812719106674,0.48182213306427,0.3547326922416687,-0.0352080799639225,0.48922857642173767,0.2630390524864197,-0.043432533740997314,0.501495897769928,0.19752249121665955,-0.049844883382320404,0.5254802703857422,0.5347520112991333,-0.021591633558273315,0.5373705625534058,0.39325860142707825,-0.032570160925388336,0.5512099862098694,0.30680492520332336,-0.042478661984205246,0.5619913339614868,0.241568922996521,-0.04925772547721863,0.566088855266571,0.5704198479652405,-0.020467452704906464,0.5923378467559814,0.46807628870010376,-0.023830844089388847,0.6064479351043701,0.4034522473812103,-0.0251462459564209,0.6171428561210632,0.3491278886795044,-0.02662096545100212,PA Finger
0.49131059646606445,0.8447144031524658,1.3641644613926474e-07,0.39313194155693054,0.7725754976272583,-0.014552971348166466,0.3338954448699951,0.6649959683418274,-0.02561284974217415,0.3004375100135803,0.553593099117279,-0.03365512937307358,0.2648685872554779,0.48194217681884766,-0.041772883385419846,0.41817551851272583,0.5283305644989014,-0.028522977605462074,0.399535208940506,0.37949854135513306,-0.038134846836328506,0.3929131329059601,0.29678505659103394,-0.04238227754831314,0.39218515157699585,0.23291516304016113,-0.04530515521764755,0.4800947904586792,0.5180824995040894,-0.027477039024233818,0.483688086271286,0.3532302975654602,-0.04102323204278946,0.4892653822898865,0.2616764307022095,-0.0477958582341671,0.49939364194869995,0.19753879308700562,-0.05236397683620453,0.5292436480522156,0.5366594791412354,-0.026034465059638023,0.539891242980957,0.3913411498069763,-0.03794708475470543,0.5520472526550293,0.30566632747650146,-0.04621170833706856,0.5607648491859436,0.2418084740638733,-0.051204122602939606,0.5683515667915344,0.5731363892555237,-0.02470186911523342,0.5927540063858032,0.46726641058921814,-0.027675483375787735,0.6054585576057434,0.40204280614852905,-0.027349280193448067,0.6151793599128723,0.3483465015888214,-0.027172978967428207,PA Finger
0.497286319732666,0.8347830772399902,1.6345234143955167e-07,0.39767736196517944,0.7695363759994507,-0.017319561913609505,0.33657705783843994,0.6668928265571594,-0.029091503471136093,0.3028850257396698,0.5564590692520142,-0.037452664226293564,0.2680448889732361,0.48376235365867615,-0.04595232754945755,0.4206066131591797,0.5285803079605103,-0.028747806325554848,0.4027900695800781,0.38136082887649536,-0.038603752851486206,0.3961150646209717,0.2994753420352936,-0.04376773536205292,0.3956577181816101,0.23567011952400208,-0.04751857742667198,0.4821765124797821,0.5162795186042786,-0.026153147220611572,0.4857840836048126,0.35395365953445435,-0.03802984580397606,0.49151021242141724,0.2637452483177185,-0.044970493763685226,0.5021648406982422,0.2010715901851654,-0.05042243376374245,0.5318540334701538,0.5324316024780273,-0.023697013035416603,0.5408626198768616,0.39028966426849365,-0.03422807157039642,0.5514755249023438,0.3051479756832123,-0.04338064789772034,0.5597628355026245,0.24136728048324585,-0.049810104072093964,0.572281539440155,0.5660176277160645,-0.021764274686574936,0.5965047478675842,0.4636381268501282,-0.02443947270512581,0.6088619828224182,0.40075525641441345,-0.025374753400683403,0.618497908115387,0.3483758568763733,-0.02668812870979309,PA Finger
0.49881935119628906,0.8377488255500793,2.2187404624673945e-07,0.39819449186325073,0.7698724269866943,-0.0190286822617054,0.33851197361946106,0.6634398102760315,-0.031412236392498016,0.30517882108688354,0.5540949702262878,-0.03970368951559067,0.27065974473953247,0.4816901683807373,-0.048046138137578964,0.42553648352622986,0.5261539816856384,-0.030699193477630615,0.4069734811782837,0.3826342225074768,-0.0407046377658844,0.4001317620277405,0.30112728476524353,-0.04693860188126564,0.39889177680015564,0.23648607730865479,-0.05151890590786934,0.4861907362937927,0.5188876390457153,-0.027683043852448463,0.48906567692756653,0.3602961301803589,-0.04040846973657608,0.49482461810112,0.2672067880630493,-0.048964980989694595,0.5046699643135071,0.20136934518814087,-0.05545714870095253,0.5341466069221497,0.5387082099914551,-0.024839919060468674,0.5453193187713623,0.39769789576530457,-0.03726140409708023,0.5578997731208801,0.30948689579963684,-0.04957066476345062,0.5664991736412048,0.24385392665863037,-0.05762118101119995,0.5725175738334656,0.5750802755355835,-0.022348551079630852,0.5969362854957581,0.4697364568710327,-0.028332483023405075,0.6095581650733948,0.40304282307624817,-0.03213032707571983,0.6194906830787659,0.34768474102020264,-0.034893859177827835,PA Finger
0.49730318784713745,0.8369712829589844,2.0687403434749285e-07,0.399173766374588,0.7653498649597168,-0.01925506256520748,0.3392936587333679,0.6606061458587646,-0.03292112424969673,0.30489522218704224,0.552259624004364,-0.04253115504980087,0.2686699330806732,0.48086249828338623,-0.052157532423734665,0.4270475506782532,0.5280080437660217,-0.03478315845131874,0.40583187341690063,0.38083982467651367,-0.04424304887652397,0.3986339271068573,0.29818451404571533,-0.04844905436038971,0.39812761545181274,0.23385211825370789,-0.05176330357789993,0.4875325560569763,0.5200006365776062,-0.03204513341188431,0.48886895179748535,0.3590535521507263,-0.04585232958197594,0.49473586678504944,0.2660897374153137,-0.05468355864286423,0.5058845281600952,0.20028764009475708,-0.06151890382170677,0.5350453853607178,0.5391360521316528,-0.028959963470697403,0.5451656579971313,0.3961127698421478,-0.04230928421020508,0.5573455095291138,0.30800941586494446,-0.05512351542711258,0.5665267705917358,0.24263477325439453,-0.06380506604909897,0.5731174349784851,0.5745487213134766,-0.026054296642541885,0.5967870354652405,0.46921712160110474,-0.03282162547111511,0.6084932088851929,0.40291282534599304,-0.03723985329270363,0.6181929111480713,0.3481289744377136,-0.04064422473311424,PA Finger
0.49730318784713745,0.8369712829589844,2.0687403434749285e-07,0.399173766374588,0.7653498649597168,-0.01925506256520748,0.3392936587333679,0.6606061458587646,-0.03292112424969673,0.30489522218704224,0.552259624004364,-0.04253115504980087,0.2686699330806732,0.48086249828338623,-0.052157532423734665,0.4270475506782532,0.5280080437660217,-0.03478315845131874,0.40583187341690063,0.38083982467651367,-0.04424304887652397,0.3986339271068573,0.29818451404571533,-0.04844905436038971,0.39812761545181274,0.23385211825370789,-0.05176330357789993,0.4875325560569763,0.5200006365776062,-0.03204513341188431,0.48886895179748535,0.3590535521507263,-0.04585232958197594,0.49473586678504944,0.2660897374153137,-0.05468355864286423,0.5058845281600952,0.20028764009475708,-0.06151890382170677,0.5350453853607178,0.5391360521316528,-0.028959963470697403,0.5451656579971313,0.3961127698421478,-0.04230928421020508,0.5573455095291138,0.30800941586494446,-0.05512351542711258,0.5665267705917358,0.24263477325439453,-0.06380506604909897,0.5731174349784851,0.5745487213134766,-0.026054296642541885,0.5967870354652405,0.46921712160110474,-0.03282162547111511,0.6084932088851929,0.40291282534599304,-0.03723985329270363,0.6181929111480713,0.3481289744377136,-0.04064422473311424,PA Finger
0.4998970031738281,0.8356125354766846,2.609102978112787e-07,0.39854270219802856,0.7683807611465454,-0.019970133900642395,0.338846355676651,0.6628986597061157,-0.03213240206241608,0.3064291179180145,0.5551990270614624,-0.03946426883339882,0.27278149127960205,0.48152363300323486,-0.04629882425069809,0.4289167523384094,0.5287278294563293,-0.032903894782066345,0.40833529829978943,0.3839859366416931,-0.04234061390161514,0.4013914465904236,0.3019518256187439,-0.04773717001080513,0.400953471660614,0.23617112636566162,-0.0519837886095047,0.4895135462284088,0.5202075839042664,-0.02896079607307911,0.4911437928676605,0.3615131974220276,-0.04366661608219147,0.4963841736316681,0.2676202058792114,-0.0530424527823925,0.5062340497970581,0.19977617263793945,-0.05966657027602196,0.5367006659507751,0.5385323166847229,-0.02481461502611637,0.5469821095466614,0.39851754903793335,-0.03909843787550926,0.5581068396568298,0.30818527936935425,-0.05173659324645996,0.565601646900177,0.24025216698646545,-0.05957449600100517,0.5750564336776733,0.5746173858642578,-0.02086164988577366,0.6010211706161499,0.47171682119369507,-0.02794826030731201,0.6140071749687195,0.4057776927947998,-0.03194126486778259,0.6235250234603882,0.35043543577194214,-0.03461693227291107,PA Finger
0.4998970031738281,0.8356125354766846,2.609102978112787e-07,0.39854270219802856,0.7683807611465454,-0.019970133900642395,0.338846355676651,0.6628986597061157,-0.03213240206241608,0.3064291179180145,0.5551990270614624,-0.03946426883339882,0.27278149127960205,0.48152363300323486,-0.04629882425069809,0.4289167523384094,0.5287278294563293,-0.032903894782066345,0.40833529829978943,0.3839859366416931,-0.04234061390161514,0.4013914465904236,0.3019518256187439,-0.04773717001080513,0.400953471660614,0.23617112636566162,-0.0519837886095047,0.4895135462284088,0.5202075839042664,-0.02896079607307911,0.4911437928676605,0.3615131974220276,-0.04366661608219147,0.4963841736316681,0.2676202058792114,-0.0530424527823925,0.5062340497970581,0.19977617263793945,-0.05966657027602196,0.5367006659507751,0.5385323166847229,-0.02481461502611637,0.5469821095466614,0.39851754903793335,-0.03909843787550926,0.5581068396568298,0.30818527936935425,-0.05173659324645996,0.565601646900177,0.24025216698646545,-0.05957449600100517,0.5750564336776733,0.5746173858642578,-0.02086164988577366,0.6010211706161499,0.47171682119369507,-0.02794826030731201,0.6140071749687195,0.4057776927947998,-0.03194126486778259,0.6235250234603882,0.35043543577194214,-0.03461693227291107,PA Finger
0.500925600528717,0.8325214385986328,2.620448356083216e-07,0.39902931451797485,0.7676284313201904,-0.021026501432061195,0.3396730422973633,0.664924681186676,-0.033657703548669815,0.30878257751464844,0.5574835538864136,-0.04149005934596062,0.27468711137771606,0.48263588547706604,-0.048866648226976395,0.4294758141040802,0.5272205471992493,-0.03168518841266632,0.4101221263408661,0.38369500637054443,-0.041064050048589706,0.40277132391929626,0.3012302815914154,-0.047251295298337936,0.40166187286376953,0.23369398713111877,-0.05243086442351341,0.49035441875457764,0.5194857120513916,-0.02772887982428074,0.49233752489089966,0.36344772577285767,-0.04178738221526146,0.49764400720596313,0.27008742094039917,-0.051266394555568695,0.5081280469894409,0.20152056217193604,-0.0582253523170948,0.5378248691558838,0.5388514995574951,-0.023901188746094704,0.5478538870811462,0.4007001519203186,-0.03794773668050766,0.5588558912277222,0.3096960186958313,-0.05058695375919342,0.5668675303459167,0.23956647515296936,-0.05865582451224327,0.5768020749092102,0.5759669542312622,-0.02048751339316368,0.6016452312469482,0.47236213088035583,-0.028039950877428055,0.6135568022727966,0.40670114755630493,-0.032040681689977646,0.6223782896995544,0.35065555572509766,-0.03474479913711548,PA Finger
0.4997667372226715,0.830945611000061,3.2128485827342956e-07,0.39625784754753113,0.7674893736839294,-0.023256003856658936,0.33815813064575195,0.6634961366653442,-0.037084855139255524,0.3065425753593445,0.5553305149078369,-0.04569661244750023,0.26929712295532227,0.4845167398452759,-0.053672052919864655,0.4298642873764038,0.5307863354682922,-0.03514612466096878,0.40990889072418213,0.3840862512588501,-0.04735075682401657,0.40285977721214294,0.302661657333374,-0.054934922605752945,0.4022137522697449,0.23839333653450012,-0.060101915150880814,0.4899192452430725,0.5241779088973999,-0.031217440962791443,0.49447619915008545,0.3652116060256958,-0.044615719467401505,0.5000572204589844,0.2718295454978943,-0.05307881534099579,0.5104599595069885,0.20240846276283264,-0.059099096804857254,0.5367945432662964,0.5427401065826416,-0.02804422751069069,0.5505400896072388,0.40209758281707764,-0.042477305978536606,0.5615715384483337,0.31294748187065125,-0.054250456392765045,0.5703607797622681,0.24436038732528687,-0.06164589151740074,0.5753462314605713,0.5776297450065613,-0.025657091289758682,0.601341962814331,0.47386354207992554,-0.03525809198617935,0.6141214370727539,0.4088185727596283,-0.03981604054570198,0.6240200400352478,0.3527962565422058,-0.042486704885959625,PA Finger
0.49985748529434204,0.8316513895988464,2.6704447009251453e-07,0.39803826808929443,0.769126296043396,-0.018914667889475822,0.3387027382850647,0.6651471853256226,-0.03025692142546177,0.3077087700366974,0.5571984648704529,-0.0368899405002594,0.27275627851486206,0.48418155312538147,-0.042812395840883255,0.43000972270965576,0.5321164131164551,-0.030799321830272675,0.41079747676849365,0.38652077317237854,-0.039688631892204285,0.40418684482574463,0.30567294359207153,-0.04392010718584061,0.4032739996910095,0.24164307117462158,-0.04703546687960625,0.49074918031692505,0.5226741433143616,-0.027182508260011673,0.4943281412124634,0.36178112030029297,-0.04214068874716759,0.4988343119621277,0.26989245414733887,-0.050204090774059296,0.5077952146530151,0.20313969254493713,-0.05514177680015564,0.5383188724517822,0.5398103594779968,-0.02329343371093273,0.550564169883728,0.39709073305130005,-0.03681736811995506,0.5611744523048401,0.30912768840789795,-0.04607085883617401,0.5691072940826416,0.24274006485939026,-0.05105273425579071,0.5758613348007202,0.5755729079246521,-0.019657153636217117,0.6008539199829102,0.47081470489501953,-0.02479412779211998,0.6137125492095947,0.40528976917266846,-0.025638695806264877,0.6234831213951111,0.35183238983154297,-0.025722844526171684,PA Finger
0.50090092420578,0.8338916897773743,3.1211436635203427e-07,0.39804214239120483,0.7709242105484009,-0.022995376959443092,0.33823883533477783,0.6648465394973755,-0.03604113683104515,0.3063792288303375,0.5553083419799805,-0.04370170086622238,0.26942306756973267,0.4840649664402008,-0.05033252388238907,0.4297908842563629,0.5323242545127869,-0.03358980640769005,0.4106318950653076,0.3861485421657562,-0.044410642236471176,0.4024737775325775,0.3043164610862732,-0.05074030160903931,0.4000716209411621,0.2395300567150116,-0.05528933182358742,0.4896538257598877,0.524617612361908,-0.029128853231668472,0.4952675402164459,0.36586445569992065,-0.04382525384426117,0.5008460879325867,0.27264028787612915,-0.052371684461832047,0.5112944841384888,0.20338526368141174,-0.05798472836613655,0.5363718867301941,0.5425826907157898,-0.025192158296704292,0.5500102639198303,0.40226927399635315,-0.04017447680234909,0.561404824256897,0.3119012713432312,-0.05168210715055466,0.5709117650985718,0.2419120967388153,-0.05841313675045967,0.5745404362678528,0.5778796672821045,-0.021909112110733986,0.5989267230033875,0.47373443841934204,-0.030623819679021835,0.6114315390586853,0.4079626202583313,-0.0342000275850296,0.6218792200088501,0.35185009241104126,-0.03607597202062607,PA Finger
0.4983230531215668,0.8371551632881165,2.0622591989649663e-07,0.3981681168079376,0.7725144028663635,-0.019323941320180893,0.3386344313621521,0.6671448945999146,-0.029696498066186905,0.3073898255825043,0.5586315393447876,-0.03649388253688812,0.2752038836479187,0.48564815521240234,-0.043060895055532455,0.4291210174560547,0.5279768705368042,-0.02325080707669258,0.4093707799911499,0.3869733214378357,-0.03211610019207001,0.40229910612106323,0.3078891634941101,-0.03922311216592789,0.40194275975227356,0.24260327219963074,-0.045208562165498734,0.48958519101142883,0.5176254510879517,-0.020681176334619522,0.4920633137226105,0.3625447154045105,-0.03385823965072632,0.4960693418979645,0.27124154567718506,-0.044295232743024826,0.505954921245575,0.20288744568824768,-0.05215391516685486,0.5371736288070679,0.5352305769920349,-0.01879292167723179,0.549367368221283,0.3980855345726013,-0.03133850544691086,0.5603375434875488,0.3105536997318268,-0.04254612699151039,0.5700061321258545,0.24265286326408386,-0.04999944567680359,0.5759838223457336,0.5712957382202148,-0.01770065724849701,0.6015964150428772,0.47166332602500916,-0.022676439955830574,0.6151331663131714,0.40707868337631226,-0.024870647117495537,0.6262810230255127,0.3528375029563904,-0.026817217469215393,PA Finger
0.5014996528625488,0.8312826156616211,3.072060223985318e-07,0.40136873722076416,0.7698311805725098,-0.027549216523766518,0.34112975001335144,0.6692925095558167,-0.04531635716557503,0.30614811182022095,0.5605629086494446,-0.0577462799847126,0.26941633224487305,0.48718899488449097,-0.07006973028182983,0.42862436175346375,0.5295820236206055,-0.04174391180276871,0.4100806415081024,0.3853198289871216,-0.05734239146113396,0.4025251865386963,0.304085373878479,-0.06747329235076904,0.4002501666545868,0.23889809846878052,-0.07439317554235458,0.4892321825027466,0.5225821733474731,-0.036193739622831345,0.4923076927661896,0.3635014593601227,-0.053358450531959534,0.4982690215110779,0.2683878540992737,-0.0642535537481308,0.5078743100166321,0.19869130849838257,-0.07201528549194336,0.5371636152267456,0.5424419641494751,-0.03157583251595497,0.5483267903327942,0.3991108536720276,-0.04838630184531212,0.5604798197746277,0.310116708278656,-0.0628407895565033,0.5685973167419434,0.2429995834827423,-0.0716627687215805,0.5758216381072998,0.5781639814376831,-0.027908606454730034,0.6005386710166931,0.4721737504005432,-0.0383308082818985,0.6118649244308472,0.4053729772567749,-0.04456145316362381,0.6201337575912476,0.3496260344982147,-0.0483279675245285,PA Finger
0.5014996528625488,0.8312826156616211,3.072060223985318e-07,0.40136873722076416,0.7698311805725098,-0.027549216523766518,0.34112975001335144,0.6692925095558167,-0.04531635716557503,0.30614811182022095,0.5605629086494446,-0.0577462799847126,0.26941633224487305,0.48718899488449097,-0.07006973028182983,0.42862436175346375,0.5295820236206055,-0.04174391180276871,0.4100806415081024,0.3853198289871216,-0.05734239146113396,0.4025251865386963,0.304085373878479,-0.06747329235076904,0.4002501666545868,0.23889809846878052,-0.07439317554235458,0.4892321825027466,0.5225821733474731,-0.036193739622831345,0.4923076927661896,0.3635014593601227,-0.053358450531959534,0.4982690215110779,0.2683878540992737,-0.0642535537481308,0.5078743100166321,0.19869130849838257,-0.07201528549194336,0.5371636152267456,0.5424419641494751,-0.03157583251595497,0.5483267903327942,0.3991108536720276,-0.04838630184531212,0.5604798197746277,0.310116708278656,-0.0628407895565033,0.5685973167419434,0.2429995834827423,-0.0716627687215805,0.5758216381072998,0.5781639814376831,-0.027908606454730034,0.6005386710166931,0.4721737504005432,-0.0383308082818985,0.6118649244308472,0.4053729772567749,-0.04456145316362381,0.6201337575912476,0.3496260344982147,-0.0483279675245285,PA Finger
0.5027916431427002,0.8341179490089417,2.5474594167462783e-07,0.4010656774044037,0.7698440551757812,-0.020725931972265244,0.3408869504928589,0.6664325594902039,-0.03332623839378357,0.30863630771636963,0.5571388602256775,-0.04150927811861038,0.2727031111717224,0.4839896261692047,-0.049598995596170425,0.43030020594596863,0.5275818109512329,-0.030385565012693405,0.41094842553138733,0.38499337434768677,-0.039911508560180664,0.4038490056991577,0.30344659090042114,-0.04643832892179489,0.4023568332195282,0.23714008927345276,-0.051690563559532166,0.4914800226688385,0.5193723440170288,-0.026455754414200783,0.4948619604110718,0.36147433519363403,-0.04060746356844902,0.49946650862693787,0.26720255613327026,-0.04992679879069328,0.5078345537185669,0.19870346784591675,-0.056542377918958664,0.5391811728477478,0.5385206341743469,-0.022780995815992355,0.5515024662017822,0.39879608154296875,-0.03630280867218971,0.5630224943161011,0.3093056082725525,-0.048108406364917755,0.5706254243850708,0.2404184341430664,-0.055456262081861496,0.5770195722579956,0.5746513605117798,-0.0196043960750103,0.6045907139778137,0.47307583689689636,-0.025542626157402992,0.6183280944824219,0.4077829122543335,-0.0285445898771286,0.6287909746170044,0.3529081344604492,-0.030646279454231262,PA Finger
0.5019235014915466,0.8366539478302002,2.3142244742757612e-07,0.40109795331954956,0.7701733112335205,-0.015549847856163979,0.3397597670555115,0.6646411418914795,-0.024567872285842896,0.3070144057273865,0.5562036633491516,-0.03007734939455986,0.2738308310508728,0.4822368919849396,-0.035434968769550323,0.42943257093429565,0.5292357206344604,-0.022610438987612724,0.4093059301376343,0.38424092531204224,-0.029485639184713364,0.4023655652999878,0.304855614900589,-0.034015003591775894,0.40166836977005005,0.2393845021724701,-0.037933655083179474,0.4900081753730774,0.5187873840332031,-0.02010890282690525,0.49319374561309814,0.35958635807037354,-0.03190729022026062,0.49818333983421326,0.2681882083415985,-0.04028821364045143,0.5089073181152344,0.20063871145248413,-0.04643956199288368,0.5383737683296204,0.5361531376838684,-0.017510095611214638,0.5498705506324768,0.3952023983001709,-0.02801469713449478,0.5611153841018677,0.306997686624527,-0.037945158779621124,0.5708369612693787,0.23976710438728333,-0.044493477791547775,0.5779299139976501,0.572441041469574,-0.015193718485534191,0.6040799617767334,0.47112923860549927,-0.017815927043557167,0.6174893379211426,0.40573176741600037,-0.018833355978131294,0.6284698247909546,0.3515297770500183,-0.019984565675258636,PA Finger
0.5033302307128906,0.8417675495147705,2.0753117269123322e-07,0.4024222791194916,0.7730511426925659,-0.01556115411221981,0.3413168787956238,0.6658620238304138,-0.025351526215672493,0.3091903328895569,0.5548956990242004,-0.032127849757671356,0.274706095457077,0.48107314109802246,-0.03901306167244911,0.42811188101768494,0.5285465121269226,-0.023233328014612198,0.40914595127105713,0.3829084038734436,-0.031443897634744644,0.40270400047302246,0.3008183240890503,-0.03725167736411095,0.40264156460762024,0.23393312096595764,-0.04221540689468384,0.488537073135376,0.5167520642280579,-0.02193867601454258,0.4928559958934784,0.35691311955451965,-0.03339127451181412,0.49951955676078796,0.2642190456390381,-0.04211747273802757,0.5113173723220825,0.19748401641845703,-0.04906686022877693,0.5370194315910339,0.5337246656417847,-0.020756300538778305,0.548789918422699,0.39373278617858887,-0.03190179541707039,0.5616024136543274,0.3060149550437927,-0.04269413650035858,0.5714236497879028,0.2398000955581665,-0.05022326856851578,0.5781311392784119,0.5690902471542358,-0.01995760016143322,0.6043440103530884,0.4679471552371979,-0.0240651685744524,0.6177101135253906,0.40263551473617554,-0.02614906243979931,0.6276689171791077,0.3475152850151062,-0.028203045949339867,PA Finger
0.504368245601654,0.841668426990509,1.6928164825458225e-07,0.40503618121147156,0.7740181684494019,-0.01456428226083517,0.34436559677124023,0.6675500869750977,-0.023604024201631546,0.31114089488983154,0.5582674741744995,-0.030013417825102806,0.27836331725120544,0.48552805185317993,-0.036504656076431274,0.4286004602909088,0.5263984203338623,-0.020450003445148468,0.4106937050819397,0.381558358669281,-0.028392689302563667,0.40412580966949463,0.2998182773590088,-0.03433670848608017,0.4037761092185974,0.23319053649902344,-0.039526961743831635,0.48858582973480225,0.5141142010688782,-0.019865641370415688,0.49391600489616394,0.355113685131073,-0.030187973752617836,0.4997224807739258,0.2645791471004486,-0.03836601972579956,0.5103029608726501,0.1985136866569519,-0.04513324424624443,0.537421464920044,0.5307431221008301,-0.019581543281674385,0.5507121682167053,0.3894166350364685,-0.029755771160125732,0.563105583190918,0.30286240577697754,-0.039525799453258514,0.5725217461585999,0.2372376024723053,-0.04660936817526817,0.5795822143554688,0.5656495690345764,-0.01976451650261879,0.6063132882118225,0.4643295705318451,-0.02318590320646763,0.6198952794075012,0.40038394927978516,-0.02438517101109028,0.6298345327377319,0.34607410430908203,-0.025904422625899315,PA Finger
0.503280520439148,0.8405144214630127,2.3097631185464707e-07,0.4022493362426758,0.7741482853889465,-0.01820545271039009,0.34218066930770874,0.6676625609397888,-0.02912812866270542,0.30964410305023193,0.5589638948440552,-0.03629929944872856,0.27515628933906555,0.4851697087287903,-0.043360285460948944,0.42908594012260437,0.5275053381919861,-0.02626059576869011,0.4110686182975769,0.38532668352127075,-0.03508547693490982,0.40439653396606445,0.3043546974658966,-0.04134749621152878,0.4030032157897949,0.23825085163116455,-0.04669174551963806,0.4897964298725128,0.5183306932449341,-0.024394666776061058,0.49605804681777954,0.3617290258407593,-0.03669173642992973,0.5012522339820862,0.2695481777191162,-0.04542229324579239,0.5105310678482056,0.20177313685417175,-0.05221732705831528,0.5380834341049194,0.5376995205879211,-0.02290686033666134,0.5510889291763306,0.39723217487335205,-0.03542914241552353,0.5631723999977112,0.30753132700920105,-0.04655038192868233,0.5724839568138123,0.23891571164131165,-0.05407223477959633,0.5786681771278381,0.574974536895752,-0.02193066105246544,0.6053890585899353,0.47088703513145447,-0.028127187862992287,0.6190832257270813,0.40433692932128906,-0.03090818226337433,0.629672110080719,0.3477645516395569,-0.03314271941781044,PA Finger
0.503280520439148,0.8405144214630127,2.3097631185464707e-07,0.4022493362426758,0.7741482853889465,-0.01820545271039009,0.34218066930770874,0.6676625609397888,-0.02912812866270542,0.30964410305023193,0.5589638948440552,-0.03629929944872856,0.27515628933906555,0.4851697087287903,-0.043360285460948944,0.42908594012260437,0.5275053381919861,-0.02626059576869011,0.4110686182975769,0.38532668352127075,-0.03508547693490982,0.40439653396606445,0.3043546974658966,-0.04134749621152878,0.4030032157897949,0.23825085163116455,-0.04669174551963806,0.4897964298725128,0.5183306932449341,-0.024394666776061058,0.49605804681777954,0.3617290258407593,-0.03669173642992973,0.5012522339820862,0.2695481777191162,-0.04542229324579239,0.5105310678482056,0.20177313685417175,-0.05221732705831528,0.5380834341049194,0.5376995205879211,-0.02290686033666134,0.5510889291763306,0.39723217487335205,-0.03542914241552353,0.5631723999977112,0.30753132700920105,-0.04655038192868233,0.5724839568138123,0.23891571164131165,-0.05407223477959633,0.5786681771278381,0.574974536895752,-0.02193066105246544,0.6053890585899353,0.47088703513145447,-0.028127187862992287,0.6190832257270813,0.40433692932128906,-0.03090818226337433,0.629672110080719,0.3477645516395569,-0.03314271941781044,PA Finger
0.5016148686408997,0.8347095251083374,2.682648414520372e-07,0.40011417865753174,0.7714649438858032,-0.02037161774933338,0.3394509553909302,0.6655603647232056,-0.03246684744954109,0.3073830008506775,0.5566190481185913,-0.039972227066755295,0.2711934447288513,0.48519936203956604,-0.04686726629734039,0.4293621778488159,0.5291712880134583,-0.031384069472551346,0.41119712591171265,0.3851255774497986,-0.04167310148477554,0.40466582775115967,0.30353760719299316,-0.047778066247701645,0.40325549244880676,0.2388402223587036,-0.05230928212404251,0.4904734194278717,0.5204588174819946,-0.028334487229585648,0.49500319361686707,0.36276137828826904,-0.04320107772946358,0.4995978772640228,0.26980456709861755,-0.05209248885512352,0.5085797905921936,0.20176458358764648,-0.05821496248245239,0.5384234189987183,0.5384929180145264,-0.025485126301646233,0.5522516369819641,0.3990793228149414,-0.03977394849061966,0.5629171133041382,0.309903085231781,-0.05050210654735565,0.5705589056015015,0.24221450090408325,-0.056951701641082764,0.5773555040359497,0.5741536021232605,-0.023159043863415718,0.6026471257209778,0.4705086648464203,-0.03031022474169731,0.6148053407669067,0.4040186405181885,-0.03287414461374283,0.6239785552024841,0.3480721712112427,-0.034341633319854736,PA Finger
0.5016148686408997,0.8347095251083374,2.682648414520372e-07,0.40011417865753174,0.7714649438858032,-0.02037161774933338,0.3394509553909302,0.6655603647232056,-0.03246684744954109,0.3073830008506775,0.5566190481185913,-0.039972227066755295,0.2711934447288513,0.48519936203956604,-0.04686726629734039,0.4293621778488159,0.5291712880134583,-0.031384069472551346,0.41119712591171265,0.3851255774497986,-0.04167310148477554,0.40466582775115967,0.30353760719299316,-0.047778066247701645,0.40325549244880676,0.2388402223587036,-0.05230928212404251,0.4904734194278717,0.5204588174819946,-0.028334487229585648,0.49500319361686707,0.36276137828826904,-0.04320107772946358,0.4995978772640228,0.26980456709861755,-0.05209248885512352,0.5085797905921936,0.20176458358764648,-0.05821496248245239,0.5384234189987183,0.5384929180145264,-0.025485126301646233,0.5522516369819641,0.3990793228149414,-0.03977394849061966,0.5629171133041382,0.309903085231781,-0.05050210654735565,0.5705589056015015,0.24221450090408325,-0.056951701641082764,0.5773555040359497,0.5741536021232605,-0.023159043863415718,0.6026471257209778,0.4705086648464203,-0.03031022474169731,0.6148053407669067,0.4040186405181885,-0.03287414461374283,0.6239785552024841,0.3480721712112427,-0.034341633319854736,PA Finger
0.5017214417457581,0.828830361366272,3.0853087196192064e-07,0.39871305227279663,0.767317533493042,-0.019603336229920387,0.3399862051010132,0.665132462978363,-0.03127817064523697,0.30888718366622925,0.5575961470603943,-0.03788411617279053,0.274630069732666,0.48402971029281616,-0.043779630213975906,0.4305075407028198,0.5282135605812073,-0.0326281413435936,0.41135644912719727,0.3827143907546997,-0.04090920463204384,0.40378642082214355,0.30043548345565796,-0.04498535767197609,0.40172046422958374,0.2340470850467682,-0.048109959810972214,0.4922075867652893,0.5190302133560181,-0.027899760752916336,0.49597620964050293,0.36092498898506165,-0.042351242154836655,0.4998743236064911,0.2668357491493225,-0.05045095831155777,0.5078384280204773,0.19835686683654785,-0.055424027144908905,0.5400876998901367,0.5371977686882019,-0.02264990285038948,0.5518125891685486,0.39889925718307495,-0.03585786372423172,0.5625914931297302,0.30889737606048584,-0.046252716332674026,0.5697809457778931,0.2406434714794159,-0.052010007202625275,0.5775375962257385,0.5738440155982971,-0.017586400732398033,0.6034814119338989,0.4707217812538147,-0.022832034155726433,0.6163058280944824,0.4061082601547241,-0.02439526468515396,0.6256827712059021,0.3523591458797455,-0.024904079735279083,PA Finger
0.5028277039527893,0.8235136270523071,3.56891661112968e-07,0.40097352862358093,0.7667725682258606,-0.023518962785601616,0.34329771995544434,0.6666014790534973,-0.0374164916574955,0.31117966771125793,0.5591367483139038,-0.046371519565582275,0.2750008702278137,0.4867856502532959,-0.054639413952827454,0.431269109249115,0.5283543467521667,-0.03468521311879158,0.41445794701576233,0.38426148891448975,-0.046137452125549316,0.4069088399410248,0.30180835723876953,-0.05322045087814331,0.4045851230621338,0.23494118452072144,-0.05837152898311615,0.4909656047821045,0.5209965705871582,-0.029958663508296013,0.49384036660194397,0.367087721824646,-0.04298035427927971,0.4977172613143921,0.2730288505554199,-0.05159902945160866,0.5060440897941589,0.20367172360420227,-0.057918645441532135,0.5385334491729736,0.539836049079895,-0.02592146210372448,0.5515128970146179,0.4033520221710205,-0.03925523906946182,0.562173068523407,0.31512144207954407,-0.05190609022974968,0.5697424411773682,0.24905434250831604,-0.05997520312666893,0.5776863098144531,0.5732213258743286,-0.022645559161901474,0.6035227179527283,0.47186583280563354,-0.030711157247424126,0.6156244277954102,0.4078960716724396,-0.035734884440898895,0.6252480149269104,0.3549833595752716,-0.03890366479754448,PA Finger
0.5023020505905151,0.8294913172721863,3.319696872949862e-07,0.39878350496292114,0.7688456773757935,-0.02259516716003418,0.33938467502593994,0.6650615930557251,-0.03567182272672653,0.30825483798980713,0.5559136867523193,-0.04333390295505524,0.2725316882133484,0.484436571598053,-0.05024633929133415,0.42966946959495544,0.5299227237701416,-0.03450044244527817,0.41190728545188904,0.38413548469543457,-0.04416240379214287,0.40491315722465515,0.3009735345840454,-0.04966779425740242,0.4030768871307373,0.23465806245803833,-0.05367586016654968,0.4908651113510132,0.5207884311676025,-0.029256267473101616,0.49621978402137756,0.362809956073761,-0.04337846860289574,0.5010232925415039,0.26795440912246704,-0.051783911883831024,0.5099691152572632,0.19882532954216003,-0.057261284440755844,0.5386645793914795,0.5383795499801636,-0.02397940866649151,0.5514814257621765,0.4008690118789673,-0.03709528595209122,0.5630125403404236,0.3102777302265167,-0.04806137457489967,0.5713580846786499,0.24223950505256653,-0.05457593500614166,0.5767744779586792,0.573800265789032,-0.019321022555232048,0.6016936898231506,0.47146791219711304,-0.025150997564196587,0.6147835850715637,0.40693196654319763,-0.027324846014380455,0.6252049803733826,0.35381972789764404,-0.02839536964893341,PA Finger
0.5022774338722229,0.842945396900177,2.2454374004610145e-07,0.4016319215297699,0.7754626870155334,-0.018439386039972305,0.34078967571258545,0.669586181640625,-0.029109740629792213,0.3078005909919739,0.5605921149253845,-0.03582971915602684,0.2746161222457886,0.48583030700683594,-0.04213334619998932,0.4281221032142639,0.5269699692726135,-0.024741796776652336,0.4090360999107361,0.38397711515426636,-0.03256148472428322,0.40213701128959656,0.302949994802475,-0.0382096990942955,0.40172699093818665,0.23732367157936096,-0.04301249608397484,0.48848727345466614,0.5164479613304138,-0.021676043048501015,0.493313193321228,0.36098361015319824,-0.03281690925359726,0.49860358238220215,0.27065831422805786,-0.040759313851594925,0.50888991355896,0.2049264907836914,-0.04698994755744934,0.5361594557762146,0.5336438417434692,-0.019026871770620346,0.5486936569213867,0.3951336443424225,-0.030093999579548836,0.5602142214775085,0.30685490369796753,-0.040527909994125366,0.5691096782684326,0.23963236808776855,-0.04767470806837082,0.5760775208473206,0.5680639743804932,-0.016984619200229645,0.6025899648666382,0.4669313132762909,-0.021234583109617233,0.6160770058631897,0.4030410051345825,-0.023187022656202316,0.6264886856079102,0.3486078381538391,-0.02496093325316906,PA Finger
0.5022774338722229,0.842945396900177,2.2454374004610145e-07,0.4016319215297699,0.7754626870155334,-0.018439386039972305,0.34078967571258545,0.669586181640625,-0.029109740629792213,0.3078005909919739,0.5605921149253845,-0.03582971915602684,0.2746161222457886,0.48583030700683594,-0.04213334619998932,0.4281221032142639,0.5269699692726135,-0.024741796776652336,0.4090360999107361,0.38397711515426636,-0.03256148472428322,0.40213701128959656,0.302949994802475,-0.0382096990942955,0.40172699093818665,0.23732367157936096,-0.04301249608397484,0.48848727345466614,0.5164479613304138,-0.021676043048501015,0.493313193321228,0.36098361015319824,-0.03281690925359726,0.49860358238220215,0.27065831422805786,-0.040759313851594925,0.50888991355896,0.2049264907836914,-0.04698994755744934,0.5361594557762146,0.5336438417434692,-0.019026871770620346,0.5486936569213867,0.3951336443424225,-0.030093999579548836,0.5602142214775085,0.30685490369796753,-0.040527909994125366,0.5691096782684326,0.23963236808776855,-0.04767470806837082,0.5760775208473206,0.5680639743804932,-0.016984619200229645,0.6025899648666382,0.4669313132762909,-0.021234583109617233,0.6160770058631897,0.4030410051345825,-0.023187022656202316,0.6264886856079102,0.3486078381538391,-0.02496093325316906,PA Finger
0.5004443526268005,0.8341218829154968,2.208948899351526e-07,0.4003525674343109,0.7686954140663147,-0.01648012362420559,0.3403088450431824,0.663673996925354,-0.02574729360640049,0.3076314926147461,0.5571880340576172,-0.032020848244428635,0.27222487330436707,0.4860209822654724,-0.038448501378297806,0.42790618538856506,0.5282370448112488,-0.021504409611225128,0.4074826240539551,0.3857744634151459,-0.030769765377044678,0.4008454382419586,0.30653131008148193,-0.03753061220049858,0.40085071325302124,0.24201005697250366,-0.042819034308195114,0.488224059343338,0.5181622505187988,-0.021079614758491516,0.4922955632209778,0.3621903359889984,-0.032578710466623306,0.4977301359176636,0.2714323401451111,-0.041549939662218094,0.5087282657623291,0.20359954237937927,-0.048480428755283356,0.536157488822937,0.5359277129173279,-0.021490806713700294,0.550104022026062,0.39759770035743713,-0.03398527950048447,0.5613085031509399,0.3091064691543579,-0.045670587569475174,0.5708960890769958,0.2406288981437683,-0.0535852313041687,0.575567364692688,0.5713226795196533,-0.022361773997545242,0.6011545658111572,0.4695465862751007,-0.028432903811335564,0.6141586303710938,0.4049787223339081,-0.031217103824019432,0.6245469450950623,0.3504147529602051,-0.033567216247320175,PA Finger
0.5028805732727051,0.8394420742988586,2.2322686277220782e-07,0.4010823369026184,0.7742280960083008,-0.016247304156422615,0.3398609757423401,0.6678624153137207,-0.02556401677429676,0.30725640058517456,0.5562499165534973,-0.030903540551662445,0.27251869440078735,0.4816454350948334,-0.035719066858291626,0.4293157160282135,0.5305010676383972,-0.024703746661543846,0.40760743618011475,0.3830060660839081,-0.030322516337037086,0.4004462957382202,0.3027552664279938,-0.033038582652807236,0.40002894401550293,0.23648276925086975,-0.035913776606321335,0.4903129041194916,0.5192968845367432,-0.02157406136393547,0.49264228343963623,0.35837918519973755,-0.03460395708680153,0.4965357482433319,0.2655225694179535,-0.043164510279893875,0.5060396790504456,0.19720768928527832,-0.04923032596707344,0.5386777520179749,0.5361742973327637,-0.017997553572058678,0.5492790937423706,0.39374983310699463,-0.029778074473142624,0.559956431388855,0.30280253291130066,-0.04009499028325081,0.5689165592193604,0.23328393697738647,-0.046576693654060364,0.5784575939178467,0.5712802410125732,-0.014530399814248085,0.6040657162666321,0.4669262766838074,-0.017862331122159958,0.6174219846725464,0.4000474810600281,-0.019333302974700928,0.6278460025787354,0.3433363735675812,-0.020758531987667084,PA Finger
0.5023191571235657,0.8263012766838074,2.966546333027509e-07,0.39901089668273926,0.7640140056610107,-0.020460251718759537,0.33859267830848694,0.6593441367149353,-0.032016851007938385,0.3064728379249573,0.5512378811836243,-0.03856934979557991,0.271470844745636,0.47884601354599,-0.044457271695137024,0.4293457865715027,0.5222338438034058,-0.03012097254395485,0.40975382924079895,0.37836965918540955,-0.038019947707653046,0.40227973461151123,0.2951684892177582,-0.043172914534807205,0.40000206232070923,0.22804266214370728,-0.04740942642092705,0.49031496047973633,0.5132446885108948,-0.025180459022521973,0.4933936297893524,0.3572682738304138,-0.03784294053912163,0.49767082929611206,0.2634561359882355,-0.04609306901693344,0.5060924291610718,0.19485852122306824,-0.051827188581228256,0.5379674434661865,0.5310511589050293,-0.020184054970741272,0.5482183694839478,0.3933580219745636,-0.03227066621184349,0.5589746236801147,0.30286121368408203,-0.043746765702962875,0.566214382648468,0.23387697339057922,-0.05086524039506912,0.5764602422714233,0.5664306879043579,-0.01559714786708355,0.6016514301300049,0.46335703134536743,-0.020681750029325485,0.6140412092208862,0.39869245886802673,-0.023245133459568024,0.623209536075592,0.3445075750350952,-0.024883240461349487,PA Finger
0.49991369247436523,0.8234586715698242,3.4867974818553193e-07,0.39797455072402954,0.7617713212966919,-0.022463062778115273,0.3387336730957031,0.6605520844459534,-0.035730551928281784,0.305188924074173,0.553859531879425,-0.04315432161092758,0.27071720361709595,0.4809279143810272,-0.04940854758024216,0.4293767213821411,0.5256043076515198,-0.03808031231164932,0.4103611707687378,0.37828493118286133,-0.047727297991514206,0.40211427211761475,0.29395127296447754,-0.05182509869337082,0.39954203367233276,0.22658756375312805,-0.05458957701921463,0.4899776875972748,0.5163211822509766,-0.03181283548474312,0.4921964406967163,0.3585811257362366,-0.04740521311759949,0.495759516954422,0.2627561688423157,-0.05524459481239319,0.5040271282196045,0.1931818127632141,-0.05981775000691414,0.5369669795036316,0.5339004397392273,-0.025058412924408913,0.5485589504241943,0.39587581157684326,-0.03931928053498268,0.5589233040809631,0.30445435643196106,-0.05011241137981415,0.5661925077438354,0.2363990843296051,-0.05581311881542206,0.5744308233261108,0.5684844851493835,-0.01858915202319622,0.5998194217681885,0.4654308557510376,-0.025063203647732735,0.612354040145874,0.40004557371139526,-0.02757003717124462,0.622104287147522,0.34640997648239136,-0.02841981314122677,PA Finger
0.49991369247436523,0.8234586715698242,3.4867974818553193e-07,0.39797455072402954,0.7617713212966919,-0.022463062778115273,0.3387336730957031,0.6605520844459534,-0.035730551928281784,0.305188924074173,0.553859531879425,-0.04315432161092758,0.27071720361709595,0.4809279143810272,-0.04940854758024216,0.4293767213821411,0.5256043076515198,-0.03808031231164932,0.4103611707687378,0.37828493118286133,-0.047727297991514206,0.40211427211761475,0.29395127296447754,-0.05182509869337082,0.39954203367233276,0.22658756375312805,-0.05458957701921463,0.4899776875972748,0.5163211822509766,-0.03181283548474312,0.4921964406967163,0.3585811257362366,-0.04740521311759949,0.495759516954422,0.2627561688423157,-0.05524459481239319,0.5040271282196045,0.1931818127632141,-0.05981775000691414,0.5369669795036316,0.5339004397392273,-0.025058412924408913,0.5485589504241943,0.39587581157684326,-0.03931928053498268,0.5589233040809631,0.30445435643196106,-0.05011241137981415,0.5661925077438354,0.2363990843296051,-0.05581311881542206,0.5744308233261108,0.5684844851493835,-0.01858915202319622,0.5998194217681885,0.4654308557510376,-0.025063203647732735,0.612354040145874,0.40004557371139526,-0.02757003717124462,0.622104287147522,0.34640997648239136,-0.02841981314122677,PA Finger
0.4998663067817688,0.8183797597885132,3.19171306273347e-07,0.39893633127212524,0.760898232460022,-0.023223623633384705,0.33973366022109985,0.6604915857315063,-0.03770839422941208,0.30713480710983276,0.552987813949585,-0.04731404781341553,0.2716088891029358,0.47998231649398804,-0.05611027032136917,0.4256877899169922,0.5208544731140137,-0.03485679253935814,0.4076809287071228,0.3799933195114136,-0.046714961528778076,0.4005609452724457,0.2975042462348938,-0.054009925574064255,0.3981371819972992,0.23078805208206177,-0.059402529150247574,0.4852287769317627,0.5125547051429749,-0.03090723231434822,0.4876376986503601,0.36036261916160583,-0.046007268130779266,0.4916067123413086,0.2668697237968445,-0.05546845123171806,0.4996519088745117,0.19739165902137756,-0.06204287335276604,0.5332958102226257,0.5309705138206482,-0.027469269931316376,0.5455750226974487,0.39570656418800354,-0.04231719672679901,0.5564650893211365,0.307424396276474,-0.05476713180541992,0.5637673735618591,0.240416020154953,-0.06229040026664734,0.5731246471405029,0.5656071901321411,-0.024743221700191498,0.5989421606063843,0.4628298580646515,-0.03306848555803299,0.6114219427108765,0.39875736832618713,-0.03740254417061806,0.6209372282028198,0.34517109394073486,-0.03989366814494133,PA Finger
0.4973197281360626,0.8317173719406128,2.8707515298265207e-07,0.3968107998371124,0.7677236199378967,-0.025672348216176033,0.33722251653671265,0.6662417650222778,-0.04200383648276329,0.3027205467224121,0.5575064420700073,-0.053181231021881104,0.2666861414909363,0.4850742816925049,-0.06413472443819046,0.42734187841415405,0.5246115922927856,-0.03756890445947647,0.4046584367752075,0.381760835647583,-0.048075418919324875,0.39650458097457886,0.299826979637146,-0.05469939857721329,0.3961673378944397,0.2334682047367096,-0.05985710769891739,0.48783785104751587,0.5181088447570801,-0.031122256070375443,0.4881082773208618,0.36018094420433044,-0.046004895120859146,0.49417901039123535,0.2654044032096863,-0.05551064386963844,0.5063848495483398,0.19653025269508362,-0.06218046694993973,0.5347411036491394,0.5384367108345032,-0.02497093565762043,0.5444294810295105,0.39782094955444336,-0.0391198955476284,0.5566493272781372,0.3085367679595947,-0.0524459108710289,0.566522479057312,0.2414158284664154,-0.06042390316724777,0.5716339945793152,0.5741695761680603,-0.019589919596910477,0.5951696038246155,0.46830514073371887,-0.026144029572606087,0.6074617505073547,0.40247249603271484,-0.030177069827914238,0.6181684732437134,0.34942716360092163,-0.03264409303665161,PA Finger
0.4973197281360626,0.8317173719406128,2.8707515298265207e-07,0.3968107998371124,0.7677236199378967,-0.025672348216176033,0.33722251653671265,0.6662417650222778,-0.04200383648276329,0.3027205467224121,0.5575064420700073,-0.053181231021881104,0.2666861414909363,0.4850742816925049,-0.06413472443819046,0.42734187841415405,0.5246115922927856,-0.03756890445947647,0.4046584367752075,0.381760835647583,-0.048075418919324875,0.39650458097457886,0.299826979637146,-0.05469939857721329,0.3961673378944397,0.2334682047367096,-0.05985710769891739,0.48783785104751587,0.5181088447570801,-0.031122256070375443,0.4881082773208618,0.36018094420433044,-0.046004895120859146,0.49417901039123535,0.2654044032096863,-0.05551064386963844,0.5063848495483398,0.19653025269508362,-0.06218046694993973,0.5347411036491394,0.5384367108345032,-0.02497093565762043,0.5444294810295105,0.39782094955444336,-0.0391198955476284,0.5566493272781372,0.3085367679595947,-0.0524459108710289,0.566522479057312,0.2414158284664154,-0.06042390316724777,0.5716339945793152,0.5741695761680603,-0.019589919596910477,0.5951696038246155,0.46830514073371887,-0.026144029572606087,0.6074617505073547,0.40247249603271484,-0.030177069827914238,0.6181684732437134,0.34942716360092163,-0.03264409303665161,PA Finger
0.49746695160865784,0.8248658180236816,3.3329777693325013e-07,0.3972417116165161,0.7644082307815552,-0.028368912637233734,0.3368998169898987,0.6642712950706482,-0.04645027220249176,0.3017916679382324,0.5563737154006958,-0.058564674109220505,0.2652871012687683,0.483419269323349,-0.07048709690570831,0.42490658164024353,0.5257552266120911,-0.04440174624323845,0.40379464626312256,0.3812955617904663,-0.05763717368245125,0.39623844623565674,0.2996516823768616,-0.0652904286980629,0.3954559862613678,0.2341150939464569,-0.07085844874382019,0.4853345453739166,0.5189725756645203,-0.03729373589158058,0.4862158000469208,0.36089956760406494,-0.054212864488363266,0.4916429817676544,0.2672611474990845,-0.0638587474822998,0.5020800232887268,0.19878855347633362,-0.07049621641635895,0.5322768092155457,0.5388075113296509,-0.030686041340231895,0.5424100160598755,0.39713627099990845,-0.04757284000515938,0.5540977716445923,0.3068467974662781,-0.06211923062801361,0.5631692409515381,0.2384016513824463,-0.07074563205242157,0.5699244141578674,0.5739574432373047,-0.024770261719822884,0.5937385559082031,0.46799635887145996,-0.034885473549366,0.6046428680419922,0.4023866355419159,-0.04095737263560295,0.6133398413658142,0.3480961322784424,-0.04459507763385773,PA Finger
0.49481165409088135,0.829162061214447,1.3304659773893945e-07,0.396687388420105,0.7657685875892639,-0.01845179684460163,0.33756735920906067,0.6642729043960571,-0.031082794070243835,0.3040754199028015,0.5548462867736816,-0.04035000503063202,0.2713935375213623,0.4839085340499878,-0.050187986344099045,0.42363494634628296,0.5255988240242004,-0.030863499268889427,0.40451687574386597,0.3831936717033386,-0.04219552129507065,0.3974195122718811,0.29998648166656494,-0.049421995878219604,0.3967346251010895,0.23558980226516724,-0.05457416549324989,0.48403701186180115,0.5167864561080933,-0.02751719392836094,0.48540058732032776,0.3575214147567749,-0.04068641737103462,0.49076682329177856,0.2651623785495758,-0.048639751970767975,0.501710832118988,0.20164602994918823,-0.05436409264802933,0.5331395268440247,0.536073625087738,-0.02439538761973381,0.543867290019989,0.392652302980423,-0.03645939752459526,0.5558061003684998,0.30708634853363037,-0.0480191744863987,0.5646963715553284,0.2449338138103485,-0.055158816277980804,0.572607159614563,0.5739256143569946,-0.021657472476363182,0.5968658924102783,0.46692588925361633,-0.026139257475733757,0.6093817353248596,0.40220579504966736,-0.02871670387685299,0.6185022592544556,0.35028076171875,-0.03035341016948223,PA Finger
0.5005980730056763,0.8260723352432251,2.5092026589845773e-07,0.3973747193813324,0.7656275033950806,-0.024087587371468544,0.3382691740989685,0.6646831035614014,-0.037342287600040436,0.3058328628540039,0.5570106506347656,-0.04592283442616463,0.2700321078300476,0.48393774032592773,-0.054520633071660995,0.4267847239971161,0.5209705233573914,-0.028501639142632484,0.40668582916259766,0.382146418094635,-0.038341451436281204,0.39864107966423035,0.30153489112854004,-0.04696111008524895,0.39644724130630493,0.2352001965045929,-0.05420496687293053,0.487665057182312,0.513278067111969,-0.02368282526731491,0.48942136764526367,0.3591659963130951,-0.036001767963171005,0.49359601736068726,0.2656196057796478,-0.046358510851860046,0.5024373531341553,0.1968042552471161,-0.05456121638417244,0.5348514914512634,0.5335973501205444,-0.020030444487929344,0.5458252429962158,0.3952995538711548,-0.03347892686724663,0.5562924146652222,0.30716991424560547,-0.04717092216014862,0.5637551546096802,0.23864611983299255,-0.056348707526922226,0.5731848478317261,0.5708944797515869,-0.017312409356236458,0.5990846753120422,0.4708748161792755,-0.02498486451804638,0.6113833785057068,0.4057997465133667,-0.030121466144919395,0.620875895023346,0.350704163312912,-0.033967532217502594,PA Finger
0.5022368431091309,0.8272103071212769,2.2970587565396272e-07,0.39970171451568604,0.7651931047439575,-0.02282056398689747,0.3391703963279724,0.6633942723274231,-0.03671017661690712,0.3071668744087219,0.5541468858718872,-0.045528996735811234,0.2702043056488037,0.48143887519836426,-0.05414050444960594,0.42792534828186035,0.5235695242881775,-0.03497052937746048,0.40777599811553955,0.3807607591152191,-0.044817112386226654,0.39871877431869507,0.3000100553035736,-0.05089487135410309,0.3953883647918701,0.23399072885513306,-0.055845871567726135,0.48930153250694275,0.5139726996421814,-0.02982223778963089,0.4908836781978607,0.3566609025001526,-0.043874092400074005,0.49585700035095215,0.2640549838542938,-0.05289238691329956,0.5050631165504456,0.19655084609985352,-0.05979442223906517,0.5366358757019043,0.5318671464920044,-0.024836525321006775,0.5449972748756409,0.3926640748977661,-0.038780584931373596,0.5568780303001404,0.304513156414032,-0.05118296667933464,0.5652114152908325,0.23725402355194092,-0.05919357016682625,0.574385941028595,0.5659431219100952,-0.02039916440844536,0.5981920957565308,0.4626960754394531,-0.02732246369123459,0.6101489067077637,0.3983326256275177,-0.03126300126314163,0.6190826296806335,0.34437811374664307,-0.03422020375728607,PA Finger
0.5022368431091309,0.8272103071212769,2.2970587565396272e-07,0.39970171451568604,0.7651931047439575,-0.02282056398689747,0.3391703963279724,0.6633942723274231,-0.03671017661690712,0.3071668744087219,0.5541468858718872,-0.045528996735811234,0.2702043056488037,0.48143887519836426,-0.05414050444960594,0.42792534828186035,0.5235695242881775,-0.03497052937746048,0.40777599811553955,0.3807607591152191,-0.044817112386226654,0.39871877431869507,0.3000100553035736,-0.05089487135410309,0.3953883647918701,0.23399072885513306,-0.055845871567726135,0.48930153250694275,0.5139726996421814,-0.02982223778963089,0.4908836781978607,0.3566609025001526,-0.043874092400074005,0.49585700035095215,0.2640549838542938,-0.05289238691329956,0.5050631165504456,0.19655084609985352,-0.05979442223906517,0.5366358757019043,0.5318671464920044,-0.024836525321006775,0.5449972748756409,0.3926640748977661,-0.038780584931373596,0.5568780303001404,0.304513156414032,-0.05118296667933464,0.5652114152908325,0.23725402355194092,-0.05919357016682625,0.574385941028595,0.5659431219100952,-0.02039916440844536,0.5981920957565308,0.4626960754394531,-0.02732246369123459,0.6101489067077637,0.3983326256275177,-0.03126300126314163,0.6190826296806335,0.34437811374664307,-0.03422020375728607,PA Finger
0.5014752745628357,0.8267397284507751,2.7901180033040873e-07,0.3998531997203827,0.763918399810791,-0.025367530062794685,0.338373064994812,0.6629608273506165,-0.04137866571545601,0.30408617854118347,0.5549425482749939,-0.05216289684176445,0.26936104893684387,0.4801436960697174,-0.0624266155064106,0.4273549020290375,0.5219812989234924,-0.0383324921131134,0.4065970480442047,0.37886396050453186,-0.05069084092974663,0.3983303904533386,0.297444611787796,-0.05821569636464119,0.39667007327079773,0.23107054829597473,-0.06371697038412094,0.48903387784957886,0.5133928656578064,-0.0328659787774086,0.490121990442276,0.35581308603286743,-0.04924338683485985,0.4957260489463806,0.2612035870552063,-0.05908123403787613,0.5061776041984558,0.19176927208900452,-0.06589549034833908,0.5366793274879456,0.5322058796882629,-0.02791403792798519,0.5461530685424805,0.39281412959098816,-0.04388708621263504,0.5584190487861633,0.304057776927948,-0.05711501091718674,0.5673769116401672,0.23606416583061218,-0.06486959010362625,0.5742608904838562,0.567285418510437,-0.02369340881705284,0.5980100035667419,0.46296074986457825,-0.03217100724577904,0.6096766591072083,0.39685776829719543,-0.03674907237291336,0.6192560195922852,0.34179651737213135,-0.03944431617856026,PA Finger
0.4988911747932434,0.830764889717102,2.427026686291356e-07,0.3975009322166443,0.7675340175628662,-0.01940571703016758,0.3370199203491211,0.6621060371398926,-0.030469847843050957,0.3040565848350525,0.5530351400375366,-0.03704613447189331,0.26766079664230347,0.48055553436279297,-0.04316617548465729,0.4277268648147583,0.5243176221847534,-0.02831750363111496,0.4062733054161072,0.38015124201774597,-0.03701980784535408,0.398546040058136,0.3000222444534302,-0.04256477952003479,0.39705437421798706,0.23456910252571106,-0.047093432396650314,0.4885405898094177,0.514209508895874,-0.024936018511652946,0.4903775453567505,0.3566054701805115,-0.03924309462308884,0.4933789074420929,0.2642580270767212,-0.04836403205990791,0.5011122822761536,0.19509795308113098,-0.05467219278216362,0.5358967185020447,0.5315775871276855,-0.021687353029847145,0.5486202239990234,0.39295804500579834,-0.035258714109659195,0.5584901571273804,0.30331647396087646,-0.046344541013240814,0.5653840899467468,0.2336941659450531,-0.0531243197619915,0.5737785696983337,0.5672785043716431,-0.018830955028533936,0.5992023348808289,0.4645768404006958,-0.024691665545105934,0.6113024950027466,0.39785251021385193,-0.027043627575039864,0.6202244758605957,0.34110814332962036,-0.02866910584270954,PA Finger
0.5084159970283508,0.8134390115737915,-9.565982850290311e-08,0.41207653284072876,0.7547832727432251,-0.012793187983334064,0.34566497802734375,0.6589599847793579,-0.027112767100334167,0.29658031463623047,0.5619032382965088,-0.0377047099173069,0.24653851985931396,0.5046201348304749,-0.04891199618577957,0.40913134813308716,0.5229628086090088,-0.04187607392668724,0.37139448523521423,0.3870925009250641,-0.05199010297656059,0.3551632761955261,0.3140494227409363,-0.04853484779596329,0.3515683710575104,0.2567613124847412,-0.044746801257133484,0.4769989848136902,0.5002150535583496,-0.03747081756591797,0.4709976315498352,0.3678932189941406,-0.05024223029613495,0.4710334539413452,0.3761579096317291,-0.03840361908078194,0.4768722951412201,0.41009578108787537,-0.024201180785894394,0.5313602089881897,0.5097638964653015,-0.032579731196165085,0.5448248982429504,0.3658307194709778,-0.051916804164648056,0.558889627456665,0.2945963740348816,-0.0551421158015728,0.5705090165138245,0.24459978938102722,-0.05252738296985626,0.5748963952064514,0.5320946574211121,-0.02494257129728794,0.6094084978103638,0.42682766914367676,-0.036309052258729935,0.6346419453620911,0.3699175715446472,-0.03683135285973549,0.6506353616714478,0.3153969645500183,-0.03526148200035095,Wrong
0.5031821727752686,0.8155794143676758,-1.1265768051771374e-07,0.40849483013153076,0.7568244338035583,-0.017899164929986,0.34331053495407104,0.6613799333572388,-0.03607657179236412,0.2932778596878052,0.5638598799705505,-0.0504750981926918,0.2484106421470642,0.5024145245552063,-0.06553841382265091,0.4126738905906677,0.5271163582801819,-0.04285416379570961,0.37650632858276367,0.39330387115478516,-0.05454785004258156,0.35864394903182983,0.3241075873374939,-0.05466214939951897,0.35409319400787354,0.26840144395828247,-0.054445743560791016,0.4772641062736511,0.5066027641296387,-0.03900882601737976,0.4728836417198181,0.37076228857040405,-0.05555824190378189,0.4713612198829651,0.382038950920105,-0.0486275814473629,0.4750731289386749,0.4178144335746765,-0.037496209144592285,0.529883623123169,0.517107367515564,-0.03530765324831009,0.5464365482330322,0.368762344121933,-0.05479435250163078,0.561464786529541,0.2960381805896759,-0.05898189917206764,0.5732601881027222,0.24435782432556152,-0.057616714388132095,0.5733287930488586,0.5413538217544556,-0.02997603639960289,0.6093554496765137,0.4353204667568207,-0.04370150715112686,0.6339406371116638,0.3760008215904236,-0.046502064913511276,0.6497930288314819,0.3170180916786194,-0.04646744951605797,Wrong
0.5031821727752686,0.8155794143676758,-1.1265768051771374e-07,0.40849483013153076,0.7568244338035583,-0.017899164929986,0.34331053495407104,0.6613799333572388,-0.03607657179236412,0.2932778596878052,0.5638598799705505,-0.0504750981926918,0.2484106421470642,0.5024145245552063,-0.06553841382265091,0.4126738905906677,0.5271163582801819,-0.04285416379570961,0.37650632858276367,0.39330387115478516,-0.05454785004258156,0.35864394903182983,0.3241075873374939,-0.05466214939951897,0.35409319400787354,0.26840144395828247,-0.054445743560791016,0.4772641062736511,0.5066027641296387,-0.03900882601737976,0.4728836417198181,0.37076228857040405,-0.05555824190378189,0.4713612198829651,0.382038950920105,-0.0486275814473629,0.4750731289386749,0.4178144335746765,-0.037496209144592285,0.529883623123169,0.517107367515564,-0.03530765324831009,0.5464365482330322,0.368762344121933,-0.05479435250163078,0.561464786529541,0.2960381805896759,-0.05898189917206764,0.5732601881027222,0.24435782432556152,-0.057616714388132095,0.5733287930488586,0.5413538217544556,-0.02997603639960289,0.6093554496765137,0.4353204667568207,-0.04370150715112686,0.6339406371116638,0.3760008215904236,-0.046502064913511276,0.6497930288314819,0.3170180916786194,-0.04646744951605797,Wrong
0.5029782652854919,0.8152813911437988,-1.1127461618798407e-07,0.4070027768611908,0.7569845914840698,-0.012287857942283154,0.3428438901901245,0.6637919545173645,-0.029115241020917892,0.2939211428165436,0.56682288646698,-0.04316386580467224,0.24778231978416443,0.5052189826965332,-0.05837245658040047,0.41348886489868164,0.5288588404655457,-0.03946167603135109,0.37601596117019653,0.3928567171096802,-0.05235135927796364,0.3572368025779724,0.3220970034599304,-0.05370185151696205,0.3529130518436432,0.2652180790901184,-0.05338938161730766,0.47753050923347473,0.5072836875915527,-0.03691216930747032,0.4740106463432312,0.3703315854072571,-0.05289953574538231,0.47166723012924194,0.38399606943130493,-0.04381934180855751,0.47418099641799927,0.42132696509361267,-0.030155597254633904,0.5278323292732239,0.5169214010238647,-0.034153200685977936,0.5447129607200623,0.37021929025650024,-0.054831042885780334,0.5606028437614441,0.2976267337799072,-0.058942489326000214,0.5728825330734253,0.24665558338165283,-0.056062668561935425,0.5713552236557007,0.5417048931121826,-0.028741048648953438,0.6085129976272583,0.4351460337638855,-0.040629032999277115,0.6343371868133545,0.37727421522140503,-0.040928516536951065,0.6501237154006958,0.3206093907356262,-0.038709644228219986,Wrong
0.5009238719940186,0.812103807926178,-1.3400477882896666e-07,0.4064755141735077,0.7558314800262451,-0.016648268327116966,0.34260237216949463,0.6619040369987488,-0.03435699641704559,0.29444724321365356,0.5648337602615356,-0.047055475413799286,0.24852198362350464,0.5045135617256165,-0.06021269038319588,0.41358238458633423,0.5303589105606079,-0.05250509828329086,0.37687185406684875,0.39591166377067566,-0.06647317111492157,0.3591788411140442,0.32589513063430786,-0.06453534960746765,0.35537368059158325,0.26988643407821655,-0.0610697977244854,0.47796186804771423,0.5089687705039978,-0.046986598521471024,0.47035732865333557,0.3706061840057373,-0.06459308415651321,0.46605345606803894,0.3834163248538971,-0.05219845101237297,0.47095099091529846,0.4216364324092865,-0.03549792990088463,0.530309796333313,0.5193557739257812,-0.04113098978996277,0.544622004032135,0.37025052309036255,-0.0644158124923706,0.5577831268310547,0.2965167760848999,-0.06909883767366409,0.5689468383789062,0.24486133456230164,-0.06592004746198654,0.5738067626953125,0.5411869287490845,-0.03248145058751106,0.611307680606842,0.43482691049575806,-0.04836878553032875,0.6365044116973877,0.37586814165115356,-0.05227598547935486,0.6517267823219299,0.31878799200057983,-0.051942333579063416,Wrong
0.5048595666885376,0.8151571750640869,-1.5905229133750254e-07,0.4099283218383789,0.7570757865905762,-0.015328594483435154,0.3459553122520447,0.6617512106895447,-0.032745759934186935,0.298317015171051,0.5644206404685974,-0.04691373184323311,0.24975129961967468,0.5066404938697815,-0.06218817085027695,0.40974661707878113,0.5280972123146057,-0.04369310662150383,0.3746592104434967,0.3960794508457184,-0.05655241012573242,0.35907915234565735,0.3253146708011627,-0.05756046622991562,0.35373741388320923,0.26893797516822815,-0.057455189526081085,0.4757425785064697,0.5053372979164124,-0.0402863509953022,0.4701725244522095,0.3726238012313843,-0.054436132311820984,0.47034895420074463,0.38083088397979736,-0.047263335436582565,0.47435668110847473,0.4137277901172638,-0.037679944187402725,0.5298192501068115,0.5132530927658081,-0.03657713532447815,0.5449920296669006,0.3676632344722748,-0.05529000610113144,0.5600363612174988,0.2975682318210602,-0.06071639060974121,0.5709259510040283,0.24981674551963806,-0.061027854681015015,0.5731921792030334,0.5349961519241333,-0.030769137665629387,0.6072255373001099,0.4288489520549774,-0.041663721203804016,0.632007360458374,0.37178683280944824,-0.04329492524266243,0.6472673416137695,0.3177482485771179,-0.04357052221894264,Wrong
0.5005811452865601,0.8134921193122864,-1.1468249994095459e-07,0.4087054133415222,0.7561688423156738,-0.018775884062051773,0.3445930778980255,0.6629104018211365,-0.03868544474244118,0.2959440350532532,0.5674975514411926,-0.05467486381530762,0.24888721108436584,0.5085734128952026,-0.07130710035562515,0.41193079948425293,0.5275247097015381,-0.04774993285536766,0.3742782473564148,0.39451053738594055,-0.06379418075084686,0.3581946790218353,0.32258176803588867,-0.06623990833759308,0.3540504574775696,0.26590558886528015,-0.06658732891082764,0.47707608342170715,0.5063789486885071,-0.04377658665180206,0.47202780842781067,0.3691990375518799,-0.0644858330488205,0.47003647685050964,0.3822208046913147,-0.05790003761649132,0.4727129340171814,0.4215907156467438,-0.04587213322520256,0.5285969376564026,0.5156278014183044,-0.03997267037630081,0.5431138873100281,0.3690200448036194,-0.06477510929107666,0.55897456407547,0.29693540930747986,-0.0708785429596901,0.5717123746871948,0.24660581350326538,-0.0691499188542366,0.5714591145515442,0.5387535691261292,-0.033997152000665665,0.6073307394981384,0.4319307804107666,-0.048416510224342346,0.6334384679794312,0.3742119073867798,-0.05016722530126572,0.6491979956626892,0.31842100620269775,-0.049335233867168427,Wrong
0.5030544400215149,0.8194963335990906,-8.589191224928072e-08,0.41000956296920776,0.7582700252532959,-0.018834616988897324,0.3448336124420166,0.6603999137878418,-0.03862973302602768,0.2933771014213562,0.5617192983627319,-0.05513976886868477,0.2474898397922516,0.502210795879364,-0.07255370914936066,0.41328001022338867,0.5285577178001404,-0.04238037392497063,0.3766975998878479,0.39152786135673523,-0.056426241993904114,0.3594149351119995,0.3215419054031372,-0.059915319085121155,0.35415682196617126,0.2658425569534302,-0.06185825914144516,0.4776368737220764,0.5073237419128418,-0.03874265402555466,0.4739629626274109,0.3680739402770996,-0.05635380372405052,0.47541698813438416,0.3777720034122467,-0.052220668643713,0.4793381094932556,0.4128107726573944,-0.04342247545719147,0.529858410358429,0.5158984065055847,-0.03536416217684746,0.5448068380355835,0.3671983480453491,-0.05488395690917969,0.5620740056037903,0.29638439416885376,-0.060894470661878586,0.5752552151679993,0.247934490442276,-0.060890402644872665,0.5730802416801453,0.5398756861686707,-0.03056459315121174,0.6075004935264587,0.4315929412841797,-0.04184993356466293,0.6324328184127808,0.3731202483177185,-0.04354524612426758,0.6489927768707275,0.3173307776451111,-0.04335767403244972,Wrong
0.5030544400215149,0.8194963335990906,-8.589191224928072e-08,0.41000956296920776,0.7582700252532959,-0.018834616988897324,0.3448336124420166,0.6603999137878418,-0.03862973302602768,0.2933771014213562,0.5617192983627319,-0.05513976886868477,0.2474898397922516,0.502210795879364,-0.07255370914936066,0.41328001022338867,0.5285577178001404,-0.04238037392497063,0.3766975998878479,0.39152786135673523,-0.056426241993904114,0.3594149351119995,0.3215419054031372,-0.059915319085121155,0.35415682196617126,0.2658425569534302,-0.06185825914144516,0.4776368737220764,0.5073237419128418,-0.03874265402555466,0.4739629626274109,0.3680739402770996,-0.05635380372405052,0.47541698813438416,0.3777720034122467,-0.052220668643713,0.4793381094932556,0.4128107726573944,-0.04342247545719147,0.529858410358429,0.5158984065055847,-0.03536416217684746,0.5448068380355835,0.3671983480453491,-0.05488395690917969,0.5620740056037903,0.29638439416885376,-0.060894470661878586,0.5752552151679993,0.247934490442276,-0.060890402644872665,0.5730802416801453,0.5398756861686707,-0.03056459315121174,0.6075004935264587,0.4315929412841797,-0.04184993356466293,0.6324328184127808,0.3731202483177185,-0.04354524612426758,0.6489927768707275,0.3173307776451111,-0.04335767403244972,Wrong
0.5086067914962769,0.818078875541687,-1.366157960092096e-07,0.4127649664878845,0.7602251172065735,-0.015498957596719265,0.34849706292152405,0.6628715395927429,-0.03272172808647156,0.2992718815803528,0.5639782547950745,-0.04674369841814041,0.25031718611717224,0.5050497055053711,-0.06179630011320114,0.41307783126831055,0.5285130143165588,-0.042820341885089874,0.3770974278450012,0.3965070843696594,-0.05665877088904381,0.36039474606513977,0.3254370093345642,-0.05788998305797577,0.3548010587692261,0.268815815448761,-0.05735602602362633,0.47866329550743103,0.506334662437439,-0.03926778584718704,0.47264188528060913,0.37276172637939453,-0.053386010229587555,0.4727473855018616,0.37879645824432373,-0.04451853036880493,0.4767957627773285,0.4114394187927246,-0.03288119286298752,0.5324039459228516,0.5156005024909973,-0.03575345501303673,0.5465648770332336,0.36986595392227173,-0.05541291832923889,0.5615686774253845,0.2980460524559021,-0.058898016810417175,0.5727384686470032,0.24978876113891602,-0.05663036182522774,0.5762806534767151,0.5384306311607361,-0.030195040628314018,0.610679030418396,0.4304540157318115,-0.0421505905687809,0.6360780000686646,0.3718909025192261,-0.04271608591079712,0.6522635221481323,0.3169974684715271,-0.04111095890402794,Wrong
0.5065628290176392,0.8189253807067871,-1.5321826651870651e-07,0.4129641354084015,0.7582111954689026,-0.015162216499447823,0.3472149968147278,0.6615250110626221,-0.03327444940805435,0.297912061214447,0.563536524772644,-0.04893527179956436,0.25129908323287964,0.5040363669395447,-0.0658637061715126,0.4135260581970215,0.5284060835838318,-0.04115653410553932,0.37829551100730896,0.392865389585495,-0.05556991696357727,0.3622850179672241,0.3223269581794739,-0.05903874337673187,0.35709086060523987,0.2676907181739807,-0.06095751002430916,0.47805139422416687,0.5068811774253845,-0.03981105238199234,0.4748600721359253,0.37155163288116455,-0.0570010244846344,0.476435124874115,0.38047105073928833,-0.053810253739356995,0.4802318811416626,0.4147212505340576,-0.0469326376914978,0.5321593284606934,0.5150638818740845,-0.03855014964938164,0.5474807620048523,0.3696746826171875,-0.058488622307777405,0.5636118054389954,0.299358606338501,-0.0669783502817154,0.5754554867744446,0.2518601417541504,-0.06970446556806564,0.5771887302398682,0.5378656387329102,-0.03537805750966072,0.6116918325424194,0.42957544326782227,-0.04709211736917496,0.6364726424217224,0.37116360664367676,-0.0504765547811985,0.651567280292511,0.3164973258972168,-0.05237237736582756,Wrong
0.510195255279541,0.8168061971664429,-8.59484927673293e-08,0.4149159789085388,0.75838303565979,-0.01365697756409645,0.34918951988220215,0.6634138226509094,-0.029249010607600212,0.3007473945617676,0.5660646557807922,-0.04035097733139992,0.25202274322509766,0.505820095539093,-0.05208129063248634,0.4142051339149475,0.5292543768882751,-0.04856962338089943,0.37618088722229004,0.393354594707489,-0.059894029051065445,0.35989609360694885,0.31896501779556274,-0.05635837838053703,0.35641390085220337,0.2600536644458771,-0.05250420793890953,0.48087093234062195,0.5076942443847656,-0.04404735192656517,0.4752437174320221,0.3731968402862549,-0.058838896453380585,0.47550493478775024,0.3805111050605774,-0.04713483899831772,0.4825730323791504,0.41299882531166077,-0.03304523602128029,0.5336840748786926,0.5185337662696838,-0.038755133748054504,0.5466825366020203,0.373672217130661,-0.060862135142087936,0.5612005591392517,0.3007659316062927,-0.06633824110031128,0.5738042593002319,0.2483096718788147,-0.06524290144443512,0.5758956074714661,0.5415205359458923,-0.030285589396953583,0.6096566915512085,0.43526917695999146,-0.04316920042037964,0.6355010271072388,0.37844789028167725,-0.04496533423662186,0.6523466110229492,0.3242003321647644,-0.044679149985313416,Wrong
0.5057618021965027,0.813648521900177,-1.0701266717205726e-07,0.4112401306629181,0.7563496232032776,-0.015091712586581707,0.346408486366272,0.6631639003753662,-0.0330604687333107,0.2983129620552063,0.5672562122344971,-0.047740958631038666,0.2516227066516876,0.5071187019348145,-0.0633261427283287,0.41372150182724,0.5293798446655273,-0.04454128444194794,0.37633851170539856,0.39411231875419617,-0.058052703738212585,0.35950881242752075,0.3232414126396179,-0.05839357525110245,0.35464203357696533,0.2671307325363159,-0.05723124369978905,0.47832760214805603,0.5076630711555481,-0.041664160788059235,0.4723222553730011,0.37253081798553467,-0.05894089862704277,0.47205376625061035,0.38432562351226807,-0.050938572734594345,0.47739464044570923,0.42093098163604736,-0.03853173181414604,0.5317139029502869,0.5167527198791504,-0.038598719984292984,0.5451151728630066,0.37036579847335815,-0.05960031598806381,0.559454083442688,0.29812973737716675,-0.0645277202129364,0.5709128379821777,0.2481476068496704,-0.06290684640407562,0.5763598084449768,0.5381283164024353,-0.033260032534599304,0.6100848913192749,0.43200862407684326,-0.045573025941848755,0.635380744934082,0.37549248337745667,-0.04688442125916481,0.6516344547271729,0.32208263874053955,-0.04574090614914894,Wrong
0.5057618021965027,0.813648521900177,-1.0701266717205726e-07,0.4112401306629181,0.7563496232032776,-0.015091712586581707,0.346408486366272,0.6631639003753662,-0.0330604687333107,0.2983129620552063,0.5672562122344971,-0.047740958631038666,0.2516227066516876,0.5071187019348145,-0.0633261427283287,0.41372150182724,0.5293798446655273,-0.04454128444194794,0.37633851170539856,0.39411231875419617,-0.058052703738212585,0.35950881242752075,0.3232414126396179,-0.05839357525110245,0.35464203357696533,0.2671307325363159,-0.05723124369978905,0.47832760214805603,0.5076630711555481,-0.041664160788059235,0.4723222553730011,0.37253081798553467,-0.05894089862704277,0.47205376625061035,0.38432562351226807,-0.050938572734594345,0.47739464044570923,0.42093098163604736,-0.03853173181414604,0.5317139029502869,0.5167527198791504,-0.038598719984292984,0.5451151728630066,0.37036579847335815,-0.05960031598806381,0.559454083442688,0.29812973737716675,-0.0645277202129364,0.5709128379821777,0.2481476068496704,-0.06290684640407562,0.5763598084449768,0.5381283164024353,-0.033260032534599304,0.6100848913192749,0.43200862407684326,-0.045573025941848755,0.635380744934082,0.37549248337745667,-0.04688442125916481,0.6516344547271729,0.32208263874053955,-0.04574090614914894,Wrong
0.5047938823699951,0.8166983723640442,-1.207393154345482e-07,0.41040685772895813,0.7584465742111206,-0.015605359338223934,0.34632134437561035,0.6634716987609863,-0.033209431916475296,0.29789412021636963,0.5666890144348145,-0.04820534959435463,0.25184157490730286,0.5067673921585083,-0.06423605233430862,0.41210755705833435,0.5262118577957153,-0.0385846272110939,0.3753822445869446,0.3940788507461548,-0.050849903374910355,0.3600195646286011,0.32376036047935486,-0.05266403406858444,0.3555870056152344,0.2672762870788574,-0.05364564061164856,0.47704774141311646,0.5051118731498718,-0.03650491684675217,0.4731488525867462,0.37294772267341614,-0.05193046107888222,0.4750872552394867,0.3826747238636017,-0.04683555290102959,0.47996237874031067,0.4171006679534912,-0.03795422241091728,0.530879557132721,0.5146076083183289,-0.0345970094203949,0.5454720854759216,0.3694371283054352,-0.05339474231004715,0.5618978142738342,0.2983910143375397,-0.059232067316770554,0.5740213394165039,0.24826911091804504,-0.05963202565908432,0.5750573873519897,0.5384680032730103,-0.030995598062872887,0.6102950572967529,0.4341347813606262,-0.04287133738398552,0.6351749897003174,0.37628546357154846,-0.04502749443054199,0.6504179835319519,0.3194335699081421,-0.04522263631224632,Wrong
0.5054482817649841,0.8144278526306152,-1.3034100732056686e-07,0.4099455177783966,0.7578184604644775,-0.01699492149055004,0.34581902623176575,0.663411557674408,-0.03500571474432945,0.2982414960861206,0.5655102133750916,-0.048771169036626816,0.2512069046497345,0.5062578320503235,-0.06316201388835907,0.41313713788986206,0.5318609476089478,-0.04889075458049774,0.37665504217147827,0.3966788053512573,-0.06159551441669464,0.3608211278915405,0.326114296913147,-0.06046070531010628,0.356681764125824,0.26898449659347534,-0.05836789682507515,0.4793909788131714,0.5088844299316406,-0.04377341270446777,0.4725859761238098,0.3739442229270935,-0.05898790434002876,0.4723566174507141,0.38553357124328613,-0.04882596433162689,0.47745800018310547,0.42139387130737305,-0.03556272014975548,0.5331740975379944,0.5170925855636597,-0.03823665902018547,0.5465627908706665,0.371541827917099,-0.058213382959365845,0.5604336857795715,0.30172792077064514,-0.061617277562618256,0.5709102153778076,0.2530789077281952,-0.05914219096302986,0.5761539340019226,0.536701500415802,-0.03051825985312462,0.6101433038711548,0.43154555559158325,-0.042272452265024185,0.6355024576187134,0.37478727102279663,-0.043376240879297256,0.6517898440361023,0.31978610157966614,-0.04224150627851486,Wrong
0.5045261979103088,0.8185681700706482,-1.3101787033065193e-07,0.41192328929901123,0.7603347301483154,-0.01825488731265068,0.3475089967250824,0.6649985313415527,-0.0378374345600605,0.298453688621521,0.567727267742157,-0.05320854112505913,0.2509365379810333,0.50596022605896,-0.06920519471168518,0.4127565920352936,0.5325014591217041,-0.05022921785712242,0.37566283345222473,0.3973310589790344,-0.06552433967590332,0.35909658670425415,0.32515597343444824,-0.06637244671583176,0.3550126552581787,0.2673192024230957,-0.06556341052055359,0.47753554582595825,0.5107187032699585,-0.045903563499450684,0.4719596803188324,0.3728219270706177,-0.06515775620937347,0.4711745083332062,0.38571375608444214,-0.056669436395168304,0.4755239188671112,0.4255598783493042,-0.04347040131688118,0.5300926566123962,0.5210906267166138,-0.041475560516119,0.5451983213424683,0.37136054039001465,-0.06501387059688568,0.5618311166763306,0.29837265610694885,-0.0698981061577797,0.5753929615020752,0.2473105788230896,-0.06769644469022751,0.5739755630493164,0.5447180867195129,-0.03474971279501915,0.608995258808136,0.4370448887348175,-0.049495186656713486,0.6346121430397034,0.377902090549469,-0.051506973803043365,0.6511567234992981,0.3199082016944885,-0.05073843523859978,Wrong
0.5089800357818604,0.8178931474685669,-1.1981641989677883e-07,0.4143233597278595,0.758842945098877,-0.015171610750257969,0.34925687313079834,0.6628093123435974,-0.03159499168395996,0.3014895021915436,0.5654317140579224,-0.04384251683950424,0.253420889377594,0.5056545734405518,-0.05672409385442734,0.41298341751098633,0.5279718041419983,-0.0466909296810627,0.3764101564884186,0.39293748140335083,-0.06069841980934143,0.360149621963501,0.31870341300964355,-0.060092952102422714,0.3556682765483856,0.25993359088897705,-0.05810423195362091,0.4790676236152649,0.5071277022361755,-0.042983949184417725,0.4740256071090698,0.37154364585876465,-0.06079092621803284,0.47389623522758484,0.384086549282074,-0.051122698932886124,0.4794526994228363,0.42139512300491333,-0.03732768073678017,0.5323704481124878,0.518431544303894,-0.03913509100675583,0.5456257462501526,0.3728218674659729,-0.062045902013778687,0.5603985786437988,0.30060839653015137,-0.06722956150770187,0.5726374387741089,0.24861443042755127,-0.06543967127799988,0.5759738683700562,0.5423192977905273,-0.03268444910645485,0.6095490455627441,0.43598657846450806,-0.04647841304540634,0.6350257992744446,0.37819600105285645,-0.04858582839369774,0.6514263153076172,0.3215610086917877,-0.04812588170170784,Wrong
0.5124704837799072,0.8115718960762024,-1.1513331088508494e-07,0.41354918479919434,0.756199836730957,-0.010492700152099133,0.3461233973503113,0.6650891900062561,-0.024880368262529373,0.299796462059021,0.5659905076026917,-0.03438378497958183,0.2516750991344452,0.5037179589271545,-0.04384748637676239,0.41554322838783264,0.5334564447402954,-0.05172692984342575,0.38152992725372314,0.3928486108779907,-0.06356704980134964,0.3645433783531189,0.32086047530174255,-0.057835523039102554,0.3600929379463196,0.2627556622028351,-0.0515248142182827,0.4836384654045105,0.5098147392272949,-0.0470760315656662,0.4730907082557678,0.36994385719299316,-0.060166843235492706,0.4691371023654938,0.3766816258430481,-0.04331452026963234,0.47632724046707153,0.40776941180229187,-0.02556013874709606,0.5366916656494141,0.519614577293396,-0.041526198387145996,0.547453761100769,0.37210917472839355,-0.06550844758749008,0.5598707795143127,0.30053073167800903,-0.07053147256374359,0.5722044110298157,0.24946507811546326,-0.06836403161287308,0.5799559354782104,0.5401433706283569,-0.03185262531042099,0.6151029467582703,0.43572497367858887,-0.047286003828048706,0.6398063898086548,0.37900927662849426,-0.050929900258779526,0.6558563113212585,0.3242155909538269,-0.05149043723940849,Wrong
0.5125512480735779,0.813767671585083,-8.980578769524072e-08,0.4150376617908478,0.7574166655540466,-0.012918741442263126,0.3478872776031494,0.6635178327560425,-0.02809586562216282,0.2999330759048462,0.5645855665206909,-0.038298748433589935,0.2511938810348511,0.5034451484680176,-0.048685964196920395,0.41539618372917175,0.5307634472846985,-0.051498107612133026,0.380854070186615,0.3916514813899994,-0.06515394896268845,0.3638595938682556,0.31919777393341064,-0.06198648363351822,0.3607076406478882,0.2619120478630066,-0.057604897767305374,0.48223620653152466,0.5076981782913208,-0.04690299928188324,0.4730125069618225,0.3672536611557007,-0.061957377940416336,0.4686485230922699,0.37039926648139954,-0.047690249979496,0.4758833348751068,0.3986957371234894,-0.03171400725841522,0.5353174209594727,0.5192798972129822,-0.04192541539669037,0.5481895804405212,0.37362009286880493,-0.067009836435318,0.5615075826644897,0.3005048632621765,-0.07432891428470612,0.574985682964325,0.24831601977348328,-0.07383265346288681,0.5788373947143555,0.5426902770996094,-0.033178456127643585,0.614648163318634,0.4375486373901367,-0.04999595135450363,0.6383038759231567,0.3787159323692322,-0.05536237359046936,0.6532321572303772,0.3223074972629547,-0.05727033689618111,Wrong
0.5125512480735779,0.813767671585083,-8.980578769524072e-08,0.4150376617908478,0.7574166655540466,-0.012918741442263126,0.3478872776031494,0.6635178327560425,-0.02809586562216282,0.2999330759048462,0.5645855665206909,-0.038298748433589935,0.2511938810348511,0.5034451484680176,-0.048685964196920395,0.41539618372917175,0.5307634472846985,-0.051498107612133026,0.380854070186615,0.3916514813899994,-0.06515394896268845,0.3638595938682556,0.31919777393341064,-0.06198648363351822,0.3607076406478882,0.2619120478630066,-0.057604897767305374,0.48223620653152466,0.5076981782913208,-0.04690299928188324,0.4730125069618225,0.3672536611557007,-0.061957377940416336,0.4686485230922699,0.37039926648139954,-0.047690249979496,0.4758833348751068,0.3986957371234894,-0.03171400725841522,0.5353174209594727,0.5192798972129822,-0.04192541539669037,0.5481895804405212,0.37362009286880493,-0.067009836435318,0.5615075826644897,0.3005048632621765,-0.07432891428470612,0.574985682964325,0.24831601977348328,-0.07383265346288681,0.5788373947143555,0.5426902770996094,-0.033178456127643585,0.614648163318634,0.4375486373901367,-0.04999595135450363,0.6383038759231567,0.3787159323692322,-0.05536237359046936,0.6532321572303772,0.3223074972629547,-0.05727033689618111,Wrong
0.5138203501701355,0.8087747097015381,-1.0197219069141283e-07,0.4136596620082855,0.7559002041816711,-0.011714322492480278,0.3473042845726013,0.6630836725234985,-0.026630261912941933,0.3002547025680542,0.5642417669296265,-0.03714313730597496,0.253169983625412,0.5009312033653259,-0.04718415066599846,0.41979360580444336,0.5242086052894592,-0.04404747113585472,0.38326773047447205,0.390042781829834,-0.06188001483678818,0.3635316491127014,0.32089877128601074,-0.06212837994098663,0.3575497567653656,0.26530155539512634,-0.05867920070886612,0.4853415787220001,0.5013842582702637,-0.04010796546936035,0.47335153818130493,0.3627471923828125,-0.06046335771679878,0.46901702880859375,0.3774535655975342,-0.046761006116867065,0.47645461559295654,0.4163910746574402,-0.02753121219575405,0.5371973514556885,0.5154634118080139,-0.03655586391687393,0.5466493368148804,0.3726343512535095,-0.06666296720504761,0.5627446174621582,0.3036189675331116,-0.07326194643974304,0.5773999691009521,0.2544770836830139,-0.06895893067121506,0.5777358412742615,0.5392235517501831,-0.02892378158867359,0.611563503742218,0.43552786111831665,-0.048078179359436035,0.6361023187637329,0.37914520502090454,-0.052359580993652344,0.6521961688995361,0.32581672072410583,-0.05153539031744003,Wrong
0.5059676766395569,0.8198645114898682,-1.3592874381629372e-07,0.41223254799842834,0.7600865364074707,-0.01340976357460022,0.3479994535446167,0.6647313833236694,-0.031014321371912956,0.29941895604133606,0.5670253038406372,-0.04504932835698128,0.25313636660575867,0.505270779132843,-0.05990734323859215,0.412728488445282,0.53139728307724,-0.04840298742055893,0.3755175471305847,0.3951249122619629,-0.06265198439359665,0.3592721223831177,0.32244616746902466,-0.06221626326441765,0.35468339920043945,0.2668934762477875,-0.06022316589951515,0.47755947709083557,0.5107643604278564,-0.045339494943618774,0.47440478205680847,0.3733961582183838,-0.0628061518073082,0.4743906259536743,0.3825123906135559,-0.05386197194457054,0.47771814465522766,0.4174780249595642,-0.04139070212841034,0.5301902890205383,0.5206303596496582,-0.041630424559116364,0.5458909869194031,0.37137192487716675,-0.06465110927820206,0.5626171827316284,0.29866522550582886,-0.07101975381374359,0.5750817656517029,0.2483026385307312,-0.07037635892629623,0.5749325156211853,0.54385906457901,-0.03487803414463997,0.6101516485214233,0.4340759813785553,-0.04824771359562874,0.636794924736023,0.37591105699539185,-0.05044787377119064,0.6525377035140991,0.3205145299434662,-0.05044696852564812,Wrong
0.5054157376289368,0.8134813904762268,-1.701746157323214e-07,0.4109346866607666,0.7541843056678772,-0.014623859897255898,0.3472493290901184,0.658828616142273,-0.031087316572666168,0.3000530004501343,0.5611190795898438,-0.043326810002326965,0.25142401456832886,0.502834677696228,-0.05624298006296158,0.41210678219795227,0.5287219882011414,-0.048365794122219086,0.3759787380695343,0.3960754871368408,-0.06161445379257202,0.36002641916275024,0.3246179223060608,-0.059735801070928574,0.35579395294189453,0.26700007915496826,-0.05681464821100235,0.47820931673049927,0.5064638257026672,-0.04423888772726059,0.4717983603477478,0.3711901307106018,-0.060323696583509445,0.47067996859550476,0.38182491064071655,-0.04913158714771271,0.47508981823921204,0.4189802408218384,-0.034738268703222275,0.5319380760192871,0.5165667533874512,-0.03958491235971451,0.5463928580284119,0.3692976236343384,-0.06202618032693863,0.5606462359428406,0.2973935008049011,-0.06592447310686111,0.5721088647842407,0.2483457326889038,-0.06306467950344086,0.576048731803894,0.5391665101051331,-0.03222031146287918,0.6097743511199951,0.4317232370376587,-0.04675476253032684,0.633892834186554,0.37248334288597107,-0.04889647290110588,0.6489006876945496,0.315804660320282,-0.04809754341840744,Wrong
0.5062495470046997,0.8122619986534119,4.865447067459172e-07,0.40606558322906494,0.7678105235099792,-0.01786860264837742,0.335342139005661,0.6772619485855103,-0.031981755048036575,0.2846808135509491,0.5795087814331055,-0.04175597056746483,0.23398546874523163,0.5214654803276062,-0.04782025143504143,0.4199521839618683,0.5316874384880066,-0.04030634090304375,0.3808678090572357,0.40381062030792236,-0.04625243321061134,0.362877756357193,0.33801746368408203,-0.044724658131599426,0.3534024953842163,0.28176549077033997,-0.04413864016532898,0.47985023260116577,0.5144403576850891,-0.03481176495552063,0.4612618386745453,0.3696831166744232,-0.04592547193169594,0.4508505165576935,0.28451937437057495,-0.04846034198999405,0.45189210772514343,0.22120347619056702,-0.05173250660300255,0.5324958562850952,0.5258111357688904,-0.026826001703739166,0.5336272120475769,0.4069090187549591,-0.03918192908167839,0.5251646041870117,0.41663432121276855,-0.028194475919008255,0.521580696105957,0.4438576102256775,-0.017128726467490196,0.5760542154312134,0.5466644763946533,-0.019671086221933365,0.6007843017578125,0.4411955773830414,-0.03549867495894432,0.6125617027282715,0.3787180185317993,-0.0347055085003376,0.6212189793586731,0.31890755891799927,-0.029907193034887314,Wrong
0.5185375809669495,0.823784589767456,2.3111944358333858e-07,0.4162153899669647,0.7762961983680725,-0.02076609805226326,0.34368836879730225,0.6759633421897888,-0.03464943915605545,0.2911413311958313,0.5772153735160828,-0.04471655189990997,0.24096891283988953,0.5220329761505127,-0.052011776715517044,0.42207515239715576,0.5331396460533142,-0.039194539189338684,0.3772701025009155,0.40524280071258545,-0.04561692848801613,0.35751521587371826,0.3384001553058624,-0.046235837042331696,0.348848819732666,0.2823801040649414,-0.04650439694523811,0.4823945462703705,0.5089621543884277,-0.030954813584685326,0.457298219203949,0.3659655749797821,-0.037313371896743774,0.446790486574173,0.2822144329547882,-0.034729693084955215,0.44618940353393555,0.22315546870231628,-0.03321592137217522,0.5343900918960571,0.5218206644058228,-0.021210916340351105,0.5308657884597778,0.40230631828308105,-0.028037957847118378,0.519829511642456,0.4106608033180237,-0.012794348411262035,0.5103099346160889,0.43950870633125305,0.0025055697187781334,0.57636559009552,0.548456609249115,-0.0132655194029212,0.6027292013168335,0.44313737750053406,-0.022114764899015427,0.6139134168624878,0.3765789866447449,-0.01658731698989868,0.6208975315093994,0.31876131892204285,-0.00754173519089818,Wrong
0.5185375809669495,0.823784589767456,2.3111944358333858e-07,0.4162153899669647,0.7762961983680725,-0.02076609805226326,0.34368836879730225,0.6759633421897888,-0.03464943915605545,0.2911413311958313,0.5772153735160828,-0.04471655189990997,0.24096891283988953,0.5220329761505127,-0.052011776715517044,0.42207515239715576,0.5331396460533142,-0.039194539189338684,0.3772701025009155,0.40524280071258545,-0.04561692848801613,0.35751521587371826,0.3384001553058624,-0.046235837042331696,0.348848819732666,0.2823801040649414,-0.04650439694523811,0.4823945462703705,0.5089621543884277,-0.030954813584685326,0.457298219203949,0.3659655749797821,-0.037313371896743774,0.446790486574173,0.2822144329547882,-0.034729693084955215,0.44618940353393555,0.22315546870231628,-0.03321592137217522,0.5343900918960571,0.5218206644058228,-0.021210916340351105,0.5308657884597778,0.40230631828308105,-0.028037957847118378,0.519829511642456,0.4106608033180237,-0.012794348411262035,0.5103099346160889,0.43950870633125305,0.0025055697187781334,0.57636559009552,0.548456609249115,-0.0132655194029212,0.6027292013168335,0.44313737750053406,-0.022114764899015427,0.6139134168624878,0.3765789866447449,-0.01658731698989868,0.6208975315093994,0.31876131892204285,-0.00754173519089818,Wrong
0.5185375809669495,0.823784589767456,2.3111944358333858e-07,0.4162153899669647,0.7762961983680725,-0.02076609805226326,0.34368836879730225,0.6759633421897888,-0.03464943915605545,0.2911413311958313,0.5772153735160828,-0.04471655189990997,0.24096891283988953,0.5220329761505127,-0.052011776715517044,0.42207515239715576,0.5331396460533142,-0.039194539189338684,0.3772701025009155,0.40524280071258545,-0.04561692848801613,0.35751521587371826,0.3384001553058624,-0.046235837042331696,0.348848819732666,0.2823801040649414,-0.04650439694523811,0.4823945462703705,0.5089621543884277,-0.030954813584685326,0.457298219203949,0.3659655749797821,-0.037313371896743774,0.446790486574173,0.2822144329547882,-0.034729693084955215,0.44618940353393555,0.22315546870231628,-0.03321592137217522,0.5343900918960571,0.5218206644058228,-0.021210916340351105,0.5308657884597778,0.40230631828308105,-0.028037957847118378,0.519829511642456,0.4106608033180237,-0.012794348411262035,0.5103099346160889,0.43950870633125305,0.0025055697187781334,0.57636559009552,0.548456609249115,-0.0132655194029212,0.6027292013168335,0.44313737750053406,-0.022114764899015427,0.6139134168624878,0.3765789866447449,-0.01658731698989868,0.6208975315093994,0.31876131892204285,-0.00754173519089818,Wrong
0.5185375809669495,0.823784589767456,2.3111944358333858e-07,0.4162153899669647,0.7762961983680725,-0.02076609805226326,0.34368836879730225,0.6759633421897888,-0.03464943915605545,0.2911413311958313,0.5772153735160828,-0.04471655189990997,0.24096891283988953,0.5220329761505127,-0.052011776715517044,0.42207515239715576,0.5331396460533142,-0.039194539189338684,0.3772701025009155,0.40524280071258545,-0.04561692848801613,0.35751521587371826,0.3384001553058624,-0.046235837042331696,0.348848819732666,0.2823801040649414,-0.04650439694523811,0.4823945462703705,0.5089621543884277,-0.030954813584685326,0.457298219203949,0.3659655749797821,-0.037313371896743774,0.446790486574173,0.2822144329547882,-0.034729693084955215,0.44618940353393555,0.22315546870231628,-0.03321592137217522,0.5343900918960571,0.5218206644058228,-0.021210916340351105,0.5308657884597778,0.40230631828308105,-0.028037957847118378,0.519829511642456,0.4106608033180237,-0.012794348411262035,0.5103099346160889,0.43950870633125305,0.0025055697187781334,0.57636559009552,0.548456609249115,-0.0132655194029212,0.6027292013168335,0.44313737750053406,-0.022114764899015427,0.6139134168624878,0.3765789866447449,-0.01658731698989868,0.6208975315093994,0.31876131892204285,-0.00754173519089818,Wrong
0.5185375809669495,0.823784589767456,2.3111944358333858e-07,0.4162153899669647,0.7762961983680725,-0.02076609805226326,0.34368836879730225,0.6759633421897888,-0.03464943915605545,0.2911413311958313,0.5772153735160828,-0.04471655189990997,0.24096891283988953,0.5220329761505127,-0.052011776715517044,0.42207515239715576,0.5331396460533142,-0.039194539189338684,0.3772701025009155,0.40524280071258545,-0.04561692848801613,0.35751521587371826,0.3384001553058624,-0.046235837042331696,0.348848819732666,0.2823801040649414,-0.04650439694523811,0.4823945462703705,0.5089621543884277,-0.030954813584685326,0.457298219203949,0.3659655749797821,-0.037313371896743774,0.446790486574173,0.2822144329547882,-0.034729693084955215,0.44618940353393555,0.22315546870231628,-0.03321592137217522,0.5343900918960571,0.5218206644058228,-0.021210916340351105,0.5308657884597778,0.40230631828308105,-0.028037957847118378,0.519829511642456,0.4106608033180237,-0.012794348411262035,0.5103099346160889,0.43950870633125305,0.0025055697187781334,0.57636559009552,0.548456609249115,-0.0132655194029212,0.6027292013168335,0.44313737750053406,-0.022114764899015427,0.6139134168624878,0.3765789866447449,-0.01658731698989868,0.6208975315093994,0.31876131892204285,-0.00754173519089818,Wrong
0.5159373879432678,0.8224323987960815,2.960431118026463e-07,0.4128554165363312,0.7760531902313232,-0.018835129216313362,0.34092843532562256,0.6771041750907898,-0.033207058906555176,0.2903308570384979,0.5778481960296631,-0.044499486684799194,0.24067562818527222,0.5214427709579468,-0.052066657692193985,0.4220033884048462,0.5324178338050842,-0.034192003309726715,0.37950795888900757,0.40471819043159485,-0.04089730232954025,0.3609814941883087,0.33688193559646606,-0.04214470088481903,0.3523213863372803,0.2809649705886841,-0.04270000383257866,0.4815414249897003,0.5088438987731934,-0.027574598789215088,0.46104732155799866,0.3674696981906891,-0.037671979516744614,0.4515109360218048,0.2805370092391968,-0.03958043083548546,0.4511103332042694,0.22120404243469238,-0.040758587419986725,0.5344769954681396,0.5205976366996765,-0.019115015864372253,0.5326585173606873,0.39970359206199646,-0.02826431579887867,0.5224477052688599,0.41806620359420776,-0.013912266120314598,0.5146462321281433,0.45595869421958923,0.0013230862095952034,0.5782237648963928,0.5455510020256042,-0.01233356911689043,0.6059901118278503,0.44242140650749207,-0.021505918353796005,0.6177839636802673,0.375296950340271,-0.016472920775413513,0.6255083680152893,0.3138372302055359,-0.007711715064942837,Wrong
0.5159373879432678,0.8224323987960815,2.960431118026463e-07,0.4128554165363312,0.7760531902313232,-0.018835129216313362,0.34092843532562256,0.6771041750907898,-0.033207058906555176,0.2903308570384979,0.5778481960296631,-0.044499486684799194,0.24067562818527222,0.5214427709579468,-0.052066657692193985,0.4220033884048462,0.5324178338050842,-0.034192003309726715,0.37950795888900757,0.40471819043159485,-0.04089730232954025,0.3609814941883087,0.33688193559646606,-0.04214470088481903,0.3523213863372803,0.2809649705886841,-0.04270000383257866,0.4815414249897003,0.5088438987731934,-0.027574598789215088,0.46104732155799866,0.3674696981906891,-0.037671979516744614,0.4515109360218048,0.2805370092391968,-0.03958043083548546,0.4511103332042694,0.22120404243469238,-0.040758587419986725,0.5344769954681396,0.5205976366996765,-0.019115015864372253,0.5326585173606873,0.39970359206199646,-0.02826431579887867,0.5224477052688599,0.41806620359420776,-0.013912266120314598,0.5146462321281433,0.45595869421958923,0.0013230862095952034,0.5782237648963928,0.5455510020256042,-0.01233356911689043,0.6059901118278503,0.44242140650749207,-0.021505918353796005,0.6177839636802673,0.375296950340271,-0.016472920775413513,0.6255083680152893,0.3138372302055359,-0.007711715064942837,Wrong
0.5177271962165833,0.8258728981018066,2.6575895617497736e-07,0.41465404629707336,0.778785765171051,-0.014395601116120815,0.3405112624168396,0.6821797490119934,-0.027065470814704895,0.29011833667755127,0.5819715857505798,-0.03715858981013298,0.24224811792373657,0.522582471370697,-0.04389212280511856,0.4202527105808258,0.5300610661506653,-0.03255828469991684,0.3781985640525818,0.40406638383865356,-0.03373418003320694,0.3588242530822754,0.33978021144866943,-0.02982150949537754,0.3497820794582367,0.2862910032272339,-0.027462871745228767,0.4798543453216553,0.5050267577171326,-0.027116144075989723,0.4603487551212311,0.3642604947090149,-0.03426779434084892,0.45084041357040405,0.28152692317962646,-0.03508974611759186,0.4516464173793793,0.22620639204978943,-0.0364094004034996,0.5337374806404114,0.5162601470947266,-0.01847476325929165,0.5343726873397827,0.39921024441719055,-0.02518070861697197,0.524195671081543,0.4186241328716278,-0.010679886676371098,0.5170202255249023,0.457400381565094,0.0033852113410830498,0.5780249834060669,0.5426828265190125,-0.010798444971442223,0.6052492260932922,0.4385822117328644,-0.017256960272789,0.6180910468101501,0.37581849098205566,-0.010206162929534912,0.627208948135376,0.31868797540664673,-0.0009409253834746778,Wrong
0.5162069201469421,0.8155137896537781,4.00751815732292e-07,0.41319847106933594,0.7725135087966919,-0.020204924046993256,0.34105533361434937,0.6792256832122803,-0.03635512292385101,0.28982192277908325,0.5804802179336548,-0.048579297959804535,0.24082806706428528,0.5215277075767517,-0.056409548968076706,0.42100298404693604,0.5302717089653015,-0.03623621538281441,0.3805958032608032,0.4020422101020813,-0.042102839797735214,0.3613944947719574,0.3360217809677124,-0.04280908778309822,0.3521338105201721,0.2805540859699249,-0.04323963820934296,0.4811899662017822,0.5082408785820007,-0.02745991013944149,0.4619937837123871,0.36753523349761963,-0.03613295033574104,0.4533950090408325,0.28033846616744995,-0.03794224560260773,0.45496490597724915,0.2188895344734192,-0.03997831791639328,0.5340788960456848,0.5211510062217712,-0.016644826158881187,0.5342509746551514,0.40383946895599365,-0.024978628382086754,0.5229129791259766,0.4247734844684601,-0.011533753015100956,0.5151996612548828,0.4644453227519989,0.002299195621162653,0.578019380569458,0.5449696779251099,-0.007290549110621214,0.6042677760124207,0.4426603615283966,-0.017160220071673393,0.6151915192604065,0.37698912620544434,-0.013770407997071743,0.6235288977622986,0.31484463810920715,-0.006702018436044455,Wrong
0.5140012502670288,0.8219889402389526,4.4484792738330725e-07,0.41193580627441406,0.7735337018966675,-0.018914910033345222,0.34020429849624634,0.6806286573410034,-0.035735104233026505,0.29030001163482666,0.5814106464385986,-0.04933396354317665,0.23752810060977936,0.5243492126464844,-0.05940304324030876,0.4244358241558075,0.5310670733451843,-0.036262258887290955,0.3798481225967407,0.40478289127349854,-0.03833550587296486,0.36097437143325806,0.3403269648551941,-0.03501202166080475,0.3515543043613434,0.2872192859649658,-0.03338707610964775,0.4831552803516388,0.5093938708305359,-0.029317086562514305,0.45874717831611633,0.3641529083251953,-0.03687445446848869,0.44802549481391907,0.27843111753463745,-0.03798345848917961,0.45044177770614624,0.2169989049434662,-0.03996681794524193,0.5350674986839294,0.5236290097236633,-0.01965746469795704,0.53130042552948,0.4019584357738495,-0.026372244581580162,0.5158530473709106,0.41687124967575073,-0.011672742664813995,0.5060199499130249,0.4521997570991516,0.0019315436948090792,0.5784643292427063,0.5500278472900391,-0.011500884778797626,0.604590117931366,0.4435427486896515,-0.02053266018629074,0.6174626350402832,0.3791423738002777,-0.01561444066464901,0.6278283596038818,0.32113945484161377,-0.00792411807924509,Wrong
0.5166736841201782,0.8230603337287903,3.853470218473376e-07,0.4128749966621399,0.7749351263046265,-0.01926088146865368,0.33886295557022095,0.6807774901390076,-0.034216947853565216,0.28706619143486023,0.5813536047935486,-0.045219697058200836,0.23730246722698212,0.5204036235809326,-0.05261179059743881,0.425079882144928,0.5347053408622742,-0.03428131341934204,0.37992650270462036,0.40674707293510437,-0.03926601633429527,0.3612881600856781,0.3388909697532654,-0.039377596229314804,0.3509342074394226,0.2841779589653015,-0.040014684200286865,0.48558786511421204,0.5131914615631104,-0.02825200743973255,0.46476346254348755,0.36680322885513306,-0.036793507635593414,0.455282986164093,0.28268811106681824,-0.03939652070403099,0.4554736018180847,0.22346892952919006,-0.042669545859098434,0.5376470685005188,0.5232792496681213,-0.0204661563038826,0.5379524827003479,0.4019743502140045,-0.03042682446539402,0.5278062224388123,0.41355058550834656,-0.019490942358970642,0.52082359790802,0.44379961490631104,-0.008485540747642517,0.5807111263275146,0.545673131942749,-0.013966111466288567,0.6064174771308899,0.4419369399547577,-0.027775803580880165,0.6186167001724243,0.3748253583908081,-0.02676410973072052,0.6276917457580566,0.31309664249420166,-0.02186928130686283,Wrong
0.5166736841201782,0.8230603337287903,3.853470218473376e-07,0.4128749966621399,0.7749351263046265,-0.01926088146865368,0.33886295557022095,0.6807774901390076,-0.034216947853565216,0.28706619143486023,0.5813536047935486,-0.045219697058200836,0.23730246722698212,0.5204036235809326,-0.05261179059743881,0.425079882144928,0.5347053408622742,-0.03428131341934204,0.37992650270462036,0.40674707293510437,-0.03926601633429527,0.3612881600856781,0.3388909697532654,-0.039377596229314804,0.3509342074394226,0.2841779589653015,-0.040014684200286865,0.48558786511421204,0.5131914615631104,-0.02825200743973255,0.46476346254348755,0.36680322885513306,-0.036793507635593414,0.455282986164093,0.28268811106681824,-0.03939652070403099,0.4554736018180847,0.22346892952919006,-0.042669545859098434,0.5376470685005188,0.5232792496681213,-0.0204661563038826,0.5379524827003479,0.4019743502140045,-0.03042682446539402,0.5278062224388123,0.41355058550834656,-0.019490942358970642,0.52082359790802,0.44379961490631104,-0.008485540747642517,0.5807111263275146,0.545673131942749,-0.013966111466288567,0.6064174771308899,0.4419369399547577,-0.027775803580880165,0.6186167001724243,0.3748253583908081,-0.02676410973072052,0.6276917457580566,0.31309664249420166,-0.02186928130686283,Wrong
0.5166736841201782,0.8230603337287903,3.853470218473376e-07,0.4128749966621399,0.7749351263046265,-0.01926088146865368,0.33886295557022095,0.6807774901390076,-0.034216947853565216,0.28706619143486023,0.5813536047935486,-0.045219697058200836,0.23730246722698212,0.5204036235809326,-0.05261179059743881,0.425079882144928,0.5347053408622742,-0.03428131341934204,0.37992650270462036,0.40674707293510437,-0.03926601633429527,0.3612881600856781,0.3388909697532654,-0.039377596229314804,0.3509342074394226,0.2841779589653015,-0.040014684200286865,0.48558786511421204,0.5131914615631104,-0.02825200743973255,0.46476346254348755,0.36680322885513306,-0.036793507635593414,0.455282986164093,0.28268811106681824,-0.03939652070403099,0.4554736018180847,0.22346892952919006,-0.042669545859098434,0.5376470685005188,0.5232792496681213,-0.0204661563038826,0.5379524827003479,0.4019743502140045,-0.03042682446539402,0.5278062224388123,0.41355058550834656,-0.019490942358970642,0.52082359790802,0.44379961490631104,-0.008485540747642517,0.5807111263275146,0.545673131942749,-0.013966111466288567,0.6064174771308899,0.4419369399547577,-0.027775803580880165,0.6186167001724243,0.3748253583908081,-0.02676410973072052,0.6276917457580566,0.31309664249420166,-0.02186928130686283,Wrong
0.5173496007919312,0.822502076625824,2.8357226256048307e-07,0.4146590232849121,0.775671124458313,-0.017300991341471672,0.3416106700897217,0.6798169612884521,-0.031571898609399796,0.29154571890830994,0.5805585384368896,-0.04298219829797745,0.24339410662651062,0.5208668112754822,-0.05065152421593666,0.42174050211906433,0.5306571125984192,-0.03364282101392746,0.37998294830322266,0.4060710668563843,-0.03808862343430519,0.3601608872413635,0.3396991491317749,-0.0373421385884285,0.3502086400985718,0.2846823036670685,-0.03695165738463402,0.4811864495277405,0.5073680877685547,-0.027817053720355034,0.4611777365207672,0.36731719970703125,-0.037093862891197205,0.45159950852394104,0.2831353545188904,-0.038900621235370636,0.4519955515861511,0.22586944699287415,-0.04051348939538002,0.5341524481773376,0.519719123840332,-0.01960546337068081,0.5342268943786621,0.4005213677883148,-0.02898189052939415,0.5243768095970154,0.4211086630821228,-0.014845873229205608,0.517138659954071,0.46057265996932983,-0.00011875681957462803,0.5781935453414917,0.5461826920509338,-0.012732518836855888,0.6068009734153748,0.4429074823856354,-0.022074183449149132,0.6197366714477539,0.37714365124702454,-0.01675669476389885,0.6288695931434631,0.3161737322807312,-0.008106031455099583,Wrong
0.5057347416877747,0.8376836180686951,1.3246523167254054e-07,0.39713186025619507,0.788991391658783,-0.039071738719940186,0.3258751630783081,0.6998177170753479,-0.06506231427192688,0.2734985649585724,0.6016798615455627,-0.08431792259216309,0.2313491702079773,0.5373831987380981,-0.0977826938033104,0.41662338376045227,0.5418946743011475,-0.053377702832221985,0.38902175426483154,0.45719432830810547,-0.06482812762260437,0.38817423582077026,0.4920227527618408,-0.0629604309797287,0.39736688137054443,0.5395117402076721,-0.058467473834753036,0.4777803122997284,0.51874178647995,-0.04011702537536621,0.4642109274864197,0.38156864047050476,-0.04956749454140663,0.46736255288124084,0.3046172857284546,-0.04863757640123367,0.47615933418273926,0.25097382068634033,-0.04904433712363243,0.5271475315093994,0.5284311771392822,-0.02875017374753952,0.531528115272522,0.39366012811660767,-0.04112354293465614,0.5443428158760071,0.3162423372268677,-0.04826315864920616,0.5527544021606445,0.26240187883377075,-0.051906388252973557,0.5678853988647461,0.5635693073272705,-0.019264880567789078,0.5961782336235046,0.4590330719947815,-0.02768140658736229,0.6119647026062012,0.3971569836139679,-0.02997088059782982,0.6224983334541321,0.34807032346725464,-0.03034580498933792,Wrong
0.5053765773773193,0.8347445130348206,1.1843546587897436e-07,0.39635705947875977,0.7846606969833374,-0.03348337858915329,0.325354665517807,0.7001211047172546,-0.05711792781949043,0.27320677042007446,0.6015387773513794,-0.07336460798978806,0.2320944368839264,0.5388498306274414,-0.08333667367696762,0.41454407572746277,0.5405118465423584,-0.05522187426686287,0.38629576563835144,0.4549987316131592,-0.059185050427913666,0.38557443022727966,0.494852751493454,-0.04919351264834404,0.3948438763618469,0.5435338616371155,-0.04005051031708717,0.4777727723121643,0.5175362825393677,-0.041466183960437775,0.4635412395000458,0.37836700677871704,-0.05065047740936279,0.46686655282974243,0.3016709089279175,-0.047847993671894073,0.4752156436443329,0.24677330255508423,-0.046694327145814896,0.5273575186729431,0.5271093249320984,-0.027243467047810555,0.5320484042167664,0.3943770229816437,-0.03804652765393257,0.5448336601257324,0.31835854053497314,-0.04352935403585434,0.5520743727684021,0.2654448449611664,-0.04583008214831352,0.5682706832885742,0.5620783567428589,-0.013751264661550522,0.5938822031021118,0.45691269636154175,-0.016974467784166336,0.6068834662437439,0.39745551347732544,-0.015274413861334324,0.6145216822624207,0.35187798738479614,-0.013271789997816086,Wrong
0.507800281047821,0.8424557447433472,4.9468546592379425e-08,0.4000713527202606,0.7922687530517578,-0.03276416286826134,0.3289836049079895,0.7024751305580139,-0.054011207073926926,0.2759891152381897,0.6021031141281128,-0.06908171623945236,0.2349303662776947,0.539948582649231,-0.07785192877054214,0.41525667905807495,0.5414177775382996,-0.044885847717523575,0.38724082708358765,0.45190298557281494,-0.05355251207947731,0.3845171332359314,0.49069327116012573,-0.04988889396190643,0.392325758934021,0.5407689213752747,-0.04402456432580948,0.47802820801734924,0.5174040794372559,-0.031757958233356476,0.46362993121147156,0.3806697130203247,-0.04123269021511078,0.46600550413131714,0.3068282902240753,-0.039033737033605576,0.4730337858200073,0.25655749440193176,-0.03752290830016136,0.527538001537323,0.5260990262031555,-0.019892409443855286,0.5326292514801025,0.3918965458869934,-0.030880190432071686,0.5449681282043457,0.31832629442214966,-0.033823851495981216,0.5532279014587402,0.26783689856529236,-0.032937269657850266,0.5676030516624451,0.560884416103363,-0.009357561357319355,0.5927637219429016,0.4536576569080353,-0.012137847021222115,0.606076180934906,0.3937159776687622,-0.00868218857795,0.6151925921440125,0.34815216064453125,-0.004400251898914576,Wrong
0.5074537992477417,0.829865574836731,1.2213762090595992e-07,0.399311900138855,0.7826605439186096,-0.037264201790094376,0.32691365480422974,0.6979623436927795,-0.06277362257242203,0.2736814618110657,0.5996558666229248,-0.08029109239578247,0.23016110062599182,0.5388206839561462,-0.09160012006759644,0.41614091396331787,0.5420169830322266,-0.06073514372110367,0.38728153705596924,0.45628154277801514,-0.06742323935031891,0.386587917804718,0.49726152420043945,-0.05960259959101677,0.39590907096862793,0.5468440055847168,-0.05199458822607994,0.4791167974472046,0.5183427929878235,-0.04673929139971733,0.46360042691230774,0.3808363080024719,-0.05755595117807388,0.46670547127723694,0.30476143956184387,-0.05663140118122101,0.4748493731021881,0.24975785613059998,-0.05737053602933884,0.5286129117012024,0.5261256098747253,-0.032649096101522446,0.5330438017845154,0.3951137661933899,-0.045239947736263275,0.5450632572174072,0.3186354637145996,-0.05270577222108841,0.5517063736915588,0.2641444206237793,-0.05687492713332176,0.569598913192749,0.5583034157752991,-0.01961269974708557,0.5953247547149658,0.45343706011772156,-0.02531113103032112,0.6085698008537292,0.394260048866272,-0.025562386959791183,0.615802526473999,0.34834861755371094,-0.025233207270503044,Wrong
0.5082561373710632,0.8289473056793213,2.122386177916269e-07,0.39907678961753845,0.7838935852050781,-0.03758075460791588,0.32549476623535156,0.6975963115692139,-0.06226695701479912,0.27265146374702454,0.5983784794807434,-0.0777667835354805,0.22775021195411682,0.540880024433136,-0.08731365948915482,0.41551005840301514,0.5445765852928162,-0.0646078959107399,0.384982705116272,0.4601846933364868,-0.06642983108758926,0.3851776421070099,0.4977077543735504,-0.05456564947962761,0.39625412225723267,0.5407254099845886,-0.04516284540295601,0.47743216156959534,0.5219007730484009,-0.05005621165037155,0.4629476070404053,0.3834046721458435,-0.05851077660918236,0.46725714206695557,0.3057352900505066,-0.05632218345999718,0.47718024253845215,0.24663472175598145,-0.056525200605392456,0.5260639786720276,0.5317472219467163,-0.03461058437824249,0.5299107432365417,0.40261414647102356,-0.04577931389212608,0.5429099798202515,0.32072538137435913,-0.055452652275562286,0.5508363246917725,0.2607840597629547,-0.062008775770664215,0.567584753036499,0.5647170543670654,-0.019815495237708092,0.5953760147094727,0.4580950438976288,-0.026273244991898537,0.6093966960906982,0.3964400887489319,-0.028631597757339478,0.6172462701797485,0.3485829830169678,-0.030273761600255966,Wrong
0.5082561373710632,0.8289473056793213,2.122386177916269e-07,0.39907678961753845,0.7838935852050781,-0.03758075460791588,0.32549476623535156,0.6975963115692139,-0.06226695701479912,0.27265146374702454,0.5983784794807434,-0.0777667835354805,0.22775021195411682,0.540880024433136,-0.08731365948915482,0.41551005840301514,0.5445765852928162,-0.0646078959107399,0.384982705116272,0.4601846933364868,-0.06642983108758926,0.3851776421070099,0.4977077543735504,-0.05456564947962761,0.39625412225723267,0.5407254099845886,-0.04516284540295601,0.47743216156959534,0.5219007730484009,-0.05005621165037155,0.4629476070404053,0.3834046721458435,-0.05851077660918236,0.46725714206695557,0.3057352900505066,-0.05632218345999718,0.47718024253845215,0.24663472175598145,-0.056525200605392456,0.5260639786720276,0.5317472219467163,-0.03461058437824249,0.5299107432365417,0.40261414647102356,-0.04577931389212608,0.5429099798202515,0.32072538137435913,-0.055452652275562286,0.5508363246917725,0.2607840597629547,-0.062008775770664215,0.567584753036499,0.5647170543670654,-0.019815495237708092,0.5953760147094727,0.4580950438976288,-0.026273244991898537,0.6093966960906982,0.3964400887489319,-0.028631597757339478,0.6172462701797485,0.3485829830169678,-0.030273761600255966,Wrong
0.5089598298072815,0.8292253017425537,1.86559546477838e-07,0.39939960837364197,0.7838209867477417,-0.037420131266117096,0.32591843605041504,0.6957292556762695,-0.06126812472939491,0.2738442122936249,0.597878634929657,-0.07597585022449493,0.2310790717601776,0.5409730076789856,-0.08457164466381073,0.41813403367996216,0.5426306128501892,-0.06372904032468796,0.385701984167099,0.46124163269996643,-0.065041683614254,0.3842092752456665,0.4990908205509186,-0.05234235152602196,0.39573195576667786,0.5434666872024536,-0.04204798489809036,0.47882717847824097,0.5204449892044067,-0.048927031457424164,0.46295663714408875,0.38305777311325073,-0.05584922060370445,0.46651944518089294,0.3058502674102783,-0.051081497222185135,0.47702914476394653,0.24815025925636292,-0.048940252512693405,0.5268645882606506,0.5306598544120789,-0.033440545201301575,0.5293638706207275,0.39938730001449585,-0.04334978386759758,0.5416807532310486,0.318559467792511,-0.05055634677410126,0.5498547554016113,0.2601957619190216,-0.05504482612013817,0.5677154660224915,0.564850389957428,-0.01880875788629055,0.594377875328064,0.45851433277130127,-0.02530203014612198,0.6087684631347656,0.39754974842071533,-0.026983534917235374,0.6174294948577881,0.350920706987381,-0.027420418336987495,Wrong
0.5089598298072815,0.8292253017425537,1.86559546477838e-07,0.39939960837364197,0.7838209867477417,-0.037420131266117096,0.32591843605041504,0.6957292556762695,-0.06126812472939491,0.2738442122936249,0.597878634929657,-0.07597585022449493,0.2310790717601776,0.5409730076789856,-0.08457164466381073,0.41813403367996216,0.5426306128501892,-0.06372904032468796,0.385701984167099,0.46124163269996643,-0.065041683614254,0.3842092752456665,0.4990908205509186,-0.05234235152602196,0.39573195576667786,0.5434666872024536,-0.04204798489809036,0.47882717847824097,0.5204449892044067,-0.048927031457424164,0.46295663714408875,0.38305777311325073,-0.05584922060370445,0.46651944518089294,0.3058502674102783,-0.051081497222185135,0.47702914476394653,0.24815025925636292,-0.048940252512693405,0.5268645882606506,0.5306598544120789,-0.033440545201301575,0.5293638706207275,0.39938730001449585,-0.04334978386759758,0.5416807532310486,0.318559467792511,-0.05055634677410126,0.5498547554016113,0.2601957619190216,-0.05504482612013817,0.5677154660224915,0.564850389957428,-0.01880875788629055,0.594377875328064,0.45851433277130127,-0.02530203014612198,0.6087684631347656,0.39754974842071533,-0.026983534917235374,0.6174294948577881,0.350920706987381,-0.027420418336987495,Wrong
0.5076274275779724,0.8307658433914185,1.198733343699132e-07,0.4001912772655487,0.7822918891906738,-0.035721927881240845,0.3278496563434601,0.6964276432991028,-0.06074436008930206,0.275218665599823,0.5965726375579834,-0.07771191000938416,0.23253294825553894,0.5345366597175598,-0.08851651847362518,0.41816750168800354,0.5438650846481323,-0.061780259013175964,0.38632363080978394,0.456556499004364,-0.06669337302446365,0.38559383153915405,0.49631908535957336,-0.05687294155359268,0.39647629857063293,0.5437115430831909,-0.04815002530813217,0.47996029257774353,0.5195472240447998,-0.04787054285407066,0.4623959958553314,0.38002029061317444,-0.058333054184913635,0.4661206603050232,0.303988516330719,-0.056210242211818695,0.47483283281326294,0.24944403767585754,-0.05582384765148163,0.5290220975875854,0.5268300175666809,-0.03326793387532234,0.5313361287117004,0.3947638273239136,-0.04555867984890938,0.543058454990387,0.3185303509235382,-0.0522201769053936,0.5487992167472839,0.2652060091495514,-0.05560361221432686,0.5707371234893799,0.559314489364624,-0.019414475187659264,0.5959408283233643,0.452781617641449,-0.025252701714634895,0.6085497736930847,0.3919293284416199,-0.025295700877904892,0.6145702600479126,0.3443295955657959,-0.024459153413772583,Wrong
0.5076274275779724,0.8307658433914185,1.198733343699132e-07,0.4001912772655487,0.7822918891906738,-0.035721927881240845,0.3278496563434601,0.6964276432991028,-0.06074436008930206,0.275218665599823,0.5965726375579834,-0.07771191000938416,0.23253294825553894,0.5345366597175598,-0.08851651847362518,0.41816750168800354,0.5438650846481323,-0.061780259013175964,0.38632363080978394,0.456556499004364,-0.06669337302446365,0.38559383153915405,0.49631908535957336,-0.05687294155359268,0.39647629857063293,0.5437115430831909,-0.04815002530813217,0.47996029257774353,0.5195472240447998,-0.04787054285407066,0.4623959958553314,0.38002029061317444,-0.058333054184913635,0.4661206603050232,0.303988516330719,-0.056210242211818695,0.47483283281326294,0.24944403767585754,-0.05582384765148163,0.5290220975875854,0.5268300175666809,-0.03326793387532234,0.5313361287117004,0.3947638273239136,-0.04555867984890938,0.543058454990387,0.3185303509235382,-0.0522201769053936,0.5487992167472839,0.2652060091495514,-0.05560361221432686,0.5707371234893799,0.559314489364624,-0.019414475187659264,0.5959408283233643,0.452781617641449,-0.025252701714634895,0.6085497736930847,0.3919293284416199,-0.025295700877904892,0.6145702600479126,0.3443295955657959,-0.024459153413772583,Wrong
0.504020631313324,0.8356039524078369,1.158436262471696e-07,0.39668405055999756,0.7849414944648743,-0.03320843353867531,0.32638877630233765,0.6986876130104065,-0.056090567260980606,0.2744719982147217,0.6013224124908447,-0.07102798670530319,0.23318183422088623,0.540864884853363,-0.07965123653411865,0.417870432138443,0.543012261390686,-0.05791905149817467,0.3869251012802124,0.4570488929748535,-0.059078000485897064,0.3850289583206177,0.49638015031814575,-0.04593833535909653,0.3945133686065674,0.5436028838157654,-0.03514864668250084,0.48022064566612244,0.5200470685958862,-0.04410552233457565,0.4647524654865265,0.3807734251022339,-0.052620187401771545,0.46845489740371704,0.3051840662956238,-0.04893973842263222,0.4764817953109741,0.25205233693122864,-0.04728991165757179,0.5288557410240173,0.5281352996826172,-0.029255619272589684,0.5325167179107666,0.3941785395145416,-0.04001558944582939,0.5445875525474548,0.31810641288757324,-0.045621782541275024,0.55064857006073,0.26554492115974426,-0.0479913204908371,0.5691102743148804,0.5618472099304199,-0.014870825223624706,0.595700204372406,0.4537266790866852,-0.018493302166461945,0.6093670129776001,0.39288395643234253,-0.01702192984521389,0.6159682273864746,0.3460152745246887,-0.01509979460388422,Wrong
0.5050375461578369,0.8316525220870972,1.5474311965135712e-07,0.3980206251144409,0.7839583158493042,-0.03807602450251579,0.32714807987213135,0.6972516179084778,-0.06423600018024445,0.27535441517829895,0.5992704629898071,-0.08225937932729721,0.23216739296913147,0.5405075550079346,-0.09415227174758911,0.4174470007419586,0.5425713062286377,-0.06250490993261337,0.3857882022857666,0.4605688750743866,-0.06893125176429749,0.38622990250587463,0.5007093548774719,-0.060757651925086975,0.39792218804359436,0.5477373600006104,-0.05308973044157028,0.47797781229019165,0.5201088190078735,-0.04879375547170639,0.4624512791633606,0.3826960027217865,-0.05935921147465706,0.46711182594299316,0.3076466917991638,-0.05691445618867874,0.47636598348617554,0.2525752782821655,-0.05592109635472298,0.526482105255127,0.5295936465263367,-0.03507984057068825,0.5310118198394775,0.3968915641307831,-0.04871447756886482,0.54488205909729,0.31901052594184875,-0.056221816688776016,0.5529308915138245,0.2631365656852722,-0.05984942242503166,0.5678014755249023,0.5646334290504456,-0.0223844051361084,0.5946316719055176,0.45815762877464294,-0.030993394553661346,0.6089066863059998,0.3981810212135315,-0.03240455314517021,0.6163920164108276,0.35164451599121094,-0.03206055983901024,Wrong
0.5081018209457397,0.8237494826316833,1.8438731785863638e-07,0.40000736713409424,0.7777903079986572,-0.033749520778656006,0.32799094915390015,0.6969813704490662,-0.05901024490594864,0.27584534883499146,0.6035414934158325,-0.07647385448217392,0.23921644687652588,0.543092668056488,-0.08810180425643921,0.4189732074737549,0.5436739921569824,-0.06446956098079681,0.3860800862312317,0.4580771327018738,-0.07016152888536453,0.38726937770843506,0.4965135455131531,-0.05927537754178047,0.3999252915382385,0.5436689853668213,-0.04925049841403961,0.4797297418117523,0.5220243334770203,-0.052540719509124756,0.4623488485813141,0.38385123014450073,-0.0632147416472435,0.46624642610549927,0.30962157249450684,-0.05989406630396843,0.4754175841808319,0.2539450526237488,-0.058235932141542435,0.5283495187759399,0.5313758850097656,-0.03971956670284271,0.5327898859977722,0.39941728115081787,-0.052740879356861115,0.5461809039115906,0.32029134035110474,-0.059493958950042725,0.5546149015426636,0.26258429884910583,-0.0628926157951355,0.5690026879310608,0.565772533416748,-0.0273149274289608,0.5950588583946228,0.45814213156700134,-0.035201311111450195,0.6093940138816833,0.39883822202682495,-0.035702064633369446,0.6171960234642029,0.35331887006759644,-0.03466423228383064,Wrong
0.5086623430252075,0.8267436623573303,2.0271845357910934e-07,0.4009188115596771,0.7823163270950317,-0.036267612129449844,0.32750922441482544,0.6951333284378052,-0.06064162775874138,0.2747410535812378,0.5979498028755188,-0.0762670710682869,0.23279708623886108,0.5414785742759705,-0.08597471565008163,0.4187115430831909,0.5448359251022339,-0.06517741084098816,0.3848402500152588,0.4610787034034729,-0.06944844126701355,0.38463789224624634,0.49956923723220825,-0.058489106595516205,0.3969048857688904,0.5454186201095581,-0.048665907233953476,0.48037809133529663,0.5220652222633362,-0.05090735852718353,0.4630938768386841,0.3821495473384857,-0.06058067828416824,0.4674655497074127,0.3046107888221741,-0.05680570378899574,0.4779285192489624,0.2459578514099121,-0.054653216153383255,0.5288755297660828,0.5310253500938416,-0.035732802003622055,0.5322873592376709,0.39996138215065,-0.04772398993372917,0.5443689227104187,0.32017481327056885,-0.05446367710828781,0.5514447093009949,0.2622421979904175,-0.05754833668470383,0.5691144466400146,0.5640789270401001,-0.021163104102015495,0.5950814485549927,0.4566620886325836,-0.027960291132330894,0.608701765537262,0.3965524733066559,-0.02815529704093933,0.6160454750061035,0.3501214385032654,-0.026906421408057213,Wrong
0.5071263313293457,0.8303712606430054,1.94531054376057e-07,0.4001864790916443,0.7839922904968262,-0.03819054365158081,0.3273090720176697,0.6969099640846252,-0.0643254816532135,0.27474427223205566,0.5989103317260742,-0.08178550750017166,0.23273271322250366,0.5405357480049133,-0.0931810811161995,0.4184454679489136,0.5433738827705383,-0.0650348886847496,0.38474875688552856,0.4612218141555786,-0.0703311488032341,0.3858698904514313,0.4985727369785309,-0.060983091592788696,0.39921873807907104,0.5421732664108276,-0.05272507295012474,0.47874170541763306,0.5217796564102173,-0.05123899504542351,0.4617210626602173,0.38366466760635376,-0.062082551419734955,0.4671373665332794,0.30778437852859497,-0.059539057314395905,0.47817009687423706,0.2517108917236328,-0.058441925793886185,0.5270218253135681,0.5313633680343628,-0.03702947497367859,0.5301786065101624,0.39912667870521545,-0.05050777271389961,0.5434862375259399,0.31999102234840393,-0.05800408869981766,0.5518857836723328,0.2633711099624634,-0.06167412921786308,0.5683901309967041,0.5655572414398193,-0.023719817399978638,0.5933263301849365,0.4557945728302002,-0.031923405826091766,0.607154130935669,0.39478540420532227,-0.032923463732004166,0.61495041847229,0.3482140302658081,-0.032282933592796326,Wrong
0.5121311545372009,0.8217623233795166,2.1638065561546682e-07,0.4027634263038635,0.7803978323936462,-0.035122279077768326,0.32906198501586914,0.6942732334136963,-0.05913975462317467,0.277609646320343,0.5955728888511658,-0.07489462196826935,0.23519334197044373,0.5389995574951172,-0.08474031835794449,0.4228467643260956,0.5450899004936218,-0.06360730528831482,0.3831499218940735,0.4597128927707672,-0.06821603327989578,0.38244980573654175,0.49881353974342346,-0.0574289970099926,0.3947209417819977,0.5435312986373901,-0.04813950136303902,0.4838760197162628,0.5211365222930908,-0.05153318867087364,0.4643459618091583,0.3803982138633728,-0.06429048627614975,0.467669278383255,0.3015449345111847,-0.06265337020158768,0.4792267680168152,0.23846778273582458,-0.0621480867266655,0.5317709445953369,0.5295765995979309,-0.03868000581860542,0.5358735918998718,0.397829532623291,-0.05369680002331734,0.5482592582702637,0.3177908957004547,-0.062114130705595016,0.5575995445251465,0.2580143213272095,-0.06636407971382141,0.5715972185134888,0.5622521042823792,-0.02629736065864563,0.5965827703475952,0.45322221517562866,-0.03381715342402458,0.6083526611328125,0.39209020137786865,-0.034371268004179,0.6147400140762329,0.3437265455722809,-0.03412183001637459,Wrong
0.5085217952728271,0.8305855989456177,1.1035946556603449e-07,0.4010605812072754,0.7851076126098633,-0.036640819162130356,0.32967865467071533,0.6979976892471313,-0.05971301347017288,0.27996373176574707,0.5983654856681824,-0.07411883026361465,0.23908033967018127,0.5398332476615906,-0.08205416053533554,0.41931861639022827,0.5440613031387329,-0.06238630786538124,0.3873152732849121,0.4555472731590271,-0.06832052022218704,0.38700419664382935,0.49226051568984985,-0.05852227658033371,0.3984200954437256,0.5362688302993774,-0.049630120396614075,0.48118358850479126,0.5210121273994446,-0.048733197152614594,0.46419981122016907,0.3777039647102356,-0.06289000064134598,0.46887117624282837,0.2999250888824463,-0.061336856335401535,0.4789903163909912,0.24185627698898315,-0.0597771555185318,0.5299618244171143,0.5289869904518127,-0.034737810492515564,0.5323889851570129,0.3926326632499695,-0.05112745985388756,0.5459550023078918,0.3124183416366577,-0.059003785252571106,0.5553898811340332,0.25351154804229736,-0.06151328980922699,0.5708481073379517,0.5610323548316956,-0.02139255404472351,0.5932507514953613,0.4482874274253845,-0.030471056699752808,0.6047559976577759,0.38575178384780884,-0.031577788293361664,0.6116742491722107,0.33827751874923706,-0.030459124594926834,Wrong
0.5112373232841492,0.8251062631607056,1.9435519504895638e-07,0.4042598307132721,0.7800216674804688,-0.036570195108652115,0.33157509565353394,0.6912395358085632,-0.06134646013379097,0.27996987104415894,0.591323971748352,-0.07786086201667786,0.23616141080856323,0.535310685634613,-0.08827834576368332,0.42360371351242065,0.5449627041816711,-0.06191304326057434,0.38434961438179016,0.4579768776893616,-0.06924005597829819,0.3835754990577698,0.4967244267463684,-0.061545275151729584,0.3959823250770569,0.5412764549255371,-0.05403639003634453,0.48470640182495117,0.5208426117897034,-0.04937964677810669,0.4650016129016876,0.381386935710907,-0.06324681639671326,0.46841657161712646,0.3035992383956909,-0.062462616711854935,0.47985437512397766,0.24287819862365723,-0.062234826385974884,0.5328437089920044,0.5287882685661316,-0.036600951105356216,0.5366015434265137,0.39926180243492126,-0.05225986987352371,0.5482147336006165,0.31847721338272095,-0.05971485376358032,0.5568550825119019,0.25859734416007996,-0.0626792460680008,0.5727298259735107,0.5607703328132629,-0.024640804156661034,0.5952668190002441,0.4511740803718567,-0.031978536397218704,0.6055121421813965,0.3894091844558716,-0.031183693557977676,0.6111839413642883,0.3412330746650696,-0.02945449762046337,Wrong
0.5099800229072571,0.8226124048233032,1.9966951469996275e-07,0.4027865529060364,0.776206910610199,-0.03699073940515518,0.32978355884552,0.6900203227996826,-0.0631628930568695,0.27779990434646606,0.5935722589492798,-0.08061797171831131,0.23686879873275757,0.5364214181900024,-0.09191596508026123,0.42194926738739014,0.5427085757255554,-0.06796443462371826,0.385489821434021,0.4557424485683441,-0.0744279995560646,0.3855680525302887,0.49363502860069275,-0.06420564651489258,0.3974563777446747,0.539547860622406,-0.05472369119524956,0.4844040274620056,0.5208181738853455,-0.05466749146580696,0.46618497371673584,0.38176143169403076,-0.06733598560094833,0.4705298840999603,0.3045341372489929,-0.06478309631347656,0.4803984463214874,0.24462246894836426,-0.06335043162107468,0.5327549576759338,0.5296652317047119,-0.04053213447332382,0.5358657240867615,0.3978676199913025,-0.05507398396730423,0.5484179258346558,0.31811976432800293,-0.061490729451179504,0.556207001209259,0.2590625286102295,-0.0640040785074234,0.5724529027938843,0.5630983114242554,-0.026982596144080162,0.5941084623336792,0.4519752860069275,-0.035230107605457306,0.6039537787437439,0.3893287479877472,-0.03469565138220787,0.6080935001373291,0.339760422706604,-0.032716989517211914,Wrong
0.5138546824455261,0.8222067952156067,1.942171365953982e-07,0.40392568707466125,0.7805163860321045,-0.032980795949697495,0.33139872550964355,0.6941982507705688,-0.055751267820596695,0.28119441866874695,0.5947346091270447,-0.0707375630736351,0.24064841866493225,0.5355874300003052,-0.07983337342739105,0.4224671721458435,0.5457012057304382,-0.059102561324834824,0.38391053676605225,0.4595383405685425,-0.06429211795330048,0.38286226987838745,0.4987196922302246,-0.05425557494163513,0.39526718854904175,0.5440954566001892,-0.045278675854206085,0.4834476113319397,0.5218741297721863,-0.04812242090702057,0.4640590250492096,0.38165372610092163,-0.06062296777963638,0.46718424558639526,0.3031851053237915,-0.05876491218805313,0.4786994159221649,0.2388126254081726,-0.05789381265640259,0.5315602421760559,0.5308923125267029,-0.03664463758468628,0.5363661646842957,0.39909470081329346,-0.051869504153728485,0.5494143962860107,0.31893935799598694,-0.059803664684295654,0.5594008564949036,0.25816768407821655,-0.06340132653713226,0.5720223784446716,0.5640993714332581,-0.025503341108560562,0.5958856344223022,0.4544128179550171,-0.03344626724720001,0.6070210337638855,0.3930574655532837,-0.033723849803209305,0.6133357286453247,0.3442228138446808,-0.03297017142176628,Wrong
0.5138546824455261,0.8222067952156067,1.942171365953982e-07,0.40392568707466125,0.7805163860321045,-0.032980795949697495,0.33139872550964355,0.6941982507705688,-0.055751267820596695,0.28119441866874695,0.5947346091270447,-0.0707375630736351,0.24064841866493225,0.5355874300003052,-0.07983337342739105,0.4224671721458435,0.5457012057304382,-0.059102561324834824,0.38391053676605225,0.4595383405685425,-0.06429211795330048,0.38286226987838745,0.4987196922302246,-0.05425557494163513,0.39526718854904175,0.5440954566001892,-0.045278675854206085,0.4834476113319397,0.5218741297721863,-0.04812242090702057,0.4640590250492096,0.38165372610092163,-0.06062296777963638,0.46718424558639526,0.3031851053237915,-0.05876491218805313,0.4786994159221649,0.2388126254081726,-0.05789381265640259,0.5315602421760559,0.5308923125267029,-0.03664463758468628,0.5363661646842957,0.39909470081329346,-0.051869504153728485,0.5494143962860107,0.31893935799598694,-0.059803664684295654,0.5594008564949036,0.25816768407821655,-0.06340132653713226,0.5720223784446716,0.5640993714332581,-0.025503341108560562,0.5958856344223022,0.4544128179550171,-0.03344626724720001,0.6070210337638855,0.3930574655532837,-0.033723849803209305,0.6133357286453247,0.3442228138446808,-0.03297017142176628,Wrong
0.5138546824455261,0.8222067952156067,1.942171365953982e-07,0.40392568707466125,0.7805163860321045,-0.032980795949697495,0.33139872550964355,0.6941982507705688,-0.055751267820596695,0.28119441866874695,0.5947346091270447,-0.0707375630736351,0.24064841866493225,0.5355874300003052,-0.07983337342739105,0.4224671721458435,0.5457012057304382,-0.059102561324834824,0.38391053676605225,0.4595383405685425,-0.06429211795330048,0.38286226987838745,0.4987196922302246,-0.05425557494163513,0.39526718854904175,0.5440954566001892,-0.045278675854206085,0.4834476113319397,0.5218741297721863,-0.04812242090702057,0.4640590250492096,0.38165372610092163,-0.06062296777963638,0.46718424558639526,0.3031851053237915,-0.05876491218805313,0.4786994159221649,0.2388126254081726,-0.05789381265640259,0.5315602421760559,0.5308923125267029,-0.03664463758468628,0.5363661646842957,0.39909470081329346,-0.051869504153728485,0.5494143962860107,0.31893935799598694,-0.059803664684295654,0.5594008564949036,0.25816768407821655,-0.06340132653713226,0.5720223784446716,0.5640993714332581,-0.025503341108560562,0.5958856344223022,0.4544128179550171,-0.03344626724720001,0.6070210337638855,0.3930574655532837,-0.033723849803209305,0.6133357286453247,0.3442228138446808,-0.03297017142176628,Wrong
0.5231371521949768,0.8152896165847778,-5.731540113629308e-07,0.41098570823669434,0.7677941918373108,-0.0304923877120018,0.3296528458595276,0.6778818368911743,-0.055277805775403976,0.2671193480491638,0.5778331756591797,-0.07371062785387039,0.21395352482795715,0.5183968544006348,-0.08749228715896606,0.4225311279296875,0.5446934103965759,-0.06300573796033859,0.38311928510665894,0.4827227294445038,-0.05816280096769333,0.38604992628097534,0.5386258363723755,-0.04088910296559334,0.39398393034935,0.5901509523391724,-0.028380341827869415,0.4895453453063965,0.5199283957481384,-0.04818560555577278,0.4416012763977051,0.4537254571914673,-0.04169651120901108,0.43445053696632385,0.5035900473594666,-0.027538906782865524,0.44090035557746887,0.5485092997550964,-0.021449437364935875,0.5412542819976807,0.5213372707366943,-0.029527494683861732,0.504761815071106,0.4246824085712433,-0.02587222307920456,0.49683576822280884,0.4727267622947693,-0.008459442295134068,0.5005488395690918,0.5282954573631287,0.0012969550443813205,0.5804371237754822,0.536837100982666,-0.01211275439709425,0.5968267321586609,0.4222351312637329,-0.011061546392738819,0.6009380221366882,0.35753506422042847,-0.0012229183921590447,0.6040963530540466,0.3004182279109955,0.006169606000185013,Wrong
0.5203676819801331,0.8100494146347046,-4.4915941543877125e-07,0.4063783288002014,0.7662966251373291,-0.03198228031396866,0.3232675790786743,0.6813978552818298,-0.05994952470064163,0.2523413300514221,0.5866636037826538,-0.08217392861843109,0.18971168994903564,0.5339072346687317,-0.1010877937078476,0.4204586148262024,0.5365587472915649,-0.06284652650356293,0.38234731554985046,0.4709974229335785,-0.0549025759100914,0.3841426372528076,0.523113489151001,-0.03726562112569809,0.39113849401474,0.5728617310523987,-0.02528936229646206,0.4871717095375061,0.5096653699874878,-0.04796134680509567,0.4429975748062134,0.44634923338890076,-0.037663575261831284,0.4364803433418274,0.4960141181945801,-0.023935358971357346,0.44280487298965454,0.5399922132492065,-0.018832288682460785,0.5385743379592896,0.5119549036026001,-0.02907000295817852,0.5052469372749329,0.4201769530773163,-0.02055751532316208,0.4989745616912842,0.46966996788978577,-0.006256135646253824,0.5012425184249878,0.5237420201301575,-0.00033414611243642867,0.5768057107925415,0.5275117754936218,-0.01162395067512989,0.593113899230957,0.41352415084838867,-0.008296061307191849,0.6000616550445557,0.34833961725234985,-0.0004419503966346383,0.6046607494354248,0.29090696573257446,0.00462427968159318,Wrong
0.5222579836845398,0.8094046115875244,-4.809857045984245e-07,0.4080325961112976,0.767379105091095,-0.032413631677627563,0.3247022032737732,0.6828698515892029,-0.05978119745850563,0.2528846263885498,0.5893797278404236,-0.08097255229949951,0.18960824608802795,0.5371721982955933,-0.09812189638614655,0.4189144968986511,0.5368744134902954,-0.0625215545296669,0.38215142488479614,0.4763047993183136,-0.05491829290986061,0.384929358959198,0.5296422243118286,-0.03742847219109535,0.3914271593093872,0.5790089964866638,-0.025797395035624504,0.4849276542663574,0.5092774033546448,-0.04743055999279022,0.4416627287864685,0.4502513110637665,-0.03817729651927948,0.4364747703075409,0.49908602237701416,-0.025543415918946266,0.4424080550670624,0.5429810285568237,-0.02176421694457531,0.5368325710296631,0.5110259652137756,-0.02831125073134899,0.5028329491615295,0.4225221872329712,-0.022145790979266167,0.4979454278945923,0.47178182005882263,-0.00761970691382885,0.5011687874794006,0.5263691544532776,-0.0013750743819400668,0.5772284865379333,0.5262719392776489,-0.010532795451581478,0.5938798785209656,0.4151841700077057,-0.00828152522444725,0.6007407903671265,0.35252800583839417,0.0004800054884981364,0.6046199202537537,0.29646188020706177,0.006155117880553007,Wrong
0.521255373954773,0.8153083324432373,-4.4683102373710426e-07,0.40730124711990356,0.7689441442489624,-0.03481293469667435,0.3253973126411438,0.6844374537467957,-0.0637839064002037,0.2545592486858368,0.5906909704208374,-0.0866594985127449,0.1932121217250824,0.536465585231781,-0.10564018040895462,0.423217236995697,0.5422689318656921,-0.0641922727227211,0.384387731552124,0.47310522198677063,-0.058699291199445724,0.38709118962287903,0.5287827849388123,-0.041988518089056015,0.3940551280975342,0.5803300738334656,-0.029951661825180054,0.48977750539779663,0.5153056979179382,-0.0479590930044651,0.44283005595207214,0.4499514698982239,-0.04064766317605972,0.4374251365661621,0.49987736344337463,-0.028168175369501114,0.44421401619911194,0.5443859696388245,-0.02329440787434578,0.5404411554336548,0.515721321105957,-0.028208740055561066,0.5052902698516846,0.4229884147644043,-0.022437842562794685,0.4992970824241638,0.4724879860877991,-0.007871272973716259,0.5019341111183167,0.5269230604171753,-0.0006900090374983847,0.5790838003158569,0.5293108224868774,-0.010168193839490414,0.5959410667419434,0.4165487289428711,-0.0074158539064228535,0.6025061011314392,0.35286998748779297,0.0012876109685748816,0.6068558096885681,0.2966945767402649,0.007538325618952513,Wrong
0.521255373954773,0.8153083324432373,-4.4683102373710426e-07,0.40730124711990356,0.7689441442489624,-0.03481293469667435,0.3253973126411438,0.6844374537467957,-0.0637839064002037,0.2545592486858368,0.5906909704208374,-0.0866594985127449,0.1932121217250824,0.536465585231781,-0.10564018040895462,0.423217236995697,0.5422689318656921,-0.0641922727227211,0.384387731552124,0.47310522198677063,-0.058699291199445724,0.38709118962287903,0.5287827849388123,-0.041988518089056015,0.3940551280975342,0.5803300738334656,-0.029951661825180054,0.48977750539779663,0.5153056979179382,-0.0479590930044651,0.44283005595207214,0.4499514698982239,-0.04064766317605972,0.4374251365661621,0.49987736344337463,-0.028168175369501114,0.44421401619911194,0.5443859696388245,-0.02329440787434578,0.5404411554336548,0.515721321105957,-0.028208740055561066,0.5052902698516846,0.4229884147644043,-0.022437842562794685,0.4992970824241638,0.4724879860877991,-0.007871272973716259,0.5019341111183167,0.5269230604171753,-0.0006900090374983847,0.5790838003158569,0.5293108224868774,-0.010168193839490414,0.5959410667419434,0.4165487289428711,-0.0074158539064228535,0.6025061011314392,0.35286998748779297,0.0012876109685748816,0.6068558096885681,0.2966945767402649,0.007538325618952513,Wrong
0.521255373954773,0.8153083324432373,-4.4683102373710426e-07,0.40730124711990356,0.7689441442489624,-0.03481293469667435,0.3253973126411438,0.6844374537467957,-0.0637839064002037,0.2545592486858368,0.5906909704208374,-0.0866594985127449,0.1932121217250824,0.536465585231781,-0.10564018040895462,0.423217236995697,0.5422689318656921,-0.0641922727227211,0.384387731552124,0.47310522198677063,-0.058699291199445724,0.38709118962287903,0.5287827849388123,-0.041988518089056015,0.3940551280975342,0.5803300738334656,-0.029951661825180054,0.48977750539779663,0.5153056979179382,-0.0479590930044651,0.44283005595207214,0.4499514698982239,-0.04064766317605972,0.4374251365661621,0.49987736344337463,-0.028168175369501114,0.44421401619911194,0.5443859696388245,-0.02329440787434578,0.5404411554336548,0.515721321105957,-0.028208740055561066,0.5052902698516846,0.4229884147644043,-0.022437842562794685,0.4992970824241638,0.4724879860877991,-0.007871272973716259,0.5019341111183167,0.5269230604171753,-0.0006900090374983847,0.5790838003158569,0.5293108224868774,-0.010168193839490414,0.5959410667419434,0.4165487289428711,-0.0074158539064228535,0.6025061011314392,0.35286998748779297,0.0012876109685748816,0.6068558096885681,0.2966945767402649,0.007538325618952513,Wrong
0.5245943069458008,0.8126890659332275,-4.7509391265521117e-07,0.41005152463912964,0.7658162117004395,-0.036626506596803665,0.3259756565093994,0.6793140172958374,-0.06613067537546158,0.2533979117870331,0.5871228575706482,-0.08831888437271118,0.1910170018672943,0.5368630290031433,-0.10614921152591705,0.42531853914260864,0.5416156649589539,-0.06906194239854813,0.38543426990509033,0.4789051115512848,-0.06551510840654373,0.3887399435043335,0.5337989926338196,-0.051112305372953415,0.39690253138542175,0.5843858122825623,-0.04112936183810234,0.4913535714149475,0.5160074830055237,-0.05234349146485329,0.443407267332077,0.45027267932891846,-0.04732484742999077,0.43740853667259216,0.4979531466960907,-0.03679819032549858,0.44350674748420715,0.5429586172103882,-0.03379276022315025,0.5414695739746094,0.517600953578949,-0.03196470066905022,0.5029160976409912,0.42962902784347534,-0.02761509083211422,0.49783486127853394,0.4770544171333313,-0.014645430259406567,0.5025316476821899,0.530845046043396,-0.009011935442686081,0.579780638217926,0.5319328308105469,-0.01331770233809948,0.594485878944397,0.4190482199192047,-0.011348499916493893,0.6014108061790466,0.35659661889076233,-0.0032804019283503294,0.6066800355911255,0.3013675808906555,0.0018949558725580573,Wrong
0.5245943069458008,0.8126890659332275,-4.7509391265521117e-07,0.41005152463912964,0.7658162117004395,-0.036626506596803665,0.3259756565093994,0.6793140172958374,-0.06613067537546158,0.2533979117870331,0.5871228575706482,-0.08831888437271118,0.1910170018672943,0.5368630290031433,-0.10614921152591705,0.42531853914260864,0.5416156649589539,-0.06906194239854813,0.38543426990509033,0.4789051115512848,-0.06551510840654373,0.3887399435043335,0.5337989926338196,-0.051112305372953415,0.39690253138542175,0.5843858122825623,-0.04112936183810234,0.4913535714149475,0.5160074830055237,-0.05234349146485329,0.443407267332077,0.45027267932891846,-0.04732484742999077,0.43740853667259216,0.4979531466960907,-0.03679819032549858,0.44350674748420715,0.5429586172103882,-0.03379276022315025,0.5414695739746094,0.517600953578949,-0.03196470066905022,0.5029160976409912,0.42962902784347534,-0.02761509083211422,0.49783486127853394,0.4770544171333313,-0.014645430259406567,0.5025316476821899,0.530845046043396,-0.009011935442686081,0.579780638217926,0.5319328308105469,-0.01331770233809948,0.594485878944397,0.4190482199192047,-0.011348499916493893,0.6014108061790466,0.35659661889076233,-0.0032804019283503294,0.6066800355911255,0.3013675808906555,0.0018949558725580573,Wrong
0.5222315788269043,0.8137675523757935,-4.788927299159695e-07,0.41049087047576904,0.7668081521987915,-0.03663632273674011,0.32588398456573486,0.680751383304596,-0.06523355841636658,0.25514188408851624,0.5898456573486328,-0.08679835498332977,0.19391140341758728,0.5399982333183289,-0.10403957962989807,0.42375117540359497,0.5379627346992493,-0.06588555872440338,0.38470855355262756,0.48094114661216736,-0.06090351939201355,0.3867109715938568,0.5352466702461243,-0.045864466577768326,0.392958402633667,0.5852398872375488,-0.0356348492205143,0.48905131220817566,0.5141001343727112,-0.04903019219636917,0.442502498626709,0.4506162106990814,-0.0431658960878849,0.4348439574241638,0.49720850586891174,-0.032078471034765244,0.43931785225868225,0.5425847768783569,-0.02845054864883423,0.5390723943710327,0.5179538726806641,-0.028596000745892525,0.5031195282936096,0.42760956287384033,-0.025179004296660423,0.4971065819263458,0.47460001707077026,-0.011058607138693333,0.5004211664199829,0.5297423601150513,-0.003865030827000737,0.5777361989021301,0.535260021686554,-0.009909155778586864,0.5936366319656372,0.4219961166381836,-0.008441401645541191,0.5994759798049927,0.3589417636394501,0.0009047791245393455,0.6037055253982544,0.30353832244873047,0.0074904849752783775,Wrong
0.520611047744751,0.811081051826477,-4.611072768057056e-07,0.40552258491516113,0.765538215637207,-0.028326518833637238,0.3226253390312195,0.6800856590270996,-0.05328939110040665,0.2517898380756378,0.5862953066825867,-0.0731508731842041,0.1905701756477356,0.5337350368499756,-0.08977264910936356,0.4161391854286194,0.5399537682533264,-0.054979320615530014,0.3811802864074707,0.47564205527305603,-0.04675089567899704,0.38619130849838257,0.5307913422584534,-0.029809607192873955,0.3940424919128418,0.5801724195480347,-0.018244639039039612,0.4843425452709198,0.5123780965805054,-0.04096284136176109,0.4416022300720215,0.44952744245529175,-0.029231902211904526,0.4379207193851471,0.4990330934524536,-0.015733899548649788,0.4447880685329437,0.542159914970398,-0.011084235273301601,0.5370890498161316,0.5129671096801758,-0.023158174008131027,0.5036907196044922,0.423050194978714,-0.013753807172179222,0.4991244077682495,0.4721217155456543,0.0013473612489178777,0.5017085075378418,0.5250986218452454,0.00793509278446436,0.5777866840362549,0.5269179940223694,-0.006573922000825405,0.594209611415863,0.414898157119751,-0.002145899459719658,0.6014801859855652,0.35225674510002136,0.007255472242832184,0.6062422394752502,0.29558998346328735,0.0135384202003479,Wrong
0.520611047744751,0.811081051826477,-4.611072768057056e-07,0.40552258491516113,0.765538215637207,-0.028326518833637238,0.3226253390312195,0.6800856590270996,-0.05328939110040665,0.2517898380756378,0.5862953066825867,-0.0731508731842041,0.1905701756477356,0.5337350368499756,-0.08977264910936356,0.4161391854286194,0.5399537682533264,-0.054979320615530014,0.3811802864074707,0.47564205527305603,-0.04675089567899704,0.38619130849838257,0.5307913422584534,-0.029809607192873955,0.3940424919128418,0.5801724195480347,-0.018244639039039612,0.4843425452709198,0.5123780965805054,-0.04096284136176109,0.4416022300720215,0.44952744245529175,-0.029231902211904526,0.4379207193851471,0.4990330934524536,-0.015733899548649788,0.4447880685329437,0.542159914970398,-0.011084235273301601,0.5370890498161316,0.5129671096801758,-0.023158174008131027,0.5036907196044922,0.423050194978714,-0.013753807172179222,0.4991244077682495,0.4721217155456543,0.0013473612489178777,0.5017085075378418,0.5250986218452454,0.00793509278446436,0.5777866840362549,0.5269179940223694,-0.006573922000825405,0.594209611415863,0.414898157119751,-0.002145899459719658,0.6014801859855652,0.35225674510002136,0.007255472242832184,0.6062422394752502,0.29558998346328735,0.0135384202003479,Wrong
0.5214314460754395,0.810562252998352,-4.868396104029671e-07,0.40757089853286743,0.763471245765686,-0.024317212402820587,0.32494667172431946,0.6774936318397522,-0.046142905950546265,0.2543299198150635,0.5858792066574097,-0.06303506344556808,0.1937684714794159,0.5367913246154785,-0.07637366652488708,0.4182099997997284,0.5351302623748779,-0.04726962745189667,0.38596028089523315,0.4758964478969574,-0.036138780415058136,0.3888539969921112,0.5281842947006226,-0.017954492941498756,0.39549535512924194,0.5766488313674927,-0.005337852519005537,0.48401615023612976,0.5100293755531311,-0.03309233486652374,0.44367724657058716,0.4463532865047455,-0.01699085347354412,0.43722933530807495,0.49253958463668823,-0.0013708057813346386,0.4421434700489044,0.536008894443512,0.0048577748239040375,0.5360186696052551,0.5135468244552612,-0.014770410023629665,0.5036708116531372,0.4249131381511688,-0.0014385130489245057,0.4985312521457672,0.47282087802886963,0.016642926260828972,0.5017641186714172,0.5270451903343201,0.025379393249750137,0.5765793919563293,0.5311825275421143,0.002621832536533475,0.5936774611473083,0.4204517602920532,0.0109957754611969,0.6005083918571472,0.3595086932182312,0.023982977494597435,0.6051058769226074,0.3037441074848175,0.03305205702781677,Wrong
0.5214314460754395,0.810562252998352,-4.868396104029671e-07,0.40757089853286743,0.763471245765686,-0.024317212402820587,0.32494667172431946,0.6774936318397522,-0.046142905950546265,0.2543299198150635,0.5858792066574097,-0.06303506344556808,0.1937684714794159,0.5367913246154785,-0.07637366652488708,0.4182099997997284,0.5351302623748779,-0.04726962745189667,0.38596028089523315,0.4758964478969574,-0.036138780415058136,0.3888539969921112,0.5281842947006226,-0.017954492941498756,0.39549535512924194,0.5766488313674927,-0.005337852519005537,0.48401615023612976,0.5100293755531311,-0.03309233486652374,0.44367724657058716,0.4463532865047455,-0.01699085347354412,0.43722933530807495,0.49253958463668823,-0.0013708057813346386,0.4421434700489044,0.536008894443512,0.0048577748239040375,0.5360186696052551,0.5135468244552612,-0.014770410023629665,0.5036708116531372,0.4249131381511688,-0.0014385130489245057,0.4985312521457672,0.47282087802886963,0.016642926260828972,0.5017641186714172,0.5270451903343201,0.025379393249750137,0.5765793919563293,0.5311825275421143,0.002621832536533475,0.5936774611473083,0.4204517602920532,0.0109957754611969,0.6005083918571472,0.3595086932182312,0.023982977494597435,0.6051058769226074,0.3037441074848175,0.03305205702781677,Wrong
0.5214314460754395,0.810562252998352,-4.868396104029671e-07,0.40757089853286743,0.763471245765686,-0.024317212402820587,0.32494667172431946,0.6774936318397522,-0.046142905950546265,0.2543299198150635,0.5858792066574097,-0.06303506344556808,0.1937684714794159,0.5367913246154785,-0.07637366652488708,0.4182099997997284,0.5351302623748779,-0.04726962745189667,0.38596028089523315,0.4758964478969574,-0.036138780415058136,0.3888539969921112,0.5281842947006226,-0.017954492941498756,0.39549535512924194,0.5766488313674927,-0.005337852519005537,0.48401615023612976,0.5100293755531311,-0.03309233486652374,0.44367724657058716,0.4463532865047455,-0.01699085347354412,0.43722933530807495,0.49253958463668823,-0.0013708057813346386,0.4421434700489044,0.536008894443512,0.0048577748239040375,0.5360186696052551,0.5135468244552612,-0.014770410023629665,0.5036708116531372,0.4249131381511688,-0.0014385130489245057,0.4985312521457672,0.47282087802886963,0.016642926260828972,0.5017641186714172,0.5270451903343201,0.025379393249750137,0.5765793919563293,0.5311825275421143,0.002621832536533475,0.5936774611473083,0.4204517602920532,0.0109957754611969,0.6005083918571472,0.3595086932182312,0.023982977494597435,0.6051058769226074,0.3037441074848175,0.03305205702781677,Wrong
0.5214314460754395,0.810562252998352,-4.868396104029671e-07,0.40757089853286743,0.763471245765686,-0.024317212402820587,0.32494667172431946,0.6774936318397522,-0.046142905950546265,0.2543299198150635,0.5858792066574097,-0.06303506344556808,0.1937684714794159,0.5367913246154785,-0.07637366652488708,0.4182099997997284,0.5351302623748779,-0.04726962745189667,0.38596028089523315,0.4758964478969574,-0.036138780415058136,0.3888539969921112,0.5281842947006226,-0.017954492941498756,0.39549535512924194,0.5766488313674927,-0.005337852519005537,0.48401615023612976,0.5100293755531311,-0.03309233486652374,0.44367724657058716,0.4463532865047455,-0.01699085347354412,0.43722933530807495,0.49253958463668823,-0.0013708057813346386,0.4421434700489044,0.536008894443512,0.0048577748239040375,0.5360186696052551,0.5135468244552612,-0.014770410023629665,0.5036708116531372,0.4249131381511688,-0.0014385130489245057,0.4985312521457672,0.47282087802886963,0.016642926260828972,0.5017641186714172,0.5270451903343201,0.025379393249750137,0.5765793919563293,0.5311825275421143,0.002621832536533475,0.5936774611473083,0.4204517602920532,0.0109957754611969,0.6005083918571472,0.3595086932182312,0.023982977494597435,0.6051058769226074,0.3037441074848175,0.03305205702781677,Wrong
0.5202240943908691,0.8095734715461731,-4.914389251098328e-07,0.40884634852409363,0.7632788419723511,-0.02573118545114994,0.3261505365371704,0.6785205006599426,-0.05020085349678993,0.25664207339286804,0.5855097770690918,-0.06991126388311386,0.19599533081054688,0.5365504622459412,-0.08613219857215881,0.4190899729728699,0.5363792777061462,-0.05332289636135101,0.3862815201282501,0.47537535429000854,-0.044712331146001816,0.3896581828594208,0.5287150740623474,-0.027121052145957947,0.3960641920566559,0.5787156820297241,-0.01500770915299654,0.4851032793521881,0.5108855366706848,-0.04014827683568001,0.4443763792514801,0.44745975732803345,-0.028028065338730812,0.4380636513233185,0.4955228269100189,-0.013647348619997501,0.4425984025001526,0.5391120910644531,-0.008166918531060219,0.537485659122467,0.5140027403831482,-0.02282758802175522,0.5046120882034302,0.42169666290283203,-0.012947333045303822,0.5000388026237488,0.4708459973335266,0.003352585481479764,0.5036192536354065,0.524858832359314,0.010857552289962769,0.5782395005226135,0.5310285687446594,-0.006401584483683109,0.5957474708557129,0.418815553188324,-0.0006302433321252465,0.6032829880714417,0.3580491244792938,0.009956508874893188,0.608734130859375,0.30208081007003784,0.01697026565670967,Wrong
0.5202240943908691,0.8095734715461731,-4.914389251098328e-07,0.40884634852409363,0.7632788419723511,-0.02573118545114994,0.3261505365371704,0.6785205006599426,-0.05020085349678993,0.25664207339286804,0.5855097770690918,-0.06991126388311386,0.19599533081054688,0.5365504622459412,-0.08613219857215881,0.4190899729728699,0.5363792777061462,-0.05332289636135101,0.3862815201282501,0.47537535429000854,-0.044712331146001816,0.3896581828594208,0.5287150740623474,-0.027121052145957947,0.3960641920566559,0.5787156820297241,-0.01500770915299654,0.4851032793521881,0.5108855366706848,-0.04014827683568001,0.4443763792514801,0.44745975732803345,-0.028028065338730812,0.4380636513233185,0.4955228269100189,-0.013647348619997501,0.4425984025001526,0.5391120910644531,-0.008166918531060219,0.537485659122467,0.5140027403831482,-0.02282758802175522,0.5046120882034302,0.42169666290283203,-0.012947333045303822,0.5000388026237488,0.4708459973335266,0.003352585481479764,0.5036192536354065,0.524858832359314,0.010857552289962769,0.5782395005226135,0.5310285687446594,-0.006401584483683109,0.5957474708557129,0.418815553188324,-0.0006302433321252465,0.6032829880714417,0.3580491244792938,0.009956508874893188,0.608734130859375,0.30208081007003784,0.01697026565670967,Wrong
0.5205849409103394,0.8094466328620911,-4.464906169232563e-07,0.4086092412471771,0.7640866041183472,-0.035362713038921356,0.32645344734191895,0.6824442148208618,-0.06482299417257309,0.25712692737579346,0.5880603790283203,-0.08774710446596146,0.1968943476676941,0.5318018794059753,-0.10680512338876724,0.4214969575405121,0.5396734476089478,-0.06803710013628006,0.38112878799438477,0.4697595536708832,-0.06383749842643738,0.3818647563457489,0.5205797553062439,-0.04767909273505211,0.3882182538509369,0.5716618299484253,-0.036025144159793854,0.48750385642051697,0.5122177600860596,-0.051959745585918427,0.44185933470726013,0.448657363653183,-0.04606573283672333,0.43494927883148193,0.4978064298629761,-0.033930808305740356,0.44084230065345764,0.5415917634963989,-0.029220130294561386,0.5391859412193298,0.5133587121963501,-0.03224518150091171,0.5057505965232849,0.4213174879550934,-0.027949655428528786,0.49878957867622375,0.4699374735355377,-0.014442620798945427,0.5010038018226624,0.5236602425575256,-0.008028320036828518,0.5773345828056335,0.5277387499809265,-0.01415819302201271,0.5955387949943542,0.4173375368118286,-0.014326666481792927,0.60328209400177,0.3527999222278595,-0.00811745971441269,0.6087886691093445,0.29573774337768555,-0.003427304793149233,Wrong
0.5205849409103394,0.8094466328620911,-4.464906169232563e-07,0.4086092412471771,0.7640866041183472,-0.035362713038921356,0.32645344734191895,0.6824442148208618,-0.06482299417257309,0.25712692737579346,0.5880603790283203,-0.08774710446596146,0.1968943476676941,0.5318018794059753,-0.10680512338876724,0.4214969575405121,0.5396734476089478,-0.06803710013628006,0.38112878799438477,0.4697595536708832,-0.06383749842643738,0.3818647563457489,0.5205797553062439,-0.04767909273505211,0.3882182538509369,0.5716618299484253,-0.036025144159793854,0.48750385642051697,0.5122177600860596,-0.051959745585918427,0.44185933470726013,0.448657363653183,-0.04606573283672333,0.43494927883148193,0.4978064298629761,-0.033930808305740356,0.44084230065345764,0.5415917634963989,-0.029220130294561386,0.5391859412193298,0.5133587121963501,-0.03224518150091171,0.5057505965232849,0.4213174879550934,-0.027949655428528786,0.49878957867622375,0.4699374735355377,-0.014442620798945427,0.5010038018226624,0.5236602425575256,-0.008028320036828518,0.5773345828056335,0.5277387499809265,-0.01415819302201271,0.5955387949943542,0.4173375368118286,-0.014326666481792927,0.60328209400177,0.3527999222278595,-0.00811745971441269,0.6087886691093445,0.29573774337768555,-0.003427304793149233,Wrong
0.5200385451316833,0.812148928642273,-4.90662102947681e-07,0.4058905839920044,0.7656142711639404,-0.029027951881289482,0.324997216463089,0.6811174750328064,-0.05342945083975792,0.25742408633232117,0.5868143439292908,-0.07309776544570923,0.19862142205238342,0.5307537317276001,-0.08953077346086502,0.42083871364593506,0.5374044179916382,-0.049196939915418625,0.3827565610408783,0.4734158515930176,-0.041517533361911774,0.38554227352142334,0.5280517339706421,-0.026473863050341606,0.39303523302078247,0.5778518319129944,-0.015599137172102928,0.48761123418807983,0.5106096863746643,-0.034725371748209,0.4421016573905945,0.4483027160167694,-0.024555321782827377,0.43604522943496704,0.4986797869205475,-0.014183257706463337,0.4421612620353699,0.5437655448913574,-0.010664205998182297,0.538993775844574,0.511591374874115,-0.016826102510094643,0.5053977370262146,0.4230976402759552,-0.008791439235210419,0.4990500211715698,0.47189271450042725,0.0043067242950201035,0.5009285807609558,0.5263830423355103,0.010755058377981186,0.578388512134552,0.5267693400382996,-0.000201089569600299,0.5948865413665771,0.4159983694553375,0.005914734676480293,0.6012172102928162,0.35271361470222473,0.016647253185510635,0.6055145859718323,0.29637086391448975,0.02429036609828472,Wrong
0.5195973515510559,0.8106848001480103,-5.028385885452735e-07,0.4059141278266907,0.7654982805252075,-0.031045254319906235,0.32285380363464355,0.678094744682312,-0.05623513087630272,0.25670647621154785,0.580988347530365,-0.0755605474114418,0.19805610179901123,0.5270394682884216,-0.09138327836990356,0.41958242654800415,0.5337855219841003,-0.05962390452623367,0.38095569610595703,0.4700295329093933,-0.05214135721325874,0.38431620597839355,0.5251109004020691,-0.03545433655381203,0.39172014594078064,0.5756846070289612,-0.02433106116950512,0.48643583059310913,0.5074679255485535,-0.045018430799245834,0.44197341799736023,0.4473050832748413,-0.03552563861012459,0.4362853467464447,0.49821707606315613,-0.022666310891509056,0.44205302000045776,0.5423725247383118,-0.018306516110897064,0.5378552675247192,0.5096938014030457,-0.026762092486023903,0.5046360492706299,0.420397013425827,-0.019854554906487465,0.4984123110771179,0.47060567140579224,-0.00628214655444026,0.4999921917915344,0.5250305533409119,-0.0005716357263736427,0.5775424838066101,0.5250580310821533,-0.00992021057754755,0.5943225026130676,0.41455626487731934,-0.00850374810397625,0.6013048887252808,0.3507350981235504,-0.0019054252188652754,0.6054155826568604,0.29293203353881836,0.002412404865026474,Wrong
0.5195973515510559,0.8106848001480103,-5.028385885452735e-07,0.4059141278266907,0.7654982805252075,-0.031045254319906235,0.32285380363464355,0.678094744682312,-0.05623513087630272,0.25670647621154785,0.580988347530365,-0.0755605474114418,0.19805610179901123,0.5270394682884216,-0.09138327836990356,0.41958242654800415,0.5337855219841003,-0.05962390452623367,0.38095569610595703,0.4700295329093933,-0.05214135721325874,0.38431620597839355,0.5251109004020691,-0.03545433655381203,0.39172014594078064,0.5756846070289612,-0.02433106116950512,0.48643583059310913,0.5074679255485535,-0.045018430799245834,0.44197341799736023,0.4473050832748413,-0.03552563861012459,0.4362853467464447,0.49821707606315613,-0.022666310891509056,0.44205302000045776,0.5423725247383118,-0.018306516110897064,0.5378552675247192,0.5096938014030457,-0.026762092486023903,0.5046360492706299,0.420397013425827,-0.019854554906487465,0.4984123110771179,0.47060567140579224,-0.00628214655444026,0.4999921917915344,0.5250305533409119,-0.0005716357263736427,0.5775424838066101,0.5250580310821533,-0.00992021057754755,0.5943225026130676,0.41455626487731934,-0.00850374810397625,0.6013048887252808,0.3507350981235504,-0.0019054252188652754,0.6054155826568604,0.29293203353881836,0.002412404865026474,Wrong
0.5209851264953613,0.8089439868927002,-4.948536229676392e-07,0.4073556065559387,0.764681339263916,-0.03102676197886467,0.3259403109550476,0.6793311238288879,-0.05665130540728569,0.25860559940338135,0.5830897092819214,-0.07598546892404556,0.20032453536987305,0.5269603729248047,-0.09167056530714035,0.4211542010307312,0.5366132259368896,-0.061285052448511124,0.38111138343811035,0.4705883264541626,-0.051985446363687515,0.3829724192619324,0.5225619077682495,-0.03322829306125641,0.3903971314430237,0.571628749370575,-0.02065768837928772,0.4877900779247284,0.5092287063598633,-0.045535724610090256,0.44227850437164307,0.4480019509792328,-0.033988628536462784,0.4356498718261719,0.49780362844467163,-0.019902614876627922,0.44122713804244995,0.5411380529403687,-0.014798393473029137,0.5395275354385376,0.5107101798057556,-0.025705264881253242,0.504777193069458,0.4205384850502014,-0.016813401132822037,0.4981870949268341,0.47018373012542725,-0.0027941721491515636,0.5003613829612732,0.5239225029945374,0.002990540349856019,0.5783337950706482,0.5254562497138977,-0.007082169875502586,0.5954021215438843,0.41456735134124756,-0.004199446644634008,0.6019218564033508,0.35129424929618835,0.002814166247844696,0.6053684949874878,0.29494965076446533,0.0075048115104436874,Wrong
0.5218119025230408,0.8096780776977539,-4.944322995470429e-07,0.4101024866104126,0.7630150318145752,-0.030947428196668625,0.32854992151260376,0.6749707460403442,-0.05795150250196457,0.26010653376579285,0.5779106616973877,-0.07903848588466644,0.2016465961933136,0.5197429060935974,-0.09589321166276932,0.42202228307724,0.534522294998169,-0.06046052649617195,0.38367778062820435,0.47033849358558655,-0.05464041233062744,0.38352176547050476,0.5211212635040283,-0.038029562681913376,0.38875484466552734,0.5711387395858765,-0.02621942013502121,0.48814085125923157,0.5086701512336731,-0.046124283224344254,0.44131842255592346,0.4476727545261383,-0.03810883313417435,0.4346007704734802,0.4952177405357361,-0.02578394114971161,0.4404295086860657,0.5390232801437378,-0.021278781816363335,0.5400601625442505,0.5119644403457642,-0.02797074243426323,0.500921905040741,0.42177119851112366,-0.022622186690568924,0.49446356296539307,0.46916663646698,-0.008647594600915909,0.49819058179855347,0.5226355195045471,-0.0019251517951488495,0.5792701840400696,0.5293029546737671,-0.01093908678740263,0.5958901047706604,0.4174034297466278,-0.00953917670994997,0.6034199595451355,0.35486742854118347,-0.00182323157787323,0.6083403825759888,0.30054527521133423,0.003788102651014924,Wrong
0.5221349000930786,0.8102039694786072,-4.964112463312631e-07,0.41015496850013733,0.7639207243919373,-0.030474957078695297,0.3279151916503906,0.6752596497535706,-0.056497108191251755,0.25944894552230835,0.5785180330276489,-0.0764831006526947,0.200560063123703,0.5258389711380005,-0.0924629345536232,0.42114904522895813,0.5355732440948486,-0.05955477058887482,0.38463032245635986,0.47343868017196655,-0.054349467158317566,0.38787275552749634,0.5258713960647583,-0.039090462028980255,0.3950004577636719,0.5757755041122437,-0.02811058796942234,0.48777952790260315,0.5100582838058472,-0.044751446694135666,0.4434158205986023,0.4473575949668884,-0.03624638542532921,0.43773460388183594,0.49462375044822693,-0.023815955966711044,0.44297513365745544,0.5383646488189697,-0.019221438094973564,0.5397477746009827,0.5127726793289185,-0.02618790790438652,0.5029008984565735,0.4231535792350769,-0.019817546010017395,0.4975499212741852,0.47068464756011963,-0.005385240074247122,0.5010082125663757,0.5244578719139099,0.0016945900861173868,0.5796648859977722,0.5294362306594849,-0.008782689459621906,0.5957369208335876,0.41568300127983093,-0.005971982143819332,0.6027736067771912,0.35315799713134766,0.0028787257615476847,0.6072781085968018,0.2980390191078186,0.009223353117704391,Wrong
0.5199632048606873,0.8015470504760742,-4.83278142837662e-07,0.40734773874282837,0.7573302984237671,-0.028764724731445312,0.32425522804260254,0.6719357967376709,-0.05354880169034004,0.2577754855155945,0.5781575441360474,-0.07304830849170685,0.20201006531715393,0.5230807065963745,-0.08839599788188934,0.4149485230445862,0.5325141549110413,-0.054208751767873764,0.3828447461128235,0.47213077545166016,-0.048026807606220245,0.38576415181159973,0.5234318375587463,-0.03134709596633911,0.3923143446445465,0.5718297958374023,-0.01938547194004059,0.4805296063423157,0.5080861449241638,-0.04104333743453026,0.4404250383377075,0.4437090754508972,-0.03271031752228737,0.4345405101776123,0.4899134039878845,-0.019435709342360497,0.43988263607025146,0.533697247505188,-0.013829817995429039,0.5330560207366943,0.5107117891311646,-0.024583768099546432,0.5011083483695984,0.41919031739234924,-0.019642729312181473,0.4959350526332855,0.4683936536312103,-0.003725606482475996,0.5000935792922974,0.5228192806243896,0.004948618356138468,0.5746116638183594,0.528110682964325,-0.009305935353040695,0.5919398069381714,0.4178466796875,-0.007329948246479034,0.5993374586105347,0.35586121678352356,0.001899058697745204,0.6055420637130737,0.29769083857536316,0.008709514513611794,Wrong
